txn_date,campaignID,promotionName,promotion_type,transaction_rows,unique_users,successful_rows,gross_discount_all_rows,credited_discount_success_only,non_success_discount_amount
2022-06-01,C71,PROMO_45,cashback,704,398,704,35200000,35200000,0
2022-06-01,C31,PROMO_69,voucher,329,291,258,3290000,2580000,710000
2022-06-01,C33,PROMO_70,voucher,106,74,65,3710000,2275000,1435000
2022-06-01,C37,PROMO_55,voucher,53,50,45,1590000,1350000,240000
2022-06-01,C34,PROMO_43,voucher,74,70,62,1480000,1240000,240000
2022-06-01,C42,PROMO_12,voucher,36,32,29,1440000,1160000,280000
2022-06-01,C51,PROMO_08,voucher,27,25,20,810000,600000,210000
2022-06-01,C36,PROMO_62,voucher,25,24,21,500000,420000,80000
2022-06-01,C19,PROMO_52,voucher,40,40,40,400000,400000,0
2022-06-01,C35,PROMO_33,voucher,20,20,18,400000,360000,40000
2022-06-01,C72,PROMO_53,voucher,16,16,16,240000,240000,0
2022-06-01,C46,PROMO_58,voucher,1,1,1,200000,200000,0
2022-06-01,C49,PROMO_16,voucher,9,9,9,180000,180000,0
2022-06-01,C44,PROMO_60,voucher,10,10,9,200000,180000,20000
2022-06-01,C03,PROMO_22,voucher,9,9,7,180000,140000,40000
2022-06-01,C04,PROMO_49,voucher,7,7,6,140000,120000,20000
2022-06-01,C32,PROMO_19,voucher,27,25,24,135000,120000,15000
2022-06-01,C40,PROMO_54,voucher,10,10,10,100000,100000,0
2022-06-01,C06,PROMO_41,voucher,19,19,19,95000,95000,0
2022-06-01,C16,PROMO_23,voucher,3,3,3,60000,60000,0
2022-06-01,C59,PROMO_42,voucher,12,11,3,240000,60000,180000
2022-06-01,C61,PROMO_35,voucher,2,2,2,60000,60000,0
2022-06-01,C07,PROMO_11,voucher,5,5,5,50000,50000,0
2022-06-01,C09,PROMO_61,voucher,9,9,9,45000,45000,0
2022-06-01,C14,PROMO_63,voucher,2,2,2,40000,40000,0
2022-06-01,C50,PROMO_13,voucher,2,2,2,40000,40000,0
2022-06-01,C52,PROMO_04,voucher,1,1,1,30000,30000,0
2022-06-01,C54,PROMO_26,voucher,1,1,1,30000,30000,0
2022-06-01,C05,PROMO_20,voucher,6,6,6,30000,30000,0
2022-06-01,C41,PROMO_39,voucher,3,3,3,30000,30000,0
2022-06-01,C39,PROMO_06,voucher,3,3,3,30000,30000,0
2022-06-01,C18,PROMO_30,voucher,1,1,1,20000,20000,0
2022-06-01,C55,PROMO_47,voucher,1,1,1,15000,15000,0
2022-06-01,C70,PROMO_51,voucher,1,1,1,10000,10000,0
2022-06-02,C71,PROMO_45,cashback,673,384,673,33650000,33650000,0
2022-06-02,C31,PROMO_69,voucher,279,257,232,2790000,2320000,470000
2022-06-02,C33,PROMO_70,voucher,55,38,37,1925000,1295000,630000
2022-06-02,C37,PROMO_55,voucher,39,36,36,1170000,1080000,90000
2022-06-02,C34,PROMO_43,voucher,64,59,53,1280000,1060000,220000
2022-06-02,C35,PROMO_33,voucher,41,40,38,820000,760000,60000
2022-06-02,C42,PROMO_12,voucher,25,22,16,1000000,640000,360000
2022-06-02,C51,PROMO_08,voucher,19,19,16,570000,480000,90000
2022-06-02,C19,PROMO_52,voucher,40,39,40,400000,400000,0
2022-06-02,C44,PROMO_60,voucher,17,16,16,340000,320000,20000
2022-06-02,C72,PROMO_53,voucher,15,15,15,225000,225000,0
2022-06-02,C12,PROMO_57,voucher,1,1,1,150000,150000,0
2022-06-02,C36,PROMO_62,voucher,23,12,7,460000,140000,320000
2022-06-02,C04,PROMO_49,voucher,9,7,7,180000,140000,40000
2022-06-02,C32,PROMO_19,voucher,26,23,25,130000,125000,5000
2022-06-02,C40,PROMO_54,voucher,9,9,9,90000,90000,0
2022-06-02,C41,PROMO_39,voucher,8,8,7,80000,70000,10000
2022-06-02,C06,PROMO_41,voucher,14,14,14,70000,70000,0
2022-06-02,C49,PROMO_16,voucher,3,3,3,60000,60000,0
2022-06-02,C03,PROMO_22,voucher,5,4,3,100000,60000,40000
2022-06-02,C59,PROMO_42,voucher,2,2,2,40000,40000,0
2022-06-02,C50,PROMO_13,voucher,2,2,2,40000,40000,0
2022-06-02,C09,PROMO_61,voucher,9,8,8,45000,40000,5000
2022-06-02,C07,PROMO_11,voucher,4,4,4,40000,40000,0
2022-06-02,C54,PROMO_26,voucher,1,1,1,30000,30000,0
2022-06-02,C57,PROMO_36,voucher,2,2,2,30000,30000,0
2022-06-02,C05,PROMO_20,voucher,4,4,4,20000,20000,0
2022-06-02,C14,PROMO_63,voucher,1,1,1,20000,20000,0
2022-06-02,C18,PROMO_30,voucher,1,1,1,20000,20000,0
2022-06-02,C63,PROMO_40,voucher,1,1,1,10000,10000,0
2022-06-02,C08,PROMO_67,voucher,1,1,1,10000,10000,0
2022-06-02,C13,PROMO_56,voucher,1,1,0,100000,0,100000
2022-06-02,C39,PROMO_06,voucher,1,1,0,10000,0,10000
2022-06-03,C71,PROMO_45,cashback,869,453,869,43450000,43450000,0
2022-06-03,C33,PROMO_70,voucher,106,88,82,3710000,2870000,840000
2022-06-03,C31,PROMO_69,voucher,333,312,262,3330000,2620000,710000
2022-06-03,C37,PROMO_55,voucher,88,86,71,2640000,2130000,510000
2022-06-03,C35,PROMO_33,voucher,107,99,85,2140000,1700000,440000
2022-06-03,C34,PROMO_43,voucher,82,81,73,1640000,1460000,180000
2022-06-03,C42,PROMO_12,voucher,21,21,18,840000,720000,120000
2022-06-03,C51,PROMO_08,voucher,27,25,21,810000,630000,180000
2022-06-03,C44,PROMO_60,voucher,31,30,27,620000,540000,80000
2022-06-03,C19,PROMO_52,voucher,30,30,30,300000,300000,0
2022-06-03,C36,PROMO_62,voucher,15,14,14,300000,280000,20000
2022-06-03,C72,PROMO_53,voucher,18,15,14,270000,210000,60000
2022-06-03,C46,PROMO_58,voucher,1,1,1,200000,200000,0
2022-06-03,C52,PROMO_04,voucher,4,4,4,120000,120000,0
2022-06-03,C04,PROMO_49,voucher,10,5,5,200000,100000,100000
2022-06-03,C13,PROMO_56,voucher,1,1,1,100000,100000,0
2022-06-03,C07,PROMO_11,voucher,10,10,10,100000,100000,0
2022-06-03,C06,PROMO_41,voucher,19,19,19,95000,95000,0
2022-06-03,C32,PROMO_19,voucher,25,21,19,125000,95000,30000
2022-06-03,C03,PROMO_22,voucher,5,5,4,100000,80000,20000
2022-06-03,C50,PROMO_13,voucher,4,4,4,80000,80000,0
2022-06-03,C41,PROMO_39,voucher,15,9,7,150000,70000,80000
2022-06-03,C38,PROMO_31,voucher,2,2,2,50000,50000,0
2022-06-03,C40,PROMO_54,voucher,4,4,4,40000,40000,0
2022-06-03,C49,PROMO_16,voucher,2,2,2,40000,40000,0
2022-06-03,C09,PROMO_61,voucher,8,8,8,40000,40000,0
2022-06-03,C48,PROMO_65,voucher,2,1,1,60000,30000,30000
2022-06-03,C61,PROMO_35,voucher,1,1,1,30000,30000,0
2022-06-03,C43,PROMO_68,voucher,1,1,1,30000,30000,0
2022-06-03,C39,PROMO_06,voucher,2,2,2,20000,20000,0
2022-06-03,C14,PROMO_63,voucher,1,1,1,20000,20000,0
2022-06-03,C24,PROMO_24,voucher,1,1,1,20000,20000,0
2022-06-03,C59,PROMO_42,voucher,2,2,1,40000,20000,20000
2022-06-03,C05,PROMO_20,voucher,2,2,2,10000,10000,0
2022-06-04,C71,PROMO_45,cashback,975,500,975,48750000,48750000,0
2022-06-04,C31,PROMO_69,voucher,374,353,325,3740000,3250000,490000
2022-06-04,C37,PROMO_55,voucher,132,104,89,3960000,2670000,1290000
2022-06-04,C34,PROMO_43,voucher,147,128,113,2940000,2260000,680000
2022-06-04,C35,PROMO_33,voucher,118,108,103,2360000,2060000,300000
2022-06-04,C33,PROMO_70,voucher,82,58,52,2870000,1820000,1050000
2022-06-04,C52,PROMO_04,voucher,70,38,32,2100000,960000,1140000
2022-06-04,C42,PROMO_12,voucher,21,18,17,840000,680000,160000
2022-06-04,C51,PROMO_08,voucher,22,21,17,660000,510000,150000
2022-06-04,C04,PROMO_49,voucher,20,17,16,400000,320000,80000
2022-06-04,C03,PROMO_22,voucher,17,15,13,340000,260000,80000
2022-06-04,C44,PROMO_60,voucher,13,13,13,260000,260000,0
2022-06-04,C36,PROMO_62,voucher,17,15,13,340000,260000,80000
2022-06-04,C11,PROMO_59,voucher,1,1,1,200000,200000,0
2022-06-04,C32,PROMO_19,voucher,36,33,28,180000,140000,40000
2022-06-04,C41,PROMO_39,voucher,17,15,14,170000,140000,30000
2022-06-04,C49,PROMO_16,voucher,4,4,4,80000,80000,0
2022-06-04,C19,PROMO_52,voucher,8,8,8,80000,80000,0
2022-06-04,C72,PROMO_53,voucher,5,5,5,75000,75000,0
2022-06-04,C06,PROMO_41,voucher,13,13,13,65000,65000,0
2022-06-04,C30,PROMO_32,voucher,2,2,2,50000,50000,0
2022-06-04,C09,PROMO_61,voucher,9,9,9,45000,45000,0
2022-06-04,C39,PROMO_06,voucher,4,3,4,40000,40000,0
2022-06-04,C40,PROMO_54,voucher,7,7,4,70000,40000,30000
2022-06-04,C27,PROMO_21,voucher,1,1,1,30000,30000,0
2022-06-04,C21,PROMO_09,voucher,1,1,1,30000,30000,0
2022-06-04,C54,PROMO_26,voucher,1,1,1,30000,30000,0
2022-06-04,C61,PROMO_35,voucher,1,1,1,30000,30000,0
2022-06-04,C07,PROMO_11,voucher,3,3,3,30000,30000,0
2022-06-04,C16,PROMO_23,voucher,1,1,1,20000,20000,0
2022-06-04,C05,PROMO_20,voucher,4,4,4,20000,20000,0
2022-06-04,C24,PROMO_24,voucher,1,1,1,20000,20000,0
2022-06-04,C50,PROMO_13,voucher,1,1,1,20000,20000,0
2022-06-04,C02,PROMO_10,voucher,1,1,1,10000,10000,0
2022-06-04,C69,PROMO_56,voucher,4,1,0,400000,0,400000
2022-06-04,C59,PROMO_42,voucher,2,1,0,40000,0,40000
2022-06-05,C71,PROMO_45,cashback,947,503,947,47350000,47350000,0
2022-06-05,C31,PROMO_69,voucher,446,420,383,4460000,3830000,630000
2022-06-05,C34,PROMO_43,voucher,177,164,148,3540000,2960000,580000
2022-06-05,C33,PROMO_70,voucher,127,82,75,4445000,2625000,1820000
2022-06-05,C37,PROMO_55,voucher,125,104,84,3750000,2520000,1230000
2022-06-05,C35,PROMO_33,voucher,109,100,88,2180000,1760000,420000
2022-06-05,C51,PROMO_08,voucher,59,56,51,1770000,1530000,240000
2022-06-05,C42,PROMO_12,voucher,39,36,31,1560000,1240000,320000
2022-06-05,C52,PROMO_04,voucher,55,43,36,1650000,1080000,570000
2022-06-05,C53,PROMO_18,voucher,30,26,25,900000,750000,150000
2022-06-05,C04,PROMO_49,voucher,25,24,23,500000,460000,40000
2022-06-05,C03,PROMO_22,voucher,20,20,20,400000,400000,0
2022-06-05,C46,PROMO_58,voucher,2,2,2,400000,400000,0
2022-06-05,C12,PROMO_57,voucher,2,2,2,300000,300000,0
2022-06-05,C72,PROMO_53,voucher,15,15,15,225000,225000,0
2022-06-05,C44,PROMO_60,voucher,11,11,11,220000,220000,0
2022-06-05,C36,PROMO_62,voucher,9,8,8,180000,160000,20000
2022-06-05,C32,PROMO_19,voucher,31,25,26,155000,130000,25000
2022-06-05,C19,PROMO_52,voucher,13,12,13,130000,130000,0
2022-06-05,C13,PROMO_56,voucher,1,1,1,100000,100000,0
2022-06-05,C59,PROMO_42,voucher,7,7,5,140000,100000,40000
2022-06-05,C07,PROMO_11,voucher,9,9,8,90000,80000,10000
2022-06-05,C06,PROMO_41,voucher,14,14,14,70000,70000,0
2022-06-05,C49,PROMO_16,voucher,3,3,3,60000,60000,0
2022-06-05,C50,PROMO_13,voucher,3,3,3,60000,60000,0
2022-06-05,C05,PROMO_20,voucher,8,2,8,40000,40000,0
2022-06-05,C40,PROMO_54,voucher,4,4,3,40000,30000,10000
2022-06-05,C43,PROMO_68,voucher,1,1,1,30000,30000,0
2022-06-05,C09,PROMO_61,voucher,6,6,6,30000,30000,0
2022-06-05,C21,PROMO_09,voucher,1,1,1,30000,30000,0
2022-06-05,C16,PROMO_23,voucher,1,1,1,20000,20000,0
2022-06-05,C41,PROMO_39,voucher,4,3,2,40000,20000,20000
2022-06-05,C64,PROMO_07,voucher,2,1,2,20000,20000,0
2022-06-05,C57,PROMO_36,voucher,1,1,1,15000,15000,0
2022-06-05,C39,PROMO_06,voucher,1,1,1,10000,10000,0
2022-06-05,C63,PROMO_40,voucher,1,1,1,10000,10000,0
2022-06-06,C71,PROMO_45,cashback,931,455,931,46550000,46550000,0
2022-06-06,C37,PROMO_55,voucher,161,158,140,4830000,4200000,630000
2022-06-06,C31,PROMO_69,voucher,396,377,331,3960000,3310000,650000
2022-06-06,C33,PROMO_70,voucher,145,106,89,5075000,3115000,1960000
2022-06-06,C34,PROMO_43,voucher,114,112,105,2280000,2100000,180000
2022-06-06,C35,PROMO_33,voucher,126,121,103,2520000,2060000,460000
2022-06-06,C51,PROMO_08,voucher,51,46,44,1530000,1320000,210000
2022-06-06,C52,PROMO_04,voucher,42,37,35,1260000,1050000,210000
2022-06-06,C53,PROMO_18,voucher,31,29,29,930000,870000,60000
2022-06-06,C42,PROMO_12,voucher,27,25,19,1080000,760000,320000
2022-06-06,C44,PROMO_60,voucher,12,12,12,240000,240000,0
2022-06-06,C36,PROMO_62,voucher,12,12,11,240000,220000,20000
2022-06-06,C03,PROMO_22,voucher,11,11,11,220000,220000,0
2022-06-06,C04,PROMO_49,voucher,11,11,11,220000,220000,0
2022-06-06,C72,PROMO_53,voucher,19,13,12,285000,180000,105000
2022-06-06,C19,PROMO_52,voucher,16,16,16,160000,160000,0
2022-06-06,C49,PROMO_16,voucher,6,6,6,120000,120000,0
2022-06-06,C41,PROMO_39,voucher,11,11,10,110000,100000,10000
2022-06-06,C06,PROMO_41,voucher,15,15,15,75000,75000,0
2022-06-06,C32,PROMO_19,voucher,18,16,14,90000,70000,20000
2022-06-06,C07,PROMO_11,voucher,6,6,6,60000,60000,0
2022-06-06,C50,PROMO_13,voucher,3,3,3,60000,60000,0
2022-06-06,C38,PROMO_31,voucher,2,2,2,50000,50000,0
2022-06-06,C09,PROMO_61,voucher,9,9,9,45000,45000,0
2022-06-06,C27,PROMO_21,voucher,1,1,1,30000,30000,0
2022-06-06,C61,PROMO_35,voucher,1,1,1,30000,30000,0
2022-06-06,C24,PROMO_24,voucher,1,1,1,20000,20000,0
2022-06-06,C55,PROMO_47,voucher,1,1,1,15000,15000,0
2022-06-06,C39,PROMO_06,voucher,1,1,1,10000,10000,0
2022-06-06,C40,PROMO_54,voucher,3,3,1,30000,10000,20000
2022-06-06,C63,PROMO_40,voucher,1,1,1,10000,10000,0
2022-06-06,C02,PROMO_10,voucher,1,1,1,10000,10000,0
2022-06-06,C05,PROMO_20,voucher,1,1,1,5000,5000,0
2022-06-07,C71,PROMO_45,cashback,815,430,815,40750000,40750000,0
2022-06-07,C37,PROMO_55,voucher,131,130,113,3930000,3390000,540000
2022-06-07,C33,PROMO_70,voucher,155,107,92,5425000,3220000,2205000
2022-06-07,C31,PROMO_69,voucher,380,354,316,3800000,3160000,640000
2022-06-07,C35,PROMO_33,voucher,122,114,104,2440000,2080000,360000
2022-06-07,C34,PROMO_43,voucher,116,112,101,2320000,2020000,300000
2022-06-07,C53,PROMO_18,voucher,45,45,45,1350000,1350000,0
2022-06-07,C42,PROMO_12,voucher,27,21,18,1080000,720000,360000
2022-06-07,C52,PROMO_04,voucher,20,19,18,600000,540000,60000
2022-06-07,C06,PROMO_41,voucher,80,80,80,400000,400000,0
2022-06-07,C51,PROMO_08,voucher,14,14,13,420000,390000,30000
2022-06-07,C59,PROMO_42,voucher,20,17,17,400000,340000,60000
2022-06-07,C44,PROMO_60,voucher,18,16,16,360000,320000,40000
2022-06-07,C41,PROMO_39,voucher,32,32,32,320000,320000,0
2022-06-07,C03,PROMO_22,voucher,16,15,15,320000,300000,20000
2022-06-07,C04,PROMO_49,voucher,15,15,15,300000,300000,0
2022-06-07,C72,PROMO_53,voucher,18,17,18,270000,270000,0
2022-06-07,C19,PROMO_52,voucher,32,25,26,320000,260000,60000
2022-06-07,C63,PROMO_40,voucher,17,17,16,170000,160000,10000
2022-06-07,C36,PROMO_62,voucher,13,12,8,260000,160000,100000
2022-06-07,C60,PROMO_29,voucher,2,2,2,100000,100000,0
2022-06-07,C54,PROMO_26,voucher,3,3,3,90000,90000,0
2022-06-07,C32,PROMO_19,voucher,17,17,14,85000,70000,15000
2022-06-07,C21,PROMO_09,voucher,2,2,2,60000,60000,0
2022-06-07,C09,PROMO_61,voucher,13,12,12,65000,60000,5000
2022-06-07,C58,PROMO_21,voucher,2,2,2,60000,60000,0
2022-06-07,C07,PROMO_11,voucher,4,4,4,40000,40000,0
2022-06-07,C05,PROMO_20,voucher,7,6,7,35000,35000,0
2022-06-07,C61,PROMO_35,voucher,1,1,1,30000,30000,0
2022-06-07,C49,PROMO_16,voucher,1,1,1,20000,20000,0
2022-06-07,C40,PROMO_54,voucher,2,2,2,20000,20000,0
2022-06-07,C16,PROMO_23,voucher,1,1,1,20000,20000,0
2022-06-07,C18,PROMO_30,voucher,1,1,1,20000,20000,0
2022-06-07,C55,PROMO_47,voucher,1,1,1,15000,15000,0
2022-06-07,C56,PROMO_44,voucher,1,1,1,15000,15000,0
2022-06-07,C39,PROMO_06,voucher,1,1,1,10000,10000,0
2022-06-08,C71,PROMO_45,cashback,834,394,834,41700000,41700000,0
2022-06-08,C33,PROMO_70,voucher,414,288,249,14490000,8715000,5775000
2022-06-08,C37,PROMO_55,voucher,213,204,188,6390000,5640000,750000
2022-06-08,C31,PROMO_69,voucher,374,352,317,3740000,3170000,570000
2022-06-08,C34,PROMO_43,voucher,159,152,138,3180000,2760000,420000
2022-06-08,C42,PROMO_12,voucher,58,56,46,2320000,1840000,480000
2022-06-08,C35,PROMO_33,voucher,103,99,88,2060000,1760000,300000
2022-06-08,C51,PROMO_08,voucher,55,53,50,1650000,1500000,150000
2022-06-08,C53,PROMO_18,voucher,23,22,18,690000,540000,150000
2022-06-08,C44,PROMO_60,voucher,21,21,21,420000,420000,0
2022-06-08,C03,PROMO_22,voucher,19,19,19,380000,380000,0
2022-06-08,C04,PROMO_49,voucher,18,16,15,360000,300000,60000
2022-06-08,C59,PROMO_42,voucher,13,13,13,260000,260000,0
2022-06-08,C06,PROMO_41,voucher,35,34,34,175000,170000,5000
2022-06-08,C72,PROMO_53,voucher,19,10,11,285000,165000,120000
2022-06-08,C19,PROMO_52,voucher,24,12,13,240000,130000,110000
2022-06-08,C36,PROMO_62,voucher,7,6,6,140000,120000,20000
2022-06-08,C41,PROMO_39,voucher,10,10,10,100000,100000,0
2022-06-08,C40,PROMO_54,voucher,11,8,9,110000,90000,20000
2022-06-08,C32,PROMO_19,voucher,16,15,13,80000,65000,15000
2022-06-08,C49,PROMO_16,voucher,3,3,3,60000,60000,0
2022-06-08,C52,PROMO_04,voucher,4,3,2,120000,60000,60000
2022-06-08,C61,PROMO_35,voucher,2,2,2,60000,60000,0
2022-06-08,C21,PROMO_09,voucher,2,2,2,60000,60000,0
2022-06-08,C07,PROMO_11,voucher,8,7,6,80000,60000,20000
2022-06-08,C09,PROMO_61,voucher,12,12,12,60000,60000,0
2022-06-08,C54,PROMO_26,voucher,1,1,1,30000,30000,0
2022-06-08,C30,PROMO_32,voucher,1,1,1,25000,25000,0
2022-06-08,C50,PROMO_13,voucher,1,1,1,20000,20000,0
2022-06-08,C73,PROMO_50,voucher,1,1,1,20000,20000,0
2022-06-08,C24,PROMO_24,voucher,3,1,1,60000,20000,40000
2022-06-08,C55,PROMO_47,voucher,1,1,1,15000,15000,0
2022-06-08,C57,PROMO_36,voucher,2,1,1,30000,15000,15000
2022-06-08,C39,PROMO_06,voucher,1,1,1,10000,10000,0
2022-06-08,C67,PROMO_03,voucher,1,1,1,10000,10000,0
2022-06-08,C05,PROMO_20,voucher,2,2,2,10000,10000,0
2022-06-09,C71,PROMO_45,cashback,824,415,824,41200000,41200000,0
2022-06-09,C33,PROMO_70,voucher,516,303,263,18060000,9205000,8855000
2022-06-09,C37,PROMO_55,voucher,205,192,169,6150000,5070000,1080000
2022-06-09,C31,PROMO_69,voucher,397,359,330,3970000,3300000,670000
2022-06-09,C35,PROMO_33,voucher,133,126,121,2660000,2420000,240000
2022-06-09,C34,PROMO_43,voucher,138,133,120,2760000,2400000,360000
2022-06-09,C51,PROMO_08,voucher,77,75,68,2310000,2040000,270000
2022-06-09,C42,PROMO_12,voucher,54,51,46,2160000,1840000,320000
2022-06-09,C53,PROMO_18,voucher,55,49,45,1650000,1350000,300000
2022-06-09,C52,PROMO_04,voucher,22,20,19,660000,570000,90000
2022-06-09,C04,PROMO_49,voucher,26,26,25,520000,500000,20000
2022-06-09,C03,PROMO_22,voucher,22,21,19,440000,380000,60000
2022-06-09,C44,PROMO_60,voucher,19,18,18,380000,360000,20000
2022-06-09,C36,PROMO_62,voucher,15,13,13,300000,260000,40000
2022-06-09,C72,PROMO_53,voucher,11,11,11,165000,165000,0
2022-06-09,C32,PROMO_19,voucher,35,29,32,175000,160000,15000
2022-06-09,C19,PROMO_52,voucher,15,15,15,150000,150000,0
2022-06-09,C41,PROMO_39,voucher,15,15,15,150000,150000,0
2022-06-09,C06,PROMO_41,voucher,25,25,25,125000,125000,0
2022-06-09,C49,PROMO_16,voucher,6,6,6,120000,120000,0
2022-06-09,C54,PROMO_26,voucher,2,2,2,60000,60000,0
2022-06-09,C21,PROMO_09,voucher,2,2,2,60000,60000,0
2022-06-09,C09,PROMO_61,voucher,10,10,10,50000,50000,0
2022-06-09,C63,PROMO_40,voucher,5,5,5,50000,50000,0
2022-06-09,C59,PROMO_42,voucher,2,2,2,40000,40000,0
2022-06-09,C40,PROMO_54,voucher,6,5,4,60000,40000,20000
2022-06-09,C39,PROMO_06,voucher,3,3,3,30000,30000,0
2022-06-09,C61,PROMO_35,voucher,1,1,1,30000,30000,0
2022-06-09,C58,PROMO_21,voucher,1,1,1,30000,30000,0
2022-06-09,C22,PROMO_05,voucher,1,1,1,30000,30000,0
2022-06-09,C07,PROMO_11,voucher,4,4,3,40000,30000,10000
2022-06-09,C38,PROMO_31,voucher,1,1,1,25000,25000,0
2022-06-09,C50,PROMO_13,voucher,1,1,1,20000,20000,0
2022-06-09,C66,PROMO_25,voucher,1,1,1,20000,20000,0
2022-06-09,C14,PROMO_63,voucher,1,1,1,20000,20000,0
2022-06-09,C05,PROMO_20,voucher,3,2,3,15000,15000,0
2022-06-09,C55,PROMO_47,voucher,1,1,1,15000,15000,0
2022-06-09,C56,PROMO_44,voucher,1,1,1,15000,15000,0
2022-06-10,C71,PROMO_45,cashback,1178,608,1178,58900000,58900000,0
2022-06-10,C33,PROMO_70,voucher,1017,527,483,35595000,16905000,18690000
2022-06-10,C37,PROMO_55,voucher,178,163,146,5340000,4380000,960000
2022-06-10,C31,PROMO_69,voucher,513,472,418,5130000,4180000,950000
2022-06-10,C35,PROMO_33,voucher,190,180,168,3800000,3360000,440000
2022-06-10,C34,PROMO_43,voucher,181,177,160,3620000,3200000,420000
2022-06-10,C42,PROMO_12,voucher,58,53,50,2320000,2000000,320000
2022-06-10,C53,PROMO_18,voucher,48,48,47,1440000,1410000,30000
2022-06-10,C52,PROMO_04,voucher,24,20,19,720000,570000,150000
2022-06-10,C36,PROMO_62,voucher,30,28,28,600000,560000,40000
2022-06-10,C51,PROMO_08,voucher,22,19,16,660000,480000,180000
2022-06-10,C04,PROMO_49,voucher,21,20,19,420000,380000,40000
2022-06-10,C44,PROMO_60,voucher,19,18,16,380000,320000,60000
2022-06-10,C72,PROMO_53,voucher,16,15,16,240000,240000,0
2022-06-10,C19,PROMO_52,voucher,24,24,24,240000,240000,0
2022-06-10,C03,PROMO_22,voucher,11,11,11,220000,220000,0
2022-06-10,C49,PROMO_16,voucher,8,8,8,160000,160000,0
2022-06-10,C32,PROMO_19,voucher,26,25,25,130000,125000,5000
2022-06-10,C41,PROMO_39,voucher,11,11,11,110000,110000,0
2022-06-10,C40,PROMO_54,voucher,14,13,10,140000,100000,40000
2022-06-10,C07,PROMO_11,voucher,8,8,8,80000,80000,0
2022-06-10,C59,PROMO_42,voucher,3,3,3,60000,60000,0
2022-06-10,C06,PROMO_41,voucher,11,11,11,55000,55000,0
2022-06-10,C60,PROMO_29,voucher,1,1,1,50000,50000,0
2022-06-10,C09,PROMO_61,voucher,9,9,9,45000,45000,0
2022-06-10,C14,PROMO_63,voucher,2,2,2,40000,40000,0
2022-06-10,C61,PROMO_35,voucher,1,1,1,30000,30000,0
2022-06-10,C21,PROMO_09,voucher,1,1,1,30000,30000,0
2022-06-10,C30,PROMO_32,voucher,1,1,1,25000,25000,0
2022-06-10,C38,PROMO_31,voucher,1,1,1,25000,25000,0
2022-06-10,C39,PROMO_06,voucher,2,2,2,20000,20000,0
2022-06-10,C50,PROMO_13,voucher,1,1,1,20000,20000,0
2022-06-10,C57,PROMO_36,voucher,1,1,1,15000,15000,0
2022-06-10,C05,PROMO_20,voucher,3,3,3,15000,15000,0
2022-06-10,C02,PROMO_10,voucher,1,1,1,10000,10000,0
2022-06-10,C63,PROMO_40,voucher,1,1,1,10000,10000,0
2022-06-10,C70,PROMO_51,voucher,1,1,1,10000,10000,0
2022-06-10,C11,PROMO_59,voucher,1,1,0,200000,0,200000
2022-06-11,C71,PROMO_45,cashback,1284,588,1284,64200000,64200000,0
2022-06-11,C33,PROMO_70,voucher,896,489,453,31360000,15855000,15505000
2022-06-11,C37,PROMO_55,voucher,233,227,210,6990000,6300000,690000
2022-06-11,C34,PROMO_43,voucher,211,207,201,4220000,4020000,200000
2022-06-11,C31,PROMO_69,voucher,472,415,366,4720000,3660000,1060000
2022-06-11,C35,PROMO_33,voucher,175,166,158,3500000,3160000,340000
2022-06-11,C03,PROMO_22,voucher,156,156,155,3120000,3100000,20000
2022-06-11,C42,PROMO_12,voucher,74,69,63,2960000,2520000,440000
2022-06-11,C51,PROMO_08,voucher,87,80,70,2610000,2100000,510000
2022-06-11,C53,PROMO_18,voucher,31,28,23,930000,690000,240000
2022-06-11,C46,PROMO_58,voucher,4,2,2,800000,400000,400000
2022-06-11,C11,PROMO_59,voucher,2,2,2,400000,400000,0
2022-06-11,C44,PROMO_60,voucher,19,19,17,380000,340000,40000
2022-06-11,C36,PROMO_62,voucher,18,16,15,360000,300000,60000
2022-06-11,C40,PROMO_54,voucher,29,27,23,290000,230000,60000
2022-06-11,C19,PROMO_52,voucher,23,23,23,230000,230000,0
2022-06-11,C72,PROMO_53,voucher,12,11,12,180000,180000,0
2022-06-11,C12,PROMO_57,voucher,2,2,1,300000,150000,150000
2022-06-11,C32,PROMO_19,voucher,29,28,26,145000,130000,15000
2022-06-11,C52,PROMO_04,voucher,4,4,4,120000,120000,0
2022-06-11,C04,PROMO_49,voucher,7,6,5,140000,100000,40000
2022-06-11,C13,PROMO_56,voucher,1,1,1,100000,100000,0
2022-06-11,C09,PROMO_61,voucher,19,19,19,95000,95000,0
2022-06-11,C07,PROMO_11,voucher,9,9,9,90000,90000,0
2022-06-11,C06,PROMO_41,voucher,17,17,17,85000,85000,0
2022-06-11,C49,PROMO_16,voucher,4,4,4,80000,80000,0
2022-06-11,C22,PROMO_05,voucher,2,2,2,60000,60000,0
2022-06-11,C27,PROMO_21,voucher,2,2,2,60000,60000,0
2022-06-11,C14,PROMO_63,voucher,3,3,3,60000,60000,0
2022-06-11,C41,PROMO_39,voucher,5,5,5,50000,50000,0
2022-06-11,C50,PROMO_13,voucher,2,2,2,40000,40000,0
2022-06-11,C54,PROMO_26,voucher,1,1,1,30000,30000,0
2022-06-11,C21,PROMO_09,voucher,1,1,1,30000,30000,0
2022-06-11,C59,PROMO_42,voucher,1,1,1,20000,20000,0
2022-06-11,C05,PROMO_20,voucher,4,3,4,20000,20000,0
2022-06-11,C73,PROMO_50,voucher,1,1,1,20000,20000,0
2022-06-11,C55,PROMO_47,voucher,1,1,1,15000,15000,0
2022-06-11,C57,PROMO_36,voucher,1,1,1,15000,15000,0
2022-06-11,C08,PROMO_67,voucher,1,1,1,10000,10000,0
2022-06-11,C39,PROMO_06,voucher,1,1,1,10000,10000,0
2022-06-12,C71,PROMO_45,cashback,1211,582,1211,60550000,60550000,0
2022-06-12,C33,PROMO_70,voucher,544,332,296,19040000,10360000,8680000
2022-06-12,C37,PROMO_55,voucher,309,270,258,9270000,7740000,1530000
2022-06-12,C31,PROMO_69,voucher,521,479,435,5210000,4350000,860000
2022-06-12,C35,PROMO_33,voucher,215,210,203,4300000,4060000,240000
2022-06-12,C34,PROMO_43,voucher,156,148,141,3120000,2820000,300000
2022-06-12,C42,PROMO_12,voucher,76,70,63,3040000,2520000,520000
2022-06-12,C51,PROMO_08,voucher,70,66,62,2100000,1860000,240000
2022-06-12,C53,PROMO_18,voucher,43,42,40,1290000,1200000,90000
2022-06-12,C44,PROMO_60,voucher,22,22,21,440000,420000,20000
2022-06-12,C04,PROMO_49,voucher,24,21,21,480000,420000,60000
2022-06-12,C03,PROMO_22,voucher,19,19,19,380000,380000,0
2022-06-12,C36,PROMO_62,voucher,12,12,11,240000,220000,20000
2022-06-12,C52,PROMO_04,voucher,7,7,7,210000,210000,0
2022-06-12,C72,PROMO_53,voucher,12,12,12,180000,180000,0
2022-06-12,C19,PROMO_52,voucher,15,15,15,150000,150000,0
2022-06-12,C07,PROMO_11,voucher,12,12,12,120000,120000,0
2022-06-12,C40,PROMO_54,voucher,19,16,12,190000,120000,70000
2022-06-12,C41,PROMO_39,voucher,12,12,12,120000,120000,0
2022-06-12,C32,PROMO_19,voucher,27,26,23,135000,115000,20000
2022-06-12,C50,PROMO_13,voucher,5,5,5,100000,100000,0
2022-06-12,C47,PROMO_56,voucher,1,1,1,100000,100000,0
2022-06-12,C06,PROMO_41,voucher,16,16,16,80000,80000,0
2022-06-12,C49,PROMO_16,voucher,3,3,3,60000,60000,0
2022-06-12,C61,PROMO_35,voucher,2,2,2,60000,60000,0
2022-06-12,C22,PROMO_05,voucher,2,2,2,60000,60000,0
2022-06-12,C15,PROMO_66,voucher,1,1,1,50000,50000,0
2022-06-12,C60,PROMO_29,voucher,1,1,1,50000,50000,0
2022-06-12,C09,PROMO_61,voucher,6,6,6,30000,30000,0
2022-06-12,C48,PROMO_65,voucher,1,1,1,30000,30000,0
2022-06-12,C30,PROMO_32,voucher,1,1,1,25000,25000,0
2022-06-12,C23,PROMO_17,voucher,1,1,1,20000,20000,0
2022-06-12,C14,PROMO_63,voucher,1,1,1,20000,20000,0
2022-06-12,C65,PROMO_64,voucher,1,1,1,20000,20000,0
2022-06-12,C05,PROMO_20,voucher,4,4,4,20000,20000,0
2022-06-12,C55,PROMO_47,voucher,1,1,1,15000,15000,0
2022-06-12,C39,PROMO_06,voucher,1,1,1,10000,10000,0
2022-06-13,C71,PROMO_45,cashback,1342,646,1342,67100000,67100000,0
2022-06-13,C33,PROMO_70,voucher,838,507,476,29330000,16660000,12670000
2022-06-13,C37,PROMO_55,voucher,259,240,223,7770000,6690000,1080000
2022-06-13,C04,PROMO_49,voucher,238,237,237,4760000,4740000,20000
2022-06-13,C31,PROMO_69,voucher,555,497,439,5550000,4390000,1160000
2022-06-13,C35,PROMO_33,voucher,235,224,217,4700000,4340000,360000
2022-06-13,C34,PROMO_43,voucher,216,207,198,4320000,3960000,360000
2022-06-13,C42,PROMO_12,voucher,74,71,63,2960000,2520000,440000
2022-06-13,C03,PROMO_22,voucher,84,84,83,1680000,1660000,20000
2022-06-13,C51,PROMO_08,voucher,42,38,34,1260000,1020000,240000
2022-06-13,C53,PROMO_18,voucher,20,20,19,600000,570000,30000
2022-06-13,C36,PROMO_62,voucher,25,24,23,500000,460000,40000
2022-06-13,C44,PROMO_60,voucher,22,22,22,440000,440000,0
2022-06-13,C19,PROMO_52,voucher,20,18,20,200000,200000,0
2022-06-13,C11,PROMO_59,voucher,1,1,1,200000,200000,0
2022-06-13,C40,PROMO_54,voucher,27,25,19,270000,190000,80000
2022-06-13,C72,PROMO_53,voucher,10,10,10,150000,150000,0
2022-06-13,C49,PROMO_16,voucher,7,7,7,140000,140000,0
2022-06-13,C06,PROMO_41,voucher,25,24,24,125000,120000,5000
2022-06-13,C32,PROMO_19,voucher,28,24,24,140000,120000,20000
2022-06-13,C41,PROMO_39,voucher,10,10,10,100000,100000,0
2022-06-13,C07,PROMO_11,voucher,9,9,9,90000,90000,0
2022-06-13,C14,PROMO_63,voucher,3,3,3,60000,60000,0
2022-06-13,C21,PROMO_09,voucher,2,2,2,60000,60000,0
2022-06-13,C15,PROMO_66,voucher,1,1,1,50000,50000,0
2022-06-13,C09,PROMO_61,voucher,6,6,6,30000,30000,0
2022-06-13,C22,PROMO_05,voucher,2,2,1,60000,30000,30000
2022-06-13,C63,PROMO_40,voucher,3,3,3,30000,30000,0
2022-06-13,C52,PROMO_04,voucher,1,1,1,30000,30000,0
2022-06-13,C39,PROMO_06,voucher,3,3,3,30000,30000,0
2022-06-13,C38,PROMO_31,voucher,1,1,1,25000,25000,0
2022-06-13,C65,PROMO_64,voucher,1,1,1,20000,20000,0
2022-06-13,C16,PROMO_23,voucher,1,1,1,20000,20000,0
2022-06-13,C05,PROMO_20,voucher,1,1,1,5000,5000,0
2022-06-13,C59,PROMO_42,voucher,4,3,0,80000,0,80000
2022-06-14,C71,PROMO_45,cashback,1286,625,1286,64300000,64300000,0
2022-06-14,C33,PROMO_70,voucher,903,537,486,31605000,17010000,14595000
2022-06-14,C31,PROMO_69,voucher,1049,982,874,10490000,8740000,1750000
2022-06-14,C37,PROMO_55,voucher,217,188,178,6510000,5340000,1170000
2022-06-14,C35,PROMO_33,voucher,197,181,173,3940000,3460000,480000
2022-06-14,C51,PROMO_08,voucher,97,89,84,2910000,2520000,390000
2022-06-14,C34,PROMO_43,voucher,128,123,113,2560000,2260000,300000
2022-06-14,C42,PROMO_12,voucher,24,22,21,960000,840000,120000
2022-06-14,C53,PROMO_18,voucher,18,18,17,540000,510000,30000
2022-06-14,C04,PROMO_49,voucher,23,21,18,460000,360000,100000
2022-06-14,C44,PROMO_60,voucher,16,16,16,320000,320000,0
2022-06-14,C12,PROMO_57,voucher,4,3,2,600000,300000,300000
2022-06-14,C03,PROMO_22,voucher,18,16,13,360000,260000,100000
2022-06-14,C19,PROMO_52,voucher,24,18,22,240000,220000,20000
2022-06-14,C72,PROMO_53,voucher,10,10,10,150000,150000,0
2022-06-14,C36,PROMO_62,voucher,7,7,6,140000,120000,20000
2022-06-14,C60,PROMO_29,voucher,2,2,2,100000,100000,0
2022-06-14,C07,PROMO_11,voucher,10,10,10,100000,100000,0
2022-06-14,C32,PROMO_19,voucher,25,23,20,125000,100000,25000
2022-06-14,C13,PROMO_56,voucher,1,1,1,100000,100000,0
2022-06-14,C09,PROMO_61,voucher,20,20,19,100000,95000,5000
2022-06-14,C06,PROMO_41,voucher,11,11,11,55000,55000,0
2022-06-14,C14,PROMO_63,voucher,2,2,2,40000,40000,0
2022-06-14,C59,PROMO_42,voucher,2,2,2,40000,40000,0
2022-06-14,C49,PROMO_16,voucher,2,2,2,40000,40000,0
2022-06-14,C50,PROMO_13,voucher,2,2,2,40000,40000,0
2022-06-14,C58,PROMO_21,voucher,1,1,1,30000,30000,0
2022-06-14,C48,PROMO_65,voucher,1,1,1,30000,30000,0
2022-06-14,C40,PROMO_54,voucher,6,6,3,60000,30000,30000
2022-06-14,C21,PROMO_09,voucher,1,1,1,30000,30000,0
2022-06-14,C25,PROMO_48,voucher,1,1,1,20000,20000,0
2022-06-14,C16,PROMO_23,voucher,1,1,1,20000,20000,0
2022-06-14,C41,PROMO_39,voucher,2,2,2,20000,20000,0
2022-06-14,C39,PROMO_06,voucher,2,2,2,20000,20000,0
2022-06-14,C65,PROMO_64,voucher,1,1,1,20000,20000,0
2022-06-14,C05,PROMO_20,voucher,4,3,4,20000,20000,0
2022-06-14,C02,PROMO_10,voucher,1,1,1,10000,10000,0
2022-06-14,C63,PROMO_40,voucher,1,1,1,10000,10000,0
2022-06-14,C73,PROMO_50,voucher,1,1,0,20000,0,20000
2022-06-15,C71,PROMO_45,cashback,1305,622,1305,65250000,65250000,0
2022-06-15,C33,PROMO_70,voucher,663,405,356,23205000,12460000,10745000
2022-06-15,C37,PROMO_55,voucher,243,231,211,7290000,6330000,960000
2022-06-15,C31,PROMO_69,voucher,489,459,413,4890000,4130000,760000
2022-06-15,C34,PROMO_43,voucher,131,127,114,2620000,2280000,340000
2022-06-15,C51,PROMO_08,voucher,44,41,39,1320000,1170000,150000
2022-06-15,C42,PROMO_12,voucher,30,29,27,1200000,1080000,120000
2022-06-15,C35,PROMO_33,voucher,63,58,43,1260000,860000,400000
2022-06-15,C04,PROMO_49,voucher,27,26,25,540000,500000,40000
2022-06-15,C03,PROMO_22,voucher,26,25,24,520000,480000,40000
2022-06-15,C44,PROMO_60,voucher,21,21,19,420000,380000,40000
2022-06-15,C53,PROMO_18,voucher,14,13,12,420000,360000,60000
2022-06-15,C36,PROMO_62,voucher,14,14,14,280000,280000,0
2022-06-15,C46,PROMO_58,voucher,1,1,1,200000,200000,0
2022-06-15,C07,PROMO_11,voucher,19,19,19,190000,190000,0
2022-06-15,C19,PROMO_52,voucher,15,14,15,150000,150000,0
2022-06-15,C72,PROMO_53,voucher,8,8,8,120000,120000,0
2022-06-15,C06,PROMO_41,voucher,22,22,22,110000,110000,0
2022-06-15,C41,PROMO_39,voucher,10,10,10,100000,100000,0
2022-06-15,C48,PROMO_65,voucher,2,2,2,60000,60000,0
2022-06-15,C52,PROMO_04,voucher,2,2,2,60000,60000,0
2022-06-15,C32,PROMO_19,voucher,14,13,12,70000,60000,10000
2022-06-15,C50,PROMO_13,voucher,3,3,3,60000,60000,0
2022-06-15,C09,PROMO_61,voucher,11,11,11,55000,55000,0
2022-06-15,C49,PROMO_16,voucher,2,2,2,40000,40000,0
2022-06-15,C61,PROMO_35,voucher,1,1,1,30000,30000,0
2022-06-15,C21,PROMO_09,voucher,1,1,1,30000,30000,0
2022-06-15,C38,PROMO_31,voucher,1,1,1,25000,25000,0
2022-06-15,C40,PROMO_54,voucher,4,4,2,40000,20000,20000
2022-06-15,C63,PROMO_40,voucher,2,2,2,20000,20000,0
2022-06-15,C24,PROMO_24,voucher,1,1,1,20000,20000,0
2022-06-15,C17,PROMO_38,voucher,1,1,1,20000,20000,0
2022-06-15,C55,PROMO_47,voucher,1,1,1,15000,15000,0
2022-06-15,C39,PROMO_06,voucher,1,1,1,10000,10000,0
2022-06-15,C05,PROMO_20,voucher,3,3,2,15000,10000,5000
2022-06-16,C71,PROMO_45,cashback,1033,543,1033,51650000,51650000,0
2022-06-16,C33,PROMO_70,voucher,513,319,276,17955000,9660000,8295000
2022-06-16,C37,PROMO_55,voucher,360,308,279,10800000,8370000,2430000
2022-06-16,C31,PROMO_69,voucher,427,391,345,4270000,3450000,820000
2022-06-16,C35,PROMO_33,voucher,185,182,165,3700000,3300000,400000
2022-06-16,C34,PROMO_43,voucher,152,139,124,3040000,2480000,560000
2022-06-16,C42,PROMO_12,voucher,37,31,28,1480000,1120000,360000
2022-06-16,C51,PROMO_08,voucher,26,23,20,780000,600000,180000
2022-06-16,C53,PROMO_18,voucher,20,19,19,600000,570000,30000
2022-06-16,C44,PROMO_60,voucher,27,27,26,540000,520000,20000
2022-06-16,C36,PROMO_62,voucher,20,19,18,400000,360000,40000
2022-06-16,C04,PROMO_49,voucher,15,15,15,300000,300000,0
2022-06-16,C72,PROMO_53,voucher,21,16,14,315000,210000,105000
2022-06-16,C07,PROMO_11,voucher,19,18,18,190000,180000,10000
2022-06-16,C52,PROMO_04,voucher,7,6,6,210000,180000,30000
2022-06-16,C19,PROMO_52,voucher,13,12,13,130000,130000,0
2022-06-16,C03,PROMO_22,voucher,6,6,6,120000,120000,0
2022-06-16,C06,PROMO_41,voucher,23,23,23,115000,115000,0
2022-06-16,C49,PROMO_16,voucher,5,5,5,100000,100000,0
2022-06-16,C41,PROMO_39,voucher,9,9,9,90000,90000,0
2022-06-16,C21,PROMO_09,voucher,3,3,3,90000,90000,0
2022-06-16,C32,PROMO_19,voucher,21,20,16,105000,80000,25000
2022-06-16,C40,PROMO_54,voucher,7,7,7,70000,70000,0
2022-06-16,C09,PROMO_61,voucher,11,11,11,55000,55000,0
2022-06-16,C60,PROMO_29,voucher,1,1,1,50000,50000,0
2022-06-16,C05,PROMO_20,voucher,7,3,7,35000,35000,0
2022-06-16,C61,PROMO_35,voucher,1,1,1,30000,30000,0
2022-06-16,C43,PROMO_68,voucher,1,1,1,30000,30000,0
2022-06-16,C30,PROMO_32,voucher,1,1,1,25000,25000,0
2022-06-16,C50,PROMO_13,voucher,1,1,1,20000,20000,0
2022-06-16,C63,PROMO_40,voucher,2,2,2,20000,20000,0
2022-06-16,C59,PROMO_42,voucher,1,1,1,20000,20000,0
2022-06-16,C29,PROMO_34,voucher,1,1,1,20000,20000,0
2022-06-16,C39,PROMO_06,voucher,4,3,2,40000,20000,20000
2022-06-16,C55,PROMO_47,voucher,1,1,1,15000,15000,0
2022-06-16,C45,PROMO_01,voucher,1,1,1,15000,15000,0
2022-06-17,C71,PROMO_45,cashback,1179,607,1179,58950000,58950000,0
2022-06-17,C33,PROMO_70,voucher,793,486,441,27755000,15435000,12320000
2022-06-17,C37,PROMO_55,voucher,328,286,262,9840000,7860000,1980000
2022-06-17,C31,PROMO_69,voucher,510,451,400,5100000,4000000,1100000
2022-06-17,C34,PROMO_43,voucher,141,139,127,2820000,2540000,280000
2022-06-17,C35,PROMO_33,voucher,134,132,121,2680000,2420000,260000
2022-06-17,C42,PROMO_12,voucher,27,26,26,1080000,1040000,40000
2022-06-17,C51,PROMO_08,voucher,31,22,20,930000,600000,330000
2022-06-17,C04,PROMO_49,voucher,20,20,20,400000,400000,0
2022-06-17,C53,PROMO_18,voucher,15,14,13,450000,390000,60000
2022-06-17,C44,PROMO_60,voucher,15,15,15,300000,300000,0
2022-06-17,C03,PROMO_22,voucher,13,13,13,260000,260000,0
2022-06-17,C72,PROMO_53,voucher,62,16,15,930000,225000,705000
2022-06-17,C36,PROMO_62,voucher,10,10,10,200000,200000,0
2022-06-17,C11,PROMO_59,voucher,2,1,1,400000,200000,200000
2022-06-17,C19,PROMO_52,voucher,23,18,17,230000,170000,60000
2022-06-17,C40,PROMO_54,voucher,15,14,14,150000,140000,10000
2022-06-17,C06,PROMO_41,voucher,26,26,26,130000,130000,0
2022-06-17,C49,PROMO_16,voucher,5,5,5,100000,100000,0
2022-06-17,C69,PROMO_56,voucher,1,1,1,100000,100000,0
2022-06-17,C21,PROMO_09,voucher,3,3,3,90000,90000,0
2022-06-17,C41,PROMO_39,voucher,8,8,8,80000,80000,0
2022-06-17,C32,PROMO_19,voucher,13,12,13,65000,65000,0
2022-06-17,C09,PROMO_61,voucher,13,13,13,65000,65000,0
2022-06-17,C52,PROMO_04,voucher,2,2,2,60000,60000,0
2022-06-17,C54,PROMO_26,voucher,2,2,2,60000,60000,0
2022-06-17,C60,PROMO_29,voucher,1,1,1,50000,50000,0
2022-06-17,C63,PROMO_40,voucher,3,3,3,30000,30000,0
2022-06-17,C07,PROMO_11,voucher,3,3,3,30000,30000,0
2022-06-17,C30,PROMO_32,voucher,1,1,1,25000,25000,0
2022-06-17,C25,PROMO_48,voucher,1,1,1,20000,20000,0
2022-06-17,C14,PROMO_63,voucher,1,1,1,20000,20000,0
2022-06-17,C55,PROMO_47,voucher,1,1,1,15000,15000,0
2022-06-17,C05,PROMO_20,voucher,1,1,1,5000,5000,0
2022-06-18,C71,PROMO_45,cashback,1232,591,1232,61600000,61600000,0
2022-06-18,C33,PROMO_70,voucher,1047,567,511,36645000,17885000,18760000
2022-06-18,C37,PROMO_55,voucher,423,350,304,12690000,9120000,3570000
2022-06-18,C34,PROMO_43,voucher,259,242,228,5180000,4560000,620000
2022-06-18,C31,PROMO_69,voucher,479,435,370,4790000,3700000,1090000
2022-06-18,C35,PROMO_33,voucher,136,132,118,2720000,2360000,360000
2022-06-18,C42,PROMO_12,voucher,29,27,22,1160000,880000,280000
2022-06-18,C51,PROMO_08,voucher,32,27,21,960000,630000,330000
2022-06-18,C04,PROMO_49,voucher,29,26,26,580000,520000,60000
2022-06-18,C03,PROMO_22,voucher,26,23,23,520000,460000,60000
2022-06-18,C44,PROMO_60,voucher,24,21,19,480000,380000,100000
2022-06-18,C36,PROMO_62,voucher,13,11,11,260000,220000,40000
2022-06-18,C53,PROMO_18,voucher,10,8,7,300000,210000,90000
2022-06-18,C72,PROMO_53,voucher,15,9,9,225000,135000,90000
2022-06-18,C19,PROMO_52,voucher,11,11,11,110000,110000,0
2022-06-18,C50,PROMO_13,voucher,4,4,4,80000,80000,0
2022-06-18,C09,PROMO_61,voucher,15,15,15,75000,75000,0
2022-06-18,C06,PROMO_41,voucher,15,15,15,75000,75000,0
2022-06-18,C40,PROMO_54,voucher,11,8,7,110000,70000,40000
2022-06-18,C49,PROMO_16,voucher,3,3,3,60000,60000,0
2022-06-18,C54,PROMO_26,voucher,2,2,2,60000,60000,0
2022-06-18,C32,PROMO_19,voucher,13,13,12,65000,60000,5000
2022-06-18,C07,PROMO_11,voucher,5,4,4,50000,40000,10000
2022-06-18,C61,PROMO_35,voucher,2,1,1,60000,30000,30000
2022-06-18,C41,PROMO_39,voucher,3,3,3,30000,30000,0
2022-06-18,C52,PROMO_04,voucher,1,1,1,30000,30000,0
2022-06-18,C30,PROMO_32,voucher,1,1,1,25000,25000,0
2022-06-18,C38,PROMO_31,voucher,1,1,1,25000,25000,0
2022-06-18,C16,PROMO_23,voucher,1,1,1,20000,20000,0
2022-06-18,C57,PROMO_36,voucher,1,1,1,15000,15000,0
2022-06-18,C05,PROMO_20,voucher,3,3,3,15000,15000,0
2022-06-18,C70,PROMO_51,voucher,1,1,1,10000,10000,0
2022-06-18,C39,PROMO_06,voucher,1,1,1,10000,10000,0
2022-06-18,C22,PROMO_05,voucher,2,1,0,60000,0,60000
2022-06-19,C71,PROMO_45,cashback,1216,631,1216,60800000,60800000,0
2022-06-19,C33,PROMO_70,voucher,1157,728,656,40495000,22960000,17535000
2022-06-19,C37,PROMO_55,voucher,310,245,226,9300000,6780000,2520000
2022-06-19,C31,PROMO_69,voucher,395,354,320,3950000,3200000,750000
2022-06-19,C34,PROMO_43,voucher,179,167,143,3580000,2860000,720000
2022-06-19,C35,PROMO_33,voucher,122,112,96,2440000,1920000,520000
2022-06-19,C42,PROMO_12,voucher,29,25,22,1160000,880000,280000
2022-06-19,C03,PROMO_22,voucher,17,17,17,340000,340000,0
2022-06-19,C04,PROMO_49,voucher,18,17,16,360000,320000,40000
2022-06-19,C51,PROMO_08,voucher,11,11,9,330000,270000,60000
2022-06-19,C44,PROMO_60,voucher,13,13,12,260000,240000,20000
2022-06-19,C52,PROMO_04,voucher,5,5,4,150000,120000,30000
2022-06-19,C72,PROMO_53,voucher,18,10,8,270000,120000,150000
2022-06-19,C36,PROMO_62,voucher,6,6,6,120000,120000,0
2022-06-19,C19,PROMO_52,voucher,14,12,12,140000,120000,20000
2022-06-19,C09,PROMO_61,voucher,20,20,20,100000,100000,0
2022-06-19,C69,PROMO_56,voucher,1,1,1,100000,100000,0
2022-06-19,C41,PROMO_39,voucher,9,9,9,90000,90000,0
2022-06-19,C49,PROMO_16,voucher,4,4,4,80000,80000,0
2022-06-19,C40,PROMO_54,voucher,10,9,7,100000,70000,30000
2022-06-19,C24,PROMO_24,voucher,2,2,2,40000,40000,0
2022-06-19,C28,PROMO_28,voucher,1,1,1,40000,40000,0
2022-06-19,C50,PROMO_13,voucher,2,2,2,40000,40000,0
2022-06-19,C32,PROMO_19,voucher,10,10,7,50000,35000,15000
2022-06-19,C21,PROMO_09,voucher,1,1,1,30000,30000,0
2022-06-19,C43,PROMO_68,voucher,1,1,1,30000,30000,0
2022-06-19,C48,PROMO_65,voucher,1,1,1,30000,30000,0
2022-06-19,C06,PROMO_41,voucher,16,7,6,80000,30000,50000
2022-06-19,C07,PROMO_11,voucher,3,3,3,30000,30000,0
2022-06-19,C16,PROMO_23,voucher,1,1,1,20000,20000,0
2022-06-19,C05,PROMO_20,voucher,4,4,4,20000,20000,0
2022-06-19,C55,PROMO_47,voucher,1,1,1,15000,15000,0
2022-06-19,C63,PROMO_40,voucher,1,1,1,10000,10000,0
2022-06-19,C02,PROMO_10,voucher,1,1,1,10000,10000,0
2022-06-19,C08,PROMO_67,voucher,1,1,1,10000,10000,0
2022-06-19,C46,PROMO_58,voucher,1,1,0,200000,0,200000
2022-06-19,C22,PROMO_05,voucher,1,1,0,30000,0,30000
2022-06-20,C71,PROMO_45,cashback,1283,655,1283,64150000,64150000,0
2022-06-20,C33,PROMO_70,voucher,877,491,447,30695000,15645000,15050000
2022-06-20,C37,PROMO_55,voucher,377,305,257,11310000,7710000,3600000
2022-06-20,C31,PROMO_69,voucher,442,411,371,4420000,3710000,710000
2022-06-20,C34,PROMO_43,voucher,198,183,178,3960000,3560000,400000
2022-06-20,C35,PROMO_33,voucher,127,121,107,2540000,2140000,400000
2022-06-20,C44,PROMO_60,voucher,34,34,33,680000,660000,20000
2022-06-20,C42,PROMO_12,voucher,16,16,15,640000,600000,40000
2022-06-20,C51,PROMO_08,voucher,19,16,15,570000,450000,120000
2022-06-20,C04,PROMO_49,voucher,24,22,20,480000,400000,80000
2022-06-20,C36,PROMO_62,voucher,21,17,16,420000,320000,100000
2022-06-20,C61,PROMO_35,voucher,12,11,10,360000,300000,60000
2022-06-20,C03,PROMO_22,voucher,17,16,15,340000,300000,40000
2022-06-20,C46,PROMO_58,voucher,5,2,1,1000000,200000,800000
2022-06-20,C09,PROMO_61,voucher,40,40,40,200000,200000,0
2022-06-20,C72,PROMO_53,voucher,10,10,10,150000,150000,0
2022-06-20,C19,PROMO_52,voucher,14,14,14,140000,140000,0
2022-06-20,C69,PROMO_56,voucher,1,1,1,100000,100000,0
2022-06-20,C06,PROMO_41,voucher,20,20,19,100000,95000,5000
2022-06-20,C21,PROMO_09,voucher,3,3,3,90000,90000,0
2022-06-20,C52,PROMO_04,voucher,3,3,3,90000,90000,0
2022-06-20,C40,PROMO_54,voucher,11,10,9,110000,90000,20000
2022-06-20,C32,PROMO_19,voucher,21,19,17,105000,85000,20000
2022-06-20,C14,PROMO_63,voucher,4,4,4,80000,80000,0
2022-06-20,C41,PROMO_39,voucher,8,8,8,80000,80000,0
2022-06-20,C50,PROMO_13,voucher,4,4,4,80000,80000,0
2022-06-20,C16,PROMO_23,voucher,3,3,3,60000,60000,0
2022-06-20,C15,PROMO_66,voucher,1,1,1,50000,50000,0
2022-06-20,C49,PROMO_16,voucher,2,2,2,40000,40000,0
2022-06-20,C38,PROMO_31,voucher,1,1,1,25000,25000,0
2022-06-20,C17,PROMO_38,voucher,1,1,1,20000,20000,0
2022-06-20,C05,PROMO_20,voucher,3,3,3,15000,15000,0
2022-06-20,C07,PROMO_11,voucher,1,1,1,10000,10000,0
2022-06-21,C71,PROMO_45,cashback,1345,666,1345,67250000,67250000,0
2022-06-21,C33,PROMO_70,voucher,1257,540,469,43995000,16415000,27580000
2022-06-21,C37,PROMO_55,voucher,278,236,218,8340000,6540000,1800000
2022-06-21,C31,PROMO_69,voucher,639,557,491,6390000,4910000,1480000
2022-06-21,C34,PROMO_43,voucher,188,178,156,3760000,3120000,640000
2022-06-21,C35,PROMO_33,voucher,100,96,84,2000000,1680000,320000
2022-06-21,C42,PROMO_12,voucher,38,30,28,1520000,1120000,400000
2022-06-21,C51,PROMO_08,voucher,41,37,36,1230000,1080000,150000
2022-06-21,C44,PROMO_60,voucher,18,18,17,360000,340000,20000
2022-06-21,C61,PROMO_35,voucher,9,9,9,270000,270000,0
2022-06-21,C03,PROMO_22,voucher,13,13,13,260000,260000,0
2022-06-21,C04,PROMO_49,voucher,19,14,13,380000,260000,120000
2022-06-21,C36,PROMO_62,voucher,9,8,7,180000,140000,40000
2022-06-21,C19,PROMO_52,voucher,14,14,14,140000,140000,0
2022-06-21,C09,PROMO_61,voucher,25,25,25,125000,125000,0
2022-06-21,C06,PROMO_41,voucher,19,19,19,95000,95000,0
2022-06-21,C72,PROMO_53,voucher,6,6,6,90000,90000,0
2022-06-21,C54,PROMO_26,voucher,3,3,3,90000,90000,0
2022-06-21,C40,PROMO_54,voucher,9,9,8,90000,80000,10000
2022-06-21,C32,PROMO_19,voucher,15,14,15,75000,75000,0
2022-06-21,C41,PROMO_39,voucher,6,6,6,60000,60000,0
2022-06-21,C50,PROMO_13,voucher,3,3,3,60000,60000,0
2022-06-21,C60,PROMO_29,voucher,1,1,1,50000,50000,0
2022-06-21,C07,PROMO_11,voucher,6,6,5,60000,50000,10000
2022-06-21,C49,PROMO_16,voucher,2,2,2,40000,40000,0
2022-06-21,C59,PROMO_42,voucher,2,2,2,40000,40000,0
2022-06-21,C63,PROMO_40,voucher,3,3,3,30000,30000,0
2022-06-21,C21,PROMO_09,voucher,1,1,1,30000,30000,0
2022-06-21,C27,PROMO_21,voucher,1,1,1,30000,30000,0
2022-06-21,C65,PROMO_64,voucher,1,1,1,20000,20000,0
2022-06-21,C05,PROMO_20,voucher,2,2,2,10000,10000,0
2022-06-21,C39,PROMO_06,voucher,1,1,1,10000,10000,0
2022-06-21,C08,PROMO_67,voucher,1,1,1,10000,10000,0
2022-06-21,C16,PROMO_23,voucher,1,1,0,20000,0,20000
2022-06-22,C71,PROMO_45,cashback,1355,588,1355,67750000,67750000,0
2022-06-22,C33,PROMO_70,voucher,949,404,359,33215000,12565000,20650000
2022-06-22,C37,PROMO_55,voucher,295,258,224,8850000,6720000,2130000
2022-06-22,C31,PROMO_69,voucher,518,465,404,5180000,4040000,1140000
2022-06-22,C34,PROMO_43,voucher,153,138,120,3060000,2400000,660000
2022-06-22,C35,PROMO_33,voucher,141,125,103,2820000,2060000,760000
2022-06-22,C51,PROMO_08,voucher,32,28,26,960000,780000,180000
2022-06-22,C42,PROMO_12,voucher,14,14,12,560000,480000,80000
2022-06-22,C36,PROMO_62,voucher,32,25,23,640000,460000,180000
2022-06-22,C61,PROMO_35,voucher,15,14,14,450000,420000,30000
2022-06-22,C03,PROMO_22,voucher,20,20,20,400000,400000,0
2022-06-22,C04,PROMO_49,voucher,20,20,17,400000,340000,60000
2022-06-22,C44,PROMO_60,voucher,14,13,13,280000,260000,20000
2022-06-22,C19,PROMO_52,voucher,13,13,13,130000,130000,0
2022-06-22,C72,PROMO_53,voucher,8,8,8,120000,120000,0
2022-06-22,C32,PROMO_19,voucher,27,24,22,135000,110000,25000
2022-06-22,C40,PROMO_54,voucher,12,10,9,120000,90000,30000
2022-06-22,C06,PROMO_41,voucher,17,15,15,85000,75000,10000
2022-06-22,C07,PROMO_11,voucher,7,7,7,70000,70000,0
2022-06-22,C16,PROMO_23,voucher,3,3,3,60000,60000,0
2022-06-22,C41,PROMO_39,voucher,6,6,6,60000,60000,0
2022-06-22,C22,PROMO_05,voucher,2,2,2,60000,60000,0
2022-06-22,C52,PROMO_04,voucher,2,2,2,60000,60000,0
2022-06-22,C54,PROMO_26,voucher,2,2,2,60000,60000,0
2022-06-22,C60,PROMO_29,voucher,1,1,1,50000,50000,0
2022-06-22,C49,PROMO_16,voucher,2,2,2,40000,40000,0
2022-06-22,C28,PROMO_28,voucher,1,1,1,40000,40000,0
2022-06-22,C09,PROMO_61,voucher,8,8,8,40000,40000,0
2022-06-22,C43,PROMO_68,voucher,1,1,1,30000,30000,0
2022-06-22,C30,PROMO_32,voucher,1,1,1,25000,25000,0
2022-06-22,C59,PROMO_42,voucher,1,1,1,20000,20000,0
2022-06-22,C63,PROMO_40,voucher,2,2,2,20000,20000,0
2022-06-22,C29,PROMO_34,voucher,1,1,1,20000,20000,0
2022-06-22,C55,PROMO_47,voucher,1,1,1,15000,15000,0
2022-06-22,C39,PROMO_06,voucher,1,1,1,10000,10000,0
2022-06-22,C05,PROMO_20,voucher,2,2,1,10000,5000,5000
2022-06-22,C21,PROMO_09,voucher,2,1,0,60000,0,60000
2022-06-23,C71,PROMO_45,cashback,1111,511,1111,55550000,55550000,0
2022-06-23,C33,PROMO_70,voucher,715,264,219,25025000,7665000,17360000
2022-06-23,C37,PROMO_55,voucher,259,220,199,7770000,5970000,1800000
2022-06-23,C31,PROMO_69,voucher,401,378,328,4010000,3280000,730000
2022-06-23,C34,PROMO_43,voucher,145,127,120,2900000,2400000,500000
2022-06-23,C35,PROMO_33,voucher,75,69,58,1500000,1160000,340000
2022-06-23,C42,PROMO_12,voucher,31,23,16,1240000,640000,600000
2022-06-23,C51,PROMO_08,voucher,23,22,20,690000,600000,90000
2022-06-23,C44,PROMO_60,voucher,17,17,17,340000,340000,0
2022-06-23,C04,PROMO_49,voucher,14,13,13,280000,260000,20000
2022-06-23,C36,PROMO_62,voucher,13,12,12,260000,240000,20000
2022-06-23,C03,PROMO_22,voucher,10,10,10,200000,200000,0
2022-06-23,C72,PROMO_53,voucher,16,13,13,240000,195000,45000
2022-06-23,C41,PROMO_39,voucher,9,9,9,90000,90000,0
2022-06-23,C49,PROMO_16,voucher,3,3,3,60000,60000,0
2022-06-23,C50,PROMO_13,voucher,3,3,3,60000,60000,0
2022-06-23,C52,PROMO_04,voucher,2,2,2,60000,60000,0
2022-06-23,C19,PROMO_52,voucher,11,6,6,110000,60000,50000
2022-06-23,C32,PROMO_19,voucher,12,12,11,60000,55000,5000
2022-06-23,C06,PROMO_41,voucher,10,10,10,50000,50000,0
2022-06-23,C09,PROMO_61,voucher,11,10,9,55000,45000,10000
2022-06-23,C07,PROMO_11,voucher,4,4,4,40000,40000,0
2022-06-23,C48,PROMO_65,voucher,1,1,1,30000,30000,0
2022-06-23,C40,PROMO_54,voucher,4,4,3,40000,30000,10000
2022-06-23,C38,PROMO_31,voucher,1,1,1,25000,25000,0
2022-06-23,C14,PROMO_63,voucher,1,1,1,20000,20000,0
2022-06-23,C17,PROMO_38,voucher,1,1,1,20000,20000,0
2022-06-23,C23,PROMO_17,voucher,1,1,1,20000,20000,0
2022-06-23,C24,PROMO_24,voucher,1,1,1,20000,20000,0
2022-06-23,C65,PROMO_64,voucher,1,1,1,20000,20000,0
2022-06-23,C55,PROMO_47,voucher,1,1,1,15000,15000,0
2022-06-23,C64,PROMO_07,voucher,1,1,1,10000,10000,0
2022-06-23,C39,PROMO_06,voucher,1,1,1,10000,10000,0
2022-06-23,C56,PROMO_44,voucher,1,1,0,15000,0,15000
2022-06-24,C71,PROMO_45,cashback,1357,595,1357,67850000,67850000,0
2022-06-24,C33,PROMO_70,voucher,1551,501,417,54285000,14595000,39690000
2022-06-24,C37,PROMO_55,voucher,522,424,381,15660000,11430000,4230000
2022-06-24,C31,PROMO_69,voucher,613,505,440,6130000,4400000,1730000
2022-06-24,C34,PROMO_43,voucher,242,229,215,4840000,4300000,540000
2022-06-24,C35,PROMO_33,voucher,188,180,167,3760000,3340000,420000
2022-06-24,C42,PROMO_12,voucher,26,26,23,1040000,920000,120000
2022-06-24,C51,PROMO_08,voucher,19,18,14,570000,420000,150000
2022-06-24,C44,PROMO_60,voucher,22,17,17,440000,340000,100000
2022-06-24,C03,PROMO_22,voucher,19,16,16,380000,320000,60000
2022-06-24,C04,PROMO_49,voucher,21,16,14,420000,280000,140000
2022-06-24,C36,PROMO_62,voucher,18,16,14,360000,280000,80000
2022-06-24,C46,PROMO_58,voucher,1,1,1,200000,200000,0
2022-06-24,C19,PROMO_52,voucher,15,15,15,150000,150000,0
2022-06-24,C72,PROMO_53,voucher,9,8,9,135000,135000,0
2022-06-24,C32,PROMO_19,voucher,23,22,20,115000,100000,15000
2022-06-24,C47,PROMO_56,voucher,1,1,1,100000,100000,0
2022-06-24,C06,PROMO_41,voucher,17,15,15,85000,75000,10000
2022-06-24,C09,PROMO_61,voucher,13,13,13,65000,65000,0
2022-06-24,C52,PROMO_04,voucher,2,2,2,60000,60000,0
2022-06-24,C49,PROMO_16,voucher,3,3,3,60000,60000,0
2022-06-24,C60,PROMO_29,voucher,1,1,1,50000,50000,0
2022-06-24,C07,PROMO_11,voucher,5,5,5,50000,50000,0
2022-06-24,C16,PROMO_23,voucher,2,2,2,40000,40000,0
2022-06-24,C41,PROMO_39,voucher,3,3,3,30000,30000,0
2022-06-24,C39,PROMO_06,voucher,3,3,3,30000,30000,0
2022-06-24,C48,PROMO_65,voucher,1,1,1,30000,30000,0
2022-06-24,C21,PROMO_09,voucher,1,1,1,30000,30000,0
2022-06-24,C61,PROMO_35,voucher,1,1,1,30000,30000,0
2022-06-24,C54,PROMO_26,voucher,1,1,1,30000,30000,0
2022-06-24,C63,PROMO_40,voucher,2,2,2,20000,20000,0
2022-06-24,C50,PROMO_13,voucher,1,1,1,20000,20000,0
2022-06-24,C24,PROMO_24,voucher,1,1,1,20000,20000,0
2022-06-24,C40,PROMO_54,voucher,11,4,2,110000,20000,90000
2022-06-24,C14,PROMO_63,voucher,1,1,1,20000,20000,0
2022-06-24,C45,PROMO_01,voucher,1,1,1,15000,15000,0
2022-06-24,C56,PROMO_44,voucher,1,1,1,15000,15000,0
2022-06-24,C05,PROMO_20,voucher,1,1,1,5000,5000,0
2022-06-25,C71,PROMO_45,cashback,1331,577,1331,66550000,66550000,0
2022-06-25,C33,PROMO_70,voucher,1017,538,476,35595000,16660000,18935000
2022-06-25,C37,PROMO_55,voucher,438,326,309,13140000,9270000,3870000
2022-06-25,C34,PROMO_43,voucher,235,212,198,4700000,3960000,740000
2022-06-25,C31,PROMO_69,voucher,574,463,390,5740000,3900000,1840000
2022-06-25,C35,PROMO_33,voucher,138,107,99,2760000,1980000,780000
2022-06-25,C42,PROMO_12,voucher,48,31,27,1920000,1080000,840000
2022-06-25,C51,PROMO_08,voucher,41,36,32,1230000,960000,270000
2022-06-25,C44,PROMO_60,voucher,23,23,22,460000,440000,20000
2022-06-25,C03,PROMO_22,voucher,20,20,20,400000,400000,0
2022-06-25,C04,PROMO_49,voucher,20,20,19,400000,380000,20000
2022-06-25,C36,PROMO_62,voucher,18,15,14,360000,280000,80000
2022-06-25,C19,PROMO_52,voucher,21,20,20,210000,200000,10000
2022-06-25,C06,PROMO_41,voucher,32,32,32,160000,160000,0
2022-06-25,C72,PROMO_53,voucher,11,10,10,165000,150000,15000
2022-06-25,C32,PROMO_19,voucher,21,21,20,105000,100000,5000
2022-06-25,C49,PROMO_16,voucher,4,4,4,80000,80000,0
2022-06-25,C40,PROMO_54,voucher,9,9,8,90000,80000,10000
2022-06-25,C09,PROMO_61,voucher,13,13,13,65000,65000,0
2022-06-25,C50,PROMO_13,voucher,3,3,3,60000,60000,0
2022-06-25,C41,PROMO_39,voucher,6,6,5,60000,50000,10000
2022-06-25,C60,PROMO_29,voucher,1,1,1,50000,50000,0
2022-06-25,C07,PROMO_11,voucher,5,5,5,50000,50000,0
2022-06-25,C61,PROMO_35,voucher,1,1,1,30000,30000,0
2022-06-25,C52,PROMO_04,voucher,1,1,1,30000,30000,0
2022-06-25,C55,PROMO_47,voucher,2,2,2,30000,30000,0
2022-06-25,C21,PROMO_09,voucher,1,1,1,30000,30000,0
2022-06-25,C05,PROMO_20,voucher,5,5,5,25000,25000,0
2022-06-25,C16,PROMO_23,voucher,1,1,1,20000,20000,0
2022-06-25,C63,PROMO_40,voucher,1,1,1,10000,10000,0
2022-06-25,C39,PROMO_06,voucher,1,1,1,10000,10000,0
2022-06-26,C71,PROMO_45,cashback,1291,569,1291,64550000,64550000,0
2022-06-26,C33,PROMO_70,voucher,1093,499,452,38255000,15820000,22435000
2022-06-26,C37,PROMO_55,voucher,499,312,290,14970000,8700000,6270000
2022-06-26,C34,PROMO_43,voucher,319,209,201,6380000,4020000,2360000
2022-06-26,C31,PROMO_69,voucher,599,404,330,5990000,3300000,2690000
2022-06-26,C35,PROMO_33,voucher,197,135,127,3940000,2540000,1400000
2022-06-26,C42,PROMO_12,voucher,62,23,18,2480000,720000,1760000
2022-06-26,C04,PROMO_49,voucher,24,22,20,480000,400000,80000
2022-06-26,C03,PROMO_22,voucher,19,19,19,380000,380000,0
2022-06-26,C72,PROMO_53,voucher,20,15,16,300000,240000,60000
2022-06-26,C36,PROMO_62,voucher,14,13,11,280000,220000,60000
2022-06-26,C46,PROMO_58,voucher,1,1,1,200000,200000,0
2022-06-26,C51,PROMO_08,voucher,10,8,6,300000,180000,120000
2022-06-26,C52,PROMO_04,voucher,4,4,4,120000,120000,0
2022-06-26,C19,PROMO_52,voucher,20,14,12,200000,120000,80000
2022-06-26,C06,PROMO_41,voucher,22,22,22,110000,110000,0
2022-06-26,C41,PROMO_39,voucher,11,11,11,110000,110000,0
2022-06-26,C32,PROMO_19,voucher,28,25,21,140000,105000,35000
2022-06-26,C59,PROMO_42,voucher,5,5,5,100000,100000,0
2022-06-26,C44,PROMO_60,voucher,5,5,5,100000,100000,0
2022-06-26,C13,PROMO_56,voucher,2,1,1,200000,100000,100000
2022-06-26,C61,PROMO_35,voucher,3,3,3,90000,90000,0
2022-06-26,C09,PROMO_61,voucher,12,11,11,60000,55000,5000
2022-06-26,C15,PROMO_66,voucher,2,1,1,100000,50000,50000
2022-06-26,C60,PROMO_29,voucher,2,1,1,100000,50000,50000
2022-06-26,C49,PROMO_16,voucher,4,3,2,80000,40000,40000
2022-06-26,C24,PROMO_24,voucher,2,1,2,40000,40000,0
2022-06-26,C21,PROMO_09,voucher,3,1,1,90000,30000,60000
2022-06-26,C22,PROMO_05,voucher,1,1,1,30000,30000,0
2022-06-26,C07,PROMO_11,voucher,3,3,3,30000,30000,0
2022-06-26,C39,PROMO_06,voucher,3,3,3,30000,30000,0
2022-06-26,C40,PROMO_54,voucher,4,4,2,40000,20000,20000
2022-06-26,C50,PROMO_13,voucher,1,1,1,20000,20000,0
2022-06-26,C16,PROMO_23,voucher,1,1,1,20000,20000,0
2022-06-26,C63,PROMO_40,voucher,4,2,1,40000,10000,30000
2022-06-26,C64,PROMO_07,voucher,1,1,1,10000,10000,0
2022-06-26,C05,PROMO_20,voucher,1,1,1,5000,5000,0
2022-06-27,C71,PROMO_45,cashback,1404,635,1404,70200000,70200000,0
2022-06-27,C33,PROMO_70,voucher,1286,528,472,45010000,16520000,28490000
2022-06-27,C37,PROMO_55,voucher,456,320,299,13680000,8970000,4710000
2022-06-27,C31,PROMO_69,voucher,567,444,380,5670000,3800000,1870000
2022-06-27,C34,PROMO_43,voucher,303,180,170,6060000,3400000,2660000
2022-06-27,C35,PROMO_33,voucher,265,183,164,5300000,3280000,2020000
2022-06-27,C42,PROMO_12,voucher,69,11,11,2760000,440000,2320000
2022-06-27,C03,PROMO_22,voucher,21,21,21,420000,420000,0
2022-06-27,C11,PROMO_59,voucher,6,3,2,1200000,400000,800000
2022-06-27,C19,PROMO_52,voucher,46,34,39,460000,390000,70000
2022-06-27,C04,PROMO_49,voucher,18,18,18,360000,360000,0
2022-06-27,C51,PROMO_08,voucher,22,13,11,660000,330000,330000
2022-06-27,C36,PROMO_62,voucher,22,18,15,440000,300000,140000
2022-06-27,C44,PROMO_60,voucher,11,11,11,220000,220000,0
2022-06-27,C72,PROMO_53,voucher,11,11,11,165000,165000,0
2022-06-27,C41,PROMO_39,voucher,10,10,10,100000,100000,0
2022-06-27,C69,PROMO_56,voucher,1,1,1,100000,100000,0
2022-06-27,C49,PROMO_16,voucher,5,5,5,100000,100000,0
2022-06-27,C48,PROMO_65,voucher,3,3,3,90000,90000,0
2022-06-27,C06,PROMO_41,voucher,17,16,16,85000,80000,5000
2022-06-27,C32,PROMO_19,voucher,14,14,14,70000,70000,0
2022-06-27,C60,PROMO_29,voucher,2,1,1,100000,50000,50000
2022-06-27,C07,PROMO_11,voucher,7,5,5,70000,50000,20000
2022-06-27,C15,PROMO_66,voucher,1,1,1,50000,50000,0
2022-06-27,C14,PROMO_63,voucher,2,2,2,40000,40000,0
2022-06-27,C39,PROMO_06,voucher,7,4,4,70000,40000,30000
2022-06-27,C40,PROMO_54,voucher,4,4,3,40000,30000,10000
2022-06-27,C63,PROMO_40,voucher,3,3,3,30000,30000,0
2022-06-27,C54,PROMO_26,voucher,1,1,1,30000,30000,0
2022-06-27,C21,PROMO_09,voucher,1,1,1,30000,30000,0
2022-06-27,C27,PROMO_21,voucher,1,1,1,30000,30000,0
2022-06-27,C09,PROMO_61,voucher,6,6,6,30000,30000,0
2022-06-27,C05,PROMO_20,voucher,5,5,5,25000,25000,0
2022-06-27,C59,PROMO_42,voucher,1,1,1,20000,20000,0
2022-06-27,C50,PROMO_13,voucher,1,1,1,20000,20000,0
2022-06-27,C67,PROMO_03,voucher,1,1,1,10000,10000,0
2022-06-27,C18,PROMO_30,voucher,2,1,0,40000,0,40000
2022-06-28,C71,PROMO_45,cashback,1379,639,1379,68950000,68950000,0
2022-06-28,C33,PROMO_70,voucher,1169,516,478,40915000,16730000,24185000
2022-06-28,C37,PROMO_55,voucher,485,193,156,14550000,4680000,9870000
2022-06-28,C31,PROMO_69,voucher,683,462,403,6830000,4030000,2800000
2022-06-28,C34,PROMO_43,voucher,462,158,138,9240000,2760000,6480000
2022-06-28,C35,PROMO_33,voucher,551,131,116,11020000,2320000,8700000
2022-06-28,C42,PROMO_12,voucher,181,18,16,7240000,640000,6600000
2022-06-28,C51,PROMO_08,voucher,15,10,8,450000,240000,210000
2022-06-28,C03,PROMO_22,voucher,12,12,12,240000,240000,0
2022-06-28,C36,PROMO_62,voucher,27,14,11,540000,220000,320000
2022-06-28,C04,PROMO_49,voucher,10,10,10,200000,200000,0
2022-06-28,C46,PROMO_58,voucher,1,1,1,200000,200000,0
2022-06-28,C72,PROMO_53,voucher,12,10,12,180000,180000,0
2022-06-28,C19,PROMO_52,voucher,17,17,17,170000,170000,0
2022-06-28,C32,PROMO_19,voucher,33,29,27,165000,135000,30000
2022-06-28,C44,PROMO_60,voucher,5,5,5,100000,100000,0
2022-06-28,C06,PROMO_41,voucher,20,20,20,100000,100000,0
2022-06-28,C49,PROMO_16,voucher,4,4,4,80000,80000,0
2022-06-28,C41,PROMO_39,voucher,7,7,7,70000,70000,0
2022-06-28,C52,PROMO_04,voucher,2,2,2,60000,60000,0
2022-06-28,C21,PROMO_09,voucher,2,2,2,60000,60000,0
2022-06-28,C60,PROMO_29,voucher,4,1,1,200000,50000,150000
2022-06-28,C61,PROMO_35,voucher,1,1,1,30000,30000,0
2022-06-28,C09,PROMO_61,voucher,6,6,6,30000,30000,0
2022-06-28,C16,PROMO_23,voucher,1,1,1,20000,20000,0
2022-06-28,C25,PROMO_48,voucher,1,1,1,20000,20000,0
2022-06-28,C07,PROMO_11,voucher,2,2,2,20000,20000,0
2022-06-28,C63,PROMO_40,voucher,2,2,2,20000,20000,0
2022-06-28,C50,PROMO_13,voucher,1,1,1,20000,20000,0
2022-06-28,C40,PROMO_54,voucher,2,2,2,20000,20000,0
2022-06-28,C55,PROMO_47,voucher,1,1,1,15000,15000,0
2022-06-28,C57,PROMO_36,voucher,1,1,1,15000,15000,0
2022-06-28,C05,PROMO_20,voucher,2,2,2,10000,10000,0
2022-06-28,C08,PROMO_67,voucher,1,1,1,10000,10000,0
2022-06-28,C53,PROMO_18,voucher,1,1,0,30000,0,30000
2022-06-29,C71,PROMO_45,cashback,1260,540,1260,63000000,63000000,0
2022-06-29,C33,PROMO_70,voucher,1058,299,267,37030000,9345000,27685000
2022-06-29,C37,PROMO_55,voucher,931,257,229,27930000,6870000,21060000
2022-06-29,C35,PROMO_33,voucher,1284,168,159,25680000,3180000,22500000
2022-06-29,C31,PROMO_69,voucher,463,311,282,4630000,2820000,1810000
2022-06-29,C34,PROMO_43,voucher,902,153,139,18040000,2780000,15260000
2022-06-29,C42,PROMO_12,voucher,69,19,18,2760000,720000,2040000
2022-06-29,C51,PROMO_08,voucher,77,16,13,2310000,390000,1920000
2022-06-29,C36,PROMO_62,voucher,20,16,13,400000,260000,140000
2022-06-29,C44,PROMO_60,voucher,12,12,12,240000,240000,0
2022-06-29,C11,PROMO_59,voucher,3,2,1,600000,200000,400000
2022-06-29,C19,PROMO_52,voucher,19,19,18,190000,180000,10000
2022-06-29,C72,PROMO_53,voucher,12,11,12,180000,180000,0
2022-06-29,C52,PROMO_04,voucher,4,4,4,120000,120000,0
2022-06-29,C59,PROMO_42,voucher,5,5,5,100000,100000,0
2022-06-29,C61,PROMO_35,voucher,3,3,3,90000,90000,0
2022-06-29,C54,PROMO_26,voucher,3,3,3,90000,90000,0
2022-06-29,C06,PROMO_41,voucher,18,18,18,90000,90000,0
2022-06-29,C03,PROMO_22,voucher,11,6,4,220000,80000,140000
2022-06-29,C32,PROMO_19,voucher,14,14,14,70000,70000,0
2022-06-29,C16,PROMO_23,voucher,3,3,3,60000,60000,0
2022-06-29,C04,PROMO_49,voucher,31,8,3,620000,60000,560000
2022-06-29,C49,PROMO_16,voucher,5,4,3,100000,60000,40000
2022-06-29,C50,PROMO_13,voucher,3,3,3,60000,60000,0
2022-06-29,C41,PROMO_39,voucher,6,6,6,60000,60000,0
2022-06-29,C40,PROMO_54,voucher,8,7,5,80000,50000,30000
2022-06-29,C48,PROMO_65,voucher,2,1,1,60000,30000,30000
2022-06-29,C55,PROMO_47,voucher,2,2,2,30000,30000,0
2022-06-29,C09,PROMO_61,voucher,6,6,6,30000,30000,0
2022-06-29,C21,PROMO_09,voucher,1,1,1,30000,30000,0
2022-06-29,C18,PROMO_30,voucher,1,1,1,20000,20000,0
2022-06-29,C07,PROMO_11,voucher,2,2,2,20000,20000,0
2022-06-29,C08,PROMO_67,voucher,1,1,1,10000,10000,0
2022-06-29,C63,PROMO_40,voucher,1,1,1,10000,10000,0
2022-06-29,C39,PROMO_06,voucher,1,1,1,10000,10000,0
2022-06-29,C05,PROMO_20,voucher,3,2,1,15000,5000,10000
2022-06-30,C71,PROMO_45,cashback,1291,500,1291,64550000,64550000,0
2022-06-30,C33,PROMO_70,voucher,1206,322,296,42210000,10360000,31850000
2022-06-30,C37,PROMO_55,voucher,584,156,148,17520000,4440000,13080000
2022-06-30,C31,PROMO_69,voucher,860,414,394,8600000,3940000,4660000
2022-06-30,C34,PROMO_43,voucher,909,169,158,18180000,3160000,15020000
2022-06-30,C35,PROMO_33,voucher,679,122,115,13580000,2300000,11280000
2022-06-30,C42,PROMO_12,voucher,151,36,35,6040000,1400000,4640000
2022-06-30,C51,PROMO_08,voucher,100,38,35,3000000,1050000,1950000
2022-06-30,C03,PROMO_22,voucher,144,25,15,2880000,300000,2580000
2022-06-30,C04,PROMO_49,voucher,67,13,10,1340000,200000,1140000
2022-06-30,C12,PROMO_57,voucher,1,1,1,150000,150000,0
2022-06-30,C44,PROMO_60,voucher,7,7,7,140000,140000,0
2022-06-30,C72,PROMO_53,voucher,9,8,9,135000,135000,0
2022-06-30,C41,PROMO_39,voucher,10,10,10,100000,100000,0
2022-06-30,C61,PROMO_35,voucher,3,3,3,90000,90000,0
2022-06-30,C21,PROMO_09,voucher,3,3,3,90000,90000,0
2022-06-30,C06,PROMO_41,voucher,18,18,18,90000,90000,0
2022-06-30,C19,PROMO_52,voucher,24,9,8,240000,80000,160000
2022-06-30,C36,PROMO_62,voucher,8,5,4,160000,80000,80000
2022-06-30,C32,PROMO_19,voucher,24,20,15,120000,75000,45000
2022-06-30,C09,PROMO_61,voucher,13,13,13,65000,65000,0
2022-06-30,C49,PROMO_16,voucher,3,3,3,60000,60000,0
2022-06-30,C40,PROMO_54,voucher,16,4,4,160000,40000,120000
2022-06-30,C16,PROMO_23,voucher,4,3,2,80000,40000,40000
2022-06-30,C52,PROMO_04,voucher,3,2,1,90000,30000,60000
2022-06-30,C53,PROMO_18,voucher,6,1,1,180000,30000,150000
2022-06-30,C73,PROMO_50,voucher,1,1,1,20000,20000,0
2022-06-30,C59,PROMO_42,voucher,1,1,1,20000,20000,0
2022-06-30,C39,PROMO_06,voucher,2,2,2,20000,20000,0
2022-06-30,C50,PROMO_13,voucher,2,1,1,40000,20000,20000
2022-06-30,C05,PROMO_20,voucher,4,4,4,20000,20000,0
2022-06-30,C18,PROMO_30,voucher,1,1,1,20000,20000,0
2022-06-30,C57,PROMO_36,voucher,1,1,1,15000,15000,0
2022-06-30,C54,PROMO_26,voucher,1,1,0,30000,0,30000
2022-06-30,C11,PROMO_59,voucher,1,1,0,200000,0,200000
2022-07-01,C71,PROMO_45,cashback,1240,498,1240,62000000,62000000,0
2022-07-01,C33,PROMO_70,voucher,1953,424,392,68355000,13720000,54635000
2022-07-01,C31,PROMO_69,voucher,1519,484,440,15190000,4400000,10790000
2022-07-01,C34,PROMO_43,voucher,1258,225,207,25160000,4140000,21020000
2022-07-01,C37,PROMO_55,voucher,1197,150,136,35910000,4080000,31830000
2022-07-01,C42,PROMO_12,voucher,883,101,97,35320000,3880000,31440000
2022-07-01,C35,PROMO_33,voucher,1237,153,147,24740000,2940000,21800000
2022-07-01,C51,PROMO_08,voucher,92,36,31,2760000,930000,1830000
2022-07-01,C72,PROMO_53,voucher,37,36,36,555000,540000,15000
2022-07-01,C19,PROMO_52,voucher,53,46,50,530000,500000,30000
2022-07-01,C44,PROMO_60,voucher,15,15,15,300000,300000,0
2022-07-01,C36,PROMO_62,voucher,34,13,13,680000,260000,420000
2022-07-01,C46,PROMO_58,voucher,2,1,1,400000,200000,200000
2022-07-01,C03,PROMO_22,voucher,35,11,6,700000,120000,580000
2022-07-01,C49,PROMO_16,voucher,6,6,5,120000,100000,20000
2022-07-01,C06,PROMO_41,voucher,18,18,18,90000,90000,0
2022-07-01,C32,PROMO_19,voucher,17,17,16,85000,80000,5000
2022-07-01,C10,PROMO_02,voucher,5,1,4,75000,60000,15000
2022-07-01,C16,PROMO_23,voucher,3,3,3,60000,60000,0
2022-07-01,C15,PROMO_66,voucher,1,1,1,50000,50000,0
2022-07-01,C04,PROMO_49,voucher,5,4,2,100000,40000,60000
2022-07-01,C41,PROMO_39,voucher,5,5,4,50000,40000,10000
2022-07-01,C40,PROMO_54,voucher,3,3,3,30000,30000,0
2022-07-01,C61,PROMO_35,voucher,1,1,1,30000,30000,0
2022-07-01,C52,PROMO_04,voucher,1,1,1,30000,30000,0
2022-07-01,C54,PROMO_26,voucher,1,1,1,30000,30000,0
2022-07-01,C07,PROMO_11,voucher,3,3,3,30000,30000,0
2022-07-01,C09,PROMO_61,voucher,6,6,6,30000,30000,0
2022-07-01,C21,PROMO_09,voucher,1,1,1,30000,30000,0
2022-07-01,C22,PROMO_05,voucher,1,1,1,30000,30000,0
2022-07-01,C17,PROMO_38,voucher,1,1,1,20000,20000,0
2022-07-01,C14,PROMO_63,voucher,1,1,1,20000,20000,0
2022-07-01,C50,PROMO_13,voucher,1,1,1,20000,20000,0
2022-07-01,C57,PROMO_36,voucher,1,1,1,15000,15000,0
2022-07-01,C05,PROMO_20,voucher,3,3,3,15000,15000,0
2022-07-01,C39,PROMO_06,voucher,1,1,1,10000,10000,0
2022-07-02,C71,PROMO_45,cashback,1283,548,1283,64150000,64150000,0
2022-07-02,C34,PROMO_43,voucher,633,246,216,12660000,4320000,8340000
2022-07-02,C31,PROMO_69,voucher,929,450,399,9290000,3990000,5300000
2022-07-02,C33,PROMO_70,voucher,388,102,85,13580000,2975000,10605000
2022-07-02,C37,PROMO_55,voucher,434,108,82,13020000,2460000,10560000
2022-07-02,C35,PROMO_33,voucher,247,58,43,4940000,860000,4080000
2022-07-02,C42,PROMO_12,voucher,153,21,19,6120000,760000,5360000
2022-07-02,C19,PROMO_52,voucher,52,41,42,520000,420000,100000
2022-07-02,C72,PROMO_53,voucher,29,22,21,435000,315000,120000
2022-07-02,C36,PROMO_62,voucher,20,11,11,400000,220000,180000
2022-07-02,C03,PROMO_22,voucher,53,11,8,1060000,160000,900000
2022-07-02,C44,PROMO_60,voucher,8,8,8,160000,160000,0
2022-07-02,C12,PROMO_57,voucher,1,1,1,150000,150000,0
2022-07-02,C51,PROMO_08,voucher,4,4,4,120000,120000,0
2022-07-02,C61,PROMO_35,voucher,5,4,4,150000,120000,30000
2022-07-02,C32,PROMO_19,voucher,19,19,18,95000,90000,5000
2022-07-02,C16,PROMO_23,voucher,4,4,4,80000,80000,0
2022-07-02,C06,PROMO_41,voucher,15,15,15,75000,75000,0
2022-07-02,C21,PROMO_09,voucher,2,2,2,60000,60000,0
2022-07-02,C24,PROMO_24,voucher,3,3,3,60000,60000,0
2022-07-02,C52,PROMO_04,voucher,2,2,2,60000,60000,0
2022-07-02,C04,PROMO_49,voucher,7,6,3,140000,60000,80000
2022-07-02,C41,PROMO_39,voucher,5,5,5,50000,50000,0
2022-07-02,C09,PROMO_61,voucher,10,10,10,50000,50000,0
2022-07-02,C38,PROMO_31,voucher,2,2,2,50000,50000,0
2022-07-02,C49,PROMO_16,voucher,2,2,2,40000,40000,0
2022-07-02,C54,PROMO_26,voucher,1,1,1,30000,30000,0
2022-07-02,C50,PROMO_13,voucher,1,1,1,20000,20000,0
2022-07-02,C07,PROMO_11,voucher,3,3,2,30000,20000,10000
2022-07-02,C40,PROMO_54,voucher,1,1,1,10000,10000,0
2022-07-02,C05,PROMO_20,voucher,2,2,2,10000,10000,0
2022-07-02,C39,PROMO_06,voucher,1,1,0,10000,0,10000
2022-07-03,C71,PROMO_45,cashback,1436,641,1436,71800000,71800000,0
2022-07-03,C37,PROMO_55,voucher,625,198,166,18750000,4980000,13770000
2022-07-03,C31,PROMO_69,voucher,803,438,397,8030000,3970000,4060000
2022-07-03,C34,PROMO_43,voucher,628,223,187,12560000,3740000,8820000
2022-07-03,C33,PROMO_70,voucher,315,90,76,11025000,2660000,8365000
2022-07-03,C35,PROMO_33,voucher,292,80,73,5840000,1460000,4380000
2022-07-03,C42,PROMO_12,voucher,168,34,27,6720000,1080000,5640000
2022-07-03,C51,PROMO_08,voucher,137,22,19,4110000,570000,3540000
2022-07-03,C19,PROMO_52,voucher,43,42,41,430000,410000,20000
2022-07-03,C44,PROMO_60,voucher,33,16,16,660000,320000,340000
2022-07-03,C72,PROMO_53,voucher,21,21,21,315000,315000,0
2022-07-03,C04,PROMO_49,voucher,13,13,13,260000,260000,0
2022-07-03,C36,PROMO_62,voucher,56,11,10,1120000,200000,920000
2022-07-03,C49,PROMO_16,voucher,7,5,5,140000,100000,40000
2022-07-03,C03,PROMO_22,voucher,6,6,5,120000,100000,20000
2022-07-03,C61,PROMO_35,voucher,3,3,3,90000,90000,0
2022-07-03,C06,PROMO_41,voucher,17,17,16,85000,80000,5000
2022-07-03,C24,PROMO_24,voucher,5,4,3,100000,60000,40000
2022-07-03,C32,PROMO_19,voucher,13,13,10,65000,50000,15000
2022-07-03,C09,PROMO_61,voucher,10,8,8,50000,40000,10000
2022-07-03,C40,PROMO_54,voucher,10,4,4,100000,40000,60000
2022-07-03,C48,PROMO_65,voucher,1,1,1,30000,30000,0
2022-07-03,C41,PROMO_39,voucher,2,2,2,20000,20000,0
2022-07-03,C16,PROMO_23,voucher,2,1,1,40000,20000,20000
2022-07-03,C07,PROMO_11,voucher,2,2,2,20000,20000,0
2022-07-03,C55,PROMO_47,voucher,1,1,1,15000,15000,0
2022-07-03,C08,PROMO_67,voucher,1,1,1,10000,10000,0
2022-07-03,C39,PROMO_06,voucher,1,1,1,10000,10000,0
2022-07-03,C05,PROMO_20,voucher,1,1,1,5000,5000,0
2022-07-03,C46,PROMO_58,voucher,2,1,0,400000,0,400000
2022-07-04,C71,PROMO_45,cashback,1426,627,1426,71300000,71300000,0
2022-07-04,C37,PROMO_55,voucher,878,369,346,26340000,10380000,15960000
2022-07-04,C34,PROMO_43,voucher,557,201,180,11140000,3600000,7540000
2022-07-04,C31,PROMO_69,voucher,761,398,329,7610000,3290000,4320000
2022-07-04,C33,PROMO_70,voucher,304,91,78,10640000,2730000,7910000
2022-07-04,C35,PROMO_33,voucher,466,94,71,9320000,1420000,7900000
2022-07-04,C42,PROMO_12,voucher,258,25,24,10320000,960000,9360000
2022-07-04,C03,PROMO_22,voucher,393,47,47,7860000,940000,6920000
2022-07-04,C04,PROMO_49,voucher,436,48,47,8720000,940000,7780000
2022-07-04,C51,PROMO_08,voucher,72,24,22,2160000,660000,1500000
2022-07-04,C19,PROMO_52,voucher,57,53,52,570000,520000,50000
2022-07-04,C72,PROMO_53,voucher,37,29,30,555000,450000,105000
2022-07-04,C11,PROMO_59,voucher,1,1,1,200000,200000,0
2022-07-04,C46,PROMO_58,voucher,2,2,1,400000,200000,200000
2022-07-04,C44,PROMO_60,voucher,36,9,9,720000,180000,540000
2022-07-04,C36,PROMO_62,voucher,11,8,5,220000,100000,120000
2022-07-04,C24,PROMO_24,voucher,5,5,5,100000,100000,0
2022-07-04,C40,PROMO_54,voucher,69,10,9,690000,90000,600000
2022-07-04,C41,PROMO_39,voucher,9,9,9,90000,90000,0
2022-07-04,C32,PROMO_19,voucher,16,16,16,80000,80000,0
2022-07-04,C06,PROMO_41,voucher,15,15,15,75000,75000,0
2022-07-04,C09,PROMO_61,voucher,14,12,12,70000,60000,10000
2022-07-04,C49,PROMO_16,voucher,3,3,3,60000,60000,0
2022-07-04,C50,PROMO_13,voucher,3,3,3,60000,60000,0
2022-07-04,C61,PROMO_35,voucher,2,2,2,60000,60000,0
2022-07-04,C39,PROMO_06,voucher,5,5,5,50000,50000,0
2022-07-04,C73,PROMO_50,voucher,2,2,2,40000,40000,0
2022-07-04,C54,PROMO_26,voucher,1,1,1,30000,30000,0
2022-07-04,C48,PROMO_65,voucher,1,1,1,30000,30000,0
2022-07-04,C07,PROMO_11,voucher,2,2,2,20000,20000,0
2022-07-04,C14,PROMO_63,voucher,1,1,1,20000,20000,0
2022-07-04,C16,PROMO_23,voucher,1,1,1,20000,20000,0
2022-07-04,C17,PROMO_38,voucher,1,1,1,20000,20000,0
2022-07-04,C55,PROMO_47,voucher,1,1,1,15000,15000,0
2022-07-04,C05,PROMO_20,voucher,3,3,3,15000,15000,0
2022-07-04,C63,PROMO_40,voucher,1,1,1,10000,10000,0
2022-07-04,C08,PROMO_67,voucher,1,1,1,10000,10000,0
2022-07-05,C71,PROMO_45,cashback,1576,659,1576,78800000,78800000,0
2022-07-05,C37,PROMO_55,voucher,741,320,297,22230000,8910000,13320000
2022-07-05,C34,PROMO_43,voucher,421,264,242,8420000,4840000,3580000
2022-07-05,C31,PROMO_69,voucher,873,506,400,8730000,4000000,4730000
2022-07-05,C35,PROMO_33,voucher,259,150,125,5180000,2500000,2680000
2022-07-05,C33,PROMO_70,voucher,178,73,65,6230000,2275000,3955000
2022-07-05,C42,PROMO_12,voucher,67,17,17,2680000,680000,2000000
2022-07-05,C19,PROMO_52,voucher,54,51,52,540000,520000,20000
2022-07-05,C51,PROMO_08,voucher,34,20,13,1020000,390000,630000
2022-07-05,C36,PROMO_62,voucher,15,15,14,300000,280000,20000
2022-07-05,C46,PROMO_58,voucher,1,1,1,200000,200000,0
2022-07-05,C44,PROMO_60,voucher,10,9,9,200000,180000,20000
2022-07-05,C61,PROMO_35,voucher,6,6,6,180000,180000,0
2022-07-05,C72,PROMO_53,voucher,15,12,10,225000,150000,75000
2022-07-05,C32,PROMO_19,voucher,32,27,27,160000,135000,25000
2022-07-05,C24,PROMO_24,voucher,4,4,4,80000,80000,0
2022-07-05,C49,PROMO_16,voucher,4,4,4,80000,80000,0
2022-07-05,C09,PROMO_61,voucher,13,13,13,65000,65000,0
2022-07-05,C21,PROMO_09,voucher,2,2,2,60000,60000,0
2022-07-05,C03,PROMO_22,voucher,4,4,3,80000,60000,20000
2022-07-05,C04,PROMO_49,voucher,5,4,3,100000,60000,40000
2022-07-05,C59,PROMO_42,voucher,2,2,2,40000,40000,0
2022-07-05,C16,PROMO_23,voucher,2,2,2,40000,40000,0
2022-07-05,C06,PROMO_41,voucher,9,9,8,45000,40000,5000
2022-07-05,C40,PROMO_54,voucher,12,5,4,120000,40000,80000
2022-07-05,C43,PROMO_68,voucher,1,1,1,30000,30000,0
2022-07-05,C48,PROMO_65,voucher,1,1,1,30000,30000,0
2022-07-05,C22,PROMO_05,voucher,1,1,1,30000,30000,0
2022-07-05,C05,PROMO_20,voucher,6,5,6,30000,30000,0
2022-07-05,C52,PROMO_04,voucher,1,1,1,30000,30000,0
2022-07-05,C54,PROMO_26,voucher,1,1,1,30000,30000,0
2022-07-05,C30,PROMO_32,voucher,1,1,1,25000,25000,0
2022-07-05,C41,PROMO_39,voucher,3,2,2,30000,20000,10000
2022-07-05,C50,PROMO_13,voucher,2,1,1,40000,20000,20000
2022-07-05,C63,PROMO_40,voucher,2,2,2,20000,20000,0
2022-07-05,C64,PROMO_07,voucher,1,1,1,10000,10000,0
2022-07-05,C39,PROMO_06,voucher,1,1,1,10000,10000,0
2022-07-05,C20,PROMO_14,voucher,1,1,1,10000,10000,0
2022-07-05,C07,PROMO_11,voucher,1,1,1,10000,10000,0
2022-07-06,C71,PROMO_45,cashback,1605,734,1605,80250000,80250000,0
2022-07-06,C37,PROMO_55,voucher,487,289,271,14610000,8130000,6480000
2022-07-06,C31,PROMO_69,voucher,585,475,411,5850000,4110000,1740000
2022-07-06,C33,PROMO_70,voucher,164,103,85,5740000,2975000,2765000
2022-07-06,C35,PROMO_33,voucher,179,141,103,3580000,2060000,1520000
2022-07-06,C34,PROMO_43,voucher,296,116,96,5920000,1920000,4000000
2022-07-06,C19,PROMO_52,voucher,49,49,49,490000,490000,0
2022-07-06,C42,PROMO_12,voucher,27,14,11,1080000,440000,640000
2022-07-06,C44,PROMO_60,voucher,27,21,19,540000,380000,160000
2022-07-06,C51,PROMO_08,voucher,23,16,9,690000,270000,420000
2022-07-06,C72,PROMO_53,voucher,26,18,18,390000,270000,120000
2022-07-06,C04,PROMO_49,voucher,14,14,12,280000,240000,40000
2022-07-06,C54,PROMO_26,voucher,5,5,5,150000,150000,0
2022-07-06,C36,PROMO_62,voucher,7,7,7,140000,140000,0
2022-07-06,C03,PROMO_22,voucher,6,6,6,120000,120000,0
2022-07-06,C32,PROMO_19,voucher,24,22,20,120000,100000,20000
2022-07-06,C50,PROMO_13,voucher,5,4,4,100000,80000,20000
2022-07-06,C41,PROMO_39,voucher,7,7,7,70000,70000,0
2022-07-06,C06,PROMO_41,voucher,13,13,13,65000,65000,0
2022-07-06,C09,PROMO_61,voucher,12,12,12,60000,60000,0
2022-07-06,C24,PROMO_24,voucher,3,3,3,60000,60000,0
2022-07-06,C40,PROMO_54,voucher,7,6,5,70000,50000,20000
2022-07-06,C60,PROMO_29,voucher,1,1,1,50000,50000,0
2022-07-06,C59,PROMO_42,voucher,2,2,2,40000,40000,0
2022-07-06,C49,PROMO_16,voucher,4,3,2,80000,40000,40000
2022-07-06,C16,PROMO_23,voucher,2,2,2,40000,40000,0
2022-07-06,C52,PROMO_04,voucher,1,1,1,30000,30000,0
2022-07-06,C55,PROMO_47,voucher,2,2,2,30000,30000,0
2022-07-06,C38,PROMO_31,voucher,1,1,1,25000,25000,0
2022-07-06,C29,PROMO_34,voucher,1,1,1,20000,20000,0
2022-07-06,C39,PROMO_06,voucher,1,1,1,10000,10000,0
2022-07-06,C63,PROMO_40,voucher,1,1,1,10000,10000,0
2022-07-06,C02,PROMO_10,voucher,1,1,1,10000,10000,0
2022-07-06,C05,PROMO_20,voucher,2,1,2,10000,10000,0
2022-07-07,C71,PROMO_45,cashback,1793,728,1793,89650000,89650000,0
2022-07-07,C37,PROMO_55,voucher,621,508,477,18630000,14310000,4320000
2022-07-07,C31,PROMO_69,voucher,704,575,515,7040000,5150000,1890000
2022-07-07,C33,PROMO_70,voucher,311,137,100,10885000,3500000,7385000
2022-07-07,C34,PROMO_43,voucher,241,175,159,4820000,3180000,1640000
2022-07-07,C35,PROMO_33,voucher,225,156,126,4500000,2520000,1980000
2022-07-07,C19,PROMO_52,voucher,47,46,47,470000,470000,0
2022-07-07,C42,PROMO_12,voucher,15,11,10,600000,400000,200000
2022-07-07,C44,PROMO_60,voucher,17,15,14,340000,280000,60000
2022-07-07,C72,PROMO_53,voucher,21,18,18,315000,270000,45000
2022-07-07,C51,PROMO_08,voucher,16,11,8,480000,240000,240000
2022-07-07,C04,PROMO_49,voucher,19,10,8,380000,160000,220000
2022-07-07,C21,PROMO_09,voucher,4,4,4,120000,120000,0
2022-07-07,C32,PROMO_19,voucher,21,21,20,105000,100000,5000
2022-07-07,C36,PROMO_62,voucher,10,7,5,200000,100000,100000
2022-07-07,C03,PROMO_22,voucher,12,7,5,240000,100000,140000
2022-07-07,C54,PROMO_26,voucher,3,3,3,90000,90000,0
2022-07-07,C24,PROMO_24,voucher,4,4,4,80000,80000,0
2022-07-07,C40,PROMO_54,voucher,9,8,8,90000,80000,10000
2022-07-07,C61,PROMO_35,voucher,2,2,2,60000,60000,0
2022-07-07,C09,PROMO_61,voucher,10,10,10,50000,50000,0
2022-07-07,C16,PROMO_23,voucher,2,2,2,40000,40000,0
2022-07-07,C41,PROMO_39,voucher,4,4,4,40000,40000,0
2022-07-07,C50,PROMO_13,voucher,2,2,2,40000,40000,0
2022-07-07,C52,PROMO_04,voucher,1,1,1,30000,30000,0
2022-07-07,C39,PROMO_06,voucher,3,3,3,30000,30000,0
2022-07-07,C05,PROMO_20,voucher,8,6,6,40000,30000,10000
2022-07-07,C06,PROMO_41,voucher,5,5,5,25000,25000,0
2022-07-07,C17,PROMO_38,voucher,1,1,1,20000,20000,0
2022-07-07,C18,PROMO_30,voucher,1,1,1,20000,20000,0
2022-07-07,C08,PROMO_67,voucher,2,2,2,20000,20000,0
2022-07-07,C59,PROMO_42,voucher,1,1,1,20000,20000,0
2022-07-07,C07,PROMO_11,voucher,1,1,1,10000,10000,0
2022-07-08,C71,PROMO_45,cashback,1603,684,1603,80150000,80150000,0
2022-07-08,C37,PROMO_55,voucher,581,461,412,17430000,12360000,5070000
2022-07-08,C33,PROMO_70,voucher,443,241,192,15505000,6720000,8785000
2022-07-08,C31,PROMO_69,voucher,697,560,425,6970000,4250000,2720000
2022-07-08,C34,PROMO_43,voucher,168,139,129,3360000,2580000,780000
2022-07-08,C35,PROMO_33,voucher,234,144,93,4680000,1860000,2820000
2022-07-08,C19,PROMO_52,voucher,68,56,55,680000,550000,130000
2022-07-08,C72,PROMO_53,voucher,37,27,26,555000,390000,165000
2022-07-08,C04,PROMO_49,voucher,18,18,18,360000,360000,0
2022-07-08,C52,PROMO_04,voucher,14,10,7,420000,210000,210000
2022-07-08,C42,PROMO_12,voucher,10,8,5,400000,200000,200000
2022-07-08,C11,PROMO_59,voucher,1,1,1,200000,200000,0
2022-07-08,C51,PROMO_08,voucher,5,5,5,150000,150000,0
2022-07-08,C44,PROMO_60,voucher,7,7,7,140000,140000,0
2022-07-08,C03,PROMO_22,voucher,7,6,5,140000,100000,40000
2022-07-08,C54,PROMO_26,voucher,3,3,3,90000,90000,0
2022-07-08,C36,PROMO_62,voucher,5,5,4,100000,80000,20000
2022-07-08,C32,PROMO_19,voucher,15,14,13,75000,65000,10000
2022-07-08,C49,PROMO_16,voucher,6,4,3,120000,60000,60000
2022-07-08,C60,PROMO_29,voucher,1,1,1,50000,50000,0
2022-07-08,C59,PROMO_42,voucher,2,2,2,40000,40000,0
2022-07-08,C50,PROMO_13,voucher,4,3,2,80000,40000,40000
2022-07-08,C06,PROMO_41,voucher,7,7,7,35000,35000,0
2022-07-08,C09,PROMO_61,voucher,8,7,7,40000,35000,5000
2022-07-08,C39,PROMO_06,voucher,3,3,3,30000,30000,0
2022-07-08,C41,PROMO_39,voucher,3,3,3,30000,30000,0
2022-07-08,C53,PROMO_18,voucher,1,1,1,30000,30000,0
2022-07-08,C63,PROMO_40,voucher,2,2,2,20000,20000,0
2022-07-08,C05,PROMO_20,voucher,4,3,4,20000,20000,0
2022-07-08,C40,PROMO_54,voucher,3,3,1,30000,10000,20000
2022-07-09,C71,PROMO_45,cashback,2101,848,2101,105050000,105050000,0
2022-07-09,C37,PROMO_55,voucher,706,626,578,21180000,17340000,3840000
2022-07-09,C33,PROMO_70,voucher,1166,550,460,40810000,16100000,24710000
2022-07-09,C31,PROMO_69,voucher,756,652,524,7560000,5240000,2320000
2022-07-09,C34,PROMO_43,voucher,194,167,158,3880000,3160000,720000
2022-07-09,C35,PROMO_33,voucher,90,75,53,1800000,1060000,740000
2022-07-09,C19,PROMO_52,voucher,87,87,87,870000,870000,0
2022-07-09,C72,PROMO_53,voucher,45,44,43,675000,645000,30000
2022-07-09,C06,PROMO_41,voucher,86,86,86,430000,430000,0
2022-07-09,C03,PROMO_22,voucher,114,28,16,2280000,320000,1960000
2022-07-09,C04,PROMO_49,voucher,20,18,15,400000,300000,100000
2022-07-09,C52,PROMO_04,voucher,12,9,8,360000,240000,120000
2022-07-09,C41,PROMO_39,voucher,24,23,23,240000,230000,10000
2022-07-09,C46,PROMO_58,voucher,1,1,1,200000,200000,0
2022-07-09,C13,PROMO_56,voucher,2,2,2,200000,200000,0
2022-07-09,C51,PROMO_08,voucher,9,7,6,270000,180000,90000
2022-07-09,C42,PROMO_12,voucher,5,5,4,200000,160000,40000
2022-07-09,C44,PROMO_60,voucher,10,9,8,200000,160000,40000
2022-07-09,C12,PROMO_57,voucher,1,1,1,150000,150000,0
2022-07-09,C36,PROMO_62,voucher,8,8,7,160000,140000,20000
2022-07-09,C63,PROMO_40,voucher,13,13,13,130000,130000,0
2022-07-09,C32,PROMO_19,voucher,19,17,19,95000,95000,0
2022-07-09,C49,PROMO_16,voucher,4,4,4,80000,80000,0
2022-07-09,C07,PROMO_11,voucher,8,8,8,80000,80000,0
2022-07-09,C16,PROMO_23,voucher,3,3,3,60000,60000,0
2022-07-09,C24,PROMO_24,voucher,3,3,3,60000,60000,0
2022-07-09,C40,PROMO_54,voucher,3,3,3,30000,30000,0
2022-07-09,C54,PROMO_26,voucher,1,1,1,30000,30000,0
2022-07-09,C21,PROMO_09,voucher,1,1,1,30000,30000,0
2022-07-09,C22,PROMO_05,voucher,1,1,1,30000,30000,0
2022-07-09,C17,PROMO_38,voucher,1,1,1,20000,20000,0
2022-07-09,C09,PROMO_61,voucher,4,4,4,20000,20000,0
2022-07-09,C50,PROMO_13,voucher,1,1,1,20000,20000,0
2022-07-09,C55,PROMO_47,voucher,1,1,1,15000,15000,0
2022-07-09,C57,PROMO_36,voucher,1,1,1,15000,15000,0
2022-07-09,C39,PROMO_06,voucher,1,1,1,10000,10000,0
2022-07-09,C08,PROMO_67,voucher,1,1,1,10000,10000,0
2022-07-09,C05,PROMO_20,voucher,1,1,1,5000,5000,0
2022-07-10,C71,PROMO_45,cashback,2143,912,2143,107150000,107150000,0
2022-07-10,C33,PROMO_70,voucher,2021,838,746,70735000,26110000,44625000
2022-07-10,C31,PROMO_69,voucher,1094,930,804,10940000,8040000,2900000
2022-07-10,C37,PROMO_55,voucher,409,289,228,12270000,6840000,5430000
2022-07-10,C34,PROMO_43,voucher,131,121,106,2620000,2120000,500000
2022-07-10,C35,PROMO_33,voucher,156,113,81,3120000,1620000,1500000
2022-07-10,C19,PROMO_52,voucher,62,59,58,620000,580000,40000
2022-07-10,C42,PROMO_12,voucher,32,16,13,1280000,520000,760000
2022-07-10,C72,PROMO_53,voucher,33,32,33,495000,495000,0
2022-07-10,C51,PROMO_08,voucher,14,12,11,420000,330000,90000
2022-07-10,C04,PROMO_49,voucher,20,16,13,400000,260000,140000
2022-07-10,C03,PROMO_22,voucher,13,13,12,260000,240000,20000
2022-07-10,C36,PROMO_62,voucher,19,15,12,380000,240000,140000
2022-07-10,C06,PROMO_41,voucher,42,41,41,210000,205000,5000
2022-07-10,C44,PROMO_60,voucher,9,9,9,180000,180000,0
2022-07-10,C49,PROMO_16,voucher,7,7,7,140000,140000,0
2022-07-10,C61,PROMO_35,voucher,3,3,3,90000,90000,0
2022-07-10,C50,PROMO_13,voucher,4,4,4,80000,80000,0
2022-07-10,C32,PROMO_19,voucher,20,18,15,100000,75000,25000
2022-07-10,C21,PROMO_09,voucher,2,2,2,60000,60000,0
2022-07-10,C52,PROMO_04,voucher,2,2,2,60000,60000,0
2022-07-10,C63,PROMO_40,voucher,7,6,6,70000,60000,10000
2022-07-10,C16,PROMO_23,voucher,2,2,2,40000,40000,0
2022-07-10,C07,PROMO_11,voucher,4,4,4,40000,40000,0
2022-07-10,C22,PROMO_05,voucher,1,1,1,30000,30000,0
2022-07-10,C48,PROMO_65,voucher,1,1,1,30000,30000,0
2022-07-10,C40,PROMO_54,voucher,11,5,3,110000,30000,80000
2022-07-10,C41,PROMO_39,voucher,3,3,3,30000,30000,0
2022-07-10,C64,PROMO_07,voucher,2,1,2,20000,20000,0
2022-07-10,C24,PROMO_24,voucher,1,1,1,20000,20000,0
2022-07-10,C09,PROMO_61,voucher,3,3,3,15000,15000,0
2022-07-10,C08,PROMO_67,voucher,1,1,1,10000,10000,0
2022-07-10,C05,PROMO_20,voucher,2,2,2,10000,10000,0
2022-07-11,C71,PROMO_45,cashback,2177,908,2177,108850000,108850000,0
2022-07-11,C33,PROMO_70,voucher,1789,1029,926,62615000,32410000,30205000
2022-07-11,C31,PROMO_69,voucher,920,850,706,9200000,7060000,2140000
2022-07-11,C37,PROMO_55,voucher,331,194,132,9930000,3960000,5970000
2022-07-11,C34,PROMO_43,voucher,117,101,90,2340000,1800000,540000
2022-07-11,C35,PROMO_33,voucher,89,85,68,1780000,1360000,420000
2022-07-11,C19,PROMO_52,voucher,47,46,47,470000,470000,0
2022-07-11,C44,PROMO_60,voucher,18,17,17,360000,340000,20000
2022-07-11,C04,PROMO_49,voucher,21,17,16,420000,320000,100000
2022-07-11,C72,PROMO_53,voucher,22,21,19,330000,285000,45000
2022-07-11,C51,PROMO_08,voucher,13,11,8,390000,240000,150000
2022-07-11,C42,PROMO_12,voucher,9,9,6,360000,240000,120000
2022-07-11,C06,PROMO_41,voucher,42,42,42,210000,210000,0
2022-07-11,C36,PROMO_62,voucher,10,10,10,200000,200000,0
2022-07-11,C03,PROMO_22,voucher,16,12,9,320000,180000,140000
2022-07-11,C41,PROMO_39,voucher,16,16,16,160000,160000,0
2022-07-11,C32,PROMO_19,voucher,24,24,24,120000,120000,0
2022-07-11,C49,PROMO_16,voucher,5,5,5,100000,100000,0
2022-07-11,C16,PROMO_23,voucher,3,3,3,60000,60000,0
2022-07-11,C21,PROMO_09,voucher,2,2,2,60000,60000,0
2022-07-11,C09,PROMO_61,voucher,11,11,11,55000,55000,0
2022-07-11,C39,PROMO_06,voucher,3,3,3,30000,30000,0
2022-07-11,C43,PROMO_68,voucher,1,1,1,30000,30000,0
2022-07-11,C52,PROMO_04,voucher,1,1,1,30000,30000,0
2022-07-11,C63,PROMO_40,voucher,4,3,3,40000,30000,10000
2022-07-11,C59,PROMO_42,voucher,1,1,1,20000,20000,0
2022-07-11,C14,PROMO_63,voucher,1,1,1,20000,20000,0
2022-07-11,C07,PROMO_11,voucher,2,2,2,20000,20000,0
2022-07-11,C05,PROMO_20,voucher,3,3,3,15000,15000,0
2022-07-11,C64,PROMO_07,voucher,1,1,1,10000,10000,0
2022-07-11,C08,PROMO_67,voucher,1,1,1,10000,10000,0
2022-07-11,C40,PROMO_54,voucher,2,1,1,20000,10000,10000
2022-07-12,C71,PROMO_45,cashback,2103,906,2103,105150000,105150000,0
2022-07-12,C33,PROMO_70,voucher,1693,1013,912,59255000,31920000,27335000
2022-07-12,C31,PROMO_69,voucher,1072,982,869,10720000,8690000,2030000
2022-07-12,C37,PROMO_55,voucher,589,313,231,17670000,6930000,10740000
2022-07-12,C35,PROMO_33,voucher,262,252,233,5240000,4660000,580000
2022-07-12,C34,PROMO_43,voucher,199,190,185,3980000,3700000,280000
2022-07-12,C19,PROMO_52,voucher,67,67,67,670000,670000,0
2022-07-12,C72,PROMO_53,voucher,40,34,34,600000,510000,90000
2022-07-12,C04,PROMO_49,voucher,20,20,20,400000,400000,0
2022-07-12,C42,PROMO_12,voucher,10,8,6,400000,240000,160000
2022-07-12,C46,PROMO_58,voucher,1,1,1,200000,200000,0
2022-07-12,C03,PROMO_22,voucher,11,9,8,220000,160000,60000
2022-07-12,C51,PROMO_08,voucher,5,5,5,150000,150000,0
2022-07-12,C49,PROMO_16,voucher,7,7,7,140000,140000,0
2022-07-12,C44,PROMO_60,voucher,6,6,6,120000,120000,0
2022-07-12,C36,PROMO_62,voucher,7,7,6,140000,120000,20000
2022-07-12,C06,PROMO_41,voucher,19,19,19,95000,95000,0
2022-07-12,C24,PROMO_24,voucher,4,4,4,80000,80000,0
2022-07-12,C50,PROMO_13,voucher,4,4,4,80000,80000,0
2022-07-12,C09,PROMO_61,voucher,13,13,13,65000,65000,0
2022-07-12,C32,PROMO_19,voucher,16,12,12,80000,60000,20000
2022-07-12,C16,PROMO_23,voucher,2,2,2,40000,40000,0
2022-07-12,C28,PROMO_28,voucher,1,1,1,40000,40000,0
2022-07-12,C41,PROMO_39,voucher,5,4,4,50000,40000,10000
2022-07-12,C61,PROMO_35,voucher,1,1,1,30000,30000,0
2022-07-12,C52,PROMO_04,voucher,1,1,1,30000,30000,0
2022-07-12,C54,PROMO_26,voucher,1,1,1,30000,30000,0
2022-07-12,C38,PROMO_31,voucher,1,1,1,25000,25000,0
2022-07-12,C07,PROMO_11,voucher,2,2,2,20000,20000,0
2022-07-12,C55,PROMO_47,voucher,1,1,1,15000,15000,0
2022-07-12,C63,PROMO_40,voucher,1,1,1,10000,10000,0
2022-07-12,C02,PROMO_10,voucher,1,1,1,10000,10000,0
2022-07-12,C05,PROMO_20,voucher,2,2,2,10000,10000,0
2022-07-12,C39,PROMO_06,voucher,1,1,1,10000,10000,0
2022-07-12,C40,PROMO_54,voucher,1,1,0,10000,0,10000
2022-07-13,C71,PROMO_45,cashback,2112,836,2112,105600000,105600000,0
2022-07-13,C33,PROMO_70,voucher,2093,1100,1004,73255000,35140000,38115000
2022-07-13,C37,PROMO_55,voucher,1331,636,516,39930000,15480000,24450000
2022-07-13,C35,PROMO_33,voucher,543,519,509,10860000,10180000,680000
2022-07-13,C31,PROMO_69,voucher,986,917,839,9860000,8390000,1470000
2022-07-13,C34,PROMO_43,voucher,256,238,223,5120000,4460000,660000
2022-07-13,C42,PROMO_12,voucher,25,20,14,1000000,560000,440000
2022-07-13,C19,PROMO_52,voucher,59,54,54,590000,540000,50000
2022-07-13,C44,PROMO_60,voucher,24,23,21,480000,420000,60000
2022-07-13,C72,PROMO_53,voucher,29,27,28,435000,420000,15000
2022-07-13,C04,PROMO_49,voucher,17,17,16,340000,320000,20000
2022-07-13,C03,PROMO_22,voucher,12,12,12,240000,240000,0
2022-07-13,C51,PROMO_08,voucher,6,6,4,180000,120000,60000
2022-07-13,C36,PROMO_62,voucher,9,8,6,180000,120000,60000
2022-07-13,C32,PROMO_19,voucher,25,24,22,125000,110000,15000
2022-07-13,C49,PROMO_16,voucher,5,5,5,100000,100000,0
2022-07-13,C50,PROMO_13,voucher,5,5,5,100000,100000,0
2022-07-13,C28,PROMO_28,voucher,2,2,2,80000,80000,0
2022-07-13,C06,PROMO_41,voucher,16,16,15,80000,75000,5000
2022-07-13,C16,PROMO_23,voucher,3,3,3,60000,60000,0
2022-07-13,C30,PROMO_32,voucher,2,2,2,50000,50000,0
2022-07-13,C15,PROMO_66,voucher,1,1,1,50000,50000,0
2022-07-13,C60,PROMO_29,voucher,1,1,1,50000,50000,0
2022-07-13,C55,PROMO_47,voucher,3,3,3,45000,45000,0
2022-07-13,C09,PROMO_61,voucher,8,8,8,40000,40000,0
2022-07-13,C24,PROMO_24,voucher,2,2,2,40000,40000,0
2022-07-13,C21,PROMO_09,voucher,1,1,1,30000,30000,0
2022-07-13,C22,PROMO_05,voucher,1,1,1,30000,30000,0
2022-07-13,C40,PROMO_54,voucher,3,3,3,30000,30000,0
2022-07-13,C61,PROMO_35,voucher,2,1,1,60000,30000,30000
2022-07-13,C52,PROMO_04,voucher,1,1,1,30000,30000,0
2022-07-13,C54,PROMO_26,voucher,1,1,1,30000,30000,0
2022-07-13,C43,PROMO_68,voucher,1,1,1,30000,30000,0
2022-07-13,C63,PROMO_40,voucher,3,3,2,30000,20000,10000
2022-07-13,C05,PROMO_20,voucher,4,4,4,20000,20000,0
2022-07-13,C07,PROMO_11,voucher,1,1,1,10000,10000,0
2022-07-14,C71,PROMO_45,cashback,1952,809,1952,97600000,97600000,0
2022-07-14,C33,PROMO_70,voucher,1482,823,770,51870000,26950000,24920000
2022-07-14,C37,PROMO_55,voucher,1052,486,410,31560000,12300000,19260000
2022-07-14,C35,PROMO_33,voucher,412,397,388,8240000,7760000,480000
2022-07-14,C31,PROMO_69,voucher,643,598,564,6430000,5640000,790000
2022-07-14,C34,PROMO_43,voucher,214,205,199,4280000,3980000,300000
2022-07-14,C19,PROMO_52,voucher,56,56,56,560000,560000,0
2022-07-14,C42,PROMO_12,voucher,23,18,13,920000,520000,400000
2022-07-14,C72,PROMO_53,voucher,30,29,30,450000,450000,0
2022-07-14,C44,PROMO_60,voucher,10,10,10,200000,200000,0
2022-07-14,C51,PROMO_08,voucher,12,7,6,360000,180000,180000
2022-07-14,C03,PROMO_22,voucher,11,9,7,220000,140000,80000
2022-07-14,C04,PROMO_49,voucher,8,7,7,160000,140000,20000
2022-07-14,C36,PROMO_62,voucher,6,5,5,120000,100000,20000
2022-07-14,C32,PROMO_19,voucher,21,19,20,105000,100000,5000
2022-07-14,C06,PROMO_41,voucher,21,19,18,105000,90000,15000
2022-07-14,C16,PROMO_23,voucher,6,5,4,120000,80000,40000
2022-07-14,C21,PROMO_09,voucher,2,2,2,60000,60000,0
2022-07-14,C49,PROMO_16,voucher,3,3,3,60000,60000,0
2022-07-14,C54,PROMO_26,voucher,2,2,2,60000,60000,0
2022-07-14,C41,PROMO_39,voucher,5,5,5,50000,50000,0
2022-07-14,C09,PROMO_61,voucher,8,8,8,40000,40000,0
2022-07-14,C07,PROMO_11,voucher,3,3,3,30000,30000,0
2022-07-14,C52,PROMO_04,voucher,2,1,1,60000,30000,30000
2022-07-14,C22,PROMO_05,voucher,1,1,1,30000,30000,0
2022-07-14,C40,PROMO_54,voucher,4,3,3,40000,30000,10000
2022-07-14,C43,PROMO_68,voucher,1,1,1,30000,30000,0
2022-07-14,C38,PROMO_31,voucher,1,1,1,25000,25000,0
2022-07-14,C39,PROMO_06,voucher,2,2,2,20000,20000,0
2022-07-14,C24,PROMO_24,voucher,1,1,1,20000,20000,0
2022-07-14,C50,PROMO_13,voucher,1,1,1,20000,20000,0
2022-07-14,C55,PROMO_47,voucher,1,1,1,15000,15000,0
2022-07-14,C56,PROMO_44,voucher,1,1,1,15000,15000,0
2022-07-14,C05,PROMO_20,voucher,3,3,3,15000,15000,0
2022-07-14,C26,PROMO_37,voucher,1,1,1,15000,15000,0
2022-07-14,C02,PROMO_10,voucher,1,1,1,10000,10000,0
2022-07-15,C71,PROMO_45,cashback,1774,709,1774,88700000,88700000,0
2022-07-15,C33,PROMO_70,voucher,1397,694,582,48895000,20370000,28525000
2022-07-15,C37,PROMO_55,voucher,889,408,298,26670000,8940000,17730000
2022-07-15,C35,PROMO_33,voucher,368,320,287,7360000,5740000,1620000
2022-07-15,C31,PROMO_69,voucher,655,566,508,6550000,5080000,1470000
2022-07-15,C34,PROMO_43,voucher,193,168,157,3860000,3140000,720000
2022-07-15,C42,PROMO_12,voucher,16,15,8,640000,320000,320000
2022-07-15,C19,PROMO_52,voucher,31,31,31,310000,310000,0
2022-07-15,C72,PROMO_53,voucher,18,17,16,270000,240000,30000
2022-07-15,C44,PROMO_60,voucher,12,10,9,240000,180000,60000
2022-07-15,C49,PROMO_16,voucher,7,7,7,140000,140000,0
2022-07-15,C36,PROMO_62,voucher,7,7,6,140000,120000,20000
2022-07-15,C16,PROMO_23,voucher,6,6,6,120000,120000,0
2022-07-15,C04,PROMO_49,voucher,8,7,5,160000,100000,60000
2022-07-15,C32,PROMO_19,voucher,24,20,16,120000,80000,40000
2022-07-15,C61,PROMO_35,voucher,2,2,2,60000,60000,0
2022-07-15,C03,PROMO_22,voucher,4,4,3,80000,60000,20000
2022-07-15,C24,PROMO_24,voucher,3,3,3,60000,60000,0
2022-07-15,C06,PROMO_41,voucher,12,12,12,60000,60000,0
2022-07-15,C09,PROMO_61,voucher,8,8,8,40000,40000,0
2022-07-15,C51,PROMO_08,voucher,8,8,1,240000,30000,210000
2022-07-15,C41,PROMO_39,voucher,3,3,3,30000,30000,0
2022-07-15,C05,PROMO_20,voucher,6,5,5,30000,25000,5000
2022-07-15,C73,PROMO_50,voucher,1,1,1,20000,20000,0
2022-07-15,C50,PROMO_13,voucher,2,2,1,40000,20000,20000
2022-07-15,C45,PROMO_01,voucher,1,1,1,15000,15000,0
2022-07-15,C55,PROMO_47,voucher,1,1,1,15000,15000,0
2022-07-15,C39,PROMO_06,voucher,1,1,1,10000,10000,0
2022-07-15,C40,PROMO_54,voucher,2,2,1,20000,10000,10000
2022-07-15,C52,PROMO_04,voucher,1,1,0,30000,0,30000
2022-07-16,C71,PROMO_45,cashback,1920,844,1920,96000000,96000000,0
2022-07-16,C01,PROMO_46,cashback,174,144,174,8700000,8700000,0
2022-07-16,C46,PROMO_58,voucher,1,1,1,200000,200000,0
2022-07-16,C49,PROMO_16,voucher,7,7,7,140000,140000,0
2022-07-16,C03,PROMO_22,voucher,8,7,6,160000,120000,40000
2022-07-16,C16,PROMO_23,voucher,4,4,4,80000,80000,0
2022-07-16,C24,PROMO_24,voucher,4,4,4,80000,80000,0
2022-07-16,C63,PROMO_40,voucher,6,6,6,60000,60000,0
2022-07-16,C09,PROMO_61,voucher,9,9,9,45000,45000,0
2022-07-16,C05,PROMO_20,voucher,7,5,6,35000,30000,5000
2022-07-16,C27,PROMO_21,voucher,1,1,1,30000,30000,0
2022-07-16,C48,PROMO_65,voucher,1,1,1,30000,30000,0
2022-07-16,C07,PROMO_11,voucher,4,2,2,40000,20000,20000
2022-07-16,C55,PROMO_47,voucher,1,1,1,15000,15000,0
2022-07-16,C57,PROMO_36,voucher,1,1,1,15000,15000,0
2022-07-16,C62,PROMO_15,voucher,1,1,1,10000,10000,0
2022-07-16,C39,PROMO_06,voucher,1,1,1,10000,10000,0
2022-07-16,C40,PROMO_54,voucher,2,2,1,20000,10000,10000
2022-07-17,C71,PROMO_45,cashback,2411,972,2411,120550000,120550000,0
2022-07-17,C46,PROMO_58,voucher,1,1,1,200000,200000,0
2022-07-17,C49,PROMO_16,voucher,7,7,7,140000,140000,0
2022-07-17,C03,PROMO_22,voucher,10,7,7,200000,140000,60000
2022-07-17,C51,PROMO_08,voucher,2,2,2,60000,60000,0
2022-07-17,C54,PROMO_26,voucher,2,2,2,60000,60000,0
2022-07-17,C07,PROMO_11,voucher,4,4,4,40000,40000,0
2022-07-17,C16,PROMO_23,voucher,2,2,2,40000,40000,0
2022-07-17,C09,PROMO_61,voucher,7,7,7,35000,35000,0
2022-07-17,C55,PROMO_47,voucher,2,2,2,30000,30000,0
2022-07-17,C39,PROMO_06,voucher,3,3,3,30000,30000,0
2022-07-17,C61,PROMO_35,voucher,1,1,1,30000,30000,0
2022-07-17,C30,PROMO_32,voucher,1,1,1,25000,25000,0
2022-07-17,C63,PROMO_40,voucher,3,3,2,30000,20000,10000
2022-07-17,C40,PROMO_54,voucher,2,2,2,20000,20000,0
2022-07-17,C24,PROMO_24,voucher,1,1,1,20000,20000,0
2022-07-17,C57,PROMO_36,voucher,1,1,1,15000,15000,0
2022-07-17,C64,PROMO_07,voucher,1,1,1,10000,10000,0
2022-07-17,C05,PROMO_20,voucher,2,2,2,10000,10000,0
2022-07-17,C02,PROMO_10,voucher,1,1,1,10000,10000,0
2022-07-18,C71,PROMO_45,cashback,2319,925,2319,115950000,115950000,0
2022-07-18,C49,PROMO_16,voucher,6,6,6,120000,120000,0
2022-07-18,C60,PROMO_29,voucher,2,2,2,100000,100000,0
2022-07-18,C13,PROMO_56,voucher,1,1,1,100000,100000,0
2022-07-18,C16,PROMO_23,voucher,4,4,4,80000,80000,0
2022-07-18,C03,PROMO_22,voucher,6,5,4,120000,80000,40000
2022-07-18,C09,PROMO_61,voucher,12,12,12,60000,60000,0
2022-07-18,C61,PROMO_35,voucher,1,1,1,30000,30000,0
2022-07-18,C51,PROMO_08,voucher,8,3,1,240000,30000,210000
2022-07-18,C57,PROMO_36,voucher,2,2,2,30000,30000,0
2022-07-18,C05,PROMO_20,voucher,5,5,5,25000,25000,0
2022-07-18,C24,PROMO_24,voucher,1,1,1,20000,20000,0
2022-07-18,C39,PROMO_06,voucher,1,1,1,10000,10000,0
2022-07-18,C63,PROMO_40,voucher,4,2,1,40000,10000,30000
2022-07-18,C40,PROMO_54,voucher,1,1,0,10000,0,10000
2022-07-19,C71,PROMO_45,cashback,2343,888,2343,117150000,117150000,0
2022-07-19,C24,PROMO_24,voucher,7,7,7,140000,140000,0
2022-07-19,C03,PROMO_22,voucher,8,7,6,160000,120000,40000
2022-07-19,C16,PROMO_23,voucher,8,5,5,160000,100000,60000
2022-07-19,C61,PROMO_35,voucher,4,3,3,120000,90000,30000
2022-07-19,C09,PROMO_61,voucher,17,15,15,85000,75000,10000
2022-07-19,C49,PROMO_16,voucher,3,3,3,60000,60000,0
2022-07-19,C51,PROMO_08,voucher,4,2,2,120000,60000,60000
2022-07-19,C54,PROMO_26,voucher,2,2,2,60000,60000,0
2022-07-19,C59,PROMO_42,voucher,2,2,2,40000,40000,0
2022-07-19,C21,PROMO_09,voucher,1,1,1,30000,30000,0
2022-07-19,C22,PROMO_05,voucher,1,1,1,30000,30000,0
2022-07-19,C48,PROMO_65,voucher,1,1,1,30000,30000,0
2022-07-19,C68,PROMO_27,voucher,1,1,1,30000,30000,0
2022-07-19,C07,PROMO_11,voucher,3,3,3,30000,30000,0
2022-07-19,C39,PROMO_06,voucher,2,2,2,20000,20000,0
2022-07-19,C14,PROMO_63,voucher,1,1,1,20000,20000,0
2022-07-19,C05,PROMO_20,voucher,2,2,2,10000,10000,0
2022-07-19,C63,PROMO_40,voucher,2,2,1,20000,10000,10000
2022-07-19,C08,PROMO_67,voucher,1,1,1,10000,10000,0
2022-07-20,C71,PROMO_45,cashback,2551,980,2551,127550000,127550000,0
2022-07-20,C31,PROMO_69,voucher,684,597,475,6840000,4750000,2090000
2022-07-20,C33,PROMO_70,voucher,179,141,98,6265000,3430000,2835000
2022-07-20,C34,PROMO_43,voucher,60,54,42,1200000,840000,360000
2022-07-20,C37,PROMO_55,voucher,85,47,17,2550000,510000,2040000
2022-07-20,C19,PROMO_52,voucher,46,46,46,460000,460000,0
2022-07-20,C72,PROMO_53,voucher,41,30,29,615000,435000,180000
2022-07-20,C35,PROMO_33,voucher,28,25,19,560000,380000,180000
2022-07-20,C36,PROMO_62,voucher,17,15,13,340000,260000,80000
2022-07-20,C44,PROMO_60,voucher,8,8,8,160000,160000,0
2022-07-20,C12,PROMO_57,voucher,1,1,1,150000,150000,0
2022-07-20,C42,PROMO_12,voucher,3,3,3,120000,120000,0
2022-07-20,C60,PROMO_29,voucher,2,2,2,100000,100000,0
2022-07-20,C24,PROMO_24,voucher,5,5,5,100000,100000,0
2022-07-20,C04,PROMO_49,voucher,8,6,5,160000,100000,60000
2022-07-20,C41,PROMO_39,voucher,9,9,9,90000,90000,0
2022-07-20,C59,PROMO_42,voucher,4,4,4,80000,80000,0
2022-07-20,C03,PROMO_22,voucher,5,5,4,100000,80000,20000
2022-07-20,C16,PROMO_23,voucher,4,4,4,80000,80000,0
2022-07-20,C22,PROMO_05,voucher,2,2,2,60000,60000,0
2022-07-20,C52,PROMO_04,voucher,2,2,2,60000,60000,0
2022-07-20,C54,PROMO_26,voucher,2,2,2,60000,60000,0
2022-07-20,C49,PROMO_16,voucher,3,3,3,60000,60000,0
2022-07-20,C32,PROMO_19,voucher,13,13,11,65000,55000,10000
2022-07-20,C18,PROMO_30,voucher,2,2,2,40000,40000,0
2022-07-20,C50,PROMO_13,voucher,2,2,2,40000,40000,0
2022-07-20,C51,PROMO_08,voucher,1,1,1,30000,30000,0
2022-07-20,C61,PROMO_35,voucher,1,1,1,30000,30000,0
2022-07-20,C09,PROMO_61,voucher,6,6,6,30000,30000,0
2022-07-20,C39,PROMO_06,voucher,3,3,3,30000,30000,0
2022-07-20,C40,PROMO_54,voucher,5,3,2,50000,20000,30000
2022-07-20,C06,PROMO_41,voucher,4,4,4,20000,20000,0
2022-07-20,C07,PROMO_11,voucher,2,2,2,20000,20000,0
2022-07-20,C63,PROMO_40,voucher,1,1,1,10000,10000,0
2022-07-20,C64,PROMO_07,voucher,1,1,1,10000,10000,0
2022-07-20,C05,PROMO_20,voucher,2,2,2,10000,10000,0
2022-07-21,C71,PROMO_45,cashback,2529,902,2529,126450000,126450000,0
2022-07-21,C31,PROMO_69,voucher,862,797,717,8620000,7170000,1450000
2022-07-21,C33,PROMO_70,voucher,157,122,105,5495000,3675000,1820000
2022-07-21,C34,PROMO_43,voucher,65,57,41,1300000,820000,480000
2022-07-21,C72,PROMO_53,voucher,49,38,40,735000,600000,135000
2022-07-21,C19,PROMO_52,voucher,56,55,56,560000,560000,0
2022-07-21,C35,PROMO_33,voucher,34,29,23,680000,460000,220000
2022-07-21,C37,PROMO_55,voucher,34,23,15,1020000,450000,570000
2022-07-21,C44,PROMO_60,voucher,16,14,14,320000,280000,40000
2022-07-21,C04,PROMO_49,voucher,8,8,7,160000,140000,20000
2022-07-21,C32,PROMO_19,voucher,30,24,27,150000,135000,15000
2022-07-21,C49,PROMO_16,voucher,6,6,6,120000,120000,0
2022-07-21,C50,PROMO_13,voucher,6,6,6,120000,120000,0
2022-07-21,C42,PROMO_12,voucher,3,3,3,120000,120000,0
2022-07-21,C61,PROMO_35,voucher,6,4,4,180000,120000,60000
2022-07-21,C06,PROMO_41,voucher,21,21,21,105000,105000,0
2022-07-21,C13,PROMO_56,voucher,1,1,1,100000,100000,0
2022-07-21,C16,PROMO_23,voucher,6,4,4,120000,80000,40000
2022-07-21,C36,PROMO_62,voucher,4,4,3,80000,60000,20000
2022-07-21,C51,PROMO_08,voucher,3,2,2,90000,60000,30000
2022-07-21,C03,PROMO_22,voucher,3,3,3,60000,60000,0
2022-07-21,C41,PROMO_39,voucher,5,5,5,50000,50000,0
2022-07-21,C60,PROMO_29,voucher,1,1,1,50000,50000,0
2022-07-21,C55,PROMO_47,voucher,3,3,3,45000,45000,0
2022-07-21,C43,PROMO_68,voucher,1,1,1,30000,30000,0
2022-07-21,C54,PROMO_26,voucher,1,1,1,30000,30000,0
2022-07-21,C09,PROMO_61,voucher,4,4,4,20000,20000,0
2022-07-21,C40,PROMO_54,voucher,3,3,2,30000,20000,10000
2022-07-21,C59,PROMO_42,voucher,1,1,1,20000,20000,0
2022-07-21,C23,PROMO_17,voucher,1,1,1,20000,20000,0
2022-07-21,C24,PROMO_24,voucher,1,1,1,20000,20000,0
2022-07-21,C29,PROMO_34,voucher,1,1,1,20000,20000,0
2022-07-21,C05,PROMO_20,voucher,3,2,3,15000,15000,0
2022-07-21,C63,PROMO_40,voucher,1,1,1,10000,10000,0
2022-07-21,C67,PROMO_03,voucher,1,1,1,10000,10000,0
2022-07-21,C39,PROMO_06,voucher,1,1,1,10000,10000,0
2022-07-21,C07,PROMO_11,voucher,1,1,1,10000,10000,0
2022-07-22,C71,PROMO_45,cashback,2721,964,2721,136050000,136050000,0
2022-07-22,C31,PROMO_69,voucher,998,908,782,9980000,7820000,2160000
2022-07-22,C33,PROMO_70,voucher,214,165,143,7490000,5005000,2485000
2022-07-22,C37,PROMO_55,voucher,64,52,44,1920000,1320000,600000
2022-07-22,C34,PROMO_43,voucher,63,58,51,1260000,1020000,240000
2022-07-22,C35,PROMO_33,voucher,57,50,38,1140000,760000,380000
2022-07-22,C42,PROMO_12,voucher,29,18,15,1160000,600000,560000
2022-07-22,C72,PROMO_53,voucher,35,31,29,525000,435000,90000
2022-07-22,C19,PROMO_52,voucher,43,43,43,430000,430000,0
2022-07-22,C44,PROMO_60,voucher,16,14,14,320000,280000,40000
2022-07-22,C32,PROMO_19,voucher,28,27,26,140000,130000,10000
2022-07-22,C03,PROMO_22,voucher,7,6,6,140000,120000,20000
2022-07-22,C49,PROMO_16,voucher,7,6,6,140000,120000,20000
2022-07-22,C36,PROMO_62,voucher,6,5,5,120000,100000,20000
2022-07-22,C21,PROMO_09,voucher,3,3,3,90000,90000,0
2022-07-22,C41,PROMO_39,voucher,8,8,8,80000,80000,0
2022-07-22,C06,PROMO_41,voucher,14,14,14,70000,70000,0
2022-07-22,C16,PROMO_23,voucher,4,3,3,80000,60000,20000
2022-07-22,C24,PROMO_24,voucher,3,3,3,60000,60000,0
2022-07-22,C51,PROMO_08,voucher,2,2,2,60000,60000,0
2022-07-22,C04,PROMO_49,voucher,2,2,2,40000,40000,0
2022-07-22,C28,PROMO_28,voucher,1,1,1,40000,40000,0
2022-07-22,C52,PROMO_04,voucher,1,1,1,30000,30000,0
2022-07-22,C53,PROMO_18,voucher,1,1,1,30000,30000,0
2022-07-22,C54,PROMO_26,voucher,1,1,1,30000,30000,0
2022-07-22,C09,PROMO_61,voucher,5,5,5,25000,25000,0
2022-07-22,C07,PROMO_11,voucher,2,2,2,20000,20000,0
2022-07-22,C59,PROMO_42,voucher,1,1,1,20000,20000,0
2022-07-22,C57,PROMO_36,voucher,1,1,1,15000,15000,0
2022-07-22,C05,PROMO_20,voucher,3,3,3,15000,15000,0
2022-07-22,C39,PROMO_06,voucher,1,1,1,10000,10000,0
2022-07-22,C40,PROMO_54,voucher,1,1,1,10000,10000,0
2022-07-22,C63,PROMO_40,voucher,1,1,1,10000,10000,0
2022-07-23,C71,PROMO_45,cashback,2639,1030,2639,131950000,131950000,0
2022-07-23,C31,PROMO_69,voucher,1645,1521,1212,16450000,12120000,4330000
2022-07-23,C33,PROMO_70,voucher,203,147,113,7105000,3955000,3150000
2022-07-23,C34,PROMO_43,voucher,74,60,48,1480000,960000,520000
2022-07-23,C37,PROMO_55,voucher,42,38,30,1260000,900000,360000
2022-07-23,C72,PROMO_53,voucher,42,39,42,630000,630000,0
2022-07-23,C19,PROMO_52,voucher,61,44,42,610000,420000,190000
2022-07-23,C42,PROMO_12,voucher,11,10,10,440000,400000,40000
2022-07-23,C44,PROMO_60,voucher,21,20,19,420000,380000,40000
2022-07-23,C35,PROMO_33,voucher,33,28,19,660000,380000,280000
2022-07-23,C16,PROMO_23,voucher,7,7,7,140000,140000,0
2022-07-23,C49,PROMO_16,voucher,6,6,6,120000,120000,0
2022-07-23,C32,PROMO_19,voucher,26,26,23,130000,115000,15000
2022-07-23,C41,PROMO_39,voucher,10,10,10,100000,100000,0
2022-07-23,C03,PROMO_22,voucher,5,5,4,100000,80000,20000
2022-07-23,C04,PROMO_49,voucher,4,3,3,80000,60000,20000
2022-07-23,C36,PROMO_62,voucher,6,3,3,120000,60000,60000
2022-07-23,C21,PROMO_09,voucher,2,2,2,60000,60000,0
2022-07-23,C06,PROMO_41,voucher,11,11,11,55000,55000,0
2022-07-23,C55,PROMO_47,voucher,3,3,3,45000,45000,0
2022-07-23,C50,PROMO_13,voucher,2,2,2,40000,40000,0
2022-07-23,C24,PROMO_24,voucher,2,2,2,40000,40000,0
2022-07-23,C28,PROMO_28,voucher,1,1,1,40000,40000,0
2022-07-23,C09,PROMO_61,voucher,8,8,8,40000,40000,0
2022-07-23,C51,PROMO_08,voucher,1,1,1,30000,30000,0
2022-07-23,C52,PROMO_04,voucher,1,1,1,30000,30000,0
2022-07-23,C54,PROMO_26,voucher,1,1,1,30000,30000,0
2022-07-23,C63,PROMO_40,voucher,3,3,3,30000,30000,0
2022-07-23,C05,PROMO_20,voucher,4,3,4,20000,20000,0
2022-07-23,C29,PROMO_34,voucher,1,1,1,20000,20000,0
2022-07-23,C39,PROMO_06,voucher,2,2,2,20000,20000,0
2022-07-23,C08,PROMO_67,voucher,1,1,1,10000,10000,0
2022-07-24,C71,PROMO_45,cashback,2979,1101,2979,148950000,148950000,0
2022-07-24,C31,PROMO_69,voucher,1875,1734,1530,18750000,15300000,3450000
2022-07-24,C33,PROMO_70,voucher,165,133,116,5775000,4060000,1715000
2022-07-24,C34,PROMO_43,voucher,74,69,57,1480000,1140000,340000
2022-07-24,C37,PROMO_55,voucher,57,45,37,1710000,1110000,600000
2022-07-24,C42,PROMO_12,voucher,24,20,20,960000,800000,160000
2022-07-24,C35,PROMO_33,voucher,48,47,38,960000,760000,200000
2022-07-24,C19,PROMO_52,voucher,73,59,59,730000,590000,140000
2022-07-24,C72,PROMO_53,voucher,39,38,37,585000,555000,30000
2022-07-24,C44,PROMO_60,voucher,19,18,18,380000,360000,20000
2022-07-24,C36,PROMO_62,voucher,8,8,8,160000,160000,0
2022-07-24,C32,PROMO_19,voucher,38,36,32,190000,160000,30000
2022-07-24,C40,PROMO_54,voucher,12,12,12,120000,120000,0
2022-07-24,C51,PROMO_08,voucher,6,5,4,180000,120000,60000
2022-07-24,C04,PROMO_49,voucher,14,7,6,280000,120000,160000
2022-07-24,C03,PROMO_22,voucher,7,5,5,140000,100000,40000
2022-07-24,C49,PROMO_16,voucher,4,4,4,80000,80000,0
2022-07-24,C50,PROMO_13,voucher,3,3,3,60000,60000,0
2022-07-24,C41,PROMO_39,voucher,6,6,6,60000,60000,0
2022-07-24,C16,PROMO_23,voucher,3,3,3,60000,60000,0
2022-07-24,C24,PROMO_24,voucher,2,2,2,40000,40000,0
2022-07-24,C06,PROMO_41,voucher,8,8,8,40000,40000,0
2022-07-24,C09,PROMO_61,voucher,7,7,7,35000,35000,0
2022-07-24,C21,PROMO_09,voucher,1,1,1,30000,30000,0
2022-07-24,C48,PROMO_65,voucher,1,1,1,30000,30000,0
2022-07-24,C54,PROMO_26,voucher,1,1,1,30000,30000,0
2022-07-24,C39,PROMO_06,voucher,3,3,3,30000,30000,0
2022-07-24,C59,PROMO_42,voucher,1,1,1,20000,20000,0
2022-07-24,C63,PROMO_40,voucher,1,1,1,10000,10000,0
2022-07-24,C64,PROMO_07,voucher,1,1,1,10000,10000,0
2022-07-24,C05,PROMO_20,voucher,1,1,1,5000,5000,0
2022-07-25,C71,PROMO_45,cashback,3259,1150,3259,162950000,162950000,0
2022-07-25,C31,PROMO_69,voucher,1865,1779,1491,18650000,14910000,3740000
2022-07-25,C33,PROMO_70,voucher,130,94,72,4550000,2520000,2030000
2022-07-25,C19,PROMO_52,voucher,70,62,61,700000,610000,90000
2022-07-25,C34,PROMO_43,voucher,28,28,25,560000,500000,60000
2022-07-25,C72,PROMO_53,voucher,28,28,28,420000,420000,0
2022-07-25,C37,PROMO_55,voucher,22,19,13,660000,390000,270000
2022-07-25,C35,PROMO_33,voucher,15,15,12,300000,240000,60000
2022-07-25,C42,PROMO_12,voucher,6,6,6,240000,240000,0
2022-07-25,C40,PROMO_54,voucher,23,23,23,230000,230000,0
2022-07-25,C44,PROMO_60,voucher,19,12,10,380000,200000,180000
2022-07-25,C12,PROMO_57,voucher,1,1,1,150000,150000,0
2022-07-25,C36,PROMO_62,voucher,8,8,7,160000,140000,20000
2022-07-25,C32,PROMO_19,voucher,33,29,27,165000,135000,30000
2022-07-25,C50,PROMO_13,voucher,6,6,6,120000,120000,0
2022-07-25,C06,PROMO_41,voucher,17,17,17,85000,85000,0
2022-07-25,C49,PROMO_16,voucher,3,3,3,60000,60000,0
2022-07-25,C03,PROMO_22,voucher,3,3,3,60000,60000,0
2022-07-25,C52,PROMO_04,voucher,4,3,2,120000,60000,60000
2022-07-25,C60,PROMO_29,voucher,1,1,1,50000,50000,0
2022-07-25,C41,PROMO_39,voucher,5,5,5,50000,50000,0
2022-07-25,C09,PROMO_61,voucher,9,9,9,45000,45000,0
2022-07-25,C28,PROMO_28,voucher,1,1,1,40000,40000,0
2022-07-25,C59,PROMO_42,voucher,2,2,2,40000,40000,0
2022-07-25,C61,PROMO_35,voucher,1,1,1,30000,30000,0
2022-07-25,C53,PROMO_18,voucher,1,1,1,30000,30000,0
2022-07-25,C48,PROMO_65,voucher,1,1,1,30000,30000,0
2022-07-25,C43,PROMO_68,voucher,1,1,1,30000,30000,0
2022-07-25,C27,PROMO_21,voucher,1,1,1,30000,30000,0
2022-07-25,C14,PROMO_63,voucher,1,1,1,20000,20000,0
2022-07-25,C24,PROMO_24,voucher,1,1,1,20000,20000,0
2022-07-25,C04,PROMO_49,voucher,1,1,1,20000,20000,0
2022-07-25,C05,PROMO_20,voucher,3,3,3,15000,15000,0
2022-07-25,C55,PROMO_47,voucher,1,1,1,15000,15000,0
2022-07-25,C57,PROMO_36,voucher,1,1,1,15000,15000,0
2022-07-25,C07,PROMO_11,voucher,1,1,1,10000,10000,0
2022-07-25,C39,PROMO_06,voucher,1,1,1,10000,10000,0
2022-07-25,C51,PROMO_08,voucher,5,4,0,150000,0,150000
2022-07-26,C71,PROMO_45,cashback,3354,1074,3354,167700000,167700000,0
2022-07-26,C31,PROMO_69,voucher,2179,2044,1681,21790000,16810000,4980000
2022-07-26,C33,PROMO_70,voucher,119,88,63,4165000,2205000,1960000
2022-07-26,C34,PROMO_43,voucher,46,46,42,920000,840000,80000
2022-07-26,C19,PROMO_52,voucher,71,70,71,710000,710000,0
2022-07-26,C72,PROMO_53,voucher,44,42,40,660000,600000,60000
2022-07-26,C52,PROMO_04,voucher,20,18,17,600000,510000,90000
2022-07-26,C37,PROMO_55,voucher,25,22,15,750000,450000,300000
2022-07-26,C35,PROMO_33,voucher,28,24,19,560000,380000,180000
2022-07-26,C42,PROMO_12,voucher,8,8,7,320000,280000,40000
2022-07-26,C36,PROMO_62,voucher,13,13,12,260000,240000,20000
2022-07-26,C44,PROMO_60,voucher,12,10,9,240000,180000,60000
2022-07-26,C49,PROMO_16,voucher,7,7,7,140000,140000,0
2022-07-26,C32,PROMO_19,voucher,24,23,23,120000,115000,5000
2022-07-26,C16,PROMO_23,voucher,6,5,5,120000,100000,20000
2022-07-26,C03,PROMO_22,voucher,7,5,5,140000,100000,40000
2022-07-26,C51,PROMO_08,voucher,3,3,3,90000,90000,0
2022-07-26,C50,PROMO_13,voucher,5,4,4,100000,80000,20000
2022-07-26,C06,PROMO_41,voucher,14,14,14,70000,70000,0
2022-07-26,C21,PROMO_09,voucher,2,2,2,60000,60000,0
2022-07-26,C22,PROMO_05,voucher,2,2,2,60000,60000,0
2022-07-26,C54,PROMO_26,voucher,2,2,2,60000,60000,0
2022-07-26,C48,PROMO_65,voucher,2,2,2,60000,60000,0
2022-07-26,C60,PROMO_29,voucher,1,1,1,50000,50000,0
2022-07-26,C04,PROMO_49,voucher,2,2,2,40000,40000,0
2022-07-26,C41,PROMO_39,voucher,4,4,4,40000,40000,0
2022-07-26,C09,PROMO_61,voucher,5,5,5,25000,25000,0
2022-07-26,C24,PROMO_24,voucher,1,1,1,20000,20000,0
2022-07-26,C39,PROMO_06,voucher,2,2,2,20000,20000,0
2022-07-26,C59,PROMO_42,voucher,1,1,1,20000,20000,0
2022-07-26,C66,PROMO_25,voucher,1,1,1,20000,20000,0
2022-07-26,C05,PROMO_20,voucher,3,3,3,15000,15000,0
2022-07-26,C55,PROMO_47,voucher,1,1,1,15000,15000,0
2022-07-26,C07,PROMO_11,voucher,1,1,1,10000,10000,0
2022-07-26,C63,PROMO_40,voucher,1,1,1,10000,10000,0
2022-07-26,C61,PROMO_35,voucher,1,1,0,30000,0,30000
2022-07-27,C71,PROMO_45,cashback,3068,993,3068,153400000,153400000,0
2022-07-27,C31,PROMO_69,voucher,2032,1905,1791,20320000,17910000,2410000
2022-07-27,C33,PROMO_70,voucher,102,82,65,3570000,2275000,1295000
2022-07-27,C37,PROMO_55,voucher,45,42,40,1350000,1200000,150000
2022-07-27,C34,PROMO_43,voucher,45,41,38,900000,760000,140000
2022-07-27,C72,PROMO_53,voucher,42,39,39,630000,585000,45000
2022-07-27,C19,PROMO_52,voucher,55,55,55,550000,550000,0
2022-07-27,C36,PROMO_62,voucher,27,27,27,540000,540000,0
2022-07-27,C44,PROMO_60,voucher,12,12,12,240000,240000,0
2022-07-27,C52,PROMO_04,voucher,12,8,7,360000,210000,150000
2022-07-27,C42,PROMO_12,voucher,7,6,5,280000,200000,80000
2022-07-27,C32,PROMO_19,voucher,39,32,30,195000,150000,45000
2022-07-27,C61,PROMO_35,voucher,5,4,4,150000,120000,30000
2022-07-27,C04,PROMO_49,voucher,6,6,6,120000,120000,0
2022-07-27,C59,PROMO_42,voucher,5,5,5,100000,100000,0
2022-07-27,C41,PROMO_39,voucher,10,10,10,100000,100000,0
2022-07-27,C24,PROMO_24,voucher,4,4,4,80000,80000,0
2022-07-27,C35,PROMO_33,voucher,19,10,3,380000,60000,320000
2022-07-27,C51,PROMO_08,voucher,2,2,2,60000,60000,0
2022-07-27,C49,PROMO_16,voucher,3,3,3,60000,60000,0
2022-07-27,C16,PROMO_23,voucher,3,3,3,60000,60000,0
2022-07-27,C06,PROMO_41,voucher,11,11,11,55000,55000,0
2022-07-27,C60,PROMO_29,voucher,1,1,1,50000,50000,0
2022-07-27,C09,PROMO_61,voucher,8,8,8,40000,40000,0
2022-07-27,C50,PROMO_13,voucher,2,2,2,40000,40000,0
2022-07-27,C39,PROMO_06,voucher,4,3,4,40000,40000,0
2022-07-27,C14,PROMO_63,voucher,2,2,2,40000,40000,0
2022-07-27,C40,PROMO_54,voucher,4,4,3,40000,30000,10000
2022-07-27,C48,PROMO_65,voucher,1,1,1,30000,30000,0
2022-07-27,C21,PROMO_09,voucher,1,1,1,30000,30000,0
2022-07-27,C54,PROMO_26,voucher,1,1,1,30000,30000,0
2022-07-27,C03,PROMO_22,voucher,3,3,1,60000,20000,40000
2022-07-27,C18,PROMO_30,voucher,1,1,1,20000,20000,0
2022-07-27,C07,PROMO_11,voucher,2,2,2,20000,20000,0
2022-07-27,C55,PROMO_47,voucher,1,1,1,15000,15000,0
2022-07-27,C05,PROMO_20,voucher,3,3,3,15000,15000,0
2022-07-27,C64,PROMO_07,voucher,1,1,1,10000,10000,0
2022-07-27,C22,PROMO_05,voucher,2,1,0,60000,0,60000
2022-07-27,C11,PROMO_59,voucher,3,1,0,600000,0,600000
2022-07-27,C12,PROMO_57,voucher,1,1,0,150000,0,150000
2022-07-28,C71,PROMO_45,cashback,3136,999,3136,156800000,156800000,0
2022-07-28,C31,PROMO_69,voucher,2285,2153,2050,22850000,20500000,2350000
2022-07-28,C33,PROMO_70,voucher,69,50,36,2415000,1260000,1155000
2022-07-28,C72,PROMO_53,voucher,45,38,40,675000,600000,75000
2022-07-28,C19,PROMO_52,voucher,55,53,52,550000,520000,30000
2022-07-28,C37,PROMO_55,voucher,19,17,13,570000,390000,180000
2022-07-28,C42,PROMO_12,voucher,9,9,9,360000,360000,0
2022-07-28,C44,PROMO_60,voucher,11,11,11,220000,220000,0
2022-07-28,C34,PROMO_43,voucher,20,13,9,400000,180000,220000
2022-07-28,C35,PROMO_33,voucher,10,10,7,200000,140000,60000
2022-07-28,C49,PROMO_16,voucher,7,7,7,140000,140000,0
2022-07-28,C03,PROMO_22,voucher,8,8,7,160000,140000,20000
2022-07-28,C59,PROMO_42,voucher,6,5,5,120000,100000,20000
2022-07-28,C16,PROMO_23,voucher,5,5,5,100000,100000,0
2022-07-28,C32,PROMO_19,voucher,22,22,19,110000,95000,15000
2022-07-28,C52,PROMO_04,voucher,5,4,3,150000,90000,60000
2022-07-28,C06,PROMO_41,voucher,13,13,13,65000,65000,0
2022-07-28,C36,PROMO_62,voucher,5,5,3,100000,60000,40000
2022-07-28,C61,PROMO_35,voucher,2,2,2,60000,60000,0
2022-07-28,C60,PROMO_29,voucher,1,1,1,50000,50000,0
2022-07-28,C05,PROMO_20,voucher,7,7,7,35000,35000,0
2022-07-28,C53,PROMO_18,voucher,1,1,1,30000,30000,0
2022-07-28,C55,PROMO_47,voucher,2,2,2,30000,30000,0
2022-07-28,C51,PROMO_08,voucher,1,1,1,30000,30000,0
2022-07-28,C41,PROMO_39,voucher,3,3,3,30000,30000,0
2022-07-28,C21,PROMO_09,voucher,1,1,1,30000,30000,0
2022-07-28,C24,PROMO_24,voucher,1,1,1,20000,20000,0
2022-07-28,C09,PROMO_61,voucher,4,4,4,20000,20000,0
2022-07-28,C04,PROMO_49,voucher,1,1,1,20000,20000,0
2022-07-28,C63,PROMO_40,voucher,1,1,1,10000,10000,0
2022-07-28,C64,PROMO_07,voucher,1,1,1,10000,10000,0
2022-07-28,C02,PROMO_10,voucher,1,1,1,10000,10000,0
2022-07-28,C39,PROMO_06,voucher,1,1,1,10000,10000,0
2022-07-29,C71,PROMO_45,cashback,2766,986,2766,138300000,138300000,0
2022-07-29,C31,PROMO_69,voucher,681,589,465,6810000,4650000,2160000
2022-07-29,C51,PROMO_08,voucher,150,128,121,4500000,3630000,870000
2022-07-29,C33,PROMO_70,voucher,81,55,39,2835000,1365000,1470000
2022-07-29,C42,PROMO_12,voucher,47,26,21,1880000,840000,1040000
2022-07-29,C72,PROMO_53,voucher,48,41,45,720000,675000,45000
2022-07-29,C19,PROMO_52,voucher,45,44,43,450000,430000,20000
2022-07-29,C34,PROMO_43,voucher,31,24,19,620000,380000,240000
2022-07-29,C37,PROMO_55,voucher,10,9,7,300000,210000,90000
2022-07-29,C11,PROMO_59,voucher,1,1,1,200000,200000,0
2022-07-29,C44,PROMO_60,voucher,14,10,9,280000,180000,100000
2022-07-29,C16,PROMO_23,voucher,6,6,6,120000,120000,0
2022-07-29,C03,PROMO_22,voucher,7,7,6,140000,120000,20000
2022-07-29,C04,PROMO_49,voucher,7,6,6,140000,120000,20000
2022-07-29,C35,PROMO_33,voucher,10,7,5,200000,100000,100000
2022-07-29,C36,PROMO_62,voucher,5,5,5,100000,100000,0
2022-07-29,C32,PROMO_19,voucher,22,20,18,110000,90000,20000
2022-07-29,C61,PROMO_35,voucher,4,3,3,120000,90000,30000
2022-07-29,C60,PROMO_29,voucher,1,1,1,50000,50000,0
2022-07-29,C06,PROMO_41,voucher,11,10,10,55000,50000,5000
2022-07-29,C55,PROMO_47,voucher,3,3,3,45000,45000,0
2022-07-29,C59,PROMO_42,voucher,2,2,2,40000,40000,0
2022-07-29,C09,PROMO_61,voucher,9,9,8,45000,40000,5000
2022-07-29,C49,PROMO_16,voucher,2,2,2,40000,40000,0
2022-07-29,C50,PROMO_13,voucher,2,2,2,40000,40000,0
2022-07-29,C54,PROMO_26,voucher,1,1,1,30000,30000,0
2022-07-29,C21,PROMO_09,voucher,1,1,1,30000,30000,0
2022-07-29,C14,PROMO_63,voucher,1,1,1,20000,20000,0
2022-07-29,C07,PROMO_11,voucher,2,2,2,20000,20000,0
2022-07-29,C41,PROMO_39,voucher,2,2,2,20000,20000,0
2022-07-29,C05,PROMO_20,voucher,4,4,4,20000,20000,0
2022-07-29,C40,PROMO_54,voucher,1,1,1,10000,10000,0
2022-07-29,C08,PROMO_67,voucher,2,1,1,20000,10000,10000
2022-07-29,C53,PROMO_18,voucher,2,1,0,60000,0,60000
2022-07-30,C71,PROMO_45,cashback,1328,626,1328,66400000,66400000,0
2022-07-30,C31,PROMO_69,voucher,377,305,213,3770000,2130000,1640000
2022-07-30,C51,PROMO_08,voucher,103,74,66,3090000,1980000,1110000
2022-07-30,C33,PROMO_70,voucher,52,41,25,1820000,875000,945000
2022-07-30,C42,PROMO_12,voucher,29,21,19,1160000,760000,400000
2022-07-30,C72,PROMO_53,voucher,41,36,41,615000,615000,0
2022-07-30,C34,PROMO_43,voucher,30,27,22,600000,440000,160000
2022-07-30,C19,PROMO_52,voucher,35,35,35,350000,350000,0
2022-07-30,C44,PROMO_60,voucher,12,12,12,240000,240000,0
2022-07-30,C37,PROMO_55,voucher,12,10,7,360000,210000,150000
2022-07-30,C35,PROMO_33,voucher,14,12,10,280000,200000,80000
2022-07-30,C32,PROMO_19,voucher,37,34,32,185000,160000,25000
2022-07-30,C40,PROMO_54,voucher,17,14,14,170000,140000,30000
2022-07-30,C03,PROMO_22,voucher,8,8,6,160000,120000,40000
2022-07-30,C36,PROMO_62,voucher,5,5,5,100000,100000,0
2022-07-30,C49,PROMO_16,voucher,4,4,4,80000,80000,0
2022-07-30,C50,PROMO_13,voucher,3,3,3,60000,60000,0
2022-07-30,C59,PROMO_42,voucher,8,5,2,160000,40000,120000
2022-07-30,C17,PROMO_38,voucher,2,2,2,40000,40000,0
2022-07-30,C04,PROMO_49,voucher,2,2,2,40000,40000,0
2022-07-30,C09,PROMO_61,voucher,6,6,6,30000,30000,0
2022-07-30,C61,PROMO_35,voucher,1,1,1,30000,30000,0
2022-07-30,C52,PROMO_04,voucher,3,3,1,90000,30000,60000
2022-07-30,C54,PROMO_26,voucher,1,1,1,30000,30000,0
2022-07-30,C55,PROMO_47,voucher,2,2,2,30000,30000,0
2022-07-30,C48,PROMO_65,voucher,1,1,1,30000,30000,0
2022-07-30,C41,PROMO_39,voucher,3,3,3,30000,30000,0
2022-07-30,C06,PROMO_41,voucher,5,5,5,25000,25000,0
2022-07-30,C14,PROMO_63,voucher,1,1,1,20000,20000,0
2022-07-30,C73,PROMO_50,voucher,1,1,1,20000,20000,0
2022-07-30,C05,PROMO_20,voucher,3,3,3,15000,15000,0
2022-07-30,C07,PROMO_11,voucher,1,1,1,10000,10000,0
2022-07-31,C71,PROMO_45,cashback,1742,771,1742,87100000,87100000,0
2022-07-31,C42,PROMO_12,voucher,156,137,134,6240000,5360000,880000
2022-07-31,C51,PROMO_08,voucher,115,111,110,3450000,3300000,150000
2022-07-31,C31,PROMO_69,voucher,377,305,222,3770000,2220000,1550000
2022-07-31,C72,PROMO_53,voucher,38,37,38,570000,570000,0
2022-07-31,C33,PROMO_70,voucher,28,19,13,980000,455000,525000
2022-07-31,C19,PROMO_52,voucher,40,40,40,400000,400000,0
2022-07-31,C40,PROMO_54,voucher,41,35,31,410000,310000,100000
2022-07-31,C34,PROMO_43,voucher,25,20,13,500000,260000,240000
2022-07-31,C35,PROMO_33,voucher,12,12,9,240000,180000,60000
2022-07-31,C44,PROMO_60,voucher,10,9,9,200000,180000,20000
2022-07-31,C03,PROMO_22,voucher,12,10,9,240000,180000,60000
2022-07-31,C37,PROMO_55,voucher,10,8,5,300000,150000,150000
2022-07-31,C21,PROMO_09,voucher,6,5,4,180000,120000,60000
2022-07-31,C32,PROMO_19,voucher,26,23,21,130000,105000,25000
2022-07-31,C52,PROMO_04,voucher,3,3,3,90000,90000,0
2022-07-31,C61,PROMO_35,voucher,3,3,3,90000,90000,0
2022-07-31,C04,PROMO_49,voucher,4,4,4,80000,80000,0
2022-07-31,C41,PROMO_39,voucher,6,6,6,60000,60000,0
2022-07-31,C49,PROMO_16,voucher,3,3,3,60000,60000,0
2022-07-31,C36,PROMO_62,voucher,2,2,2,40000,40000,0
2022-07-31,C14,PROMO_63,voucher,2,2,2,40000,40000,0
2022-07-31,C09,PROMO_61,voucher,7,7,7,35000,35000,0
2022-07-31,C05,PROMO_20,voucher,7,7,7,35000,35000,0
2022-07-31,C48,PROMO_65,voucher,1,1,1,30000,30000,0
2022-07-31,C07,PROMO_11,voucher,3,3,3,30000,30000,0
2022-07-31,C16,PROMO_23,voucher,1,1,1,20000,20000,0
2022-07-31,C06,PROMO_41,voucher,4,4,4,20000,20000,0
2022-07-31,C24,PROMO_24,voucher,1,1,1,20000,20000,0
2022-07-31,C50,PROMO_13,voucher,1,1,1,20000,20000,0
2022-07-31,C59,PROMO_42,voucher,2,2,1,40000,20000,20000
2022-07-31,C55,PROMO_47,voucher,1,1,1,15000,15000,0
2022-07-31,C67,PROMO_03,voucher,1,1,1,10000,10000,0
2022-07-31,C39,PROMO_06,voucher,1,1,1,10000,10000,0
2022-08-01,C71,PROMO_45,cashback,2051,794,2051,102550000,102550000,0
2022-08-01,C51,PROMO_08,voucher,227,208,204,6810000,6120000,690000
2022-08-01,C42,PROMO_12,voucher,168,128,126,6720000,5040000,1680000
2022-08-01,C31,PROMO_69,voucher,467,384,291,4670000,2910000,1760000
2022-08-01,C01,PROMO_46,cashback,52,35,52,2600000,2600000,0
2022-08-01,C19,PROMO_52,voucher,47,47,47,470000,470000,0
2022-08-01,C72,PROMO_53,voucher,33,27,29,495000,435000,60000
2022-08-01,C33,PROMO_70,voucher,23,14,11,805000,385000,420000
2022-08-01,C34,PROMO_43,voucher,18,17,14,360000,280000,80000
2022-08-01,C36,PROMO_62,voucher,11,11,11,220000,220000,0
2022-08-01,C44,PROMO_60,voucher,11,10,10,220000,200000,20000
2022-08-01,C46,PROMO_58,voucher,2,1,1,400000,200000,200000
2022-08-01,C32,PROMO_19,voucher,36,35,30,180000,150000,30000
2022-08-01,C03,PROMO_22,voucher,5,5,5,100000,100000,0
2022-08-01,C49,PROMO_16,voucher,4,4,4,80000,80000,0
2022-08-01,C09,PROMO_61,voucher,15,15,15,75000,75000,0
2022-08-01,C16,PROMO_23,voucher,4,3,3,80000,60000,20000
2022-08-01,C50,PROMO_13,voucher,3,3,3,60000,60000,0
2022-08-01,C59,PROMO_42,voucher,6,4,3,120000,60000,60000
2022-08-01,C40,PROMO_54,voucher,6,6,5,60000,50000,10000
2022-08-01,C55,PROMO_47,voucher,3,3,3,45000,45000,0
2022-08-01,C35,PROMO_33,voucher,2,2,2,40000,40000,0
2022-08-01,C21,PROMO_09,voucher,1,1,1,30000,30000,0
2022-08-01,C37,PROMO_55,voucher,6,3,1,180000,30000,150000
2022-08-01,C52,PROMO_04,voucher,2,2,1,60000,30000,30000
2022-08-01,C54,PROMO_26,voucher,1,1,1,30000,30000,0
2022-08-01,C38,PROMO_31,voucher,1,1,1,25000,25000,0
2022-08-01,C30,PROMO_32,voucher,1,1,1,25000,25000,0
2022-08-01,C18,PROMO_30,voucher,5,2,1,100000,20000,80000
2022-08-01,C41,PROMO_39,voucher,2,2,2,20000,20000,0
2022-08-01,C63,PROMO_40,voucher,2,2,2,20000,20000,0
2022-08-01,C04,PROMO_49,voucher,2,2,1,40000,20000,20000
2022-08-01,C05,PROMO_20,voucher,5,4,4,25000,20000,5000
2022-08-01,C56,PROMO_44,voucher,1,1,1,15000,15000,0
2022-08-01,C57,PROMO_36,voucher,1,1,1,15000,15000,0
2022-08-01,C64,PROMO_07,voucher,1,1,1,10000,10000,0
2022-08-01,C06,PROMO_41,voucher,2,2,2,10000,10000,0
2022-08-01,C07,PROMO_11,voucher,1,1,1,10000,10000,0
