txn_date,reportCat,reportSubCat,appName,payment_group,transaction_rows,unique_users,successful_rows,total_amount,credited_discount_success_only,non_success_discount_amount
2022-06-01,Non-payment/Unknown,Sub_27,App_52,Non-payment / reward / unknown,704,398,704,35200000,35200000,0
2022-06-01,Billing,Sub_15,App_35,Payment / merchant,99,69,60,40492078,2100000,1365000
2022-06-01,Telco,Sub_32,App_64,Payment / merchant,183,172,159,6340000,1590000,240000
2022-06-01,Billing,Sub_30,App_13,Payment / merchant,56,53,47,5510000,1370000,260000
2022-06-01,Billing,Sub_35,App_65,Payment / merchant,62,59,53,4120326,1060000,180000
2022-06-01,Telco,Sub_05,App_93,Payment / merchant,142,118,95,3650000,950000,470000
2022-06-01,Movies,Sub_07,App_24,Payment / merchant,22,22,21,3522000,720000,40000
2022-06-01,Retail,Sub_20,App_44,Payment / merchant,27,25,20,10975500,600000,210000
2022-06-01,Marketplace,Sub_25,App_101,Payment / merchant,52,52,52,18498287,590000,0
2022-06-01,Movies,Sub_07,App_23,Payment / merchant,19,15,13,4492447,490000,240000
2022-06-01,Billing,Sub_23,App_53,Payment / merchant,19,19,17,1000000,340000,40000
2022-06-01,Billing,Sub_10,App_39,Payment / merchant,15,14,12,15410000,240000,60000
2022-06-01,Game,Sub_19,App_31,Payment / merchant,19,19,18,7224600,225000,20000
2022-06-01,Traveling,Sub_02,App_11,Payment / merchant,1,1,1,5924320,200000,0
2022-06-01,Retail,Sub_06,App_29,Payment / merchant,9,9,9,583998,180000,0
2022-06-01,Telco,Sub_11,App_63,Payment / merchant,34,32,31,977000,165000,15000
2022-06-01,Billing,Sub_31,App_04,Payment / merchant,9,9,7,360000,140000,40000
2022-06-01,Marketplace,Sub_25,App_59,Payment / merchant,22,22,22,11828894,125000,0
2022-06-01,Billing,Sub_15,App_36,Payment / merchant,5,3,3,1393039,105000,70000
2022-06-01,Marketplace,Sub_25,App_102,Payment / merchant,10,10,10,1594179,100000,0
2022-06-01,Billing,Sub_35,App_96,Payment / merchant,8,7,5,991262,100000,60000
2022-06-01,Billing,Sub_10,App_61,Payment / merchant,4,4,4,4625969,80000,0
2022-06-01,Billing,Sub_10,App_49,Payment / merchant,4,4,3,10532000,60000,20000
2022-06-01,Billing,Sub_30,App_103,Payment / merchant,2,2,2,360000,60000,0
2022-06-01,FnB,Sub_16,App_57,Payment / merchant,2,2,2,271000,60000,0
2022-06-01,FnB,Sub_16,App_82,Payment / merchant,12,11,3,1200000,60000,180000
2022-06-01,Marketplace,Sub_25,App_100,Payment / merchant,5,5,5,3972660,60000,0
2022-06-01,Billing,Sub_35,App_26,Payment / merchant,2,2,2,2144835,40000,0
2022-06-01,Billing,Sub_10,App_90,Payment / merchant,2,2,2,4567906,40000,0
2022-06-01,Traveling,Sub_33,App_40,Payment / merchant,2,2,2,640000,40000,0
2022-06-01,Billing,Sub_15,App_33,Payment / merchant,1,1,1,1053036,35000,0
2022-06-01,Billing,Sub_15,App_34,Payment / merchant,1,1,1,1248709,35000,0
2022-06-01,Retail,Sub_26,App_19,Payment / merchant,1,1,1,947000,30000,0
2022-06-01,RST,Sub_18,App_17,Payment / merchant,3,3,3,246000,30000,0
2022-06-01,Retail,Sub_04,App_38,Payment / merchant,1,1,1,108150,30000,0
2022-06-01,Retail,Sub_06,App_42,Payment / merchant,1,1,1,530000,20000,0
2022-06-01,Retail,Sub_06,App_46,Payment / merchant,1,1,1,57000,20000,0
2022-06-01,Billing,Sub_23,App_06,Payment / merchant,1,1,1,130400,20000,0
2022-06-01,Billing,Sub_35,App_28,Payment / merchant,1,1,1,64128,20000,0
2022-06-01,Billing,Sub_35,App_66,Payment / merchant,1,1,1,385250,20000,0
2022-06-01,Billing,Sub_30,App_08,Payment / merchant,1,1,1,180000,20000,0
2022-06-01,Billing,Sub_30,App_09,Payment / merchant,1,1,1,99000,20000,0
2022-06-01,Traveling,Sub_01,App_45,Payment / merchant,1,1,1,200000,20000,0
2022-06-01,Traveling,Sub_33,App_02,Payment / merchant,1,1,1,300000,20000,0
2022-06-01,Traveling,Sub_33,App_03,Payment / merchant,1,1,1,540000,20000,0
2022-06-01,Traveling,Sub_33,App_10,Payment / merchant,1,1,1,310000,20000,0
2022-06-01,Telco,Sub_09,App_92,Payment / merchant,2,2,2,80000,15000,0
2022-06-01,FnB,Sub_08,App_98,Payment / merchant,1,1,1,49000,15000,0
2022-06-01,Telco,Sub_29,App_07,Payment / merchant,1,1,1,96388,10000,0
2022-06-02,Non-payment/Unknown,Sub_27,App_52,Non-payment / reward / unknown,673,384,673,33650000,33650000,0
2022-06-02,Telco,Sub_32,App_64,Payment / merchant,164,155,148,6140000,1480000,160000
2022-06-02,Billing,Sub_15,App_33,Payment / merchant,44,32,31,22540844,1085000,455000
2022-06-02,Billing,Sub_35,App_65,Payment / merchant,60,55,49,3912317,980000,220000
2022-06-02,Telco,Sub_05,App_93,Payment / merchant,107,99,78,2660000,780000,290000
2022-06-02,Billing,Sub_30,App_13,Payment / merchant,26,25,25,2500000,730000,30000
2022-06-02,Marketplace,Sub_25,App_101,Payment / merchant,52,51,52,16055028,595000,0
2022-06-02,Billing,Sub_23,App_25,Payment / merchant,23,23,23,5535456,460000,0
2022-06-02,Retail,Sub_20,App_44,Payment / merchant,17,17,14,6918300,420000,90000
2022-06-02,Movies,Sub_07,App_23,Payment / merchant,20,18,12,5845996,390000,320000
2022-06-02,Game,Sub_19,App_31,Payment / merchant,26,24,24,6406150,360000,25000
2022-06-02,Billing,Sub_30,App_08,Payment / merchant,14,12,12,2767338,360000,60000
2022-06-02,Movies,Sub_07,App_24,Payment / merchant,9,8,8,1667000,290000,40000
2022-06-02,Billing,Sub_15,App_35,Payment / merchant,11,7,6,4469055,210000,175000
2022-06-02,Telco,Sub_11,App_63,Payment / merchant,33,29,31,935000,170000,15000
2022-06-02,Billing,Sub_23,App_53,Payment / merchant,11,10,8,801000,160000,60000
2022-06-02,Marketplace,Sub_25,App_59,Payment / merchant,23,23,22,10102959,150000,10000
2022-06-02,Traveling,Sub_02,App_11,Payment / merchant,1,1,1,4075840,150000,0
2022-06-02,Billing,Sub_23,App_06,Payment / merchant,7,7,7,1290402,140000,0
2022-06-02,Billing,Sub_10,App_39,Payment / merchant,19,8,6,22942593,120000,260000
2022-06-02,Marketplace,Sub_25,App_102,Payment / merchant,9,9,9,3649130,90000,0
2022-06-02,Billing,Sub_30,App_103,Payment / merchant,6,4,4,940000,90000,40000
2022-06-02,Billing,Sub_31,App_04,Payment / merchant,5,4,3,260000,60000,40000
2022-06-02,Retail,Sub_06,App_29,Payment / merchant,3,3,3,167999,60000,0
2022-06-02,Retail,Sub_20,App_22,Payment / merchant,2,2,2,1735474,60000,0
2022-06-02,Billing,Sub_30,App_09,Payment / merchant,2,2,2,535000,40000,0
2022-06-02,Billing,Sub_35,App_96,Payment / merchant,2,2,2,609070,40000,0
2022-06-02,FnB,Sub_16,App_82,Payment / merchant,2,2,2,200000,40000,0
2022-06-02,FnB,Sub_08,App_56,Payment / merchant,2,2,2,335000,30000,0
2022-06-02,Marketplace,Sub_25,App_100,Payment / merchant,3,3,3,1146000,30000,0
2022-06-02,Retail,Sub_04,App_38,Payment / merchant,1,1,1,102000,30000,0
2022-06-02,Telco,Sub_09,App_92,Payment / merchant,3,2,3,150000,25000,0
2022-06-02,Retail,Sub_06,App_42,Payment / merchant,1,1,1,101000,20000,0
2022-06-02,Retail,Sub_06,App_46,Payment / merchant,1,1,1,53000,20000,0
2022-06-02,Traveling,Sub_33,App_03,Payment / merchant,1,1,1,420000,20000,0
2022-06-02,Traveling,Sub_01,App_45,Payment / merchant,1,1,1,520000,20000,0
2022-06-02,Billing,Sub_35,App_26,Payment / merchant,1,1,1,162150,20000,0
2022-06-02,Billing,Sub_35,App_28,Payment / merchant,1,1,1,666267,20000,0
2022-06-02,Billing,Sub_10,App_30,Payment / merchant,4,4,1,8033116,20000,60000
2022-06-02,Entertainment,Sub_34,App_05,Payment / merchant,1,1,1,165000,10000,0
2022-06-02,Telco,Sub_29,App_15,Payment / merchant,2,1,1,160000,10000,10000
2022-06-02,Traveling,Sub_02,App_21,Payment / merchant,1,1,0,3447000,0,100000
2022-06-02,RST,Sub_18,App_17,Payment / merchant,1,1,0,84000,0,10000
2022-06-03,Non-payment/Unknown,Sub_27,App_52,Non-payment / reward / unknown,869,453,869,43450000,43450000,0
2022-06-03,Billing,Sub_15,App_33,Payment / merchant,87,70,67,48238258,2345000,700000
2022-06-03,Billing,Sub_30,App_08,Payment / merchant,57,56,54,10233053,1620000,90000
2022-06-03,Telco,Sub_32,App_64,Payment / merchant,164,158,144,5530000,1440000,200000
2022-06-03,Telco,Sub_05,App_93,Payment / merchant,162,149,111,3940000,1110000,510000
2022-06-03,Billing,Sub_35,App_65,Payment / merchant,63,62,55,4341327,1100000,160000
2022-06-03,Billing,Sub_23,App_06,Payment / merchant,66,60,52,11292811,1040000,280000
2022-06-03,Retail,Sub_20,App_44,Payment / merchant,27,25,21,10974300,630000,180000
2022-06-03,Game,Sub_19,App_31,Payment / merchant,39,38,35,6436985,580000,80000
2022-06-03,Movies,Sub_07,App_23,Payment / merchant,20,20,17,4023362,560000,120000
2022-06-03,Marketplace,Sub_25,App_101,Payment / merchant,45,42,41,12552632,475000,60000
2022-06-03,Billing,Sub_30,App_13,Payment / merchant,30,29,16,2865000,450000,420000
2022-06-03,Billing,Sub_23,App_25,Payment / merchant,25,24,20,6036651,400000,100000
2022-06-03,Billing,Sub_23,App_53,Payment / merchant,16,15,13,1823000,260000,60000
2022-06-03,Movies,Sub_07,App_24,Payment / merchant,11,11,11,3247272,260000,0
2022-06-03,Billing,Sub_15,App_36,Payment / merchant,9,9,6,1644581,210000,105000
2022-06-03,Traveling,Sub_02,App_21,Payment / merchant,1,1,1,8315000,200000,0
2022-06-03,Billing,Sub_15,App_34,Payment / merchant,6,5,5,2644330,175000,35000
2022-06-03,Marketplace,Sub_25,App_59,Payment / merchant,34,28,26,32137722,165000,80000
2022-06-03,Billing,Sub_30,App_103,Payment / merchant,11,6,6,2372000,160000,100000
2022-06-03,Billing,Sub_35,App_28,Payment / merchant,8,8,8,1424012,160000,0
2022-06-03,Billing,Sub_15,App_35,Payment / merchant,4,4,4,1529158,140000,0
2022-06-03,Billing,Sub_35,App_96,Payment / merchant,8,8,7,2213599,140000,20000
2022-06-03,Telco,Sub_11,App_63,Payment / merchant,30,25,24,858000,135000,30000
2022-06-03,Traveling,Sub_02,App_11,Payment / merchant,1,1,1,3447320,100000,0
2022-06-03,Billing,Sub_10,App_39,Payment / merchant,6,5,5,6356667,100000,20000
2022-06-03,Retail,Sub_26,App_19,Payment / merchant,3,3,3,1501000,90000,0
2022-06-03,Billing,Sub_31,App_04,Payment / merchant,5,5,4,660000,80000,20000
2022-06-03,Billing,Sub_10,App_49,Payment / merchant,3,3,3,5406000,60000,0
2022-06-03,Retail,Sub_06,App_42,Payment / merchant,3,3,3,265000,60000,0
2022-06-03,Billing,Sub_14,App_88,Payment / merchant,2,2,2,2839000,50000,0
2022-06-03,Billing,Sub_10,App_89,Payment / merchant,2,2,2,7135872,40000,0
2022-06-03,Billing,Sub_10,App_30,Payment / merchant,2,2,2,3782558,40000,0
2022-06-03,Retail,Sub_06,App_29,Payment / merchant,2,2,2,107000,40000,0
2022-06-03,Billing,Sub_35,App_75,Payment / merchant,2,2,2,1910207,40000,0
2022-06-03,Marketplace,Sub_25,App_102,Payment / merchant,4,4,4,600000,40000,0
2022-06-03,Marketplace,Sub_25,App_100,Payment / merchant,3,3,3,1496000,35000,0
2022-06-03,Entertainment,Sub_34,App_05,Payment / merchant,1,1,1,249000,30000,0
2022-06-03,FnB,Sub_16,App_57,Payment / merchant,1,1,1,156250,30000,0
2022-06-03,Retail,Sub_26,App_18,Payment / merchant,1,1,1,1177000,30000,0
2022-06-03,Traveling,Sub_33,App_10,Payment / merchant,2,1,1,640000,30000,30000
2022-06-03,Traveling,Sub_33,App_03,Payment / merchant,1,1,1,400000,20000,0
2022-06-03,Telco,Sub_29,App_07,Payment / merchant,2,2,2,231450,20000,0
2022-06-03,RST,Sub_18,App_17,Payment / merchant,2,2,2,146000,20000,0
2022-06-03,FnB,Sub_16,App_82,Payment / merchant,2,2,1,432000,20000,20000
2022-06-03,Billing,Sub_35,App_69,Payment / merchant,1,1,1,601505,20000,0
2022-06-03,Retail,Sub_04,App_41,Payment / merchant,1,1,1,483700,20000,0
2022-06-03,Retail,Sub_06,App_01,Payment / merchant,1,1,1,53000,20000,0
2022-06-03,Billing,Sub_10,App_50,Payment / merchant,1,1,1,5047000,20000,0
2022-06-03,Billing,Sub_10,App_60,Payment / merchant,1,1,1,1079000,20000,0
2022-06-03,Telco,Sub_09,App_92,Payment / merchant,1,1,1,30000,10000,0
2022-06-03,Telco,Sub_29,App_15,Payment / merchant,1,1,1,200000,10000,0
2022-06-04,Non-payment/Unknown,Sub_27,App_52,Non-payment / reward / unknown,975,500,975,48750000,48750000,0
2022-06-04,Billing,Sub_30,App_08,Payment / merchant,82,79,72,14738902,2060000,280000
2022-06-04,Billing,Sub_35,App_65,Payment / merchant,128,109,98,10103652,1960000,600000
2022-06-04,Telco,Sub_32,App_64,Payment / merchant,212,200,196,6420000,1960000,160000
2022-06-04,Telco,Sub_05,App_93,Payment / merchant,147,141,116,3120000,1160000,310000
2022-06-04,Billing,Sub_23,App_06,Payment / merchant,59,54,51,9824271,1020000,160000
2022-06-04,Retail,Sub_26,App_18,Payment / merchant,70,38,32,25104000,960000,1140000
2022-06-04,Billing,Sub_15,App_33,Payment / merchant,37,28,26,15258415,910000,385000
2022-06-04,Billing,Sub_30,App_13,Payment / merchant,67,39,30,6585000,860000,1090000
2022-06-04,Billing,Sub_23,App_53,Payment / merchant,44,42,40,2690000,800000,80000
2022-06-04,Movies,Sub_07,App_23,Payment / merchant,20,18,18,3745814,660000,80000
2022-06-04,Billing,Sub_15,App_36,Payment / merchant,31,20,18,6409438,630000,455000
2022-06-04,Retail,Sub_20,App_44,Payment / merchant,21,20,16,9877400,480000,150000
2022-06-04,Game,Sub_19,App_31,Payment / merchant,22,22,22,5821000,305000,0
2022-06-04,Billing,Sub_23,App_25,Payment / merchant,15,12,12,3290184,240000,60000
2022-06-04,Billing,Sub_31,App_04,Payment / merchant,16,14,12,750000,240000,80000
2022-06-04,Billing,Sub_15,App_35,Payment / merchant,11,8,6,12795301,210000,175000
2022-06-04,Marketplace,Sub_25,App_59,Payment / merchant,30,28,27,24297125,205000,30000
2022-06-04,Traveling,Sub_02,App_47,Payment / merchant,1,1,1,7654500,200000,0
2022-06-04,Telco,Sub_11,App_63,Payment / merchant,43,39,33,1162000,175000,60000
2022-06-04,Marketplace,Sub_25,App_101,Payment / merchant,12,12,12,3134140,145000,0
2022-06-04,Billing,Sub_35,App_96,Payment / merchant,8,8,7,1076966,140000,20000
2022-06-04,Billing,Sub_35,App_28,Payment / merchant,9,9,6,820165,120000,60000
2022-06-04,Billing,Sub_10,App_39,Payment / merchant,6,5,4,6039791,80000,40000
2022-06-04,Billing,Sub_10,App_49,Payment / merchant,4,4,4,7428000,80000,0
2022-06-04,Retail,Sub_06,App_29,Payment / merchant,4,4,4,236000,80000,0
2022-06-04,Billing,Sub_15,App_34,Payment / merchant,3,2,2,792982,70000,35000
2022-06-04,Retail,Sub_20,App_22,Payment / merchant,2,2,2,1453108,60000,0
2022-06-04,Telco,Sub_29,App_07,Payment / merchant,6,6,6,1018417,60000,0
2022-06-04,Retail,Sub_04,App_41,Payment / merchant,2,2,2,743321,50000,0
2022-06-04,Billing,Sub_14,App_88,Payment / merchant,2,2,2,3095000,50000,0
2022-06-04,Movies,Sub_07,App_24,Payment / merchant,4,3,2,804000,50000,80000
2022-06-04,Marketplace,Sub_25,App_102,Payment / merchant,7,7,4,1071800,40000,30000
2022-06-04,Billing,Sub_30,App_103,Payment / merchant,2,2,2,340000,40000,0
2022-06-04,Billing,Sub_10,App_60,Payment / merchant,3,3,2,4989000,40000,20000
2022-06-04,Billing,Sub_10,App_61,Payment / merchant,2,2,2,2000000,40000,0
2022-06-04,RST,Sub_18,App_17,Payment / merchant,4,3,4,332000,40000,0
2022-06-04,Telco,Sub_29,App_15,Payment / merchant,4,4,4,624857,40000,0
2022-06-04,Billing,Sub_30,App_09,Payment / merchant,1,1,1,160000,30000,0
2022-06-04,FnB,Sub_16,App_57,Payment / merchant,1,1,1,141950,30000,0
2022-06-04,FnB,Sub_28,App_80,Payment / merchant,1,1,1,117000,30000,0
2022-06-04,Billing,Sub_35,App_69,Payment / merchant,1,1,1,112371,20000,0
2022-06-04,Billing,Sub_35,App_76,Payment / merchant,1,1,1,320138,20000,0
2022-06-04,Billing,Sub_10,App_89,Payment / merchant,1,1,1,1237441,20000,0
2022-06-04,Billing,Sub_31,App_104,Payment / merchant,1,1,1,40000,20000,0
2022-06-04,Traveling,Sub_33,App_40,Payment / merchant,1,1,1,245000,20000,0
2022-06-04,Retail,Sub_06,App_42,Payment / merchant,1,1,1,51000,20000,0
2022-06-04,Telco,Sub_09,App_92,Payment / merchant,2,2,2,120000,15000,0
2022-06-04,Billing,Sub_22,App_85,Payment / merchant,1,1,1,66000,10000,0
2022-06-04,Marketplace,Sub_25,App_100,Payment / merchant,1,1,1,999872,10000,0
2022-06-04,FnB,Sub_16,App_82,Payment / merchant,2,1,0,1100000,0,40000
2022-06-04,Traveling,Sub_02,App_11,Payment / merchant,4,1,0,51203840,0,400000
2022-06-04,Billing,Sub_10,App_30,Payment / merchant,1,1,0,2751000,0,20000
2022-06-05,Non-payment/Unknown,Sub_27,App_52,Non-payment / reward / unknown,947,503,947,47350000,47350000,0
2022-06-05,Telco,Sub_32,App_64,Payment / merchant,254,241,237,8410000,2370000,170000
2022-06-05,Billing,Sub_35,App_65,Payment / merchant,125,118,104,8882801,2080000,420000
2022-06-05,Billing,Sub_30,App_08,Payment / merchant,82,81,69,13756794,1920000,370000
2022-06-05,Billing,Sub_15,App_33,Payment / merchant,82,52,44,35918789,1540000,1330000
2022-06-05,Retail,Sub_20,App_44,Payment / merchant,58,55,50,23678900,1500000,240000
2022-06-05,Telco,Sub_05,App_93,Payment / merchant,177,167,134,3770000,1340000,430000
2022-06-05,Movies,Sub_07,App_23,Payment / merchant,44,42,37,9175996,1270000,250000
2022-06-05,Retail,Sub_26,App_18,Payment / merchant,55,43,36,19580000,1080000,570000
2022-06-05,Billing,Sub_23,App_06,Payment / merchant,64,59,51,11619882,1020000,260000
2022-06-05,Billing,Sub_30,App_13,Payment / merchant,56,35,26,5500000,760000,900000
2022-06-05,Retail,Sub_20,App_86,Payment / merchant,30,26,25,12465000,750000,150000
2022-06-05,Traveling,Sub_02,App_11,Payment / merchant,4,4,4,24802000,650000,0
2022-06-05,Billing,Sub_35,App_28,Payment / merchant,31,30,29,1673803,580000,40000
2022-06-05,Billing,Sub_23,App_53,Payment / merchant,27,25,22,1600000,440000,100000
2022-06-05,Billing,Sub_15,App_36,Payment / merchant,14,12,11,2653090,385000,105000
2022-06-05,Billing,Sub_15,App_35,Payment / merchant,11,10,10,5412445,350000,35000
2022-06-05,Billing,Sub_23,App_25,Payment / merchant,18,17,15,5382191,300000,60000
2022-06-05,Marketplace,Sub_25,App_101,Payment / merchant,23,22,23,6415870,295000,0
2022-06-05,Billing,Sub_31,App_04,Payment / merchant,14,14,14,780000,280000,0
2022-06-05,Game,Sub_19,App_31,Payment / merchant,17,17,17,3737800,250000,0
2022-06-05,Billing,Sub_35,App_96,Payment / merchant,17,13,11,2259853,220000,120000
2022-06-05,Billing,Sub_15,App_34,Payment / merchant,9,6,6,4843625,210000,105000
2022-06-05,Billing,Sub_30,App_103,Payment / merchant,8,8,8,1295000,190000,0
2022-06-05,Telco,Sub_11,App_63,Payment / merchant,37,29,30,1379000,165000,45000
2022-06-05,Traveling,Sub_02,App_47,Payment / merchant,1,1,1,4714000,150000,0
2022-06-05,Billing,Sub_15,App_37,Payment / merchant,11,4,4,1491711,140000,245000
2022-06-05,Billing,Sub_31,App_104,Payment / merchant,6,6,6,250000,120000,0
2022-06-05,FnB,Sub_16,App_82,Payment / merchant,7,7,5,703000,100000,40000
2022-06-05,Marketplace,Sub_25,App_59,Payment / merchant,19,18,17,8501859,100000,20000
2022-06-05,Retail,Sub_20,App_22,Payment / merchant,4,3,4,5194659,80000,0
2022-06-05,Billing,Sub_30,App_09,Payment / merchant,3,3,3,1754000,80000,0
2022-06-05,Billing,Sub_10,App_39,Payment / merchant,3,3,3,5298039,60000,0
2022-06-05,Billing,Sub_10,App_49,Payment / merchant,3,3,3,4467000,60000,0
2022-06-05,Marketplace,Sub_25,App_100,Payment / merchant,5,5,5,1779920,60000,0
2022-06-05,Retail,Sub_06,App_29,Payment / merchant,3,3,3,157999,60000,0
2022-06-05,Retail,Sub_06,App_42,Payment / merchant,3,3,3,281000,60000,0
2022-06-05,Movies,Sub_07,App_24,Payment / merchant,4,3,2,662000,50000,80000
2022-06-05,Telco,Sub_29,App_15,Payment / merchant,6,5,5,1262850,50000,10000
2022-06-05,Telco,Sub_09,App_92,Payment / merchant,8,2,8,540000,45000,0
2022-06-05,Billing,Sub_10,App_61,Payment / merchant,3,2,2,3000000,40000,20000
2022-06-05,Billing,Sub_35,App_27,Payment / merchant,2,2,2,453207,40000,0
2022-06-05,Billing,Sub_30,App_55,Payment / merchant,1,1,1,175000,30000,0
2022-06-05,Telco,Sub_29,App_07,Payment / merchant,3,3,3,1451635,30000,0
2022-06-05,Marketplace,Sub_25,App_102,Payment / merchant,4,4,3,600000,30000,10000
2022-06-05,Entertainment,Sub_34,App_05,Payment / merchant,1,1,1,79000,30000,0
2022-06-05,Billing,Sub_35,App_72,Payment / merchant,1,1,1,224700,20000,0
2022-06-05,Billing,Sub_35,App_74,Payment / merchant,1,1,1,237502,20000,0
2022-06-05,Traveling,Sub_33,App_40,Payment / merchant,1,1,1,1080000,20000,0
2022-06-05,FnB,Sub_08,App_56,Payment / merchant,1,1,1,60000,15000,0
2022-06-05,RST,Sub_18,App_17,Payment / merchant,1,1,1,67000,10000,0
2022-06-06,Non-payment/Unknown,Sub_27,App_52,Non-payment / reward / unknown,931,455,931,46550000,46550000,0
2022-06-06,Billing,Sub_30,App_08,Payment / merchant,158,156,142,23025645,4180000,480000
2022-06-06,Telco,Sub_32,App_64,Payment / merchant,208,200,182,7390000,1820000,260000
2022-06-06,Billing,Sub_35,App_65,Payment / merchant,80,80,76,5745042,1520000,80000
2022-06-06,Telco,Sub_05,App_93,Payment / merchant,171,164,133,4000000,1330000,380000
2022-06-06,Retail,Sub_20,App_44,Payment / merchant,51,46,44,20709500,1320000,210000
2022-06-06,Billing,Sub_15,App_33,Payment / merchant,50,41,36,24794729,1260000,490000
2022-06-06,Billing,Sub_15,App_36,Payment / merchant,70,47,34,10946605,1190000,1260000
2022-06-06,Retail,Sub_26,App_18,Payment / merchant,42,37,35,15120000,1050000,210000
2022-06-06,Billing,Sub_23,App_06,Payment / merchant,59,57,50,7080061,1000000,180000
2022-06-06,Retail,Sub_20,App_86,Payment / merchant,31,29,29,12879100,870000,60000
2022-06-06,Billing,Sub_23,App_53,Payment / merchant,53,52,40,2900000,800000,260000
2022-06-06,Movies,Sub_07,App_23,Payment / merchant,18,17,12,3832090,450000,240000
2022-06-06,Billing,Sub_15,App_37,Payment / merchant,14,13,12,8474618,420000,70000
2022-06-06,Movies,Sub_07,App_24,Payment / merchant,13,12,11,2815454,350000,80000
2022-06-06,Marketplace,Sub_25,App_101,Payment / merchant,31,25,24,7818815,300000,105000
2022-06-06,Game,Sub_19,App_31,Payment / merchant,21,21,21,6759800,285000,0
2022-06-06,Billing,Sub_35,App_96,Payment / merchant,18,17,14,2963711,280000,80000
2022-06-06,Billing,Sub_23,App_25,Payment / merchant,14,14,13,2591870,260000,20000
2022-06-06,Marketplace,Sub_25,App_59,Payment / merchant,27,27,26,12861346,185000,10000
2022-06-06,Billing,Sub_31,App_04,Payment / merchant,9,9,9,360000,180000,0
2022-06-06,Billing,Sub_15,App_34,Payment / merchant,9,6,5,4709013,175000,140000
2022-06-06,Billing,Sub_35,App_28,Payment / merchant,9,9,8,694630,160000,20000
2022-06-06,Billing,Sub_30,App_103,Payment / merchant,6,6,5,1065000,130000,30000
2022-06-06,Retail,Sub_06,App_29,Payment / merchant,6,6,6,437000,120000,0
2022-06-06,Telco,Sub_11,App_63,Payment / merchant,22,19,17,950000,95000,30000
2022-06-06,Telco,Sub_29,App_07,Payment / merchant,8,8,8,1164720,80000,0
2022-06-06,Billing,Sub_30,App_13,Payment / merchant,7,6,3,650000,80000,120000
2022-06-06,Billing,Sub_35,App_74,Payment / merchant,4,4,4,396494,80000,0
2022-06-06,Billing,Sub_10,App_49,Payment / merchant,5,5,4,12268000,80000,20000
2022-06-06,Billing,Sub_15,App_35,Payment / merchant,2,2,2,560321,70000,0
2022-06-06,Billing,Sub_10,App_61,Payment / merchant,3,3,3,3001000,60000,0
2022-06-06,Billing,Sub_10,App_39,Payment / merchant,3,3,3,4070000,60000,0
2022-06-06,Billing,Sub_14,App_88,Payment / merchant,2,2,2,3345000,50000,0
2022-06-06,Telco,Sub_29,App_15,Payment / merchant,5,5,5,403092,50000,0
2022-06-06,Billing,Sub_31,App_104,Payment / merchant,2,2,2,540000,40000,0
2022-06-06,Billing,Sub_35,App_27,Payment / merchant,2,2,2,807216,40000,0
2022-06-06,Retail,Sub_06,App_42,Payment / merchant,2,2,2,117000,40000,0
2022-06-06,Marketplace,Sub_25,App_100,Payment / merchant,4,4,4,5116000,40000,0
2022-06-06,FnB,Sub_16,App_57,Payment / merchant,1,1,1,100000,30000,0
2022-06-06,FnB,Sub_28,App_32,Payment / merchant,1,1,1,198000,30000,0
2022-06-06,Billing,Sub_30,App_09,Payment / merchant,1,1,1,235000,30000,0
2022-06-06,Billing,Sub_35,App_77,Payment / merchant,1,1,1,118751,20000,0
2022-06-06,Movies,Sub_07,App_83,Payment / merchant,2,2,2,573000,20000,0
2022-06-06,Retail,Sub_04,App_41,Payment / merchant,1,1,1,680546,20000,0
2022-06-06,Retail,Sub_06,App_01,Payment / merchant,1,1,1,50000,20000,0
2022-06-06,Billing,Sub_10,App_60,Payment / merchant,1,1,1,1406000,20000,0
2022-06-06,FnB,Sub_08,App_98,Payment / merchant,1,1,1,59000,15000,0
2022-06-06,Marketplace,Sub_25,App_102,Payment / merchant,3,3,1,450000,10000,20000
2022-06-06,Billing,Sub_22,App_85,Payment / merchant,1,1,1,66000,10000,0
2022-06-06,RST,Sub_18,App_17,Payment / merchant,1,1,1,60000,10000,0
2022-06-06,Telco,Sub_09,App_92,Payment / merchant,1,1,1,30000,10000,0
2022-06-07,Non-payment/Unknown,Sub_27,App_52,Non-payment / reward / unknown,815,430,815,40750000,40750000,0
2022-06-07,Billing,Sub_30,App_08,Payment / merchant,139,138,121,23208757,3520000,540000
2022-06-07,Telco,Sub_32,App_64,Payment / merchant,225,212,198,7760000,1980000,270000
2022-06-07,Billing,Sub_23,App_06,Payment / merchant,97,89,82,11726998,1640000,300000
2022-06-07,Retail,Sub_20,App_86,Payment / merchant,45,45,45,18697500,1350000,0
2022-06-07,Billing,Sub_35,App_65,Payment / merchant,79,75,65,5503371,1300000,280000
2022-06-07,Telco,Sub_05,App_93,Payment / merchant,139,127,102,3320000,1020000,370000
2022-06-07,Billing,Sub_15,App_37,Payment / merchant,28,27,26,11456090,910000,70000
2022-06-07,Billing,Sub_15,App_33,Payment / merchant,47,29,26,25527679,910000,735000
2022-06-07,Marketplace,Sub_25,App_59,Payment / merchant,129,129,128,78201646,880000,10000
2022-06-07,Billing,Sub_15,App_36,Payment / merchant,52,31,20,8468442,700000,1120000
2022-06-07,Retail,Sub_26,App_18,Payment / merchant,20,19,18,7142000,540000,60000
2022-06-07,Marketplace,Sub_25,App_101,Payment / merchant,45,37,39,17622347,470000,60000
2022-06-07,Movies,Sub_07,App_24,Payment / merchant,18,13,13,3199000,460000,200000
2022-06-07,Billing,Sub_35,App_96,Payment / merchant,24,24,23,4321653,460000,20000
2022-06-07,Retail,Sub_20,App_44,Payment / merchant,15,15,14,6311300,420000,30000
2022-06-07,Game,Sub_19,App_31,Payment / merchant,31,28,28,8343050,380000,45000
2022-06-07,Billing,Sub_15,App_34,Payment / merchant,16,12,10,5633424,350000,210000
2022-06-07,Billing,Sub_15,App_35,Payment / merchant,12,11,10,4508497,350000,70000
2022-06-07,FnB,Sub_16,App_82,Payment / merchant,20,17,17,2000000,340000,60000
2022-06-07,Billing,Sub_23,App_53,Payment / merchant,16,16,13,800000,260000,60000
2022-06-07,Billing,Sub_31,App_04,Payment / merchant,14,13,13,780000,260000,20000
2022-06-07,Movies,Sub_07,App_23,Payment / merchant,12,11,8,2385180,260000,160000
2022-06-07,Billing,Sub_23,App_25,Payment / merchant,9,9,9,3008834,180000,0
2022-06-07,Billing,Sub_35,App_28,Payment / merchant,8,8,8,458681,160000,0
2022-06-07,Billing,Sub_30,App_103,Payment / merchant,5,5,5,945000,120000,0
2022-06-07,Telco,Sub_11,App_63,Payment / merchant,23,23,20,859000,115000,15000
2022-06-07,FnB,Sub_17,App_43,Payment / merchant,2,2,2,1340040,100000,0
2022-06-07,Billing,Sub_10,App_49,Payment / merchant,5,4,4,11539000,80000,20000
2022-06-07,Telco,Sub_09,App_92,Payment / merchant,9,8,9,550000,70000,0
2022-06-07,Telco,Sub_29,App_15,Payment / merchant,6,6,6,584720,60000,0
2022-06-07,Marketplace,Sub_25,App_100,Payment / merchant,5,5,5,1251780,60000,0
2022-06-07,Retail,Sub_04,App_38,Payment / merchant,2,2,2,417000,60000,0
2022-06-07,Billing,Sub_10,App_39,Payment / merchant,6,6,3,8611000,60000,60000
2022-06-07,FnB,Sub_28,App_32,Payment / merchant,2,2,2,566500,60000,0
2022-06-07,Billing,Sub_30,App_13,Payment / merchant,2,2,2,150000,50000,0
2022-06-07,Billing,Sub_31,App_104,Payment / merchant,2,2,2,250000,40000,0
2022-06-07,Billing,Sub_35,App_77,Payment / merchant,2,2,2,175341,40000,0
2022-06-07,Movies,Sub_07,App_83,Payment / merchant,1,1,1,210000,40000,0
2022-06-07,Retail,Sub_04,App_41,Payment / merchant,1,1,1,125950,30000,0
2022-06-07,Retail,Sub_20,App_22,Payment / merchant,1,1,1,649832,30000,0
2022-06-07,FnB,Sub_16,App_57,Payment / merchant,1,1,1,166000,30000,0
2022-06-07,Billing,Sub_35,App_74,Payment / merchant,1,1,1,102108,20000,0
2022-06-07,Billing,Sub_35,App_76,Payment / merchant,1,1,1,86524,20000,0
2022-06-07,Billing,Sub_35,App_66,Payment / merchant,1,1,1,284625,20000,0
2022-06-07,Billing,Sub_10,App_61,Payment / merchant,1,1,1,1302964,20000,0
2022-06-07,Retail,Sub_06,App_29,Payment / merchant,1,1,1,53000,20000,0
2022-06-07,Marketplace,Sub_25,App_102,Payment / merchant,2,2,2,351716,20000,0
2022-06-07,Telco,Sub_29,App_07,Payment / merchant,2,2,2,449044,20000,0
2022-06-07,Traveling,Sub_01,App_45,Payment / merchant,1,1,1,250000,20000,0
2022-06-07,Traveling,Sub_33,App_02,Payment / merchant,1,1,1,660000,20000,0
2022-06-07,FnB,Sub_03,App_84,Payment / merchant,1,1,1,63000,15000,0
2022-06-07,FnB,Sub_08,App_98,Payment / merchant,1,1,1,49000,15000,0
2022-06-07,RST,Sub_18,App_17,Payment / merchant,1,1,1,65000,10000,0
2022-06-07,Billing,Sub_10,App_60,Payment / merchant,1,1,0,1869000,0,20000
2022-06-08,Non-payment/Unknown,Sub_27,App_52,Non-payment / reward / unknown,834,394,834,41700000,41700000,0
2022-06-08,Billing,Sub_30,App_08,Payment / merchant,188,182,170,29851936,4980000,540000
2022-06-08,Billing,Sub_15,App_36,Payment / merchant,100,90,85,16158608,2975000,525000
2022-06-08,Billing,Sub_35,App_65,Payment / merchant,127,124,112,6966588,2240000,300000
2022-06-08,Billing,Sub_15,App_37,Payment / merchant,82,67,57,20066117,1995000,875000
2022-06-08,Billing,Sub_15,App_35,Payment / merchant,140,72,56,43575011,1960000,2940000
2022-06-08,Telco,Sub_32,App_64,Payment / merchant,183,172,166,6060000,1660000,170000
2022-06-08,Retail,Sub_20,App_44,Payment / merchant,54,52,50,23541800,1500000,120000
2022-06-08,Telco,Sub_05,App_93,Payment / merchant,184,173,145,4130000,1450000,390000
2022-06-08,Movies,Sub_07,App_23,Payment / merchant,43,43,35,9339622,1370000,290000
2022-06-08,Billing,Sub_15,App_34,Payment / merchant,53,40,32,18357011,1120000,735000
2022-06-08,Billing,Sub_23,App_06,Payment / merchant,65,61,52,10748644,1040000,260000
2022-06-08,Billing,Sub_30,App_13,Payment / merchant,34,31,25,3280000,730000,240000
2022-06-08,Billing,Sub_15,App_33,Payment / merchant,37,24,17,24358032,595000,700000
2022-06-08,Retail,Sub_20,App_86,Payment / merchant,23,22,18,9556500,540000,150000
2022-06-08,Billing,Sub_23,App_53,Payment / merchant,28,28,26,1787000,520000,40000
2022-06-08,Movies,Sub_07,App_24,Payment / merchant,22,19,16,3939000,490000,210000
2022-06-08,Game,Sub_19,App_31,Payment / merchant,33,33,33,6978250,480000,0
2022-06-08,Billing,Sub_31,App_04,Payment / merchant,17,17,17,1040000,340000,0
2022-06-08,Marketplace,Sub_25,App_59,Payment / merchant,45,44,44,34607818,270000,5000
2022-06-08,FnB,Sub_16,App_82,Payment / merchant,13,13,13,1300000,260000,0
2022-06-08,Marketplace,Sub_25,App_101,Payment / merchant,40,19,21,9588216,260000,230000
2022-06-08,Billing,Sub_23,App_25,Payment / merchant,10,10,10,2503000,200000,0
2022-06-08,Billing,Sub_35,App_28,Payment / merchant,9,9,9,677894,180000,0
2022-06-08,Billing,Sub_35,App_96,Payment / merchant,12,10,9,1264738,180000,60000
2022-06-08,Billing,Sub_30,App_103,Payment / merchant,6,5,5,810000,140000,30000
2022-06-08,Billing,Sub_35,App_74,Payment / merchant,6,6,5,437658,100000,20000
2022-06-08,Billing,Sub_30,App_09,Payment / merchant,3,3,3,2075000,90000,0
2022-06-08,Marketplace,Sub_25,App_102,Payment / merchant,11,8,9,13718119,90000,20000
2022-06-08,Telco,Sub_11,App_63,Payment / merchant,18,17,15,387000,85000,15000
2022-06-08,Retail,Sub_26,App_18,Payment / merchant,5,4,3,2573000,70000,60000
2022-06-08,Billing,Sub_15,App_95,Payment / merchant,2,2,2,634862,70000,0
2022-06-08,FnB,Sub_16,App_57,Payment / merchant,2,2,2,325000,60000,0
2022-06-08,Retail,Sub_06,App_29,Payment / merchant,3,3,3,179999,60000,0
2022-06-08,Retail,Sub_20,App_22,Payment / merchant,3,3,2,4937755,60000,30000
2022-06-08,Movies,Sub_07,App_83,Payment / merchant,1,1,1,125000,40000,0
2022-06-08,Billing,Sub_31,App_104,Payment / merchant,2,2,2,190000,40000,0
2022-06-08,Billing,Sub_35,App_26,Payment / merchant,2,2,2,248500,40000,0
2022-06-08,Billing,Sub_10,App_61,Payment / merchant,2,2,2,2000000,40000,0
2022-06-08,Billing,Sub_10,App_49,Payment / merchant,3,2,2,6532000,40000,20000
2022-06-08,Marketplace,Sub_25,App_100,Payment / merchant,3,3,3,1171400,35000,0
2022-06-08,Retail,Sub_04,App_38,Payment / merchant,1,1,1,100000,30000,0
2022-06-08,Telco,Sub_09,App_92,Payment / merchant,5,5,4,340000,30000,10000
2022-06-08,Billing,Sub_14,App_88,Payment / merchant,1,1,1,2313000,25000,0
2022-06-08,Billing,Sub_10,App_90,Payment / merchant,1,1,1,2070000,20000,0
2022-06-08,Billing,Sub_10,App_60,Payment / merchant,1,1,1,1869000,20000,0
2022-06-08,Telco,Sub_29,App_07,Payment / merchant,2,2,2,397730,20000,0
2022-06-08,Retail,Sub_06,App_42,Payment / merchant,1,1,1,84000,20000,0
2022-06-08,Retail,Sub_04,App_41,Payment / merchant,3,1,1,871050,20000,40000
2022-06-08,FnB,Sub_16,App_91,Payment / merchant,1,1,1,267000,20000,0
2022-06-08,Billing,Sub_35,App_68,Payment / merchant,3,1,1,301560,20000,40000
2022-06-08,FnB,Sub_08,App_56,Payment / merchant,2,1,1,108000,15000,15000
2022-06-08,FnB,Sub_08,App_98,Payment / merchant,1,1,1,59000,15000,0
2022-06-08,RST,Sub_18,App_17,Payment / merchant,1,1,1,75000,10000,0
2022-06-09,Non-payment/Unknown,Sub_27,App_52,Non-payment / reward / unknown,824,415,824,41200000,41200000,0
2022-06-09,Billing,Sub_30,App_08,Payment / merchant,173,167,161,24643686,4620000,350000
2022-06-09,Billing,Sub_15,App_36,Payment / merchant,151,99,84,33267744,2940000,2345000
2022-06-09,Billing,Sub_15,App_37,Payment / merchant,100,78,65,29081138,2275000,1225000
2022-06-09,Billing,Sub_15,App_35,Payment / merchant,176,69,63,42842415,2205000,3955000
2022-06-09,Retail,Sub_20,App_44,Payment / merchant,77,75,68,31425900,2040000,270000
2022-06-09,Telco,Sub_05,App_93,Payment / merchant,202,194,171,4420000,1710000,310000
2022-06-09,Billing,Sub_23,App_06,Payment / merchant,87,81,78,8735085,1560000,180000
2022-06-09,Telco,Sub_32,App_64,Payment / merchant,180,156,144,6400000,1440000,360000
2022-06-09,Retail,Sub_20,App_86,Payment / merchant,55,49,45,22852500,1350000,300000
2022-06-09,Billing,Sub_35,App_65,Payment / merchant,78,75,64,5684492,1280000,280000
2022-06-09,Billing,Sub_15,App_34,Payment / merchant,66,44,36,26799866,1260000,1050000
2022-06-09,Movies,Sub_07,App_23,Payment / merchant,32,31,26,7512448,980000,210000
2022-06-09,Billing,Sub_30,App_13,Payment / merchant,53,46,28,5150000,810000,750000
2022-06-09,Movies,Sub_07,App_24,Payment / merchant,23,21,20,3819000,770000,120000
2022-06-09,Billing,Sub_23,App_53,Payment / merchant,35,34,32,1750000,640000,60000
2022-06-09,Billing,Sub_35,App_96,Payment / merchant,28,28,27,2899697,540000,20000
2022-06-09,Retail,Sub_26,App_18,Payment / merchant,21,19,18,7520000,540000,90000
2022-06-09,Billing,Sub_15,App_33,Payment / merchant,22,16,14,12311657,490000,280000
2022-06-09,Game,Sub_19,App_31,Payment / merchant,29,28,28,7424600,410000,20000
2022-06-09,Billing,Sub_31,App_04,Payment / merchant,21,20,18,840000,360000,60000
2022-06-09,Marketplace,Sub_25,App_59,Payment / merchant,45,45,45,33104935,325000,0
2022-06-09,Billing,Sub_35,App_28,Payment / merchant,16,16,16,979173,320000,0
2022-06-09,Marketplace,Sub_25,App_101,Payment / merchant,24,24,24,6360193,295000,0
2022-06-09,Billing,Sub_23,App_25,Payment / merchant,11,11,11,3994700,220000,0
2022-06-09,Telco,Sub_11,App_63,Payment / merchant,37,30,34,612000,180000,15000
2022-06-09,Billing,Sub_35,App_74,Payment / merchant,9,8,7,1083189,140000,40000
2022-06-09,Billing,Sub_10,App_39,Payment / merchant,8,7,7,13520344,140000,20000
2022-06-09,Movies,Sub_07,App_83,Payment / merchant,3,3,3,375000,120000,0
2022-06-09,Retail,Sub_06,App_29,Payment / merchant,6,6,6,362000,120000,0
2022-06-09,Billing,Sub_30,App_103,Payment / merchant,4,4,4,800000,110000,0
2022-06-09,Telco,Sub_09,App_92,Payment / merchant,11,6,11,960000,95000,0
2022-06-09,Retail,Sub_04,App_38,Payment / merchant,2,2,2,401000,60000,0
2022-06-09,Retail,Sub_20,App_22,Payment / merchant,2,2,2,1559687,60000,0
2022-06-09,Retail,Sub_26,App_19,Payment / merchant,2,2,2,766000,60000,0
2022-06-09,Billing,Sub_35,App_77,Payment / merchant,3,3,3,910760,60000,0
2022-06-09,Billing,Sub_35,App_27,Payment / merchant,4,3,3,1229540,60000,20000
2022-06-09,Billing,Sub_10,App_89,Payment / merchant,2,2,2,3341282,40000,0
2022-06-09,Marketplace,Sub_25,App_102,Payment / merchant,6,5,4,900000,40000,20000
2022-06-09,FnB,Sub_16,App_82,Payment / merchant,2,2,2,234000,40000,0
2022-06-09,Telco,Sub_29,App_15,Payment / merchant,4,4,4,573010,40000,0
2022-06-09,Billing,Sub_15,App_95,Payment / merchant,1,1,1,721064,35000,0
2022-06-09,Billing,Sub_30,App_09,Payment / merchant,1,1,1,110000,30000,0
2022-06-09,FnB,Sub_28,App_80,Payment / merchant,1,1,1,244000,30000,0
2022-06-09,FnB,Sub_16,App_57,Payment / merchant,1,1,1,116000,30000,0
2022-06-09,RST,Sub_18,App_17,Payment / merchant,3,3,3,425900,30000,0
2022-06-09,Billing,Sub_14,App_88,Payment / merchant,1,1,1,1420000,25000,0
2022-06-09,Billing,Sub_10,App_90,Payment / merchant,1,1,1,1540000,20000,0
2022-06-09,Billing,Sub_10,App_49,Payment / merchant,1,1,1,1270000,20000,0
2022-06-09,Billing,Sub_10,App_60,Payment / merchant,2,1,1,2530000,20000,20000
2022-06-09,Billing,Sub_10,App_30,Payment / merchant,1,1,1,2104000,20000,0
2022-06-09,Billing,Sub_31,App_104,Payment / merchant,1,1,1,100000,20000,0
2022-06-09,Traveling,Sub_33,App_03,Payment / merchant,1,1,1,210000,20000,0
2022-06-09,Retail,Sub_06,App_46,Payment / merchant,1,1,1,62000,20000,0
2022-06-09,Retail,Sub_04,App_41,Payment / merchant,1,1,1,518205,20000,0
2022-06-09,Marketplace,Sub_25,App_100,Payment / merchant,2,2,2,3102000,20000,0
2022-06-09,FnB,Sub_03,App_84,Payment / merchant,1,1,1,48000,15000,0
2022-06-09,FnB,Sub_08,App_97,Payment / merchant,1,1,1,55000,15000,0
2022-06-09,Telco,Sub_29,App_07,Payment / merchant,1,1,1,154961,10000,0
2022-06-10,Non-payment/Unknown,Sub_27,App_52,Non-payment / reward / unknown,1178,608,1178,58900000,58900000,0
2022-06-10,Billing,Sub_15,App_35,Payment / merchant,515,206,188,117118456,6580000,11445000
2022-06-10,Billing,Sub_15,App_36,Payment / merchant,232,157,140,57190234,4900000,3220000
2022-06-10,Billing,Sub_30,App_08,Payment / merchant,158,150,141,24657456,4110000,500000
2022-06-10,Billing,Sub_15,App_37,Payment / merchant,184,115,99,63252873,3465000,2975000
2022-06-10,Billing,Sub_23,App_06,Payment / merchant,145,140,129,13145791,2580000,320000
2022-06-10,Telco,Sub_32,App_64,Payment / merchant,264,244,224,9130000,2240000,400000
2022-06-10,Telco,Sub_05,App_93,Payment / merchant,234,220,179,5160000,1790000,550000
2022-06-10,Billing,Sub_35,App_65,Payment / merchant,86,86,75,5551641,1500000,220000
2022-06-10,Retail,Sub_20,App_86,Payment / merchant,48,48,47,19931500,1410000,30000
2022-06-10,Movies,Sub_07,App_23,Payment / merchant,42,38,36,8064536,1260000,240000
2022-06-10,Billing,Sub_15,App_34,Payment / merchant,39,37,33,20665785,1155000,210000
2022-06-10,Movies,Sub_07,App_24,Payment / merchant,23,22,21,3227000,810000,80000
2022-06-10,Billing,Sub_35,App_96,Payment / merchant,45,42,40,6758238,800000,100000
2022-06-10,Billing,Sub_15,App_33,Payment / merchant,42,20,19,22546063,665000,805000
2022-06-10,Billing,Sub_35,App_28,Payment / merchant,35,34,30,2657638,600000,100000
2022-06-10,Retail,Sub_26,App_18,Payment / merchant,24,20,19,8281000,570000,150000
2022-06-10,Retail,Sub_20,App_44,Payment / merchant,22,19,16,9168500,480000,180000
2022-06-10,Billing,Sub_30,App_13,Payment / merchant,31,26,17,2850000,470000,410000
2022-06-10,Billing,Sub_23,App_53,Payment / merchant,23,23,23,3325000,460000,0
2022-06-10,Marketplace,Sub_25,App_101,Payment / merchant,36,35,36,13243164,430000,0
2022-06-10,Game,Sub_19,App_31,Payment / merchant,28,27,25,7715345,365000,60000
2022-06-10,Billing,Sub_23,App_25,Payment / merchant,22,17,16,6241800,320000,120000
2022-06-10,Telco,Sub_11,App_63,Payment / merchant,37,35,36,1361000,225000,5000
2022-06-10,Billing,Sub_31,App_04,Payment / merchant,11,11,11,460000,220000,0
2022-06-10,Marketplace,Sub_25,App_59,Payment / merchant,23,23,23,7550010,175000,0
2022-06-10,Retail,Sub_06,App_29,Payment / merchant,8,8,8,473000,160000,0
2022-06-10,Billing,Sub_15,App_95,Payment / merchant,5,4,4,3365193,140000,35000
2022-06-10,Billing,Sub_35,App_74,Payment / merchant,7,7,7,1145098,140000,0
2022-06-10,Billing,Sub_10,App_39,Payment / merchant,7,7,7,12951515,140000,0
2022-06-10,Billing,Sub_10,App_49,Payment / merchant,7,7,7,10323000,140000,0
2022-06-10,Billing,Sub_30,App_103,Payment / merchant,7,4,4,1510000,110000,90000
2022-06-10,Marketplace,Sub_25,App_102,Payment / merchant,14,13,10,2274807,100000,40000
2022-06-10,Billing,Sub_10,App_61,Payment / merchant,4,4,4,4000000,80000,0
2022-06-10,Billing,Sub_10,App_90,Payment / merchant,4,4,4,8619339,80000,0
2022-06-10,Billing,Sub_30,App_09,Payment / merchant,3,3,3,1095000,70000,0
2022-06-10,FnB,Sub_16,App_82,Payment / merchant,3,3,3,305000,60000,0
2022-06-10,Billing,Sub_10,App_89,Payment / merchant,3,3,3,5980780,60000,0
2022-06-10,Marketplace,Sub_25,App_100,Payment / merchant,5,5,5,1157500,60000,0
2022-06-10,FnB,Sub_17,App_43,Payment / merchant,1,1,1,752760,50000,0
2022-06-10,Billing,Sub_35,App_27,Payment / merchant,2,2,2,219905,40000,0
2022-06-10,Traveling,Sub_33,App_03,Payment / merchant,2,2,2,580000,40000,0
2022-06-10,Telco,Sub_29,App_15,Payment / merchant,3,3,3,449531,30000,0
2022-06-10,FnB,Sub_16,App_57,Payment / merchant,1,1,1,100000,30000,0
2022-06-10,Retail,Sub_20,App_22,Payment / merchant,1,1,1,732154,30000,0
2022-06-10,Telco,Sub_09,App_92,Payment / merchant,3,3,3,130000,25000,0
2022-06-10,Billing,Sub_14,App_54,Payment / merchant,1,1,1,636300,25000,0
2022-06-10,Billing,Sub_14,App_88,Payment / merchant,1,1,1,1320000,25000,0
2022-06-10,Billing,Sub_35,App_66,Payment / merchant,1,1,1,45191,20000,0
2022-06-10,Billing,Sub_35,App_70,Payment / merchant,1,1,1,54217,20000,0
2022-06-10,Billing,Sub_35,App_26,Payment / merchant,1,1,1,289500,20000,0
2022-06-10,Billing,Sub_35,App_75,Payment / merchant,1,1,1,401069,20000,0
2022-06-10,Billing,Sub_35,App_76,Payment / merchant,1,1,1,60567,20000,0
2022-06-10,Billing,Sub_35,App_77,Payment / merchant,1,1,1,195091,20000,0
2022-06-10,Billing,Sub_10,App_50,Payment / merchant,1,1,1,1578000,20000,0
2022-06-10,Billing,Sub_10,App_60,Payment / merchant,3,1,1,5877000,20000,40000
2022-06-10,Billing,Sub_10,App_30,Payment / merchant,1,1,1,1125000,20000,0
2022-06-10,RST,Sub_18,App_17,Payment / merchant,2,2,2,160000,20000,0
2022-06-10,Retail,Sub_06,App_42,Payment / merchant,1,1,1,273000,20000,0
2022-06-10,FnB,Sub_08,App_56,Payment / merchant,1,1,1,55000,15000,0
2022-06-10,Billing,Sub_21,App_79,Payment / merchant,1,1,1,16584600,10000,0
2022-06-10,Movies,Sub_07,App_83,Payment / merchant,1,1,1,366000,10000,0
2022-06-10,Telco,Sub_29,App_07,Payment / merchant,1,1,1,262282,10000,0
2022-06-10,Traveling,Sub_02,App_11,Payment / merchant,1,1,0,5877280,0,200000
2022-06-11,Non-payment/Unknown,Sub_27,App_52,Non-payment / reward / unknown,1284,588,1284,64200000,64200000,0
2022-06-11,Billing,Sub_30,App_08,Payment / merchant,227,221,206,38290404,6140000,620000
2022-06-11,Billing,Sub_15,App_36,Payment / merchant,403,165,145,66077994,5075000,9030000
2022-06-11,Billing,Sub_15,App_35,Payment / merchant,156,127,119,52512588,4165000,1295000
2022-06-11,Billing,Sub_15,App_37,Payment / merchant,223,128,115,72745794,4025000,3780000
2022-06-11,Billing,Sub_31,App_04,Payment / merchant,149,149,148,6340000,2960000,20000
2022-06-11,Billing,Sub_23,App_06,Payment / merchant,148,144,138,18129295,2760000,200000
2022-06-11,Movies,Sub_07,App_23,Payment / merchant,74,69,65,13821630,2360000,360000
2022-06-11,Billing,Sub_35,App_96,Payment / merchant,112,112,111,11554312,2220000,20000
2022-06-11,Retail,Sub_20,App_44,Payment / merchant,87,80,70,35567400,2100000,510000
2022-06-11,Telco,Sub_32,App_64,Payment / merchant,198,187,181,6750000,1810000,170000
2022-06-11,Telco,Sub_05,App_93,Payment / merchant,263,223,176,6870000,1760000,870000
2022-06-11,Billing,Sub_15,App_34,Payment / merchant,61,52,46,21372622,1610000,525000
2022-06-11,Billing,Sub_35,App_65,Payment / merchant,76,73,68,5523101,1360000,160000
2022-06-11,Traveling,Sub_02,App_11,Payment / merchant,8,4,6,38447000,1050000,400000
2022-06-11,Billing,Sub_15,App_33,Payment / merchant,48,24,23,31602969,805000,875000
2022-06-11,Retail,Sub_20,App_86,Payment / merchant,31,28,23,12880700,690000,240000
2022-06-11,Game,Sub_19,App_31,Payment / merchant,38,38,36,8186100,435000,40000
2022-06-11,Marketplace,Sub_25,App_101,Payment / merchant,31,30,31,8865245,365000,0
2022-06-11,Movies,Sub_07,App_24,Payment / merchant,9,9,7,1347000,250000,80000
2022-06-11,Billing,Sub_23,App_53,Payment / merchant,15,13,12,2493000,240000,60000
2022-06-11,Marketplace,Sub_25,App_102,Payment / merchant,29,27,23,4519735,230000,60000
2022-06-11,Billing,Sub_15,App_95,Payment / merchant,5,5,5,1645974,175000,0
2022-06-11,Telco,Sub_11,App_63,Payment / merchant,35,33,32,1122000,175000,15000
2022-06-11,Billing,Sub_30,App_13,Payment / merchant,10,9,6,900000,170000,110000
2022-06-11,Billing,Sub_23,App_25,Payment / merchant,12,9,8,2520500,160000,80000
2022-06-11,Billing,Sub_31,App_104,Payment / merchant,7,7,7,280000,140000,0
2022-06-11,Marketplace,Sub_25,App_59,Payment / merchant,22,22,22,9940276,135000,0
2022-06-11,Billing,Sub_35,App_28,Payment / merchant,7,7,6,502141,120000,20000
2022-06-11,Billing,Sub_35,App_75,Payment / merchant,5,5,5,1455393,100000,0
2022-06-11,Billing,Sub_10,App_61,Payment / merchant,6,5,5,6881811,100000,20000
2022-06-11,Billing,Sub_10,App_39,Payment / merchant,7,6,5,10293038,100000,40000
2022-06-11,Billing,Sub_30,App_103,Payment / merchant,3,3,3,2120000,90000,0
2022-06-11,Retail,Sub_26,App_18,Payment / merchant,3,3,3,1470000,90000,0
2022-06-11,Retail,Sub_26,App_19,Payment / merchant,3,3,3,959000,90000,0
2022-06-11,Retail,Sub_06,App_29,Payment / merchant,4,4,4,217000,80000,0
2022-06-11,Traveling,Sub_33,App_03,Payment / merchant,3,3,3,1512500,60000,0
2022-06-11,Billing,Sub_35,App_27,Payment / merchant,3,3,3,398664,60000,0
2022-06-11,Billing,Sub_35,App_73,Payment / merchant,3,3,3,479085,60000,0
2022-06-11,Billing,Sub_10,App_49,Payment / merchant,3,3,3,3659000,60000,0
2022-06-11,Marketplace,Sub_25,App_100,Payment / merchant,4,4,4,5642360,45000,0
2022-06-11,Billing,Sub_35,App_74,Payment / merchant,2,2,2,84822,40000,0
2022-06-11,Retail,Sub_04,App_38,Payment / merchant,1,1,1,103000,30000,0
2022-06-11,FnB,Sub_28,App_32,Payment / merchant,1,1,1,254500,30000,0
2022-06-11,FnB,Sub_28,App_81,Payment / merchant,1,1,1,225000,30000,0
2022-06-11,Retail,Sub_20,App_22,Payment / merchant,1,1,1,413900,30000,0
2022-06-11,Telco,Sub_29,App_15,Payment / merchant,5,4,3,530705,30000,20000
2022-06-11,Telco,Sub_29,App_07,Payment / merchant,2,2,2,409797,20000,0
2022-06-11,Retail,Sub_06,App_46,Payment / merchant,1,1,1,110000,20000,0
2022-06-11,FnB,Sub_16,App_82,Payment / merchant,1,1,1,109000,20000,0
2022-06-11,FnB,Sub_16,App_91,Payment / merchant,1,1,1,199000,20000,0
2022-06-11,Retail,Sub_06,App_01,Payment / merchant,1,1,1,50000,20000,0
2022-06-11,Billing,Sub_35,App_69,Payment / merchant,1,1,1,187833,20000,0
2022-06-11,Billing,Sub_35,App_76,Payment / merchant,1,1,1,216310,20000,0
2022-06-11,Billing,Sub_35,App_77,Payment / merchant,1,1,1,72922,20000,0
2022-06-11,Billing,Sub_10,App_60,Payment / merchant,1,1,1,1981000,20000,0
2022-06-11,Billing,Sub_10,App_30,Payment / merchant,1,1,1,1000000,20000,0
2022-06-11,FnB,Sub_08,App_56,Payment / merchant,1,1,1,170000,15000,0
2022-06-11,FnB,Sub_08,App_98,Payment / merchant,1,1,1,59000,15000,0
2022-06-11,Telco,Sub_09,App_92,Payment / merchant,2,2,2,140000,15000,0
2022-06-11,RST,Sub_18,App_17,Payment / merchant,1,1,1,67400,10000,0
2022-06-11,Entertainment,Sub_34,App_05,Payment / merchant,1,1,1,249000,10000,0
2022-06-11,Traveling,Sub_02,App_47,Payment / merchant,1,1,0,4836000,0,150000
2022-06-12,Non-payment/Unknown,Sub_27,App_52,Non-payment / reward / unknown,1211,582,1211,60550000,60550000,0
2022-06-12,Billing,Sub_30,App_08,Payment / merchant,277,257,247,42881489,7230000,870000
2022-06-12,Billing,Sub_15,App_36,Payment / merchant,207,114,90,39555005,3150000,4095000
2022-06-12,Billing,Sub_23,App_06,Payment / merchant,158,155,151,22074481,3020000,140000
2022-06-12,Billing,Sub_15,App_35,Payment / merchant,113,87,82,50368071,2870000,1085000
2022-06-12,Telco,Sub_32,App_64,Payment / merchant,273,264,247,8730000,2470000,260000
2022-06-12,Movies,Sub_07,App_23,Payment / merchant,76,73,68,13703726,2360000,320000
2022-06-12,Billing,Sub_15,App_37,Payment / merchant,138,75,58,37259340,2030000,2800000
2022-06-12,Retail,Sub_20,App_44,Payment / merchant,69,65,61,27986400,1830000,240000
2022-06-12,Telco,Sub_05,App_93,Payment / merchant,240,213,180,6400000,1800000,600000
2022-06-12,Billing,Sub_15,App_34,Payment / merchant,48,44,39,21998426,1365000,315000
2022-06-12,Retail,Sub_20,App_86,Payment / merchant,44,43,41,19131200,1220000,90000
2022-06-12,Billing,Sub_35,App_96,Payment / merchant,64,61,58,8032199,1160000,120000
2022-06-12,Billing,Sub_35,App_65,Payment / merchant,64,59,55,4794396,1100000,180000
2022-06-12,Billing,Sub_23,App_53,Payment / merchant,43,42,41,2354000,820000,40000
2022-06-12,Billing,Sub_30,App_13,Payment / merchant,49,27,25,4900000,750000,720000
2022-06-12,Billing,Sub_15,App_33,Payment / merchant,23,17,16,22153555,560000,245000
2022-06-12,Game,Sub_19,App_31,Payment / merchant,28,28,27,5965950,450000,20000
2022-06-12,Billing,Sub_15,App_95,Payment / merchant,15,12,11,5779221,385000,140000
2022-06-12,Billing,Sub_31,App_04,Payment / merchant,19,19,19,1350000,380000,0
2022-06-12,Billing,Sub_35,App_28,Payment / merchant,17,17,17,1312329,340000,0
2022-06-12,Marketplace,Sub_25,App_101,Payment / merchant,24,24,24,5560005,285000,0
2022-06-12,Movies,Sub_07,App_24,Payment / merchant,12,9,7,2048180,280000,200000
2022-06-12,Retail,Sub_26,App_18,Payment / merchant,9,9,9,4861000,270000,0
2022-06-12,Billing,Sub_23,App_25,Payment / merchant,14,13,11,3372500,220000,60000
2022-06-12,Marketplace,Sub_25,App_59,Payment / merchant,28,28,28,10594683,200000,0
2022-06-12,Telco,Sub_11,App_63,Payment / merchant,34,32,30,1020000,170000,20000
2022-06-12,Marketplace,Sub_25,App_102,Payment / merchant,19,16,12,3492320,120000,70000
2022-06-12,Traveling,Sub_33,App_03,Payment / merchant,4,4,4,4370000,120000,0
2022-06-12,Traveling,Sub_02,App_11,Payment / merchant,1,1,1,3394400,100000,0
2022-06-12,Retail,Sub_06,App_42,Payment / merchant,4,4,4,265000,80000,0
2022-06-12,Billing,Sub_10,App_39,Payment / merchant,5,5,4,5000000,80000,20000
2022-06-12,Billing,Sub_10,App_49,Payment / merchant,4,4,4,6489000,80000,0
2022-06-12,Billing,Sub_30,App_09,Payment / merchant,3,3,3,358000,70000,0
2022-06-12,Billing,Sub_30,App_103,Payment / merchant,2,2,2,420000,60000,0
2022-06-12,Retail,Sub_06,App_29,Payment / merchant,3,3,3,181000,60000,0
2022-06-12,Billing,Sub_35,App_77,Payment / merchant,3,3,3,1639597,60000,0
2022-06-12,FnB,Sub_16,App_57,Payment / merchant,2,2,2,228000,60000,0
2022-06-12,Billing,Sub_35,App_27,Payment / merchant,3,3,3,612713,60000,0
2022-06-12,FnB,Sub_17,App_43,Payment / merchant,1,1,1,1131840,50000,0
2022-06-12,Billing,Sub_30,App_55,Payment / merchant,2,2,2,664000,50000,0
2022-06-12,Marketplace,Sub_25,App_100,Payment / merchant,3,3,3,6094000,45000,0
2022-06-12,Billing,Sub_10,App_60,Payment / merchant,2,2,2,3709000,40000,0
2022-06-12,Retail,Sub_20,App_22,Payment / merchant,1,1,1,447659,30000,0
2022-06-12,Billing,Sub_14,App_88,Payment / merchant,1,1,1,1965000,25000,0
2022-06-12,Telco,Sub_09,App_92,Payment / merchant,3,3,3,170000,25000,0
2022-06-12,Retail,Sub_06,App_46,Payment / merchant,1,1,1,55000,20000,0
2022-06-12,Telco,Sub_29,App_15,Payment / merchant,2,2,2,456000,20000,0
2022-06-12,Billing,Sub_35,App_68,Payment / merchant,1,1,1,304473,20000,0
2022-06-12,Billing,Sub_35,App_73,Payment / merchant,1,1,1,77490,20000,0
2022-06-12,Billing,Sub_35,App_74,Payment / merchant,1,1,1,170024,20000,0
2022-06-12,Billing,Sub_35,App_75,Payment / merchant,1,1,1,189647,20000,0
2022-06-12,Billing,Sub_35,App_76,Payment / merchant,1,1,1,43262,20000,0
2022-06-12,Billing,Sub_10,App_90,Payment / merchant,1,1,1,1700000,20000,0
2022-06-12,FnB,Sub_08,App_98,Payment / merchant,1,1,1,45000,15000,0
2022-06-12,RST,Sub_18,App_17,Payment / merchant,1,1,1,90700,10000,0
2022-06-13,Non-payment/Unknown,Sub_27,App_52,Non-payment / reward / unknown,1342,646,1342,67100000,67100000,0
2022-06-13,Billing,Sub_30,App_08,Payment / merchant,451,444,435,53393607,10720000,480000
2022-06-13,Billing,Sub_15,App_36,Payment / merchant,206,143,128,46463221,4480000,2730000
2022-06-13,Billing,Sub_15,App_35,Payment / merchant,233,128,120,66204209,4200000,3955000
2022-06-13,Billing,Sub_15,App_37,Payment / merchant,174,124,110,58481657,3850000,2240000
2022-06-13,Billing,Sub_23,App_06,Payment / merchant,197,190,184,23671966,3680000,260000
2022-06-13,Billing,Sub_15,App_34,Payment / merchant,207,112,105,61913004,3675000,3570000
2022-06-13,Telco,Sub_05,App_93,Payment / merchant,344,314,268,7370000,2680000,760000
2022-06-13,Billing,Sub_35,App_96,Payment / merchant,117,109,104,13416975,2080000,260000
2022-06-13,Billing,Sub_31,App_04,Payment / merchant,82,82,81,3340000,1620000,20000
2022-06-13,Telco,Sub_32,App_64,Payment / merchant,192,177,156,5250000,1560000,360000
2022-06-13,Movies,Sub_07,App_23,Payment / merchant,47,45,39,8934630,1290000,320000
2022-06-13,Movies,Sub_07,App_24,Payment / merchant,34,34,32,4750000,1280000,80000
2022-06-13,Billing,Sub_35,App_65,Payment / merchant,56,56,53,5451023,1060000,60000
2022-06-13,Retail,Sub_20,App_44,Payment / merchant,40,36,32,16256700,960000,240000
2022-06-13,Billing,Sub_35,App_28,Payment / merchant,35,34,34,2991984,680000,20000
2022-06-13,Billing,Sub_30,App_13,Payment / merchant,38,26,21,4197000,610000,510000
2022-06-13,Retail,Sub_20,App_86,Payment / merchant,20,20,19,8310000,570000,30000
2022-06-13,Game,Sub_19,App_31,Payment / merchant,28,28,28,4555350,470000,0
2022-06-13,Billing,Sub_23,App_53,Payment / merchant,21,21,20,1220000,400000,20000
2022-06-13,Billing,Sub_10,App_49,Payment / merchant,18,17,16,21716000,320000,40000
2022-06-13,Marketplace,Sub_25,App_101,Payment / merchant,25,23,25,7985065,290000,0
2022-06-13,Billing,Sub_15,App_33,Payment / merchant,12,9,8,11258526,280000,140000
2022-06-13,Billing,Sub_23,App_25,Payment / merchant,17,13,13,7311200,260000,80000
2022-06-13,Marketplace,Sub_25,App_59,Payment / merchant,38,37,37,20382765,250000,5000
2022-06-13,Traveling,Sub_02,App_12,Payment / merchant,1,1,1,9188000,200000,0
2022-06-13,Marketplace,Sub_25,App_102,Payment / merchant,27,25,19,4362342,190000,80000
2022-06-13,Telco,Sub_11,App_63,Payment / merchant,37,30,31,773000,185000,40000
2022-06-13,Billing,Sub_15,App_95,Payment / merchant,6,5,5,2789849,175000,35000
2022-06-13,Retail,Sub_06,App_29,Payment / merchant,7,7,7,391000,140000,0
2022-06-13,Traveling,Sub_33,App_03,Payment / merchant,5,4,5,3520000,130000,0
2022-06-13,Retail,Sub_20,App_22,Payment / merchant,4,4,4,4313914,120000,0
2022-06-13,Billing,Sub_10,App_60,Payment / merchant,4,4,4,11991000,80000,0
2022-06-13,Marketplace,Sub_25,App_100,Payment / merchant,5,5,5,1953100,60000,0
2022-06-13,Billing,Sub_35,App_27,Payment / merchant,4,4,3,1036727,60000,20000
2022-06-13,Retail,Sub_26,App_18,Payment / merchant,2,2,2,1059000,60000,0
2022-06-13,Billing,Sub_30,App_09,Payment / merchant,2,2,2,385000,50000,0
2022-06-13,Billing,Sub_30,App_103,Payment / merchant,6,5,2,1080000,50000,110000
2022-06-13,Billing,Sub_35,App_77,Payment / merchant,2,2,2,340038,40000,0
2022-06-13,Movies,Sub_07,App_83,Payment / merchant,2,1,1,1050000,40000,40000
2022-06-13,Billing,Sub_10,App_39,Payment / merchant,2,2,2,2057430,40000,0
2022-06-13,Billing,Sub_31,App_104,Payment / merchant,2,2,2,80000,40000,0
2022-06-13,Telco,Sub_29,App_07,Payment / merchant,4,4,4,453166,40000,0
2022-06-13,Telco,Sub_09,App_92,Payment / merchant,6,4,4,330000,40000,20000
2022-06-13,RST,Sub_18,App_17,Payment / merchant,3,3,3,604000,30000,0
2022-06-13,Billing,Sub_14,App_88,Payment / merchant,1,1,1,1087500,25000,0
2022-06-13,Billing,Sub_10,App_90,Payment / merchant,1,1,1,1800000,20000,0
2022-06-13,Billing,Sub_35,App_69,Payment / merchant,1,1,1,42166,20000,0
2022-06-13,Billing,Sub_35,App_70,Payment / merchant,1,1,1,262539,20000,0
2022-06-13,Traveling,Sub_33,App_40,Payment / merchant,1,1,1,380000,20000,0
2022-06-13,Telco,Sub_29,App_15,Payment / merchant,1,1,1,127665,10000,0
2022-06-13,Retail,Sub_26,App_19,Payment / merchant,1,1,0,541000,0,30000
2022-06-13,FnB,Sub_16,App_82,Payment / merchant,4,3,0,400000,0,80000
2022-06-14,Non-payment/Unknown,Sub_27,App_52,Non-payment / reward / unknown,1286,625,1286,64300000,64300000,0
2022-06-14,Billing,Sub_15,App_36,Payment / merchant,415,227,199,101450662,6965000,7560000
2022-06-14,Telco,Sub_05,App_93,Payment / merchant,751,708,621,15260000,6210000,1300000
2022-06-14,Billing,Sub_15,App_37,Payment / merchant,208,160,144,58332487,5040000,2240000
2022-06-14,Billing,Sub_30,App_08,Payment / merchant,190,180,171,29574646,5020000,540000
2022-06-14,Billing,Sub_15,App_35,Payment / merchant,191,93,87,51931730,3045000,3640000
2022-06-14,Billing,Sub_23,App_06,Payment / merchant,160,148,142,18527704,2840000,360000
2022-06-14,Retail,Sub_20,App_44,Payment / merchant,96,88,83,39337200,2490000,390000
2022-06-14,Telco,Sub_32,App_64,Payment / merchant,287,273,243,7720000,2430000,440000
2022-06-14,Billing,Sub_15,App_34,Payment / merchant,68,54,41,29788800,1435000,945000
2022-06-14,Billing,Sub_35,App_96,Payment / merchant,78,77,70,7389822,1400000,160000
2022-06-14,Movies,Sub_07,App_23,Payment / merchant,23,21,21,5128904,600000,80000
2022-06-14,Billing,Sub_30,App_13,Payment / merchant,43,24,20,4200000,580000,690000
2022-06-14,Billing,Sub_35,App_65,Payment / merchant,33,29,27,3732097,540000,120000
2022-06-14,Retail,Sub_20,App_86,Payment / merchant,18,18,17,7479000,510000,30000
2022-06-14,Billing,Sub_23,App_53,Payment / merchant,26,25,23,3564000,460000,60000
2022-06-14,Game,Sub_19,App_31,Payment / merchant,36,36,35,12178280,415000,5000
2022-06-14,Traveling,Sub_02,App_11,Payment / merchant,5,4,3,23287200,400000,300000
2022-06-14,Marketplace,Sub_25,App_101,Payment / merchant,29,23,27,11923296,315000,20000
2022-06-14,Movies,Sub_07,App_24,Payment / merchant,10,10,9,2148000,300000,40000
2022-06-14,Billing,Sub_15,App_33,Payment / merchant,10,9,8,9884978,280000,70000
2022-06-14,Billing,Sub_15,App_95,Payment / merchant,11,8,7,6152442,245000,140000
2022-06-14,Billing,Sub_31,App_04,Payment / merchant,16,14,11,1160000,220000,100000
2022-06-14,Billing,Sub_35,App_28,Payment / merchant,10,10,9,1029396,180000,20000
2022-06-14,Billing,Sub_23,App_25,Payment / merchant,11,8,8,3434500,160000,60000
2022-06-14,Telco,Sub_11,App_63,Payment / merchant,29,27,23,882000,120000,35000
2022-06-14,FnB,Sub_17,App_43,Payment / merchant,2,2,2,1594080,100000,0
2022-06-14,Billing,Sub_10,App_49,Payment / merchant,6,6,5,6197000,100000,20000
2022-06-14,Marketplace,Sub_25,App_59,Payment / merchant,14,14,14,11997199,85000,0
2022-06-14,Billing,Sub_30,App_103,Payment / merchant,6,4,4,1230000,80000,40000
2022-06-14,Traveling,Sub_33,App_10,Payment / merchant,3,3,3,1750000,70000,0
2022-06-14,Retail,Sub_20,App_22,Payment / merchant,2,2,2,1855634,60000,0
2022-06-14,Marketplace,Sub_25,App_100,Payment / merchant,5,5,5,4200880,55000,0
2022-06-14,Billing,Sub_35,App_73,Payment / merchant,2,2,2,826970,40000,0
2022-06-14,Movies,Sub_07,App_83,Payment / merchant,1,1,1,289090,40000,0
2022-06-14,Billing,Sub_35,App_66,Payment / merchant,2,2,2,513321,40000,0
2022-06-14,FnB,Sub_16,App_82,Payment / merchant,2,2,2,227000,40000,0
2022-06-14,Retail,Sub_06,App_29,Payment / merchant,2,2,2,108000,40000,0
2022-06-14,Telco,Sub_29,App_15,Payment / merchant,4,4,4,478945,40000,0
2022-06-14,Billing,Sub_31,App_104,Payment / merchant,2,2,2,550000,40000,0
2022-06-14,Telco,Sub_29,App_07,Payment / merchant,3,3,3,372993,30000,0
2022-06-14,Telco,Sub_09,App_92,Payment / merchant,4,3,4,200000,30000,0
2022-06-14,Marketplace,Sub_25,App_102,Payment / merchant,6,6,3,1060957,30000,30000
2022-06-14,FnB,Sub_28,App_80,Payment / merchant,1,1,1,249000,30000,0
2022-06-14,FnB,Sub_08,App_97,Payment / merchant,1,1,1,208600,20000,0
2022-06-14,Billing,Sub_35,App_68,Payment / merchant,1,1,1,116852,20000,0
2022-06-14,Billing,Sub_35,App_69,Payment / merchant,1,1,1,54214,20000,0
2022-06-14,Traveling,Sub_33,App_02,Payment / merchant,1,1,1,200000,20000,0
2022-06-14,Traveling,Sub_33,App_03,Payment / merchant,1,1,1,300000,20000,0
2022-06-14,Retail,Sub_06,App_42,Payment / merchant,1,1,1,59000,20000,0
2022-06-14,Retail,Sub_06,App_46,Payment / merchant,1,1,1,81000,20000,0
2022-06-14,RST,Sub_18,App_17,Payment / merchant,2,2,2,152000,20000,0
2022-06-14,Billing,Sub_35,App_27,Payment / merchant,1,1,1,199775,20000,0
2022-06-14,Billing,Sub_30,App_55,Payment / merchant,1,1,1,237000,20000,0
2022-06-14,Billing,Sub_10,App_60,Payment / merchant,1,1,1,1976000,20000,0
2022-06-14,Billing,Sub_22,App_85,Payment / merchant,1,1,1,66000,10000,0
2022-06-14,FnB,Sub_16,App_91,Payment / merchant,1,1,0,169000,0,20000
2022-06-15,Non-payment/Unknown,Sub_27,App_52,Non-payment / reward / unknown,1305,622,1305,65250000,65250000,0
2022-06-15,Billing,Sub_30,App_08,Payment / merchant,261,249,230,38421211,6660000,910000
2022-06-15,Billing,Sub_15,App_35,Payment / merchant,233,155,132,71389369,4620000,3535000
2022-06-15,Billing,Sub_15,App_36,Payment / merchant,245,130,115,63786338,4025000,4550000
2022-06-15,Telco,Sub_05,App_93,Payment / merchant,262,249,218,5610000,2180000,440000
2022-06-15,Billing,Sub_15,App_37,Payment / merchant,102,68,57,40927520,1995000,1575000
2022-06-15,Telco,Sub_32,App_64,Payment / merchant,222,206,191,7770000,1910000,310000
2022-06-15,Billing,Sub_35,App_96,Payment / merchant,94,93,87,9625853,1740000,140000
2022-06-15,Billing,Sub_15,App_34,Payment / merchant,65,47,37,31314102,1295000,980000
2022-06-15,Retail,Sub_20,App_44,Payment / merchant,44,41,39,18579600,1170000,150000
2022-06-15,Movies,Sub_07,App_23,Payment / merchant,35,34,33,8859991,840000,80000
2022-06-15,Billing,Sub_23,App_06,Payment / merchant,42,39,27,7010825,540000,300000
2022-06-15,Billing,Sub_31,App_04,Payment / merchant,26,25,24,1160000,480000,40000
2022-06-15,Game,Sub_19,App_31,Payment / merchant,32,32,30,5468400,435000,40000
2022-06-15,Billing,Sub_15,App_33,Payment / merchant,15,14,12,16040949,420000,105000
2022-06-15,Retail,Sub_20,App_86,Payment / merchant,14,13,12,5817000,360000,60000
2022-06-15,Movies,Sub_07,App_24,Payment / merchant,12,12,11,1922000,350000,40000
2022-06-15,Billing,Sub_35,App_65,Payment / merchant,27,24,17,2128142,340000,200000
2022-06-15,Marketplace,Sub_25,App_101,Payment / merchant,20,19,20,5340636,240000,0
2022-06-15,Marketplace,Sub_25,App_59,Payment / merchant,34,34,34,18832954,230000,0
2022-06-15,Billing,Sub_23,App_25,Payment / merchant,13,11,10,5664040,200000,60000
2022-06-15,Traveling,Sub_02,App_11,Payment / merchant,1,1,1,3653520,200000,0
2022-06-15,Billing,Sub_10,App_49,Payment / merchant,8,8,8,8766001,160000,0
2022-06-15,Billing,Sub_23,App_53,Payment / merchant,8,8,6,875000,120000,40000
2022-06-15,Billing,Sub_30,App_103,Payment / merchant,6,5,4,1167000,120000,60000
2022-06-15,Billing,Sub_15,App_95,Payment / merchant,3,3,3,777581,105000,0
2022-06-15,Billing,Sub_10,App_90,Payment / merchant,4,4,4,6917223,80000,0
2022-06-15,Movies,Sub_07,App_83,Payment / merchant,2,2,2,767000,80000,0
2022-06-15,Telco,Sub_11,App_63,Payment / merchant,17,16,14,563000,75000,15000
2022-06-15,Retail,Sub_26,App_18,Payment / merchant,2,2,2,753000,60000,0
2022-06-15,Traveling,Sub_33,App_03,Payment / merchant,2,2,2,1270000,60000,0
2022-06-15,Billing,Sub_35,App_27,Payment / merchant,3,3,3,528555,60000,0
2022-06-15,Billing,Sub_35,App_68,Payment / merchant,3,3,3,414994,60000,0
2022-06-15,Billing,Sub_35,App_77,Payment / merchant,2,2,2,291686,40000,0
2022-06-15,Retail,Sub_06,App_29,Payment / merchant,2,2,2,126000,40000,0
2022-06-15,Retail,Sub_06,App_46,Payment / merchant,2,2,2,112000,40000,0
2022-06-15,Telco,Sub_09,App_92,Payment / merchant,4,4,4,180000,35000,0
2022-06-15,Retail,Sub_20,App_22,Payment / merchant,1,1,1,1184158,30000,0
2022-06-15,FnB,Sub_16,App_57,Payment / merchant,1,1,1,113000,30000,0
2022-06-15,Marketplace,Sub_25,App_100,Payment / merchant,3,3,3,1064016,30000,0
2022-06-15,Billing,Sub_30,App_13,Payment / merchant,2,2,1,200000,30000,30000
2022-06-15,Billing,Sub_14,App_88,Payment / merchant,1,1,1,300000,25000,0
2022-06-15,Billing,Sub_10,App_60,Payment / merchant,1,1,1,1264000,20000,0
2022-06-15,Billing,Sub_10,App_39,Payment / merchant,1,1,1,1000000,20000,0
2022-06-15,Marketplace,Sub_25,App_102,Payment / merchant,4,4,2,719050,20000,20000
2022-06-15,Billing,Sub_35,App_73,Payment / merchant,1,1,1,69230,20000,0
2022-06-15,Billing,Sub_35,App_74,Payment / merchant,1,1,1,236236,20000,0
2022-06-15,Billing,Sub_30,App_09,Payment / merchant,1,1,1,130000,20000,0
2022-06-15,Retail,Sub_06,App_42,Payment / merchant,1,1,1,50000,20000,0
2022-06-15,Retail,Sub_04,App_41,Payment / merchant,1,1,1,504850,20000,0
2022-06-15,Retail,Sub_20,App_58,Payment / merchant,1,1,1,1244000,20000,0
2022-06-15,FnB,Sub_08,App_98,Payment / merchant,1,1,1,130000,15000,0
2022-06-15,RST,Sub_18,App_17,Payment / merchant,1,1,1,112000,10000,0
2022-06-15,Telco,Sub_29,App_07,Payment / merchant,1,1,0,45529,0,10000
2022-06-16,Non-payment/Unknown,Sub_27,App_52,Non-payment / reward / unknown,1033,543,1033,51650000,51650000,0
2022-06-16,Billing,Sub_30,App_08,Payment / merchant,365,313,287,62451660,8500000,2340000
2022-06-16,Billing,Sub_15,App_37,Payment / merchant,190,115,90,69052435,3150000,3500000
2022-06-16,Billing,Sub_23,App_06,Payment / merchant,161,160,145,22792065,2900000,320000
2022-06-16,Billing,Sub_15,App_36,Payment / merchant,147,88,82,43760753,2870000,2275000
2022-06-16,Billing,Sub_15,App_34,Payment / merchant,109,79,69,35958890,2415000,1400000
2022-06-16,Telco,Sub_32,App_64,Payment / merchant,227,222,191,7560000,1910000,360000
2022-06-16,Billing,Sub_35,App_96,Payment / merchant,97,91,81,10976893,1620000,320000
2022-06-16,Telco,Sub_05,App_93,Payment / merchant,186,165,141,4080000,1410000,450000
2022-06-16,Movies,Sub_07,App_23,Payment / merchant,43,37,35,9644352,1040000,320000
2022-06-16,Billing,Sub_15,App_35,Payment / merchant,55,39,24,18781972,840000,1085000
2022-06-16,Billing,Sub_35,App_65,Payment / merchant,42,38,34,3306438,680000,160000
2022-06-16,Retail,Sub_20,App_44,Payment / merchant,27,24,21,11398500,630000,180000
2022-06-16,Game,Sub_19,App_31,Payment / merchant,38,38,37,9499350,575000,20000
2022-06-16,Retail,Sub_20,App_86,Payment / merchant,20,19,19,8310000,570000,30000
2022-06-16,Billing,Sub_15,App_33,Payment / merchant,10,10,10,8105664,350000,0
2022-06-16,Marketplace,Sub_25,App_101,Payment / merchant,32,26,25,6301726,320000,105000
2022-06-16,Billing,Sub_10,App_49,Payment / merchant,16,15,14,17316001,280000,40000
2022-06-16,Movies,Sub_07,App_24,Payment / merchant,11,10,9,2564636,240000,50000
2022-06-16,Marketplace,Sub_25,App_59,Payment / merchant,34,34,34,30895707,225000,0
2022-06-16,Billing,Sub_23,App_25,Payment / merchant,13,11,11,3062701,220000,40000
2022-06-16,Billing,Sub_23,App_53,Payment / merchant,11,11,9,1145000,180000,40000
2022-06-16,Retail,Sub_26,App_18,Payment / merchant,7,6,6,3354000,180000,30000
2022-06-16,Billing,Sub_31,App_04,Payment / merchant,6,6,6,300000,120000,0
2022-06-16,Telco,Sub_11,App_63,Payment / merchant,25,23,20,1028000,115000,25000
2022-06-16,Billing,Sub_30,App_13,Payment / merchant,5,5,4,563710,100000,30000
2022-06-16,Retail,Sub_06,App_29,Payment / merchant,5,5,5,283000,100000,0
2022-06-16,Marketplace,Sub_25,App_102,Payment / merchant,7,7,7,1196207,70000,0
2022-06-16,Telco,Sub_09,App_92,Payment / merchant,11,7,10,570000,70000,10000
2022-06-16,Retail,Sub_20,App_22,Payment / merchant,2,2,2,1228200,60000,0
2022-06-16,Billing,Sub_35,App_74,Payment / merchant,4,3,3,1387282,60000,20000
2022-06-16,FnB,Sub_16,App_57,Payment / merchant,2,2,2,353000,50000,0
2022-06-16,FnB,Sub_17,App_43,Payment / merchant,1,1,1,4599072,50000,0
2022-06-16,Telco,Sub_29,App_15,Payment / merchant,5,5,5,895299,50000,0
2022-06-16,Billing,Sub_35,App_71,Payment / merchant,2,2,2,159485,40000,0
2022-06-16,Billing,Sub_15,App_95,Payment / merchant,2,2,1,702060,35000,35000
2022-06-16,Entertainment,Sub_34,App_05,Payment / merchant,1,1,1,79000,30000,0
2022-06-16,Billing,Sub_30,App_09,Payment / merchant,1,1,1,110000,30000,0
2022-06-16,Billing,Sub_14,App_88,Payment / merchant,1,1,1,1280000,25000,0
2022-06-16,Billing,Sub_10,App_60,Payment / merchant,1,1,1,2034000,20000,0
2022-06-16,Billing,Sub_10,App_90,Payment / merchant,1,1,1,1497808,20000,0
2022-06-16,Billing,Sub_10,App_30,Payment / merchant,1,1,1,3094000,20000,0
2022-06-16,Billing,Sub_10,App_39,Payment / merchant,1,1,1,2750000,20000,0
2022-06-16,Billing,Sub_30,App_55,Payment / merchant,1,1,1,79000,20000,0
2022-06-16,Billing,Sub_30,App_103,Payment / merchant,3,3,1,800000,20000,60000
2022-06-16,Billing,Sub_35,App_28,Payment / merchant,2,2,1,318024,20000,20000
2022-06-16,Billing,Sub_35,App_75,Payment / merchant,1,1,1,297257,20000,0
2022-06-16,Billing,Sub_35,App_73,Payment / merchant,1,1,1,169970,20000,0
2022-06-16,Billing,Sub_35,App_69,Payment / merchant,2,1,1,150266,20000,20000
2022-06-16,FnB,Sub_16,App_82,Payment / merchant,1,1,1,100000,20000,0
2022-06-16,Marketplace,Sub_25,App_100,Payment / merchant,2,2,2,681744,20000,0
2022-06-16,Retail,Sub_06,App_46,Payment / merchant,1,1,1,58000,20000,0
2022-06-16,Movies,Sub_07,App_83,Payment / merchant,2,2,2,505000,20000,0
2022-06-16,RST,Sub_18,App_17,Payment / merchant,4,3,2,308800,20000,20000
2022-06-16,FnB,Sub_08,App_98,Payment / merchant,1,1,1,50000,15000,0
2022-06-16,3PL,Sub_24,App_16,Payment / merchant,1,1,1,48000,15000,0
2022-06-16,Telco,Sub_29,App_07,Payment / merchant,1,1,1,174935,10000,0
2022-06-16,Billing,Sub_35,App_68,Payment / merchant,1,1,0,85090,0,20000
2022-06-17,Non-payment/Unknown,Sub_27,App_52,Non-payment / reward / unknown,1179,607,1179,58950000,58950000,0
2022-06-17,Billing,Sub_30,App_08,Payment / merchant,334,293,270,58453749,7960000,1920000
2022-06-17,Billing,Sub_15,App_36,Payment / merchant,307,202,182,76765651,6370000,4375000
2022-06-17,Billing,Sub_15,App_35,Payment / merchant,201,132,116,63132824,4060000,2975000
2022-06-17,Billing,Sub_15,App_37,Payment / merchant,202,98,73,59123219,2555000,4515000
2022-06-17,Billing,Sub_23,App_06,Payment / merchant,116,114,107,18878525,2140000,180000
2022-06-17,Telco,Sub_32,App_64,Payment / merchant,248,226,204,8590000,2040000,440000
2022-06-17,Telco,Sub_05,App_93,Payment / merchant,256,226,190,5960000,1900000,660000
2022-06-17,Billing,Sub_15,App_34,Payment / merchant,61,56,48,39195322,1680000,455000
2022-06-17,Billing,Sub_35,App_96,Payment / merchant,85,83,74,10559245,1480000,220000
2022-06-17,Movies,Sub_07,App_23,Payment / merchant,19,18,18,3436634,720000,40000
2022-06-17,Billing,Sub_35,App_65,Payment / merchant,30,30,29,3540055,580000,20000
2022-06-17,Retail,Sub_20,App_44,Payment / merchant,30,21,19,12600700,570000,330000
2022-06-17,Retail,Sub_20,App_86,Payment / merchant,15,14,13,6498900,390000,60000
2022-06-17,Billing,Sub_15,App_95,Payment / merchant,11,11,11,10149468,385000,0
2022-06-17,Billing,Sub_15,App_33,Payment / merchant,11,11,11,15072213,385000,0
2022-06-17,Game,Sub_19,App_31,Payment / merchant,28,28,28,7749200,365000,0
2022-06-17,Marketplace,Sub_25,App_101,Payment / merchant,82,31,29,18061774,360000,765000
2022-06-17,Billing,Sub_35,App_71,Payment / merchant,20,20,18,1690319,360000,40000
2022-06-17,Movies,Sub_07,App_24,Payment / merchant,9,9,9,2091636,270000,0
2022-06-17,Marketplace,Sub_25,App_59,Payment / merchant,37,37,37,19308589,240000,0
2022-06-17,Billing,Sub_31,App_04,Payment / merchant,12,12,12,900000,240000,0
2022-06-17,Traveling,Sub_02,App_11,Payment / merchant,2,1,1,11193600,200000,200000
2022-06-17,Billing,Sub_30,App_13,Payment / merchant,7,7,7,500000,170000,0
2022-06-17,Billing,Sub_23,App_25,Payment / merchant,9,9,8,1992000,160000,20000
2022-06-17,Billing,Sub_10,App_49,Payment / merchant,7,7,7,7661001,140000,0
2022-06-17,Marketplace,Sub_25,App_102,Payment / merchant,15,14,14,3068468,140000,10000
2022-06-17,Retail,Sub_20,App_22,Payment / merchant,4,4,4,3431074,120000,0
2022-06-17,Billing,Sub_23,App_53,Payment / merchant,9,9,6,1254400,120000,60000
2022-06-17,Telco,Sub_11,App_63,Payment / merchant,18,16,18,277000,115000,0
2022-06-17,Billing,Sub_30,App_103,Payment / merchant,6,5,4,1300000,110000,60000
2022-06-17,Retail,Sub_06,App_29,Payment / merchant,5,5,5,300999,100000,0
2022-06-17,Traveling,Sub_02,App_47,Payment / merchant,1,1,1,3444000,100000,0
2022-06-17,Movies,Sub_07,App_83,Payment / merchant,2,2,2,627000,80000,0
2022-06-17,Retail,Sub_26,App_18,Payment / merchant,2,2,2,792000,60000,0
2022-06-17,FnB,Sub_17,App_43,Payment / merchant,1,1,1,644760,50000,0
2022-06-17,Billing,Sub_35,App_74,Payment / merchant,2,2,2,634773,40000,0
2022-06-17,Billing,Sub_10,App_61,Payment / merchant,2,2,2,2124665,40000,0
2022-06-17,Marketplace,Sub_25,App_100,Payment / merchant,3,3,3,1565500,35000,0
2022-06-17,Retail,Sub_04,App_41,Payment / merchant,1,1,1,402350,30000,0
2022-06-17,Retail,Sub_04,App_38,Payment / merchant,1,1,1,146000,30000,0
2022-06-17,Billing,Sub_14,App_88,Payment / merchant,1,1,1,2385000,25000,0
2022-06-17,Billing,Sub_10,App_39,Payment / merchant,1,1,1,1619219,20000,0
2022-06-17,Billing,Sub_35,App_77,Payment / merchant,1,1,1,218005,20000,0
2022-06-17,Billing,Sub_35,App_67,Payment / merchant,1,1,1,172900,20000,0
2022-06-17,FnB,Sub_08,App_97,Payment / merchant,1,1,1,201600,20000,0
2022-06-17,Billing,Sub_35,App_27,Payment / merchant,1,1,1,72922,20000,0
2022-06-17,Billing,Sub_35,App_66,Payment / merchant,1,1,1,134400,20000,0
2022-06-17,Billing,Sub_30,App_55,Payment / merchant,1,1,1,198000,20000,0
2022-06-17,Billing,Sub_31,App_104,Payment / merchant,1,1,1,40000,20000,0
2022-06-17,Traveling,Sub_33,App_03,Payment / merchant,1,1,1,200000,20000,0
2022-06-17,FnB,Sub_08,App_98,Payment / merchant,1,1,1,45000,15000,0
2022-06-17,Telco,Sub_29,App_15,Payment / merchant,1,1,1,80000,10000,0
2022-06-17,Telco,Sub_09,App_92,Payment / merchant,1,1,1,70000,5000,0
2022-06-18,Non-payment/Unknown,Sub_27,App_52,Non-payment / reward / unknown,1232,591,1232,61600000,61600000,0
2022-06-18,Billing,Sub_30,App_08,Payment / merchant,446,370,325,71536972,9530000,3600000
2022-06-18,Billing,Sub_15,App_35,Payment / merchant,328,191,177,86421819,6195000,5285000
2022-06-18,Billing,Sub_15,App_36,Payment / merchant,379,204,170,86988320,5950000,7315000
2022-06-18,Billing,Sub_35,App_96,Payment / merchant,183,168,159,17425618,3180000,480000
2022-06-18,Billing,Sub_15,App_34,Payment / merchant,127,94,83,63873855,2905000,1540000
2022-06-18,Telco,Sub_05,App_93,Payment / merchant,277,261,236,5960000,2360000,410000
2022-06-18,Billing,Sub_23,App_06,Payment / merchant,126,122,108,17022780,2160000,360000
2022-06-18,Billing,Sub_15,App_37,Payment / merchant,193,76,61,48791468,2135000,4620000
2022-06-18,Telco,Sub_32,App_64,Payment / merchant,195,186,127,5350000,1270000,680000
2022-06-18,Billing,Sub_35,App_65,Payment / merchant,43,41,36,3704380,720000,140000
2022-06-18,Movies,Sub_07,App_23,Payment / merchant,26,23,19,5593178,670000,250000
2022-06-18,Retail,Sub_20,App_44,Payment / merchant,32,27,21,13266200,630000,330000
2022-06-18,Billing,Sub_31,App_04,Payment / merchant,26,23,23,1100000,460000,60000
2022-06-18,Game,Sub_19,App_31,Payment / merchant,39,36,34,9361500,455000,100000
2022-06-18,Billing,Sub_15,App_95,Payment / merchant,12,12,12,2624173,420000,0
2022-06-18,Billing,Sub_35,App_28,Payment / merchant,17,17,17,2546913,340000,0
2022-06-18,Billing,Sub_15,App_33,Payment / merchant,8,8,8,5353677,280000,0
2022-06-18,Movies,Sub_07,App_24,Payment / merchant,8,8,7,2000000,250000,40000
2022-06-18,Marketplace,Sub_25,App_101,Payment / merchant,24,18,18,6299050,220000,90000
2022-06-18,Retail,Sub_20,App_86,Payment / merchant,10,8,7,4155000,210000,90000
2022-06-18,Billing,Sub_35,App_71,Payment / merchant,9,9,9,970152,180000,0
2022-06-18,Billing,Sub_23,App_53,Payment / merchant,6,6,6,480000,120000,0
2022-06-18,Billing,Sub_10,App_39,Payment / merchant,7,6,6,7000000,120000,20000
2022-06-18,Telco,Sub_11,App_63,Payment / merchant,19,19,18,567000,110000,5000
2022-06-18,Marketplace,Sub_25,App_59,Payment / merchant,18,18,18,5572206,105000,0
2022-06-18,Billing,Sub_10,App_49,Payment / merchant,5,5,4,5000000,80000,20000
2022-06-18,Billing,Sub_23,App_25,Payment / merchant,4,4,4,788261,80000,0
2022-06-18,Marketplace,Sub_25,App_102,Payment / merchant,11,8,7,1909082,70000,40000
2022-06-18,Billing,Sub_35,App_74,Payment / merchant,3,3,3,1626418,60000,0
2022-06-18,Retail,Sub_04,App_38,Payment / merchant,2,2,2,213000,60000,0
2022-06-18,Retail,Sub_06,App_29,Payment / merchant,3,3,3,247000,60000,0
2022-06-18,Billing,Sub_30,App_13,Payment / merchant,4,4,3,250000,60000,30000
2022-06-18,Billing,Sub_14,App_88,Payment / merchant,2,2,2,4188000,50000,0
2022-06-18,Billing,Sub_30,App_103,Payment / merchant,2,2,2,280000,50000,0
2022-06-18,Billing,Sub_35,App_27,Payment / merchant,2,2,2,837839,40000,0
2022-06-18,Retail,Sub_06,App_42,Payment / merchant,2,2,2,106000,40000,0
2022-06-18,Retail,Sub_06,App_46,Payment / merchant,2,2,2,126000,40000,0
2022-06-18,Telco,Sub_09,App_92,Payment / merchant,4,3,4,270000,35000,0
2022-06-18,Marketplace,Sub_25,App_100,Payment / merchant,3,3,3,707500,35000,0
2022-06-18,FnB,Sub_16,App_57,Payment / merchant,2,1,1,432000,30000,30000
2022-06-18,Retail,Sub_26,App_19,Payment / merchant,3,2,1,1954000,30000,60000
2022-06-18,Traveling,Sub_33,App_02,Payment / merchant,1,1,1,810000,20000,0
2022-06-18,Billing,Sub_35,App_75,Payment / merchant,1,1,1,493234,20000,0
2022-06-18,Billing,Sub_35,App_77,Payment / merchant,1,1,1,59375,20000,0
2022-06-18,Billing,Sub_10,App_50,Payment / merchant,1,1,1,1095000,20000,0
2022-06-18,FnB,Sub_08,App_56,Payment / merchant,1,1,1,88000,15000,0
2022-06-18,RST,Sub_18,App_17,Payment / merchant,1,1,1,64000,10000,0
2022-06-19,Non-payment/Unknown,Sub_27,App_52,Non-payment / reward / unknown,1216,631,1216,60800000,60800000,0
2022-06-19,Billing,Sub_15,App_36,Payment / merchant,371,284,242,114051284,8470000,4515000
2022-06-19,Billing,Sub_30,App_08,Payment / merchant,320,254,236,56296039,6960000,2510000
2022-06-19,Billing,Sub_15,App_35,Payment / merchant,343,165,157,76939232,5495000,6510000
2022-06-19,Billing,Sub_15,App_34,Payment / merchant,173,141,128,99498560,4480000,1575000
2022-06-19,Billing,Sub_15,App_37,Payment / merchant,221,111,91,65886468,3185000,4550000
2022-06-19,Billing,Sub_23,App_06,Payment / merchant,111,103,90,12154075,1800000,420000
2022-06-19,Telco,Sub_05,App_93,Payment / merchant,229,196,172,4730000,1720000,570000
2022-06-19,Billing,Sub_35,App_96,Payment / merchant,103,95,78,12325857,1560000,500000
2022-06-19,Telco,Sub_32,App_64,Payment / merchant,160,153,142,6140000,1420000,180000
2022-06-19,Billing,Sub_15,App_95,Payment / merchant,46,40,35,14256216,1225000,385000
2022-06-19,Billing,Sub_35,App_65,Payment / merchant,61,57,51,5674286,1020000,200000
2022-06-19,Movies,Sub_07,App_23,Payment / merchant,29,25,22,5695270,820000,280000
2022-06-19,Game,Sub_19,App_31,Payment / merchant,33,33,32,11875500,340000,20000
2022-06-19,Billing,Sub_31,App_04,Payment / merchant,16,16,16,650000,320000,0
2022-06-19,Retail,Sub_20,App_44,Payment / merchant,11,11,9,4690300,270000,60000
2022-06-19,Marketplace,Sub_25,App_101,Payment / merchant,26,19,18,7654154,220000,110000
2022-06-19,Marketplace,Sub_25,App_59,Payment / merchant,26,17,16,8818171,130000,50000
2022-06-19,Billing,Sub_35,App_71,Payment / merchant,7,7,6,731081,120000,20000
2022-06-19,Billing,Sub_15,App_33,Payment / merchant,3,3,3,1504759,105000,0
2022-06-19,Billing,Sub_23,App_53,Payment / merchant,10,8,5,1339000,100000,100000
2022-06-19,Traveling,Sub_02,App_11,Payment / merchant,2,2,1,7695840,100000,200000
2022-06-19,Retail,Sub_26,App_18,Payment / merchant,4,4,3,1865000,90000,30000
2022-06-19,Retail,Sub_06,App_29,Payment / merchant,4,4,4,349000,80000,0
2022-06-19,Movies,Sub_07,App_24,Payment / merchant,2,2,2,380000,80000,0
2022-06-19,Telco,Sub_11,App_63,Payment / merchant,16,16,13,1142000,75000,15000
2022-06-19,Billing,Sub_30,App_13,Payment / merchant,5,5,3,350000,70000,50000
2022-06-19,Marketplace,Sub_25,App_102,Payment / merchant,10,9,7,1680500,70000,30000
2022-06-19,Billing,Sub_35,App_28,Payment / merchant,3,3,3,493774,60000,0
2022-06-19,Billing,Sub_30,App_103,Payment / merchant,2,2,2,445000,50000,0
2022-06-19,Billing,Sub_35,App_66,Payment / merchant,2,2,2,319010,40000,0
2022-06-19,Entertainment,Sub_34,App_05,Payment / merchant,2,2,2,274000,40000,0
2022-06-19,Billing,Sub_35,App_74,Payment / merchant,2,2,2,710985,40000,0
2022-06-19,FnB,Sub_17,App_43,Payment / merchant,1,1,1,1178280,40000,0
2022-06-19,Billing,Sub_10,App_49,Payment / merchant,2,2,2,2000000,40000,0
2022-06-19,Retail,Sub_04,App_41,Payment / merchant,2,2,2,912350,40000,0
2022-06-19,Retail,Sub_06,App_42,Payment / merchant,2,2,2,132000,40000,0
2022-06-19,Retail,Sub_20,App_22,Payment / merchant,1,1,1,1324851,30000,0
2022-06-19,Retail,Sub_26,App_19,Payment / merchant,2,2,1,1008000,30000,30000
2022-06-19,Traveling,Sub_33,App_10,Payment / merchant,1,1,1,350000,30000,0
2022-06-19,Traveling,Sub_33,App_02,Payment / merchant,1,1,1,570000,20000,0
2022-06-19,Telco,Sub_09,App_92,Payment / merchant,2,2,2,60000,20000,0
2022-06-19,Billing,Sub_10,App_60,Payment / merchant,1,1,1,1019000,20000,0
2022-06-19,Billing,Sub_10,App_61,Payment / merchant,1,1,1,1000000,20000,0
2022-06-19,Billing,Sub_31,App_104,Payment / merchant,1,1,1,40000,20000,0
2022-06-19,Billing,Sub_23,App_25,Payment / merchant,1,1,1,220000,20000,0
2022-06-19,Marketplace,Sub_25,App_100,Payment / merchant,6,3,2,1063744,20000,60000
2022-06-19,Billing,Sub_35,App_73,Payment / merchant,1,1,1,129150,20000,0
2022-06-19,Billing,Sub_30,App_55,Payment / merchant,1,1,1,373000,20000,0
2022-06-19,Billing,Sub_10,App_30,Payment / merchant,1,1,1,3200000,20000,0
2022-06-19,Billing,Sub_10,App_39,Payment / merchant,1,1,1,1000000,20000,0
2022-06-19,FnB,Sub_08,App_97,Payment / merchant,1,1,1,59000,15000,0
2022-06-19,Billing,Sub_22,App_85,Payment / merchant,1,1,1,66000,10000,0
2022-06-19,Telco,Sub_29,App_07,Payment / merchant,1,1,1,291167,10000,0
2022-06-19,Telco,Sub_29,App_15,Payment / merchant,1,1,1,80020,10000,0
2022-06-19,Movies,Sub_07,App_83,Payment / merchant,1,1,1,602000,10000,0
2022-06-20,Non-payment/Unknown,Sub_27,App_52,Non-payment / reward / unknown,1283,655,1283,64150000,64150000,0
2022-06-20,Billing,Sub_30,App_08,Payment / merchant,389,315,266,64506424,7810000,3660000
2022-06-20,Billing,Sub_15,App_37,Payment / merchant,294,163,138,78020247,4830000,5460000
2022-06-20,Billing,Sub_15,App_34,Payment / merchant,300,150,138,104810450,4830000,5670000
2022-06-20,Billing,Sub_15,App_36,Payment / merchant,121,88,78,32148751,2730000,1505000
2022-06-20,Billing,Sub_15,App_35,Payment / merchant,128,83,74,43912528,2590000,1890000
2022-06-20,Billing,Sub_35,App_96,Payment / merchant,138,124,122,14986959,2440000,320000
2022-06-20,Telco,Sub_05,App_93,Payment / merchant,247,224,190,5190000,1900000,570000
2022-06-20,Billing,Sub_23,App_06,Payment / merchant,107,102,91,14057477,1820000,320000
2022-06-20,Telco,Sub_32,App_64,Payment / merchant,186,179,172,6530000,1720000,140000
2022-06-20,Billing,Sub_35,App_65,Payment / merchant,47,46,43,3863539,860000,80000
2022-06-20,Game,Sub_19,App_31,Payment / merchant,74,74,73,17332435,860000,20000
2022-06-20,Retail,Sub_20,App_44,Payment / merchant,21,18,17,9116700,510000,120000
2022-06-20,Billing,Sub_15,App_95,Payment / merchant,27,17,12,9969471,420000,525000
2022-06-20,Movies,Sub_07,App_24,Payment / merchant,9,9,9,1304000,330000,0
2022-06-20,FnB,Sub_16,App_57,Payment / merchant,12,11,10,1508000,300000,60000
2022-06-20,Movies,Sub_07,App_23,Payment / merchant,8,8,7,2212904,280000,40000
2022-06-20,Billing,Sub_23,App_53,Payment / merchant,18,17,14,1865000,280000,80000
2022-06-20,Billing,Sub_31,App_04,Payment / merchant,16,15,14,760000,280000,40000
2022-06-20,Billing,Sub_10,App_49,Payment / merchant,15,14,13,17046000,260000,40000
2022-06-20,Billing,Sub_15,App_33,Payment / merchant,7,7,7,5085230,245000,0
2022-06-20,Marketplace,Sub_25,App_101,Payment / merchant,20,20,20,7995439,245000,0
2022-06-20,Billing,Sub_30,App_13,Payment / merchant,9,9,8,880000,210000,20000
2022-06-20,Traveling,Sub_02,App_11,Payment / merchant,3,1,1,11183760,200000,400000
2022-06-20,Marketplace,Sub_25,App_59,Payment / merchant,28,28,27,14979598,175000,5000
2022-06-20,Traveling,Sub_33,App_03,Payment / merchant,5,5,5,3800000,130000,0
2022-06-20,Telco,Sub_11,App_63,Payment / merchant,25,23,21,643000,120000,20000
2022-06-20,Traveling,Sub_02,App_21,Payment / merchant,3,2,1,10696000,100000,400000
2022-06-20,Billing,Sub_35,App_27,Payment / merchant,5,5,5,822393,100000,0
2022-06-20,Marketplace,Sub_25,App_102,Payment / merchant,11,10,9,1943551,90000,20000
2022-06-20,Billing,Sub_30,App_103,Payment / merchant,3,3,3,550000,90000,0
2022-06-20,Billing,Sub_35,App_71,Payment / merchant,3,3,3,379662,60000,0
2022-06-20,Retail,Sub_26,App_18,Payment / merchant,2,2,2,1070000,60000,0
2022-06-20,Marketplace,Sub_25,App_100,Payment / merchant,4,4,4,1241500,45000,0
2022-06-20,Billing,Sub_35,App_77,Payment / merchant,2,2,2,585778,40000,0
2022-06-20,Retail,Sub_06,App_29,Payment / merchant,2,2,2,105000,40000,0
2022-06-20,Retail,Sub_06,App_42,Payment / merchant,2,2,2,112000,40000,0
2022-06-20,Retail,Sub_06,App_46,Payment / merchant,2,2,2,129000,40000,0
2022-06-20,Billing,Sub_23,App_25,Payment / merchant,2,2,2,454968,40000,0
2022-06-20,Billing,Sub_10,App_39,Payment / merchant,2,2,2,2000000,40000,0
2022-06-20,Traveling,Sub_33,App_40,Payment / merchant,2,2,2,1350000,40000,0
2022-06-20,Retail,Sub_20,App_22,Payment / merchant,1,1,1,2099957,30000,0
2022-06-20,Retail,Sub_26,App_19,Payment / merchant,1,1,1,352000,30000,0
2022-06-20,Telco,Sub_09,App_92,Payment / merchant,4,4,4,200000,30000,0
2022-06-20,Billing,Sub_14,App_88,Payment / merchant,1,1,1,5635000,25000,0
2022-06-20,Billing,Sub_10,App_61,Payment / merchant,4,1,1,10449164,20000,60000
2022-06-20,Billing,Sub_35,App_28,Payment / merchant,1,1,1,219867,20000,0
2022-06-20,Billing,Sub_31,App_104,Payment / merchant,1,1,1,40000,20000,0
2022-06-20,Telco,Sub_29,App_07,Payment / merchant,2,2,2,250945,20000,0
2022-06-20,Telco,Sub_29,App_15,Payment / merchant,2,2,2,259000,20000,0
2022-06-20,Traveling,Sub_33,App_02,Payment / merchant,1,1,1,300000,20000,0
2022-06-20,Retail,Sub_20,App_58,Payment / merchant,1,1,1,872000,20000,0
2022-06-20,Billing,Sub_35,App_74,Payment / merchant,1,1,1,68072,20000,0
2022-06-20,Billing,Sub_35,App_68,Payment / merchant,1,1,1,254868,20000,0
2022-06-21,Non-payment/Unknown,Sub_27,App_52,Non-payment / reward / unknown,1345,666,1345,67250000,67250000,0
2022-06-21,Billing,Sub_30,App_08,Payment / merchant,291,244,227,43521125,6690000,1870000
2022-06-21,Billing,Sub_15,App_34,Payment / merchant,256,200,164,91903491,5740000,3220000
2022-06-21,Billing,Sub_15,App_37,Payment / merchant,596,141,118,176679082,4130000,16730000
2022-06-21,Billing,Sub_15,App_35,Payment / merchant,254,134,114,88207483,3990000,4900000
2022-06-21,Telco,Sub_05,App_93,Payment / merchant,434,370,311,8800000,3110000,1230000
2022-06-21,Billing,Sub_15,App_36,Payment / merchant,130,72,62,29506054,2170000,2380000
2022-06-21,Telco,Sub_32,App_64,Payment / merchant,193,185,169,6290000,1690000,240000
2022-06-21,Billing,Sub_23,App_06,Payment / merchant,89,85,76,12848096,1520000,260000
2022-06-21,Billing,Sub_35,App_96,Payment / merchant,100,93,75,15240409,1500000,500000
2022-06-21,Billing,Sub_35,App_65,Payment / merchant,70,68,65,7872404,1300000,100000
2022-06-21,Retail,Sub_20,App_44,Payment / merchant,40,36,35,16532300,1050000,150000
2022-06-21,Movies,Sub_07,App_23,Payment / merchant,24,22,21,4495544,780000,120000
2022-06-21,Game,Sub_19,App_31,Payment / merchant,43,43,42,11874600,465000,20000
2022-06-21,Movies,Sub_07,App_24,Payment / merchant,16,10,9,3881818,300000,280000
2022-06-21,FnB,Sub_16,App_57,Payment / merchant,9,9,9,1120000,270000,0
2022-06-21,Billing,Sub_15,App_33,Payment / merchant,14,10,7,9389726,245000,245000
2022-06-21,Billing,Sub_31,App_04,Payment / merchant,10,10,10,400000,200000,0
2022-06-21,Marketplace,Sub_25,App_101,Payment / merchant,17,17,17,4790220,190000,0
2022-06-21,Marketplace,Sub_25,App_59,Payment / merchant,28,28,28,20172341,185000,0
2022-06-21,Billing,Sub_35,App_71,Payment / merchant,9,9,8,1320365,160000,20000
2022-06-21,Billing,Sub_23,App_53,Payment / merchant,10,10,7,1140000,140000,60000
2022-06-21,Billing,Sub_15,App_95,Payment / merchant,7,5,4,5972274,140000,105000
2022-06-21,Telco,Sub_11,App_63,Payment / merchant,22,20,22,651000,135000,0
2022-06-21,Movies,Sub_07,App_83,Payment / merchant,4,4,3,950000,90000,10000
2022-06-21,Retail,Sub_04,App_38,Payment / merchant,3,3,3,795400,90000,0
2022-06-21,Billing,Sub_10,App_49,Payment / merchant,4,4,4,4000000,80000,0
2022-06-21,Marketplace,Sub_25,App_102,Payment / merchant,9,9,8,1565888,80000,10000
2022-06-21,Billing,Sub_35,App_28,Payment / merchant,4,3,3,669523,60000,20000
2022-06-21,Billing,Sub_31,App_104,Payment / merchant,3,3,3,280000,60000,0
2022-06-21,Billing,Sub_30,App_13,Payment / merchant,3,3,2,430000,60000,20000
2022-06-21,Retail,Sub_20,App_22,Payment / merchant,2,2,2,1175500,60000,0
2022-06-21,Billing,Sub_30,App_103,Payment / merchant,3,3,2,500000,50000,30000
2022-06-21,FnB,Sub_17,App_43,Payment / merchant,1,1,1,1056240,50000,0
2022-06-21,FnB,Sub_16,App_82,Payment / merchant,2,2,2,301000,40000,0
2022-06-21,Marketplace,Sub_25,App_100,Payment / merchant,3,3,3,822884,40000,0
2022-06-21,Billing,Sub_35,App_27,Payment / merchant,2,2,2,844169,40000,0
2022-06-21,Retail,Sub_06,App_01,Payment / merchant,2,2,2,112000,40000,0
2022-06-21,Retail,Sub_06,App_29,Payment / merchant,2,2,2,209000,40000,0
2022-06-21,Billing,Sub_35,App_77,Payment / merchant,2,2,2,588311,40000,0
2022-06-21,Telco,Sub_29,App_15,Payment / merchant,4,3,3,715703,30000,10000
2022-06-21,Telco,Sub_09,App_92,Payment / merchant,3,3,3,90000,30000,0
2022-06-21,FnB,Sub_28,App_32,Payment / merchant,1,1,1,411000,30000,0
2022-06-21,Billing,Sub_35,App_74,Payment / merchant,1,1,1,93599,20000,0
2022-06-21,Billing,Sub_23,App_25,Payment / merchant,1,1,1,246000,20000,0
2022-06-21,Billing,Sub_10,App_61,Payment / merchant,1,1,1,1000000,20000,0
2022-06-21,Billing,Sub_10,App_30,Payment / merchant,1,1,1,1755000,20000,0
2022-06-21,Billing,Sub_10,App_39,Payment / merchant,3,3,1,3000000,20000,40000
2022-06-21,Retail,Sub_06,App_46,Payment / merchant,1,1,1,96000,20000,0
2022-06-21,Traveling,Sub_33,App_10,Payment / merchant,1,1,1,380000,20000,0
2022-06-21,RST,Sub_18,App_17,Payment / merchant,1,1,1,69000,10000,0
2022-06-21,Entertainment,Sub_34,App_05,Payment / merchant,1,1,1,580000,10000,0
2022-06-21,Traveling,Sub_33,App_02,Payment / merchant,1,1,0,320000,0,20000
2022-06-22,Non-payment/Unknown,Sub_27,App_52,Non-payment / reward / unknown,1355,588,1355,67750000,67750000,0
2022-06-22,Billing,Sub_30,App_08,Payment / merchant,308,272,235,47567951,6910000,2160000
2022-06-22,Billing,Sub_15,App_37,Payment / merchant,256,138,119,82200429,4165000,4795000
2022-06-22,Billing,Sub_15,App_35,Payment / merchant,445,123,101,129242667,3535000,12040000
2022-06-22,Billing,Sub_15,App_34,Payment / merchant,129,91,81,43520098,2835000,1680000
2022-06-22,Telco,Sub_05,App_93,Payment / merchant,334,304,262,7010000,2620000,720000
2022-06-22,Billing,Sub_23,App_06,Payment / merchant,133,119,99,21698707,1980000,680000
2022-06-22,Billing,Sub_35,App_96,Payment / merchant,99,90,79,16817082,1580000,400000
2022-06-22,Billing,Sub_15,App_36,Payment / merchant,83,52,42,25307057,1470000,1435000
2022-06-22,Telco,Sub_32,App_64,Payment / merchant,174,162,133,6370000,1330000,410000
2022-06-22,Retail,Sub_20,App_44,Payment / merchant,31,27,25,12593400,750000,180000
2022-06-22,Billing,Sub_35,App_65,Payment / merchant,37,35,30,3289171,600000,140000
2022-06-22,Movies,Sub_07,App_23,Payment / merchant,15,15,14,3515270,500000,40000
2022-06-22,FnB,Sub_16,App_57,Payment / merchant,16,15,15,2078000,440000,30000
2022-06-22,Billing,Sub_31,App_04,Payment / merchant,20,20,20,1380000,400000,0
2022-06-22,Game,Sub_19,App_31,Payment / merchant,22,21,21,3818320,300000,20000
2022-06-22,Billing,Sub_15,App_95,Payment / merchant,24,12,8,7187668,280000,560000
2022-06-22,Billing,Sub_15,App_33,Payment / merchant,12,9,8,7524063,280000,140000
2022-06-22,Billing,Sub_10,App_49,Payment / merchant,20,15,13,21077000,260000,140000
2022-06-22,Marketplace,Sub_25,App_101,Payment / merchant,17,17,17,4232811,205000,0
2022-06-22,Marketplace,Sub_25,App_59,Payment / merchant,25,23,23,17951920,155000,10000
2022-06-22,Telco,Sub_11,App_63,Payment / merchant,33,29,27,1266000,155000,35000
2022-06-22,Billing,Sub_10,App_39,Payment / merchant,9,7,7,9000000,140000,40000
2022-06-22,Marketplace,Sub_25,App_102,Payment / merchant,12,10,9,2235531,90000,30000
2022-06-22,FnB,Sub_17,App_43,Payment / merchant,2,2,2,2047032,90000,0
2022-06-22,Retail,Sub_26,App_19,Payment / merchant,3,3,3,1507000,90000,0
2022-06-22,Billing,Sub_30,App_13,Payment / merchant,3,3,3,200000,70000,0
2022-06-22,Retail,Sub_04,App_41,Payment / merchant,2,2,2,441050,60000,0
2022-06-22,Billing,Sub_35,App_77,Payment / merchant,3,3,3,832901,60000,0
2022-06-22,Billing,Sub_30,App_103,Payment / merchant,3,2,2,655000,50000,30000
2022-06-22,Marketplace,Sub_25,App_100,Payment / merchant,4,4,4,3762600,45000,0
2022-06-22,Billing,Sub_35,App_74,Payment / merchant,7,3,2,1622885,40000,100000
2022-06-22,Billing,Sub_35,App_28,Payment / merchant,2,2,2,276179,40000,0
2022-06-22,Retail,Sub_06,App_29,Payment / merchant,2,2,2,112000,40000,0
2022-06-22,Movies,Sub_07,App_24,Payment / merchant,5,5,4,1293636,40000,40000
2022-06-22,Traveling,Sub_33,App_02,Payment / merchant,2,2,2,820000,40000,0
2022-06-22,Billing,Sub_23,App_25,Payment / merchant,5,3,2,1167500,40000,60000
2022-06-22,Billing,Sub_23,App_53,Payment / merchant,3,3,2,290000,40000,20000
2022-06-22,Billing,Sub_10,App_61,Payment / merchant,2,2,2,6173593,40000,0
2022-06-22,Retail,Sub_26,App_18,Payment / merchant,1,1,1,897000,30000,0
2022-06-22,Telco,Sub_09,App_92,Payment / merchant,4,4,3,240000,30000,5000
2022-06-22,Retail,Sub_20,App_22,Payment / merchant,3,2,1,5212123,30000,60000
2022-06-22,Billing,Sub_30,App_87,Payment / merchant,1,1,1,140000,30000,0
2022-06-22,Entertainment,Sub_34,App_05,Payment / merchant,1,1,1,165000,30000,0
2022-06-22,Billing,Sub_14,App_88,Payment / merchant,1,1,1,840000,25000,0
2022-06-22,Billing,Sub_10,App_30,Payment / merchant,1,1,1,1803000,20000,0
2022-06-22,Billing,Sub_35,App_26,Payment / merchant,1,1,1,417240,20000,0
2022-06-22,Billing,Sub_35,App_27,Payment / merchant,2,2,1,546026,20000,20000
2022-06-22,Billing,Sub_35,App_71,Payment / merchant,1,1,1,111657,20000,0
2022-06-22,Billing,Sub_35,App_73,Payment / merchant,1,1,1,51660,20000,0
2022-06-22,FnB,Sub_16,App_82,Payment / merchant,1,1,1,100000,20000,0
2022-06-22,Traveling,Sub_33,App_40,Payment / merchant,1,1,1,390000,20000,0
2022-06-22,FnB,Sub_08,App_97,Payment / merchant,1,1,1,59000,15000,0
2022-06-22,RST,Sub_18,App_17,Payment / merchant,1,1,1,85000,10000,0
2022-06-22,Movies,Sub_07,App_83,Payment / merchant,1,1,1,233000,10000,0
2022-06-22,Telco,Sub_29,App_07,Payment / merchant,1,1,1,183058,10000,0
2022-06-22,Telco,Sub_29,App_15,Payment / merchant,1,1,1,137263,10000,0
2022-06-23,Non-payment/Unknown,Sub_27,App_52,Non-payment / reward / unknown,1111,511,1111,55550000,55550000,0
2022-06-23,Billing,Sub_30,App_08,Payment / merchant,268,228,208,47350950,6150000,1790000
2022-06-23,Billing,Sub_15,App_35,Payment / merchant,544,200,166,138872902,5810000,13230000
2022-06-23,Telco,Sub_05,App_93,Payment / merchant,258,244,207,5580000,2070000,510000
2022-06-23,Billing,Sub_35,App_96,Payment / merchant,113,96,92,14112556,1840000,420000
2022-06-23,Telco,Sub_32,App_64,Payment / merchant,139,130,117,5170000,1170000,220000
2022-06-23,Billing,Sub_23,App_06,Payment / merchant,72,66,57,12413305,1140000,300000
2022-06-23,Billing,Sub_15,App_37,Payment / merchant,57,29,21,9740732,735000,1260000
2022-06-23,Billing,Sub_15,App_36,Payment / merchant,95,29,20,35043791,700000,2625000
2022-06-23,Movies,Sub_07,App_23,Payment / merchant,31,24,18,6363540,600000,520000
2022-06-23,Retail,Sub_20,App_44,Payment / merchant,18,17,16,9993300,480000,60000
2022-06-23,Billing,Sub_35,App_65,Payment / merchant,25,25,23,2229742,460000,40000
2022-06-23,Game,Sub_19,App_31,Payment / merchant,28,27,26,6829900,385000,10000
2022-06-23,Billing,Sub_15,App_34,Payment / merchant,15,10,8,5370943,280000,245000
2022-06-23,Marketplace,Sub_25,App_101,Payment / merchant,24,18,19,5252246,255000,50000
2022-06-23,Billing,Sub_10,App_49,Payment / merchant,11,10,10,13674000,200000,20000
2022-06-23,Billing,Sub_31,App_04,Payment / merchant,9,9,9,420000,180000,0
2022-06-23,Marketplace,Sub_25,App_59,Payment / merchant,19,19,19,6944193,140000,0
2022-06-23,Retail,Sub_20,App_22,Payment / merchant,6,5,5,3879837,130000,30000
2022-06-23,Billing,Sub_15,App_95,Payment / merchant,3,3,3,2013671,105000,0
2022-06-23,Movies,Sub_07,App_24,Payment / merchant,4,3,2,530000,80000,80000
2022-06-23,Telco,Sub_11,App_63,Payment / merchant,13,13,12,432500,65000,5000
2022-06-23,Retail,Sub_26,App_19,Payment / merchant,2,2,2,1329000,60000,0
2022-06-23,Retail,Sub_06,App_29,Payment / merchant,3,3,3,166999,60000,0
2022-06-23,Traveling,Sub_33,App_03,Payment / merchant,2,2,2,480000,50000,0
2022-06-23,Retail,Sub_06,App_42,Payment / merchant,2,2,2,106000,40000,0
2022-06-23,Billing,Sub_10,App_30,Payment / merchant,2,2,2,5068000,40000,0
2022-06-23,Billing,Sub_30,App_13,Payment / merchant,2,2,2,100000,40000,0
2022-06-23,Billing,Sub_35,App_28,Payment / merchant,2,2,2,284548,40000,0
2022-06-23,Billing,Sub_35,App_27,Payment / merchant,2,2,2,245984,40000,0
2022-06-23,Billing,Sub_15,App_33,Payment / merchant,1,1,1,1024121,35000,0
2022-06-23,Marketplace,Sub_25,App_102,Payment / merchant,4,4,3,774673,30000,10000
2022-06-23,Billing,Sub_14,App_88,Payment / merchant,1,1,1,1820000,25000,0
2022-06-23,Billing,Sub_23,App_25,Payment / merchant,1,1,1,254500,20000,0
2022-06-23,Billing,Sub_35,App_71,Payment / merchant,1,1,1,135868,20000,0
2022-06-23,Billing,Sub_31,App_104,Payment / merchant,1,1,1,40000,20000,0
2022-06-23,Billing,Sub_30,App_55,Payment / merchant,1,1,1,237000,20000,0
2022-06-23,Billing,Sub_30,App_103,Payment / merchant,2,2,1,1890000,20000,30000
2022-06-23,Retail,Sub_06,App_46,Payment / merchant,1,1,1,53000,20000,0
2022-06-23,Retail,Sub_04,App_38,Payment / merchant,1,1,1,518000,20000,0
2022-06-23,Retail,Sub_20,App_58,Payment / merchant,1,1,1,863300,20000,0
2022-06-23,Retail,Sub_20,App_86,Payment / merchant,1,1,1,1134000,20000,0
2022-06-23,Telco,Sub_09,App_92,Payment / merchant,2,2,2,100000,20000,0
2022-06-23,Traveling,Sub_33,App_10,Payment / merchant,1,1,1,480000,20000,0
2022-06-23,FnB,Sub_08,App_98,Payment / merchant,1,1,1,45000,15000,0
2022-06-23,Telco,Sub_29,App_07,Payment / merchant,1,1,1,56231,10000,0
2022-06-23,RST,Sub_18,App_17,Payment / merchant,1,1,1,70000,10000,0
2022-06-23,FnB,Sub_03,App_84,Payment / merchant,1,1,0,64000,0,15000
2022-06-23,Marketplace,Sub_25,App_100,Payment / merchant,3,1,0,313100,0,45000
2022-06-23,Billing,Sub_35,App_74,Payment / merchant,2,1,0,500070,0,40000
2022-06-23,Billing,Sub_23,App_53,Payment / merchant,2,2,0,100000,0,40000
2022-06-24,Non-payment/Unknown,Sub_27,App_52,Non-payment / reward / unknown,1357,595,1357,67850000,67850000,0
2022-06-24,Billing,Sub_30,App_08,Payment / merchant,541,438,393,95845055,11650000,4370000
2022-06-24,Billing,Sub_15,App_35,Payment / merchant,560,265,219,166334757,7665000,11935000
2022-06-24,Billing,Sub_15,App_34,Payment / merchant,347,123,104,95877681,3640000,8505000
2022-06-24,Billing,Sub_23,App_06,Payment / merchant,181,173,162,37231227,3240000,380000
2022-06-24,Telco,Sub_05,App_93,Payment / merchant,447,361,310,9090000,3100000,1370000
2022-06-24,Billing,Sub_35,App_96,Payment / merchant,140,127,117,24942531,2340000,460000
2022-06-24,Billing,Sub_35,App_65,Payment / merchant,90,90,88,6075820,1760000,40000
2022-06-24,Billing,Sub_15,App_37,Payment / merchant,265,77,50,64518347,1750000,7525000
2022-06-24,Telco,Sub_32,App_64,Payment / merchant,161,152,125,6070000,1250000,360000
2022-06-24,Billing,Sub_15,App_36,Payment / merchant,332,33,23,85677570,805000,10815000
2022-06-24,Movies,Sub_07,App_23,Payment / merchant,22,22,19,3732180,730000,120000
2022-06-24,Billing,Sub_15,App_95,Payment / merchant,33,19,16,5371561,560000,595000
2022-06-24,Retail,Sub_20,App_44,Payment / merchant,19,18,14,8149100,420000,150000
2022-06-24,Game,Sub_19,App_31,Payment / merchant,35,30,30,8135135,405000,100000
2022-06-24,Billing,Sub_31,App_04,Payment / merchant,18,15,15,800000,300000,60000
2022-06-24,Traveling,Sub_02,App_11,Payment / merchant,2,2,2,8478000,300000,0
2022-06-24,Billing,Sub_10,App_49,Payment / merchant,16,14,12,20346001,240000,80000
2022-06-24,Marketplace,Sub_25,App_101,Payment / merchant,19,18,19,5290280,230000,0
2022-06-24,Movies,Sub_07,App_24,Payment / merchant,7,7,7,1428000,190000,0
2022-06-24,Billing,Sub_15,App_33,Payment / merchant,14,10,5,8558766,175000,315000
2022-06-24,Marketplace,Sub_25,App_59,Payment / merchant,22,20,20,14364690,125000,10000
2022-06-24,Telco,Sub_11,App_63,Payment / merchant,24,23,21,780000,110000,15000
2022-06-24,Billing,Sub_35,App_77,Payment / merchant,6,6,5,1944322,100000,20000
2022-06-24,Billing,Sub_30,App_103,Payment / merchant,2,2,2,649000,60000,0
2022-06-24,Retail,Sub_06,App_29,Payment / merchant,3,3,3,168000,60000,0
2022-06-24,Billing,Sub_23,App_25,Payment / merchant,3,3,3,4554240,60000,0
2022-06-24,Marketplace,Sub_25,App_100,Payment / merchant,5,5,5,6711600,55000,0
2022-06-24,FnB,Sub_17,App_43,Payment / merchant,1,1,1,856440,50000,0
2022-06-24,Movies,Sub_07,App_83,Payment / merchant,2,2,2,390000,50000,0
2022-06-24,Traveling,Sub_33,App_03,Payment / merchant,2,2,2,670000,50000,0
2022-06-24,Billing,Sub_35,App_27,Payment / merchant,2,2,2,356253,40000,0
2022-06-24,Billing,Sub_35,App_71,Payment / merchant,2,2,2,162399,40000,0
2022-06-24,Billing,Sub_23,App_53,Payment / merchant,4,4,2,200000,40000,40000
2022-06-24,FnB,Sub_16,App_57,Payment / merchant,1,1,1,132000,30000,0
2022-06-24,Retail,Sub_04,App_38,Payment / merchant,1,1,1,145000,30000,0
2022-06-24,Retail,Sub_20,App_22,Payment / merchant,1,1,1,1872000,30000,0
2022-06-24,Retail,Sub_26,App_18,Payment / merchant,1,1,1,340000,30000,0
2022-06-24,Retail,Sub_26,App_19,Payment / merchant,1,1,1,317000,30000,0
2022-06-24,RST,Sub_18,App_17,Payment / merchant,3,3,3,462650,30000,0
2022-06-24,Telco,Sub_09,App_92,Payment / merchant,3,3,3,130000,25000,0
2022-06-24,Retail,Sub_06,App_46,Payment / merchant,1,1,1,53000,20000,0
2022-06-24,Retail,Sub_04,App_41,Payment / merchant,1,1,1,462870,20000,0
2022-06-24,Marketplace,Sub_25,App_102,Payment / merchant,11,4,2,1904384,20000,90000
2022-06-24,Billing,Sub_35,App_66,Payment / merchant,1,1,1,128475,20000,0
2022-06-24,Billing,Sub_31,App_104,Payment / merchant,1,1,1,40000,20000,0
2022-06-24,Billing,Sub_10,App_30,Payment / merchant,1,1,1,2806000,20000,0
2022-06-24,Billing,Sub_10,App_61,Payment / merchant,1,1,1,1704233,20000,0
2022-06-24,Traveling,Sub_33,App_40,Payment / merchant,1,1,1,700000,20000,0
2022-06-24,Traveling,Sub_33,App_02,Payment / merchant,1,1,1,300000,20000,0
2022-06-24,3PL,Sub_24,App_16,Payment / merchant,1,1,1,30000,15000,0
2022-06-24,FnB,Sub_03,App_84,Payment / merchant,1,1,1,54000,15000,0
2022-06-24,Telco,Sub_29,App_07,Payment / merchant,1,1,1,33148,10000,0
2022-06-24,Telco,Sub_29,App_15,Payment / merchant,1,1,1,142500,10000,0
2022-06-24,Billing,Sub_35,App_74,Payment / merchant,1,1,0,250035,0,20000
2022-06-25,Non-payment/Unknown,Sub_27,App_52,Non-payment / reward / unknown,1331,577,1331,66550000,66550000,0
2022-06-25,Billing,Sub_30,App_08,Payment / merchant,453,341,323,71503550,9520000,3890000
2022-06-25,Billing,Sub_15,App_35,Payment / merchant,441,267,240,115747170,8400000,7035000
2022-06-25,Billing,Sub_15,App_34,Payment / merchant,272,165,143,83913390,5005000,4515000
2022-06-25,Billing,Sub_35,App_65,Payment / merchant,181,164,152,14134409,3040000,580000
2022-06-25,Telco,Sub_32,App_64,Payment / merchant,236,226,205,7790000,2050000,310000
2022-06-25,Billing,Sub_23,App_06,Payment / merchant,136,105,98,21001801,1960000,760000
2022-06-25,Telco,Sub_05,App_93,Payment / merchant,333,232,180,7130000,1800000,1530000
2022-06-25,Billing,Sub_15,App_36,Payment / merchant,197,54,49,59823726,1715000,5180000
2022-06-25,Billing,Sub_15,App_37,Payment / merchant,90,51,35,28784933,1225000,1925000
2022-06-25,Movies,Sub_07,App_23,Payment / merchant,46,32,28,8348632,1030000,720000
2022-06-25,Retail,Sub_20,App_44,Payment / merchant,39,34,30,16632100,900000,270000
2022-06-25,Billing,Sub_35,App_96,Payment / merchant,46,40,39,5433019,780000,140000
2022-06-25,Game,Sub_19,App_31,Payment / merchant,36,36,35,7397650,505000,20000
2022-06-25,Billing,Sub_31,App_04,Payment / merchant,17,17,17,680000,340000,0
2022-06-25,Marketplace,Sub_25,App_101,Payment / merchant,30,28,28,11263106,325000,25000
2022-06-25,Marketplace,Sub_25,App_59,Payment / merchant,39,39,38,26146524,220000,10000
2022-06-25,Billing,Sub_15,App_95,Payment / merchant,14,11,6,5376935,210000,280000
2022-06-25,Billing,Sub_10,App_49,Payment / merchant,11,8,7,15996000,140000,80000
2022-06-25,Telco,Sub_11,App_63,Payment / merchant,26,26,25,645000,130000,5000
2022-06-25,Billing,Sub_15,App_33,Payment / merchant,3,3,3,5831286,105000,0
2022-06-25,Billing,Sub_10,App_61,Payment / merchant,5,5,5,8857435,100000,0
2022-06-25,Movies,Sub_07,App_24,Payment / merchant,7,4,4,1505000,100000,120000
2022-06-25,Retail,Sub_20,App_22,Payment / merchant,3,3,3,2173688,90000,0
2022-06-25,Retail,Sub_06,App_29,Payment / merchant,4,4,4,277000,80000,0
2022-06-25,Marketplace,Sub_25,App_102,Payment / merchant,9,9,8,1513896,80000,10000
2022-06-25,Billing,Sub_35,App_28,Payment / merchant,3,3,3,1524338,60000,0
2022-06-25,Billing,Sub_31,App_104,Payment / merchant,3,3,3,1080000,60000,0
2022-06-25,Retail,Sub_06,App_42,Payment / merchant,3,3,3,309000,60000,0
2022-06-25,Billing,Sub_30,App_13,Payment / merchant,2,2,2,150000,50000,0
2022-06-25,Billing,Sub_30,App_09,Payment / merchant,2,2,2,240000,50000,0
2022-06-25,FnB,Sub_17,App_43,Payment / merchant,1,1,1,645840,50000,0
2022-06-25,Billing,Sub_35,App_27,Payment / merchant,2,2,2,910760,40000,0
2022-06-25,Billing,Sub_35,App_66,Payment / merchant,2,2,2,427426,40000,0
2022-06-25,Billing,Sub_10,App_39,Payment / merchant,2,2,2,2037000,40000,0
2022-06-25,Telco,Sub_09,App_92,Payment / merchant,4,4,4,160000,35000,0
2022-06-25,Retail,Sub_26,App_18,Payment / merchant,1,1,1,300000,30000,0
2022-06-25,Billing,Sub_30,App_55,Payment / merchant,1,1,1,158000,30000,0
2022-06-25,FnB,Sub_16,App_57,Payment / merchant,1,1,1,147000,30000,0
2022-06-25,Marketplace,Sub_25,App_100,Payment / merchant,2,2,2,654000,25000,0
2022-06-25,Billing,Sub_23,App_53,Payment / merchant,2,2,1,100000,20000,20000
2022-06-25,Traveling,Sub_33,App_02,Payment / merchant,1,1,1,255000,20000,0
2022-06-25,FnB,Sub_08,App_97,Payment / merchant,1,1,1,146000,15000,0
2022-06-25,FnB,Sub_08,App_98,Payment / merchant,1,1,1,65000,15000,0
2022-06-25,Telco,Sub_29,App_15,Payment / merchant,1,1,1,100000,10000,0
2022-06-25,RST,Sub_18,App_17,Payment / merchant,1,1,1,231500,10000,0
2022-06-25,Billing,Sub_35,App_74,Payment / merchant,1,1,0,250035,0,20000
2022-06-26,Non-payment/Unknown,Sub_27,App_52,Non-payment / reward / unknown,1291,569,1291,64550000,64550000,0
2022-06-26,Billing,Sub_15,App_35,Payment / merchant,582,338,309,164854702,10815000,9555000
2022-06-26,Billing,Sub_30,App_08,Payment / merchant,518,330,306,81030705,9000000,6330000
2022-06-26,Billing,Sub_15,App_34,Payment / merchant,152,98,89,53902419,3115000,2205000
2022-06-26,Billing,Sub_35,App_65,Payment / merchant,256,159,152,24210781,3040000,2080000
2022-06-26,Billing,Sub_23,App_06,Payment / merchant,190,128,122,20182032,2440000,1360000
2022-06-26,Telco,Sub_05,App_93,Payment / merchant,405,229,168,8320000,1680000,2370000
2022-06-26,Telco,Sub_32,App_64,Payment / merchant,191,180,160,6210000,1600000,310000
2022-06-26,Billing,Sub_15,App_36,Payment / merchant,272,49,36,82700732,1260000,8260000
2022-06-26,Movies,Sub_07,App_23,Payment / merchant,62,25,21,10920270,750000,1640000
2022-06-26,Billing,Sub_35,App_96,Payment / merchant,43,33,32,5199471,640000,220000
2022-06-26,Billing,Sub_15,App_37,Payment / merchant,82,19,13,32732544,455000,2415000
2022-06-26,Billing,Sub_31,App_04,Payment / merchant,19,19,19,760000,380000,0
2022-06-26,Traveling,Sub_02,App_11,Payment / merchant,3,2,2,11912976,300000,100000
2022-06-26,Marketplace,Sub_25,App_101,Payment / merchant,28,20,19,5767924,245000,95000
2022-06-26,Marketplace,Sub_25,App_59,Payment / merchant,37,35,34,18592919,230000,30000
2022-06-26,Retail,Sub_20,App_44,Payment / merchant,13,9,7,8098200,190000,180000
2022-06-26,Game,Sub_19,App_31,Payment / merchant,17,16,16,4006150,155000,5000
2022-06-26,Billing,Sub_35,App_77,Payment / merchant,6,6,6,896236,120000,0
2022-06-26,Retail,Sub_26,App_18,Payment / merchant,4,4,4,2024000,120000,0
2022-06-26,Billing,Sub_10,App_49,Payment / merchant,8,8,6,9429000,120000,40000
2022-06-26,Marketplace,Sub_25,App_100,Payment / merchant,12,9,9,2999200,115000,45000
2022-06-26,Telco,Sub_11,App_63,Payment / merchant,28,25,21,897000,105000,35000
2022-06-26,Billing,Sub_15,App_95,Payment / merchant,3,3,3,1115105,105000,0
2022-06-26,Billing,Sub_30,App_13,Payment / merchant,5,4,4,350000,100000,20000
2022-06-26,FnB,Sub_16,App_82,Payment / merchant,5,5,5,548000,100000,0
2022-06-26,FnB,Sub_16,App_57,Payment / merchant,3,3,3,420000,90000,0
2022-06-26,Billing,Sub_23,App_53,Payment / merchant,6,6,4,300000,80000,40000
2022-06-26,Billing,Sub_15,App_33,Payment / merchant,2,2,2,821465,70000,0
2022-06-26,Billing,Sub_10,App_39,Payment / merchant,4,3,3,4000000,60000,20000
2022-06-26,FnB,Sub_17,App_43,Payment / merchant,2,1,1,1799280,50000,50000
2022-06-26,Traveling,Sub_33,App_03,Payment / merchant,2,1,1,7000000,50000,50000
2022-06-26,Retail,Sub_04,App_41,Payment / merchant,2,1,2,1130000,40000,0
2022-06-26,Retail,Sub_06,App_29,Payment / merchant,4,3,2,322000,40000,40000
2022-06-26,Billing,Sub_10,App_61,Payment / merchant,2,2,2,2292547,40000,0
2022-06-26,Billing,Sub_35,App_28,Payment / merchant,2,2,2,301807,40000,0
2022-06-26,Billing,Sub_35,App_72,Payment / merchant,5,2,2,401730,40000,60000
2022-06-26,Retail,Sub_26,App_19,Payment / merchant,1,1,1,1234000,30000,0
2022-06-26,RST,Sub_18,App_17,Payment / merchant,3,3,3,440380,30000,0
2022-06-26,Retail,Sub_20,App_22,Payment / merchant,1,1,1,838300,30000,0
2022-06-26,Traveling,Sub_33,App_40,Payment / merchant,1,1,1,440000,20000,0
2022-06-26,Retail,Sub_06,App_46,Payment / merchant,1,1,1,70000,20000,0
2022-06-26,Marketplace,Sub_25,App_102,Payment / merchant,4,4,2,654285,20000,20000
2022-06-26,Billing,Sub_35,App_67,Payment / merchant,1,1,1,309400,20000,0
2022-06-26,Billing,Sub_35,App_73,Payment / merchant,1,1,1,181815,20000,0
2022-06-26,Billing,Sub_35,App_74,Payment / merchant,1,1,1,67858,20000,0
2022-06-26,Billing,Sub_35,App_75,Payment / merchant,1,1,1,169644,20000,0
2022-06-26,Billing,Sub_35,App_76,Payment / merchant,1,1,1,86524,20000,0
2022-06-26,Billing,Sub_35,App_27,Payment / merchant,1,1,1,195091,20000,0
2022-06-26,Billing,Sub_35,App_66,Payment / merchant,1,1,1,97750,20000,0
2022-06-26,Billing,Sub_23,App_25,Payment / merchant,1,1,1,165000,20000,0
2022-06-26,Telco,Sub_09,App_92,Payment / merchant,3,3,2,130000,15000,10000
2022-06-26,Telco,Sub_29,App_15,Payment / merchant,1,1,1,133450,10000,0
2022-06-26,Movies,Sub_07,App_24,Payment / merchant,3,2,0,460000,0,120000
2022-06-27,Non-payment/Unknown,Sub_27,App_52,Non-payment / reward / unknown,1404,635,1404,70200000,70200000,0
2022-06-27,Billing,Sub_15,App_35,Payment / merchant,878,383,345,204422114,12075000,18655000
2022-06-27,Billing,Sub_30,App_08,Payment / merchant,469,334,314,76231442,9250000,4650000
2022-06-27,Billing,Sub_23,App_06,Payment / merchant,260,178,159,23673314,3180000,2020000
2022-06-27,Billing,Sub_35,App_65,Payment / merchant,235,125,118,20176431,2360000,2340000
2022-06-27,Telco,Sub_05,App_93,Payment / merchant,396,290,234,9820000,2340000,1620000
2022-06-27,Billing,Sub_15,App_37,Payment / merchant,129,64,58,25515092,2030000,2485000
2022-06-27,Telco,Sub_32,App_64,Payment / merchant,166,154,142,6190000,1420000,240000
2022-06-27,Billing,Sub_15,App_36,Payment / merchant,114,42,35,37968817,1225000,2765000
2022-06-27,Billing,Sub_15,App_34,Payment / merchant,124,36,29,47016976,1015000,3325000
2022-06-27,Billing,Sub_35,App_96,Payment / merchant,37,35,34,4830662,680000,60000
2022-06-27,Marketplace,Sub_25,App_101,Payment / merchant,53,41,46,17373900,510000,70000
2022-06-27,Traveling,Sub_02,App_11,Payment / merchant,4,3,3,29438000,500000,200000
2022-06-27,Movies,Sub_07,App_23,Payment / merchant,74,14,14,11301180,470000,2340000
2022-06-27,Billing,Sub_31,App_04,Payment / merchant,19,19,19,760000,380000,0
2022-06-27,Retail,Sub_20,App_44,Payment / merchant,22,13,11,9130400,330000,330000
2022-06-27,Billing,Sub_35,App_28,Payment / merchant,25,15,13,3242248,260000,240000
2022-06-27,Game,Sub_19,App_31,Payment / merchant,17,17,17,3885150,250000,0
2022-06-27,Marketplace,Sub_25,App_59,Payment / merchant,30,29,29,15164371,210000,5000
2022-06-27,Billing,Sub_10,App_49,Payment / merchant,17,13,10,17663000,200000,140000
2022-06-27,Traveling,Sub_33,App_03,Payment / merchant,6,6,6,3944100,180000,0
2022-06-27,Telco,Sub_11,App_63,Payment / merchant,21,20,20,637000,110000,10000
2022-06-27,Billing,Sub_15,App_33,Payment / merchant,3,3,3,1456320,105000,0
2022-06-27,Billing,Sub_23,App_53,Payment / merchant,5,5,5,510000,100000,0
2022-06-27,Retail,Sub_06,App_29,Payment / merchant,5,5,5,272000,100000,0
2022-06-27,Billing,Sub_10,App_39,Payment / merchant,4,4,4,4997627,80000,0
2022-06-27,Billing,Sub_15,App_95,Payment / merchant,38,11,2,3710015,70000,1260000
2022-06-27,Billing,Sub_30,App_13,Payment / merchant,4,3,2,400000,60000,60000
2022-06-27,Billing,Sub_35,App_74,Payment / merchant,4,3,3,1721380,60000,20000
2022-06-27,FnB,Sub_17,App_43,Payment / merchant,2,1,1,1220400,50000,50000
2022-06-27,Marketplace,Sub_25,App_100,Payment / merchant,4,4,4,1635760,45000,0
2022-06-27,Billing,Sub_31,App_104,Payment / merchant,2,2,2,80000,40000,0
2022-06-27,RST,Sub_18,App_17,Payment / merchant,7,4,4,661200,40000,30000
2022-06-27,Retail,Sub_20,App_22,Payment / merchant,1,1,1,1000000,30000,0
2022-06-27,Retail,Sub_04,App_41,Payment / merchant,1,1,1,514200,30000,0
2022-06-27,FnB,Sub_28,App_80,Payment / merchant,1,1,1,200000,30000,0
2022-06-27,Marketplace,Sub_25,App_102,Payment / merchant,4,4,3,608036,30000,10000
2022-06-27,Telco,Sub_09,App_92,Payment / merchant,3,3,3,220000,25000,0
2022-06-27,Billing,Sub_35,App_77,Payment / merchant,1,1,1,93304,20000,0
2022-06-27,FnB,Sub_16,App_82,Payment / merchant,1,1,1,100000,20000,0
2022-06-27,Retail,Sub_06,App_46,Payment / merchant,1,1,1,65000,20000,0
2022-06-27,Movies,Sub_07,App_24,Payment / merchant,2,2,2,563000,20000,0
2022-06-27,Billing,Sub_35,App_27,Payment / merchant,1,1,1,50893,20000,0
2022-06-27,Billing,Sub_30,App_103,Payment / merchant,1,1,1,180000,20000,0
2022-06-27,Billing,Sub_10,App_89,Payment / merchant,1,1,1,2640000,20000,0
2022-06-27,Retail,Sub_26,App_19,Payment / merchant,1,1,1,553000,10000,0
2022-06-27,Traveling,Sub_01,App_45,Payment / merchant,2,1,0,353400,0,40000
2022-06-27,Traveling,Sub_02,App_12,Payment / merchant,2,1,0,28980000,0,400000
2022-06-27,Traveling,Sub_02,App_21,Payment / merchant,1,1,0,6780000,0,200000
2022-06-28,Non-payment/Unknown,Sub_27,App_52,Non-payment / reward / unknown,1379,639,1379,68950000,68950000,0
2022-06-28,Billing,Sub_15,App_35,Payment / merchant,855,399,369,239475514,12915000,17010000
2022-06-28,Billing,Sub_30,App_08,Payment / merchant,494,202,165,69218839,4850000,9870000
2022-06-28,Telco,Sub_05,App_93,Payment / merchant,440,260,232,9100000,2320000,2080000
2022-06-28,Billing,Sub_23,App_06,Payment / merchant,545,125,111,37372543,2220000,8680000
2022-06-28,Telco,Sub_32,App_64,Payment / merchant,229,198,160,8610000,1600000,690000
2022-06-28,Billing,Sub_15,App_34,Payment / merchant,145,49,39,43483589,1365000,3710000
2022-06-28,Billing,Sub_35,App_65,Payment / merchant,222,55,55,26286620,1100000,3340000
2022-06-28,Billing,Sub_15,App_37,Payment / merchant,53,29,25,14780338,875000,980000
2022-06-28,Billing,Sub_35,App_96,Payment / merchant,164,41,39,16370644,780000,2500000
2022-06-28,Billing,Sub_35,App_28,Payment / merchant,60,56,38,7033921,760000,440000
2022-06-28,Billing,Sub_15,App_95,Payment / merchant,49,26,20,10757064,700000,1015000
2022-06-28,Billing,Sub_15,App_36,Payment / merchant,60,21,19,20295124,665000,1435000
2022-06-28,Movies,Sub_07,App_23,Payment / merchant,118,15,13,16688268,490000,4200000
2022-06-28,Marketplace,Sub_25,App_101,Payment / merchant,25,23,25,7821848,300000,0
2022-06-28,Retail,Sub_20,App_44,Payment / merchant,16,11,9,7003500,270000,210000
2022-06-28,Billing,Sub_31,App_04,Payment / merchant,11,11,11,950000,220000,0
2022-06-28,Billing,Sub_15,App_33,Payment / merchant,7,6,6,7486400,210000,35000
2022-06-28,Traveling,Sub_02,App_11,Payment / merchant,1,1,1,4227600,200000,0
2022-06-28,Marketplace,Sub_25,App_59,Payment / merchant,29,29,29,21799166,190000,0
2022-06-28,Telco,Sub_11,App_63,Payment / merchant,37,32,31,909000,165000,30000
2022-06-28,Game,Sub_19,App_31,Payment / merchant,11,11,11,4095650,130000,0
2022-06-28,Movies,Sub_07,App_24,Payment / merchant,64,4,4,7990000,130000,2400000
2022-06-28,Billing,Sub_35,App_74,Payment / merchant,8,4,4,1127499,80000,80000
2022-06-28,Retail,Sub_06,App_29,Payment / merchant,4,4,4,248000,80000,0
2022-06-28,Billing,Sub_23,App_53,Payment / merchant,5,5,4,250000,80000,20000
2022-06-28,Billing,Sub_10,App_39,Payment / merchant,16,5,4,16000000,80000,240000
2022-06-28,Billing,Sub_10,App_61,Payment / merchant,5,4,3,5000000,60000,40000
2022-06-28,Retail,Sub_26,App_19,Payment / merchant,2,2,2,678000,60000,0
2022-06-28,Telco,Sub_09,App_92,Payment / merchant,8,6,5,430000,50000,30000
2022-06-28,Marketplace,Sub_25,App_100,Payment / merchant,4,4,4,2747864,50000,0
2022-06-28,FnB,Sub_17,App_43,Payment / merchant,4,1,1,3150240,50000,150000
2022-06-28,Movies,Sub_07,App_83,Payment / merchant,1,1,1,250000,40000,0
2022-06-28,Telco,Sub_29,App_15,Payment / merchant,4,4,4,652361,40000,0
2022-06-28,FnB,Sub_08,App_97,Payment / merchant,2,2,2,368500,35000,0
2022-06-28,FnB,Sub_16,App_57,Payment / merchant,1,1,1,135000,30000,0
2022-06-28,Billing,Sub_30,App_13,Payment / merchant,1,1,1,100000,30000,0
2022-06-28,Retail,Sub_20,App_22,Payment / merchant,1,1,1,1044202,30000,0
2022-06-28,Retail,Sub_06,App_42,Payment / merchant,1,1,1,83000,20000,0
2022-06-28,Traveling,Sub_33,App_40,Payment / merchant,1,1,1,680000,20000,0
2022-06-28,Billing,Sub_35,App_77,Payment / merchant,7,2,1,683802,20000,120000
2022-06-28,Marketplace,Sub_25,App_102,Payment / merchant,2,2,2,508882,20000,0
2022-06-28,Billing,Sub_10,App_90,Payment / merchant,1,1,1,1470000,20000,0
2022-06-28,Billing,Sub_10,App_49,Payment / merchant,3,3,1,5154000,20000,40000
2022-06-28,Billing,Sub_10,App_60,Payment / merchant,1,1,1,4445000,20000,0
2022-06-28,Billing,Sub_10,App_30,Payment / merchant,1,1,1,1300000,20000,0
2022-06-28,Billing,Sub_31,App_104,Payment / merchant,1,1,1,40000,20000,0
2022-06-28,Billing,Sub_35,App_71,Payment / merchant,1,1,1,196108,20000,0
2022-06-28,Billing,Sub_23,App_25,Payment / merchant,1,1,1,1551000,20000,0
2022-06-28,FnB,Sub_08,App_56,Payment / merchant,1,1,1,143000,15000,0
2022-06-28,Entertainment,Sub_34,App_05,Payment / merchant,1,1,1,165000,10000,0
2022-06-28,Retail,Sub_20,App_86,Payment / merchant,1,1,0,415500,0,30000
2022-06-29,Non-payment/Unknown,Sub_27,App_52,Non-payment / reward / unknown,1260,540,1260,63000000,63000000,0
2022-06-29,Billing,Sub_30,App_08,Payment / merchant,957,262,231,98646000,6900000,21500000
2022-06-29,Billing,Sub_15,App_35,Payment / merchant,707,179,160,185948057,5600000,19145000
2022-06-29,Billing,Sub_23,App_06,Payment / merchant,1279,165,156,79820000,3120000,22460000
2022-06-29,Billing,Sub_15,App_34,Payment / merchant,257,88,74,84842267,2590000,6405000
2022-06-29,Billing,Sub_35,App_65,Payment / merchant,864,127,114,53748162,2280000,15000000
2022-06-29,Telco,Sub_05,App_93,Payment / merchant,291,175,158,5990000,1580000,1330000
2022-06-29,Telco,Sub_32,App_64,Payment / merchant,166,157,118,5510000,1180000,480000
2022-06-29,Billing,Sub_15,App_36,Payment / merchant,71,27,22,22773019,770000,1715000
2022-06-29,Movies,Sub_07,App_24,Payment / merchant,46,11,11,6218000,410000,1400000
2022-06-29,Marketplace,Sub_25,App_101,Payment / merchant,29,28,28,7022029,340000,10000
2022-06-29,Movies,Sub_07,App_23,Payment / merchant,25,10,9,4253544,330000,640000
2022-06-29,Retail,Sub_20,App_44,Payment / merchant,75,14,11,31256300,330000,1920000
2022-06-29,Billing,Sub_35,App_96,Payment / merchant,28,17,16,4704865,320000,240000
2022-06-29,Game,Sub_19,App_31,Payment / merchant,18,18,18,3201425,270000,0
2022-06-29,Billing,Sub_15,App_37,Payment / merchant,10,7,6,2124771,210000,140000
2022-06-29,Traveling,Sub_02,App_21,Payment / merchant,1,1,1,13628000,200000,0
2022-06-29,Billing,Sub_10,App_49,Payment / merchant,15,12,9,16547000,180000,120000
2022-06-29,Billing,Sub_15,App_95,Payment / merchant,13,7,5,3445009,175000,280000
2022-06-29,Marketplace,Sub_25,App_59,Payment / merchant,25,25,25,17490464,160000,0
2022-06-29,Telco,Sub_11,App_63,Payment / merchant,20,20,20,532000,125000,0
2022-06-29,Billing,Sub_35,App_28,Payment / merchant,7,6,6,598416,120000,20000
2022-06-29,FnB,Sub_16,App_82,Payment / merchant,5,5,5,947000,100000,0
2022-06-29,FnB,Sub_16,App_57,Payment / merchant,3,3,3,449000,90000,0
2022-06-29,Retail,Sub_04,App_38,Payment / merchant,3,3,3,383800,90000,0
2022-06-29,Retail,Sub_26,App_19,Payment / merchant,3,3,3,1262000,90000,0
2022-06-29,Retail,Sub_20,App_22,Payment / merchant,3,3,3,1909635,90000,0
2022-06-29,Retail,Sub_06,App_29,Payment / merchant,5,4,3,270998,60000,40000
2022-06-29,Traveling,Sub_33,App_02,Payment / merchant,3,3,3,780000,60000,0
2022-06-29,Billing,Sub_31,App_04,Payment / merchant,8,5,3,320000,60000,100000
2022-06-29,Marketplace,Sub_25,App_102,Payment / merchant,8,7,5,1465230,50000,30000
2022-06-29,Billing,Sub_23,App_53,Payment / merchant,4,2,2,200000,40000,40000
2022-06-29,FnB,Sub_08,App_97,Payment / merchant,2,2,2,264200,30000,0
2022-06-29,Billing,Sub_30,App_103,Payment / merchant,1,1,1,260000,30000,0
2022-06-29,Traveling,Sub_33,App_03,Payment / merchant,2,1,1,900000,30000,30000
2022-06-29,Retail,Sub_26,App_18,Payment / merchant,1,1,1,430000,30000,0
2022-06-29,Retail,Sub_06,App_42,Payment / merchant,1,1,1,60000,20000,0
2022-06-29,Retail,Sub_06,App_46,Payment / merchant,1,1,1,51000,20000,0
2022-06-29,Traveling,Sub_01,App_45,Payment / merchant,1,1,1,445000,20000,0
2022-06-29,Marketplace,Sub_25,App_100,Payment / merchant,2,2,2,782112,20000,0
2022-06-29,Retail,Sub_06,App_01,Payment / merchant,1,1,1,51000,20000,0
2022-06-29,Billing,Sub_31,App_104,Payment / merchant,3,3,1,120000,20000,40000
2022-06-29,Billing,Sub_35,App_68,Payment / merchant,1,1,1,300295,20000,0
2022-06-29,Billing,Sub_35,App_71,Payment / merchant,1,1,1,475107,20000,0
2022-06-29,Billing,Sub_35,App_77,Payment / merchant,1,1,1,419299,20000,0
2022-06-29,Billing,Sub_23,App_25,Payment / merchant,1,1,1,1443000,20000,0
2022-06-29,Billing,Sub_10,App_60,Payment / merchant,2,1,1,2350000,20000,20000
2022-06-29,Billing,Sub_10,App_61,Payment / merchant,1,1,1,1668922,20000,0
2022-06-29,Billing,Sub_10,App_90,Payment / merchant,1,1,1,5320048,20000,0
2022-06-29,Billing,Sub_10,App_39,Payment / merchant,1,1,1,1532788,20000,0
2022-06-29,Entertainment,Sub_34,App_05,Payment / merchant,1,1,1,165000,10000,0
2022-06-29,Telco,Sub_09,App_92,Payment / merchant,3,2,1,210000,10000,10000
2022-06-29,RST,Sub_18,App_17,Payment / merchant,1,1,1,178250,10000,0
2022-06-29,Traveling,Sub_02,App_11,Payment / merchant,2,1,0,10431000,0,400000
2022-06-29,Billing,Sub_30,App_13,Payment / merchant,4,2,0,400000,0,120000
2022-06-30,Non-payment/Unknown,Sub_27,App_52,Non-payment / reward / unknown,1291,500,1291,64550000,64550000,0
2022-06-30,Billing,Sub_15,App_34,Payment / merchant,748,156,145,189991829,5075000,21105000
2022-06-30,Billing,Sub_30,App_08,Payment / merchant,512,131,121,48985000,3580000,11200000
2022-06-30,Billing,Sub_15,App_35,Payment / merchant,268,116,96,72543684,3360000,6020000
2022-06-30,Telco,Sub_05,App_93,Payment / merchant,677,280,260,14320000,2600000,4170000
2022-06-30,Billing,Sub_35,App_65,Payment / merchant,763,138,128,64280248,2560000,12700000
2022-06-30,Billing,Sub_23,App_06,Payment / merchant,665,114,107,30360000,2140000,11160000
2022-06-30,Movies,Sub_07,App_23,Payment / merchant,144,35,34,19192180,1360000,4400000
2022-06-30,Telco,Sub_32,App_64,Payment / merchant,176,148,127,5450000,1270000,490000
2022-06-30,Retail,Sub_20,App_44,Payment / merchant,101,39,36,41415400,1080000,1950000
2022-06-30,Billing,Sub_15,App_95,Payment / merchant,110,33,30,17422867,1050000,2800000
2022-06-30,Billing,Sub_30,App_13,Payment / merchant,138,39,36,14310000,1040000,3020000
2022-06-30,Billing,Sub_15,App_36,Payment / merchant,80,28,25,29343356,875000,1925000
2022-06-30,Billing,Sub_35,App_96,Payment / merchant,134,22,22,9673246,440000,2240000
2022-06-30,Billing,Sub_31,App_04,Payment / merchant,144,25,15,6380000,300000,2580000
2022-06-30,Game,Sub_19,App_31,Payment / merchant,20,20,20,4757050,205000,0
2022-06-30,Marketplace,Sub_25,App_101,Payment / merchant,32,16,16,9133956,205000,160000
2022-06-30,Marketplace,Sub_25,App_59,Payment / merchant,28,28,28,15445689,190000,0
2022-06-30,Billing,Sub_23,App_53,Payment / merchant,14,8,8,700000,160000,120000
2022-06-30,Traveling,Sub_02,App_11,Payment / merchant,1,1,1,4769600,150000,0
2022-06-30,Telco,Sub_11,App_63,Payment / merchant,30,24,21,1815000,125000,45000
2022-06-30,FnB,Sub_16,App_57,Payment / merchant,3,3,3,456000,90000,0
2022-06-30,Retail,Sub_06,App_29,Payment / merchant,3,3,3,183000,60000,0
2022-06-30,Retail,Sub_20,App_22,Payment / merchant,2,2,2,2003820,60000,0
2022-06-30,Billing,Sub_35,App_28,Payment / merchant,6,4,3,751761,60000,60000
2022-06-30,Billing,Sub_10,App_49,Payment / merchant,5,3,2,5000000,40000,60000
2022-06-30,Traveling,Sub_33,App_40,Payment / merchant,2,2,2,900000,40000,0
2022-06-30,Movies,Sub_07,App_24,Payment / merchant,7,1,1,840000,40000,240000
2022-06-30,Marketplace,Sub_25,App_102,Payment / merchant,16,4,4,2498754,40000,120000
2022-06-30,Billing,Sub_35,App_75,Payment / merchant,3,2,2,212055,40000,20000
2022-06-30,Telco,Sub_09,App_92,Payment / merchant,4,2,4,180000,35000,0
2022-06-30,Retail,Sub_26,App_19,Payment / merchant,1,1,1,533000,30000,0
2022-06-30,Retail,Sub_20,App_86,Payment / merchant,6,1,1,2496000,30000,150000
2022-06-30,RST,Sub_18,App_17,Payment / merchant,2,2,2,175800,20000,0
2022-06-30,Traveling,Sub_01,App_45,Payment / merchant,1,1,1,1780000,20000,0
2022-06-30,Billing,Sub_35,App_77,Payment / merchant,1,1,1,492221,20000,0
2022-06-30,FnB,Sub_16,App_82,Payment / merchant,1,1,1,170000,20000,0
2022-06-30,FnB,Sub_16,App_91,Payment / merchant,1,1,1,124000,20000,0
2022-06-30,Retail,Sub_06,App_42,Payment / merchant,2,1,1,104000,20000,20000
2022-06-30,Billing,Sub_10,App_60,Payment / merchant,1,1,1,1616000,20000,0
2022-06-30,Billing,Sub_10,App_89,Payment / merchant,1,1,1,3228000,20000,0
2022-06-30,Billing,Sub_35,App_27,Payment / merchant,1,1,1,76340,20000,0
2022-06-30,Billing,Sub_35,App_67,Payment / merchant,1,1,1,418600,20000,0
2022-06-30,Billing,Sub_30,App_55,Payment / merchant,1,1,1,1860000,20000,0
2022-06-30,FnB,Sub_08,App_56,Payment / merchant,1,1,1,113000,15000,0
2022-06-30,Marketplace,Sub_25,App_100,Payment / merchant,1,1,1,408000,10000,0
2022-06-30,Telco,Sub_12,App_94,Payment / merchant,1,1,1,50000,5000,0
2022-06-30,Traveling,Sub_02,App_12,Payment / merchant,1,1,0,7775000,0,200000
2022-06-30,Traveling,Sub_33,App_02,Payment / merchant,2,1,0,420000,0,40000
2022-06-30,Retail,Sub_26,App_18,Payment / merchant,2,1,0,860000,0,60000
2022-06-30,Retail,Sub_04,App_41,Payment / merchant,1,1,0,716867,0,30000
2022-06-30,Billing,Sub_10,App_39,Payment / merchant,1,1,0,1000000,0,20000
2022-07-01,Non-payment/Unknown,Sub_27,App_52,Non-payment / reward / unknown,1240,498,1240,62000000,62000000,0
2022-07-01,Billing,Sub_15,App_35,Payment / merchant,1032,220,197,350978788,6895000,29225000
2022-07-01,Billing,Sub_15,App_36,Payment / merchant,680,177,164,116908552,5740000,18060000
2022-07-01,Billing,Sub_35,App_65,Payment / merchant,1041,205,188,75355421,3760000,17060000
2022-07-01,Movies,Sub_07,App_23,Payment / merchant,753,86,82,102967454,3190000,26840000
2022-07-01,Billing,Sub_30,App_13,Payment / merchant,738,100,86,73650000,2580000,19530000
2022-07-01,Telco,Sub_05,App_93,Payment / merchant,1110,288,249,23980000,2490000,8610000
2022-07-01,Billing,Sub_23,App_53,Payment / merchant,798,110,105,40600000,2100000,13860000
2022-07-01,Telco,Sub_32,App_64,Payment / merchant,402,203,184,10540000,1840000,2180000
2022-07-01,Billing,Sub_30,App_08,Payment / merchant,454,52,50,50438829,1480000,12120000
2022-07-01,Marketplace,Sub_25,App_101,Payment / merchant,88,80,84,26670147,1020000,45000
2022-07-01,Billing,Sub_15,App_95,Payment / merchant,235,34,27,61190683,945000,7280000
2022-07-01,Retail,Sub_20,App_44,Payment / merchant,92,36,31,37654400,930000,1830000
2022-07-01,Billing,Sub_23,App_06,Payment / merchant,438,43,41,31808955,820000,7940000
2022-07-01,Movies,Sub_07,App_24,Payment / merchant,132,18,17,15840000,680000,4600000
2022-07-01,Game,Sub_19,App_31,Payment / merchant,21,21,21,4301800,330000,0
2022-07-01,Billing,Sub_35,App_96,Payment / merchant,214,17,16,29466584,320000,3960000
2022-07-01,Traveling,Sub_02,App_21,Payment / merchant,2,1,1,10097000,200000,200000
2022-07-01,Billing,Sub_15,App_34,Payment / merchant,6,4,4,1645020,140000,70000
2022-07-01,Marketplace,Sub_25,App_59,Payment / merchant,23,23,22,22643205,130000,10000
2022-07-01,Telco,Sub_11,App_63,Payment / merchant,22,22,21,409000,125000,5000
2022-07-01,Billing,Sub_10,App_39,Payment / merchant,25,6,6,25521611,120000,380000
2022-07-01,Billing,Sub_31,App_04,Payment / merchant,34,10,5,1430000,100000,580000
2022-07-01,Retail,Sub_06,App_29,Payment / merchant,6,6,5,352000,100000,20000
2022-07-01,Traveling,Sub_33,App_03,Payment / merchant,2,1,2,1720000,70000,0
2022-07-01,Retail,Sub_26,App_18,Payment / merchant,2,2,2,869000,60000,0
2022-07-01,Billing,Sub_30,App_55,Payment / merchant,10,2,2,1773000,60000,240000
2022-07-01,Billing,Sub_10,App_49,Payment / merchant,5,3,3,5289000,60000,40000
2022-07-01,3PL,Sub_24,App_16,Payment / merchant,5,1,4,980000,60000,15000
2022-07-01,Billing,Sub_10,App_60,Payment / merchant,2,2,2,3144000,40000,0
2022-07-01,Movies,Sub_07,App_83,Payment / merchant,1,1,1,390000,40000,0
2022-07-01,Telco,Sub_09,App_92,Payment / merchant,5,5,5,280000,40000,0
2022-07-01,Traveling,Sub_33,App_40,Payment / merchant,2,2,2,970000,40000,0
2022-07-01,Retail,Sub_04,App_41,Payment / merchant,1,1,1,716867,30000,0
2022-07-01,Retail,Sub_20,App_22,Payment / merchant,1,1,1,797433,30000,0
2022-07-01,Marketplace,Sub_25,App_102,Payment / merchant,3,3,3,450000,30000,0
2022-07-01,FnB,Sub_16,App_57,Payment / merchant,1,1,1,138000,30000,0
2022-07-01,Marketplace,Sub_25,App_100,Payment / merchant,2,2,2,764000,20000,0
2022-07-01,Retail,Sub_06,App_46,Payment / merchant,1,1,1,51000,20000,0
2022-07-01,Billing,Sub_10,App_89,Payment / merchant,1,1,1,1100000,20000,0
2022-07-01,Billing,Sub_23,App_25,Payment / merchant,1,1,1,1254000,20000,0
2022-07-01,Billing,Sub_35,App_28,Payment / merchant,1,1,1,125536,20000,0
2022-07-01,Billing,Sub_31,App_104,Payment / merchant,1,1,1,40000,20000,0
2022-07-01,Billing,Sub_35,App_72,Payment / merchant,1,1,1,47880,20000,0
2022-07-01,Billing,Sub_35,App_75,Payment / merchant,1,1,1,67858,20000,0
2022-07-01,Billing,Sub_10,App_30,Payment / merchant,1,1,1,1100000,20000,0
2022-07-01,Traveling,Sub_33,App_02,Payment / merchant,1,1,1,260000,20000,0
2022-07-01,Retail,Sub_20,App_58,Payment / merchant,1,1,1,730200,20000,0
2022-07-01,FnB,Sub_08,App_56,Payment / merchant,1,1,1,59000,15000,0
2022-07-01,RST,Sub_18,App_17,Payment / merchant,1,1,1,107480,10000,0
2022-07-02,Non-payment/Unknown,Sub_27,App_52,Non-payment / reward / unknown,1283,548,1283,64150000,64150000,0
2022-07-02,Billing,Sub_35,App_65,Payment / merchant,524,196,170,38144679,3400000,7080000
2022-07-02,Billing,Sub_30,App_13,Payment / merchant,440,113,84,43750000,2500000,10640000
2022-07-02,Telco,Sub_05,App_93,Payment / merchant,542,271,232,13630000,2320000,3100000
2022-07-02,Billing,Sub_15,App_35,Payment / merchant,321,69,57,64046782,1995000,9240000
2022-07-02,Telco,Sub_32,App_64,Payment / merchant,379,175,160,9390000,1600000,2190000
2022-07-02,Billing,Sub_23,App_53,Payment / merchant,246,57,42,12690000,840000,4080000
2022-07-02,Billing,Sub_15,App_36,Payment / merchant,60,26,21,8498269,735000,1365000
2022-07-02,Marketplace,Sub_25,App_101,Payment / merchant,79,61,61,28011279,710000,220000
2022-07-02,Billing,Sub_35,App_28,Payment / merchant,41,28,27,4036027,540000,280000
2022-07-02,Movies,Sub_07,App_23,Payment / merchant,106,15,14,20278230,530000,3680000
2022-07-02,Billing,Sub_35,App_26,Payment / merchant,54,17,15,3383070,300000,780000
2022-07-02,Movies,Sub_07,App_24,Payment / merchant,50,9,7,9825000,250000,1690000
2022-07-02,Game,Sub_19,App_31,Payment / merchant,18,18,18,4931650,210000,0
2022-07-02,Billing,Sub_15,App_33,Payment / merchant,6,6,6,3306544,210000,0
2022-07-02,Retail,Sub_20,App_44,Payment / merchant,6,6,6,3554300,180000,0
2022-07-02,Billing,Sub_31,App_04,Payment / merchant,53,11,8,2280000,160000,900000
2022-07-02,Traveling,Sub_02,App_12,Payment / merchant,1,1,1,4360000,150000,0
2022-07-02,Telco,Sub_11,App_63,Payment / merchant,25,24,23,917000,130000,15000
2022-07-02,Marketplace,Sub_25,App_59,Payment / merchant,20,20,20,10162438,125000,0
2022-07-02,FnB,Sub_16,App_57,Payment / merchant,5,4,4,668000,120000,30000
2022-07-02,Retail,Sub_04,App_38,Payment / merchant,4,4,4,1612550,90000,0
2022-07-02,Traveling,Sub_33,App_02,Payment / merchant,4,4,4,1205000,80000,0
2022-07-02,Billing,Sub_35,App_96,Payment / merchant,13,5,3,1913634,60000,200000
2022-07-02,Billing,Sub_10,App_49,Payment / merchant,3,3,3,10365000,60000,0
2022-07-02,Billing,Sub_10,App_60,Payment / merchant,3,3,3,4754000,60000,0
2022-07-02,Billing,Sub_10,App_90,Payment / merchant,2,2,2,3560479,40000,0
2022-07-02,Billing,Sub_10,App_39,Payment / merchant,2,2,2,4128000,40000,0
2022-07-02,Retail,Sub_06,App_29,Payment / merchant,2,2,2,123000,40000,0
2022-07-02,Billing,Sub_15,App_34,Payment / merchant,1,1,1,450420,35000,0
2022-07-02,Retail,Sub_26,App_18,Payment / merchant,1,1,1,615000,30000,0
2022-07-02,Retail,Sub_26,App_19,Payment / merchant,1,1,1,522000,30000,0
2022-07-02,Telco,Sub_09,App_92,Payment / merchant,3,3,3,130000,30000,0
2022-07-02,Marketplace,Sub_25,App_100,Payment / merchant,2,2,2,1278400,25000,0
2022-07-02,Billing,Sub_14,App_14,Payment / merchant,1,1,1,1400000,25000,0
2022-07-02,Billing,Sub_14,App_88,Payment / merchant,1,1,1,1013000,25000,0
2022-07-02,Billing,Sub_10,App_30,Payment / merchant,10,1,1,24328000,20000,180000
2022-07-02,Billing,Sub_23,App_25,Payment / merchant,1,1,1,1533000,20000,0
2022-07-02,Billing,Sub_30,App_103,Payment / merchant,1,1,1,190000,20000,0
2022-07-02,Billing,Sub_35,App_27,Payment / merchant,1,1,1,135715,20000,0
2022-07-02,Retail,Sub_06,App_42,Payment / merchant,1,1,1,57000,20000,0
2022-07-02,Telco,Sub_29,App_15,Payment / merchant,1,1,1,100000,10000,0
2022-07-02,Marketplace,Sub_25,App_102,Payment / merchant,1,1,1,395816,10000,0
2022-07-02,RST,Sub_18,App_17,Payment / merchant,1,1,0,62000,0,10000
2022-07-03,Non-payment/Unknown,Sub_27,App_52,Non-payment / reward / unknown,1436,641,1436,71800000,71800000,0
2022-07-03,Billing,Sub_30,App_13,Payment / merchant,588,179,151,58730000,4480000,13110000
2022-07-03,Telco,Sub_05,App_93,Payment / merchant,620,265,241,12790000,2410000,3790000
2022-07-03,Billing,Sub_35,App_65,Payment / merchant,493,147,118,27562369,2360000,7500000
2022-07-03,Telco,Sub_32,App_64,Payment / merchant,177,169,151,5870000,1510000,260000
2022-07-03,Billing,Sub_35,App_28,Payment / merchant,90,51,50,7119542,1000000,800000
2022-07-03,Billing,Sub_15,App_36,Payment / merchant,97,30,28,22991610,980000,2415000
2022-07-03,Billing,Sub_15,App_35,Payment / merchant,169,32,27,29283813,945000,4970000
2022-07-03,Movies,Sub_07,App_23,Payment / merchant,150,28,22,22860526,880000,5120000
2022-07-03,Billing,Sub_15,App_33,Payment / merchant,49,28,21,25778229,735000,980000
2022-07-03,Billing,Sub_23,App_53,Payment / merchant,215,39,34,11803000,680000,3620000
2022-07-03,Marketplace,Sub_25,App_101,Payment / merchant,57,56,55,17481367,635000,20000
2022-07-03,Billing,Sub_23,App_25,Payment / merchant,41,32,30,8820506,600000,220000
2022-07-03,Retail,Sub_20,App_44,Payment / merchant,135,20,17,54746400,510000,3540000
2022-07-03,Billing,Sub_30,App_08,Payment / merchant,34,16,14,5353001,410000,600000
2022-07-03,Game,Sub_19,App_31,Payment / merchant,43,24,24,8534700,360000,350000
2022-07-03,Billing,Sub_30,App_103,Payment / merchant,14,14,12,2409000,290000,60000
2022-07-03,Billing,Sub_35,App_96,Payment / merchant,12,12,12,1932283,240000,0
2022-07-03,Movies,Sub_07,App_24,Payment / merchant,19,8,6,3009000,180000,520000
2022-07-03,Billing,Sub_23,App_06,Payment / merchant,36,9,9,2584846,180000,540000
2022-07-03,Billing,Sub_10,App_39,Payment / merchant,52,7,6,57261001,120000,920000
2022-07-03,Marketplace,Sub_25,App_59,Payment / merchant,19,19,18,12622099,100000,5000
2022-07-03,Retail,Sub_06,App_29,Payment / merchant,7,5,5,500000,100000,40000
2022-07-03,FnB,Sub_16,App_57,Payment / merchant,3,3,3,423950,90000,0
2022-07-03,Marketplace,Sub_25,App_100,Payment / merchant,7,7,7,1825156,90000,0
2022-07-03,Billing,Sub_31,App_04,Payment / merchant,5,5,4,260000,80000,20000
2022-07-03,Billing,Sub_35,App_26,Payment / merchant,29,9,3,2252500,60000,520000
2022-07-03,Billing,Sub_10,App_60,Payment / merchant,3,3,3,3509000,60000,0
2022-07-03,Retail,Sub_04,App_38,Payment / merchant,5,4,3,1213200,60000,40000
2022-07-03,Retail,Sub_20,App_22,Payment / merchant,2,2,2,976800,60000,0
2022-07-03,Telco,Sub_11,App_63,Payment / merchant,15,15,11,434000,55000,25000
2022-07-03,Movies,Sub_07,App_83,Payment / merchant,1,1,1,120000,40000,0
2022-07-03,Marketplace,Sub_25,App_102,Payment / merchant,10,4,4,1500000,40000,60000
2022-07-03,Billing,Sub_35,App_77,Payment / merchant,2,2,2,393346,40000,0
2022-07-03,Telco,Sub_29,App_07,Payment / merchant,3,3,3,735740,30000,0
2022-07-03,Traveling,Sub_33,App_03,Payment / merchant,1,1,1,474000,30000,0
2022-07-03,Billing,Sub_30,App_09,Payment / merchant,1,1,1,117800,30000,0
2022-07-03,Billing,Sub_30,App_51,Payment / merchant,1,1,1,200000,30000,0
2022-07-03,Billing,Sub_31,App_104,Payment / merchant,1,1,1,100000,20000,0
2022-07-03,Billing,Sub_10,App_61,Payment / merchant,1,1,1,1033462,20000,0
2022-07-03,Traveling,Sub_33,App_40,Payment / merchant,2,1,1,570000,20000,20000
2022-07-03,Telco,Sub_09,App_92,Payment / merchant,2,2,2,60000,20000,0
2022-07-03,Billing,Sub_35,App_66,Payment / merchant,1,1,1,111300,20000,0
2022-07-03,Billing,Sub_35,App_68,Payment / merchant,1,1,1,330806,20000,0
2022-07-03,FnB,Sub_08,App_98,Payment / merchant,1,1,1,78000,15000,0
2022-07-03,Entertainment,Sub_34,App_05,Payment / merchant,1,1,1,249000,10000,0
2022-07-03,RST,Sub_18,App_17,Payment / merchant,1,1,1,60000,10000,0
2022-07-03,Traveling,Sub_02,App_11,Payment / merchant,2,1,0,7104960,0,400000
2022-07-04,Non-payment/Unknown,Sub_27,App_52,Non-payment / reward / unknown,1425,626,1425,71250000,71250000,0
2022-07-04,Billing,Sub_30,App_08,Payment / merchant,702,250,231,124125375,6930000,14130000
2022-07-04,Billing,Sub_30,App_13,Payment / merchant,602,159,153,38677000,4160000,9590000
2022-07-04,Billing,Sub_35,App_65,Payment / merchant,488,176,161,30304234,3220000,6540000
2022-07-04,Telco,Sub_05,App_93,Payment / merchant,558,243,177,11500000,1770000,3810000
2022-07-04,Telco,Sub_32,App_64,Payment / merchant,191,152,141,5830000,1410000,500000
2022-07-04,Billing,Sub_15,App_33,Payment / merchant,128,38,35,49757481,1225000,3255000
2022-07-04,Marketplace,Sub_25,App_101,Payment / merchant,89,78,78,30359875,925000,140000
2022-07-04,Billing,Sub_31,App_04,Payment / merchant,392,46,46,15740000,920000,6920000
2022-07-04,Billing,Sub_15,App_36,Payment / merchant,78,30,24,23438178,840000,1890000
2022-07-04,Billing,Sub_23,App_06,Payment / merchant,258,42,34,37771582,680000,4480000
2022-07-04,Retail,Sub_20,App_44,Payment / merchant,72,24,22,29203200,660000,1500000
2022-07-04,Movies,Sub_07,App_24,Payment / merchant,186,17,16,22360000,640000,6800000
2022-07-04,Billing,Sub_15,App_35,Payment / merchant,97,23,18,23375897,630000,2765000
2022-07-04,Billing,Sub_23,App_53,Payment / merchant,170,35,22,9214000,440000,2960000
2022-07-04,Traveling,Sub_02,App_11,Payment / merchant,2,2,2,9132480,400000,0
2022-07-04,Movies,Sub_07,App_23,Payment / merchant,73,10,9,9537000,330000,2560000
2022-07-04,Billing,Sub_23,App_25,Payment / merchant,38,18,15,8564552,300000,460000
2022-07-04,Game,Sub_19,App_31,Payment / merchant,50,21,21,10730200,240000,550000
2022-07-04,Billing,Sub_35,App_28,Payment / merchant,11,11,9,1083815,180000,40000
2022-07-04,Billing,Sub_30,App_103,Payment / merchant,8,7,7,1098000,180000,20000
2022-07-04,Marketplace,Sub_25,App_59,Payment / merchant,25,25,25,10813015,175000,0
2022-07-04,Billing,Sub_35,App_96,Payment / merchant,10,9,7,1785723,140000,60000
2022-07-04,Retail,Sub_04,App_38,Payment / merchant,6,6,6,1912100,130000,0
2022-07-04,Telco,Sub_11,App_63,Payment / merchant,19,19,19,411000,100000,0
2022-07-04,Marketplace,Sub_25,App_102,Payment / merchant,69,10,9,10350000,90000,600000
2022-07-04,Telco,Sub_09,App_92,Payment / merchant,10,3,9,340000,85000,10000
2022-07-04,Retail,Sub_06,App_29,Payment / merchant,3,3,3,214000,60000,0
2022-07-04,Retail,Sub_06,App_42,Payment / merchant,3,3,3,240000,60000,0
2022-07-04,FnB,Sub_16,App_57,Payment / merchant,2,2,2,283000,60000,0
2022-07-04,Billing,Sub_30,App_09,Payment / merchant,2,2,2,1098000,50000,0
2022-07-04,RST,Sub_18,App_17,Payment / merchant,5,5,5,503040,50000,0
2022-07-04,RST,Sub_24,App_48,Payment / merchant,1,1,1,48000,50000,0
2022-07-04,Traveling,Sub_33,App_03,Payment / merchant,2,2,2,735000,50000,0
2022-07-04,Marketplace,Sub_25,App_100,Payment / merchant,5,4,4,24945000,45000,15000
2022-07-04,FnB,Sub_16,App_91,Payment / merchant,2,2,2,338000,40000,0
2022-07-04,Billing,Sub_35,App_26,Payment / merchant,46,3,2,3540210,40000,880000
2022-07-04,Billing,Sub_15,App_34,Payment / merchant,1,1,1,157671,35000,0
2022-07-04,Billing,Sub_10,App_89,Payment / merchant,1,1,1,1919310,20000,0
2022-07-04,Billing,Sub_10,App_90,Payment / merchant,1,1,1,1022400,20000,0
2022-07-04,Billing,Sub_31,App_104,Payment / merchant,1,1,1,40000,20000,0
2022-07-04,Billing,Sub_35,App_27,Payment / merchant,2,2,1,110483,20000,20000
2022-07-04,Billing,Sub_10,App_50,Payment / merchant,1,1,1,1790000,20000,0
2022-07-04,Billing,Sub_10,App_60,Payment / merchant,2,1,1,2362000,20000,20000
2022-07-04,Billing,Sub_10,App_39,Payment / merchant,1,1,1,2374000,20000,0
2022-07-04,Telco,Sub_29,App_15,Payment / merchant,2,2,2,283000,20000,0
2022-07-04,Retail,Sub_20,App_58,Payment / merchant,1,1,1,612400,20000,0
2022-07-04,Traveling,Sub_33,App_02,Payment / merchant,1,1,1,540000,20000,0
2022-07-04,FnB,Sub_08,App_98,Payment / merchant,1,1,1,49000,15000,0
2022-07-04,Movies,Sub_07,App_83,Payment / merchant,1,1,1,424000,10000,0
2022-07-04,Entertainment,Sub_34,App_05,Payment / merchant,1,1,1,249000,10000,0
2022-07-04,Billing,Sub_10,App_49,Payment / merchant,4,2,0,6156000,0,80000
2022-07-04,Billing,Sub_10,App_61,Payment / merchant,1,1,0,1000000,0,20000
2022-07-04,Traveling,Sub_02,App_47,Payment / merchant,1,1,0,3850000,0,200000
2022-07-05,Non-payment/Unknown,Sub_27,App_52,Non-payment / reward / unknown,1576,659,1576,78800000,78800000,0
2022-07-05,Billing,Sub_30,App_08,Payment / merchant,492,169,150,85725499,4500000,10260000
2022-07-05,Billing,Sub_30,App_13,Payment / merchant,249,150,145,24800000,4350000,3100000
2022-07-05,Billing,Sub_35,App_65,Payment / merchant,253,165,155,21097964,3100000,1960000
2022-07-05,Telco,Sub_05,App_93,Payment / merchant,648,339,244,13590000,2440000,4040000
2022-07-05,Billing,Sub_23,App_53,Payment / merchant,156,105,88,8558000,1760000,1360000
2022-07-05,Billing,Sub_15,App_33,Payment / merchant,92,47,43,31439544,1505000,1715000
2022-07-05,Telco,Sub_32,App_64,Payment / merchant,216,162,149,7350000,1490000,670000
2022-07-05,Billing,Sub_35,App_28,Payment / merchant,107,69,59,9032249,1180000,960000
2022-07-05,Marketplace,Sub_25,App_101,Payment / merchant,65,59,58,22159094,625000,95000
2022-07-05,Billing,Sub_35,App_96,Payment / merchant,26,24,23,2513554,460000,60000
2022-07-05,Billing,Sub_15,App_35,Payment / merchant,23,15,13,5953228,455000,350000
2022-07-05,Movies,Sub_07,App_24,Payment / merchant,62,12,12,7537000,450000,2000000
2022-07-05,Billing,Sub_23,App_06,Payment / merchant,83,28,22,9431236,440000,1220000
2022-07-05,Retail,Sub_20,App_44,Payment / merchant,35,21,14,14748100,400000,630000
2022-07-05,Billing,Sub_23,App_25,Payment / merchant,20,17,15,5519050,300000,100000
2022-07-05,Billing,Sub_15,App_36,Payment / merchant,62,10,8,9163112,280000,1890000
2022-07-05,Game,Sub_19,App_31,Payment / merchant,23,22,22,7850950,245000,20000
2022-07-05,Movies,Sub_07,App_23,Payment / merchant,5,5,5,717000,200000,0
2022-07-05,Traveling,Sub_02,App_11,Payment / merchant,1,1,1,3571200,200000,0
2022-07-05,Telco,Sub_11,App_63,Payment / merchant,40,34,35,996000,195000,25000
2022-07-05,FnB,Sub_16,App_57,Payment / merchant,6,6,6,852850,180000,0
2022-07-05,Billing,Sub_10,App_39,Payment / merchant,8,8,7,10929433,140000,20000
2022-07-05,Billing,Sub_30,App_103,Payment / merchant,5,5,5,1015000,120000,0
2022-07-05,Billing,Sub_10,App_49,Payment / merchant,5,5,5,12354000,100000,0
2022-07-05,Retail,Sub_04,App_38,Payment / merchant,4,4,4,1207000,90000,0
2022-07-05,Retail,Sub_06,App_29,Payment / merchant,5,5,5,402000,90000,0
2022-07-05,Marketplace,Sub_25,App_59,Payment / merchant,14,13,12,4663221,80000,15000
2022-07-05,Retail,Sub_26,App_18,Payment / merchant,2,2,2,930000,60000,0
2022-07-05,Retail,Sub_20,App_22,Payment / merchant,2,2,2,1898972,60000,0
2022-07-05,Billing,Sub_35,App_27,Payment / merchant,6,4,3,673007,60000,60000
2022-07-05,Billing,Sub_31,App_04,Payment / merchant,4,4,3,160000,60000,20000
2022-07-05,Marketplace,Sub_25,App_100,Payment / merchant,4,4,4,1337000,45000,0
2022-07-05,Marketplace,Sub_25,App_102,Payment / merchant,12,5,4,1800000,40000,80000
2022-07-05,FnB,Sub_16,App_82,Payment / merchant,2,2,2,234000,40000,0
2022-07-05,Movies,Sub_07,App_83,Payment / merchant,1,1,1,337090,40000,0
2022-07-05,Billing,Sub_15,App_34,Payment / merchant,1,1,1,101028,35000,0
2022-07-05,Entertainment,Sub_34,App_05,Payment / merchant,1,1,1,79000,30000,0
2022-07-05,Telco,Sub_09,App_92,Payment / merchant,4,3,4,300000,30000,0
2022-07-05,Traveling,Sub_33,App_10,Payment / merchant,1,1,1,250000,30000,0
2022-07-05,Billing,Sub_14,App_88,Payment / merchant,1,1,1,866000,25000,0
2022-07-05,Billing,Sub_10,App_61,Payment / merchant,1,1,1,1000000,20000,0
2022-07-05,Billing,Sub_10,App_90,Payment / merchant,1,1,1,2418315,20000,0
2022-07-05,Traveling,Sub_33,App_40,Payment / merchant,1,1,1,285000,20000,0
2022-07-05,Traveling,Sub_33,App_02,Payment / merchant,1,1,1,255000,20000,0
2022-07-05,Billing,Sub_35,App_69,Payment / merchant,1,1,1,181810,20000,0
2022-07-05,Billing,Sub_35,App_74,Payment / merchant,28,2,1,2154484,20000,540000
2022-07-05,Retail,Sub_06,App_46,Payment / merchant,2,1,1,142000,20000,20000
2022-07-05,Retail,Sub_04,App_41,Payment / merchant,1,1,1,452400,20000,0
2022-07-05,Telco,Sub_29,App_15,Payment / merchant,3,3,1,207600,10000,20000
2022-07-05,RST,Sub_18,App_17,Payment / merchant,1,1,1,67000,10000,0
2022-07-06,Non-payment/Unknown,Sub_27,App_52,Non-payment / reward / unknown,1605,734,1605,80250000,80250000,0
2022-07-06,Billing,Sub_30,App_13,Payment / merchant,209,187,177,20650000,5250000,960000
2022-07-06,Billing,Sub_30,App_08,Payment / merchant,279,104,95,49270583,2840000,5510000
2022-07-06,Telco,Sub_05,App_93,Payment / merchant,363,293,240,7420000,2400000,1230000
2022-07-06,Billing,Sub_15,App_33,Payment / merchant,114,72,64,45803427,2240000,1750000
2022-07-06,Billing,Sub_23,App_53,Payment / merchant,144,122,88,7260000,1760000,1120000
2022-07-06,Telco,Sub_32,App_64,Payment / merchant,206,171,156,6060000,1560000,500000
2022-07-06,Billing,Sub_35,App_65,Payment / merchant,64,56,47,5401050,940000,340000
2022-07-06,Marketplace,Sub_25,App_101,Payment / merchant,68,60,60,22705217,680000,120000
2022-07-06,Billing,Sub_35,App_96,Payment / merchant,178,32,26,22275533,520000,3040000
2022-07-06,Game,Sub_19,App_31,Payment / merchant,39,33,31,13948650,440000,160000
2022-07-06,Billing,Sub_15,App_37,Payment / merchant,17,13,10,3660051,350000,245000
2022-07-06,Billing,Sub_15,App_35,Payment / merchant,26,15,8,9383276,280000,630000
2022-07-06,Billing,Sub_35,App_28,Payment / merchant,40,24,14,3262944,280000,520000
2022-07-06,Movies,Sub_07,App_23,Payment / merchant,9,9,7,1427817,280000,80000
2022-07-06,Billing,Sub_30,App_103,Payment / merchant,10,9,9,2175550,240000,30000
2022-07-06,Billing,Sub_23,App_25,Payment / merchant,24,13,9,5543001,180000,300000
2022-07-06,Retail,Sub_20,App_44,Payment / merchant,20,13,6,8265700,180000,420000
2022-07-06,Movies,Sub_07,App_24,Payment / merchant,18,5,4,2160000,160000,560000
2022-07-06,Retail,Sub_04,App_38,Payment / merchant,6,6,6,1176000,160000,0
2022-07-06,Telco,Sub_11,App_63,Payment / merchant,29,27,25,756000,150000,20000
2022-07-06,Marketplace,Sub_25,App_59,Payment / merchant,21,21,21,8996161,145000,0
2022-07-06,Billing,Sub_23,App_06,Payment / merchant,11,7,6,1656213,120000,100000
2022-07-06,Billing,Sub_15,App_36,Payment / merchant,7,5,3,1949619,105000,140000
2022-07-06,Billing,Sub_31,App_04,Payment / merchant,5,5,5,200000,100000,0
2022-07-06,Retail,Sub_20,App_22,Payment / merchant,3,3,3,1560523,90000,0
2022-07-06,Marketplace,Sub_25,App_100,Payment / merchant,7,7,7,3771520,80000,0
2022-07-06,Billing,Sub_35,App_74,Payment / merchant,6,5,4,550078,80000,40000
2022-07-06,Telco,Sub_09,App_92,Payment / merchant,8,6,7,440000,60000,10000
2022-07-06,Billing,Sub_10,App_49,Payment / merchant,3,3,3,3010000,60000,0
2022-07-06,FnB,Sub_17,App_43,Payment / merchant,1,1,1,677160,50000,0
2022-07-06,Marketplace,Sub_25,App_102,Payment / merchant,7,6,5,1050000,50000,20000
2022-07-06,Retail,Sub_04,App_41,Payment / merchant,2,2,2,612450,50000,0
2022-07-06,FnB,Sub_16,App_82,Payment / merchant,2,2,2,234000,40000,0
2022-07-06,Billing,Sub_35,App_27,Payment / merchant,2,2,2,152680,40000,0
2022-07-06,Retail,Sub_06,App_29,Payment / merchant,4,3,2,224000,40000,40000
2022-07-06,Retail,Sub_06,App_42,Payment / merchant,3,2,2,368000,40000,20000
2022-07-06,Billing,Sub_10,App_90,Payment / merchant,2,2,2,3305611,40000,0
2022-07-06,Retail,Sub_26,App_18,Payment / merchant,1,1,1,440000,30000,0
2022-07-06,Telco,Sub_29,App_15,Payment / merchant,3,3,3,260573,30000,0
2022-07-06,Billing,Sub_14,App_88,Payment / merchant,1,1,1,1039000,25000,0
2022-07-06,Billing,Sub_10,App_60,Payment / merchant,1,1,1,1116000,20000,0
2022-07-06,Billing,Sub_10,App_30,Payment / merchant,1,1,1,2315902,20000,0
2022-07-06,Retail,Sub_06,App_46,Payment / merchant,1,1,1,53000,20000,0
2022-07-06,Telco,Sub_29,App_07,Payment / merchant,2,2,2,236375,20000,0
2022-07-06,Traveling,Sub_33,App_02,Payment / merchant,1,1,1,260000,20000,0
2022-07-06,Traveling,Sub_33,App_40,Payment / merchant,1,1,1,400000,20000,0
2022-07-06,Billing,Sub_35,App_26,Payment / merchant,1,1,1,302760,20000,0
2022-07-06,Billing,Sub_30,App_09,Payment / merchant,2,2,1,183600,20000,20000
2022-07-06,Billing,Sub_30,App_55,Payment / merchant,1,1,1,175000,20000,0
2022-07-06,Billing,Sub_31,App_104,Payment / merchant,1,1,1,1000000,20000,0
2022-07-06,FnB,Sub_16,App_57,Payment / merchant,1,1,1,246000,20000,0
2022-07-06,Billing,Sub_35,App_68,Payment / merchant,4,1,1,3325024,20000,60000
2022-07-06,Billing,Sub_35,App_72,Payment / merchant,1,1,1,164220,20000,0
2022-07-06,Retail,Sub_06,App_01,Payment / merchant,1,1,1,50000,20000,0
2022-07-06,FnB,Sub_08,App_97,Payment / merchant,1,1,1,45000,15000,0
2022-07-06,FnB,Sub_08,App_98,Payment / merchant,1,1,1,158000,15000,0
2022-07-06,Billing,Sub_21,App_79,Payment / merchant,1,1,1,772600,10000,0
2022-07-06,RST,Sub_18,App_17,Payment / merchant,1,1,1,68000,10000,0
2022-07-07,Non-payment/Unknown,Sub_27,App_52,Non-payment / reward / unknown,1793,728,1793,89650000,89650000,0
2022-07-07,Billing,Sub_30,App_08,Payment / merchant,492,392,368,98341952,11020000,3710000
2022-07-07,Telco,Sub_05,App_93,Payment / merchant,454,392,344,10190000,3440000,1100000
2022-07-07,Billing,Sub_30,App_13,Payment / merchant,134,116,107,12800000,3190000,710000
2022-07-07,Telco,Sub_32,App_64,Payment / merchant,235,170,157,7100000,1570000,780000
2022-07-07,Billing,Sub_23,App_53,Payment / merchant,113,86,77,6301000,1540000,720000
2022-07-07,Billing,Sub_35,App_96,Payment / merchant,134,81,71,9434199,1420000,1260000
2022-07-07,Billing,Sub_15,App_36,Payment / merchant,179,56,35,21400535,1225000,5040000
2022-07-07,Billing,Sub_35,App_65,Payment / merchant,65,59,57,4255469,1140000,160000
2022-07-07,Billing,Sub_15,App_37,Payment / merchant,66,38,29,13284212,1015000,1295000
2022-07-07,Billing,Sub_23,App_06,Payment / merchant,107,65,44,8957851,880000,1260000
2022-07-07,Marketplace,Sub_25,App_101,Payment / merchant,60,58,59,20793362,670000,15000
2022-07-07,Billing,Sub_15,App_33,Payment / merchant,38,22,15,16350501,525000,805000
2022-07-07,Billing,Sub_35,App_28,Payment / merchant,34,30,23,6725857,460000,220000
2022-07-07,Billing,Sub_15,App_34,Payment / merchant,16,15,12,4644221,420000,140000
2022-07-07,Game,Sub_19,App_31,Payment / merchant,27,25,24,6743050,330000,60000
2022-07-07,Movies,Sub_07,App_24,Payment / merchant,10,8,8,1514000,320000,80000
2022-07-07,Billing,Sub_15,App_35,Payment / merchant,12,10,9,4855101,315000,105000
2022-07-07,Retail,Sub_20,App_44,Payment / merchant,17,12,9,9530300,270000,240000
2022-07-07,Billing,Sub_30,App_103,Payment / merchant,13,9,9,2239000,240000,120000
2022-07-07,Telco,Sub_11,App_63,Payment / merchant,26,26,25,506000,145000,5000
2022-07-07,Retail,Sub_04,App_38,Payment / merchant,5,5,5,1327000,120000,0
2022-07-07,Billing,Sub_35,App_74,Payment / merchant,5,5,5,355621,100000,0
2022-07-07,Billing,Sub_31,App_04,Payment / merchant,12,7,5,1500000,100000,140000
2022-07-07,Billing,Sub_23,App_25,Payment / merchant,5,5,5,1074000,100000,0
2022-07-07,Retail,Sub_20,App_22,Payment / merchant,3,3,3,3080137,90000,0
2022-07-07,Movies,Sub_07,App_23,Payment / merchant,5,3,2,850000,80000,120000
2022-07-07,Marketplace,Sub_25,App_102,Payment / merchant,9,8,8,1447000,80000,10000
2022-07-07,Marketplace,Sub_25,App_100,Payment / merchant,8,6,6,3838460,70000,30000
2022-07-07,Marketplace,Sub_25,App_59,Payment / merchant,9,9,9,4945034,65000,0
2022-07-07,FnB,Sub_16,App_57,Payment / merchant,2,2,2,226000,60000,0
2022-07-07,Telco,Sub_29,App_15,Payment / merchant,6,6,6,609664,60000,0
2022-07-07,Retail,Sub_04,App_41,Payment / merchant,2,2,2,1518269,50000,0
2022-07-07,Telco,Sub_09,App_92,Payment / merchant,10,8,7,700000,45000,20000
2022-07-07,Traveling,Sub_33,App_02,Payment / merchant,2,2,2,1115000,40000,0
2022-07-07,Retail,Sub_06,App_46,Payment / merchant,2,2,2,115000,40000,0
2022-07-07,Billing,Sub_10,App_39,Payment / merchant,6,3,2,6000000,40000,80000
2022-07-07,Retail,Sub_26,App_19,Payment / merchant,1,1,1,419000,30000,0
2022-07-07,RST,Sub_18,App_17,Payment / merchant,3,3,3,222440,30000,0
2022-07-07,Retail,Sub_20,App_58,Payment / merchant,1,1,1,901000,20000,0
2022-07-07,Telco,Sub_29,App_07,Payment / merchant,2,2,2,350581,20000,0
2022-07-07,FnB,Sub_16,App_82,Payment / merchant,1,1,1,148000,20000,0
2022-07-07,Billing,Sub_35,App_76,Payment / merchant,1,1,1,60567,20000,0
2022-07-07,Entertainment,Sub_34,App_05,Payment / merchant,2,2,2,274000,20000,0
2022-07-07,Traveling,Sub_01,App_45,Payment / merchant,1,1,1,180000,20000,0
2022-07-07,Billing,Sub_10,App_49,Payment / merchant,2,2,1,7814000,20000,20000
2022-07-07,Billing,Sub_10,App_60,Payment / merchant,1,1,1,1135000,20000,0
2022-07-07,Billing,Sub_10,App_30,Payment / merchant,1,1,1,1000000,20000,0
2022-07-07,Billing,Sub_35,App_27,Payment / merchant,1,1,1,168378,20000,0
2022-07-07,Billing,Sub_35,App_69,Payment / merchant,1,1,1,42167,20000,0
2022-07-07,Billing,Sub_30,App_09,Payment / merchant,1,1,1,157000,20000,0
2022-07-07,Movies,Sub_07,App_83,Payment / merchant,1,1,1,466000,10000,0
2022-07-08,Non-payment/Unknown,Sub_27,App_52,Non-payment / reward / unknown,1603,684,1603,80150000,80150000,0
2022-07-08,Billing,Sub_30,App_13,Payment / merchant,311,243,216,30860000,6430000,2850000
2022-07-08,Billing,Sub_30,App_08,Payment / merchant,282,231,209,50949691,6170000,2190000
2022-07-08,Billing,Sub_15,App_36,Payment / merchant,259,137,96,46085032,3360000,5705000
2022-07-08,Telco,Sub_05,App_93,Payment / merchant,540,413,291,11540000,2910000,2490000
2022-07-08,Billing,Sub_15,App_37,Payment / merchant,97,56,48,30346965,1680000,1715000
2022-07-08,Telco,Sub_32,App_64,Payment / merchant,146,139,126,5990000,1260000,200000
2022-07-08,Billing,Sub_35,App_65,Payment / merchant,93,67,61,6171693,1220000,640000
2022-07-08,Billing,Sub_35,App_96,Payment / merchant,52,50,47,6982597,940000,100000
2022-07-08,Marketplace,Sub_25,App_101,Payment / merchant,102,80,78,36185584,905000,295000
2022-07-08,Billing,Sub_23,App_53,Payment / merchant,140,83,44,7278000,880000,1920000
2022-07-08,Billing,Sub_23,App_06,Payment / merchant,83,53,42,9265950,840000,820000
2022-07-08,Billing,Sub_15,App_33,Payment / merchant,21,19,18,20214815,630000,105000
2022-07-08,Billing,Sub_15,App_34,Payment / merchant,48,22,17,12095445,595000,1085000
2022-07-08,Billing,Sub_15,App_35,Payment / merchant,18,14,13,8514360,455000,175000
2022-07-08,Billing,Sub_35,App_28,Payment / merchant,19,18,17,1741378,340000,40000
2022-07-08,Retail,Sub_26,App_18,Payment / merchant,14,10,7,5486000,210000,210000
2022-07-08,Traveling,Sub_02,App_21,Payment / merchant,1,1,1,7502000,200000,0
2022-07-08,Movies,Sub_07,App_23,Payment / merchant,10,8,5,1515090,200000,200000
2022-07-08,Game,Sub_19,App_31,Payment / merchant,15,14,14,6512300,175000,5000
2022-07-08,Retail,Sub_20,App_44,Payment / merchant,5,5,5,2321200,150000,0
2022-07-08,Billing,Sub_23,App_25,Payment / merchant,11,8,7,2690368,140000,80000
2022-07-08,Telco,Sub_11,App_63,Payment / merchant,23,20,19,787000,110000,30000
2022-07-08,Billing,Sub_30,App_103,Payment / merchant,5,4,4,905000,100000,30000
2022-07-08,Billing,Sub_31,App_04,Payment / merchant,7,6,5,290000,100000,40000
2022-07-08,Marketplace,Sub_25,App_59,Payment / merchant,12,12,12,7162454,85000,0
2022-07-08,Retail,Sub_06,App_29,Payment / merchant,6,4,3,343000,60000,60000
2022-07-08,Retail,Sub_04,App_41,Payment / merchant,2,2,2,396128,60000,0
2022-07-08,FnB,Sub_17,App_43,Payment / merchant,1,1,1,755244,50000,0
2022-07-08,Billing,Sub_35,App_69,Payment / merchant,2,2,2,265486,40000,0
2022-07-08,FnB,Sub_16,App_82,Payment / merchant,2,2,2,286000,40000,0
2022-07-08,Marketplace,Sub_25,App_100,Payment / merchant,3,3,3,1636200,35000,0
2022-07-08,Telco,Sub_29,App_07,Payment / merchant,3,3,3,370902,30000,0
2022-07-08,RST,Sub_18,App_17,Payment / merchant,3,3,3,295000,30000,0
2022-07-08,Retail,Sub_04,App_38,Payment / merchant,1,1,1,112500,30000,0
2022-07-08,Retail,Sub_20,App_86,Payment / merchant,1,1,1,404900,30000,0
2022-07-08,Retail,Sub_06,App_42,Payment / merchant,1,1,1,50000,20000,0
2022-07-08,Retail,Sub_06,App_46,Payment / merchant,3,2,1,153000,20000,40000
2022-07-08,Billing,Sub_35,App_68,Payment / merchant,1,1,1,133183,20000,0
2022-07-08,Billing,Sub_30,App_09,Payment / merchant,1,1,1,176000,20000,0
2022-07-08,Billing,Sub_35,App_26,Payment / merchant,1,1,1,417240,20000,0
2022-07-08,Billing,Sub_10,App_39,Payment / merchant,2,2,1,2000000,20000,20000
2022-07-08,Billing,Sub_10,App_49,Payment / merchant,1,1,1,1000000,20000,0
2022-07-08,Billing,Sub_10,App_60,Payment / merchant,1,1,1,1234000,20000,0
2022-07-08,Billing,Sub_10,App_62,Payment / merchant,1,1,1,2204937,20000,0
2022-07-08,Telco,Sub_09,App_92,Payment / merchant,3,3,2,190000,15000,10000
2022-07-08,Telco,Sub_29,App_15,Payment / merchant,1,1,1,20000,10000,0
2022-07-08,Marketplace,Sub_25,App_102,Payment / merchant,3,3,1,600000,10000,20000
2022-07-09,Non-payment/Unknown,Sub_27,App_52,Non-payment / reward / unknown,2101,848,2101,105050000,105050000,0
2022-07-09,Billing,Sub_30,App_08,Payment / merchant,555,474,434,70604544,12920000,3610000
2022-07-09,Billing,Sub_15,App_34,Payment / merchant,393,220,179,108532842,6265000,7490000
2022-07-09,Billing,Sub_15,App_36,Payment / merchant,342,163,135,74173926,4725000,7245000
2022-07-09,Billing,Sub_30,App_13,Payment / merchant,166,165,154,16425000,4590000,330000
2022-07-09,Billing,Sub_15,App_37,Payment / merchant,298,132,103,86453737,3605000,6825000
2022-07-09,Telco,Sub_05,App_93,Payment / merchant,532,455,342,11030000,3420000,1900000
2022-07-09,Billing,Sub_35,App_65,Payment / merchant,134,112,107,9120033,2140000,540000
2022-07-09,Telco,Sub_32,App_64,Payment / merchant,214,188,172,6390000,1720000,420000
2022-07-09,Marketplace,Sub_25,App_101,Payment / merchant,132,131,130,40884498,1515000,30000
2022-07-09,Billing,Sub_15,App_35,Payment / merchant,105,36,30,22543803,1050000,2625000
2022-07-09,Billing,Sub_35,App_96,Payment / merchant,47,43,41,8322005,820000,120000
2022-07-09,Marketplace,Sub_25,App_59,Payment / merchant,123,122,122,76958847,790000,10000
2022-07-09,Billing,Sub_23,App_06,Payment / merchant,63,49,34,5623282,680000,580000
2022-07-09,Billing,Sub_15,App_33,Payment / merchant,27,17,13,19553787,455000,490000
2022-07-09,Billing,Sub_31,App_04,Payment / merchant,114,28,16,4560000,320000,1960000
2022-07-09,Traveling,Sub_02,App_11,Payment / merchant,2,2,2,7408800,300000,0
2022-07-09,Retail,Sub_26,App_18,Payment / merchant,11,9,8,4545000,240000,90000
2022-07-09,Billing,Sub_23,App_53,Payment / merchant,15,14,10,905000,200000,100000
2022-07-09,Billing,Sub_23,App_25,Payment / merchant,12,12,9,2925500,180000,60000
2022-07-09,Game,Sub_19,App_31,Payment / merchant,14,13,12,4650050,180000,40000
2022-07-09,Billing,Sub_35,App_28,Payment / merchant,9,9,8,1139065,160000,20000
2022-07-09,Retail,Sub_20,App_44,Payment / merchant,8,6,5,3244800,150000,90000
2022-07-09,Telco,Sub_11,App_63,Payment / merchant,25,23,25,771000,150000,0
2022-07-09,Traveling,Sub_02,App_47,Payment / merchant,1,1,1,8210000,150000,0
2022-07-09,Movies,Sub_07,App_24,Payment / merchant,5,5,5,1044000,140000,0
2022-07-09,Billing,Sub_30,App_103,Payment / merchant,4,4,4,760000,110000,0
2022-07-09,Movies,Sub_07,App_23,Payment / merchant,8,8,7,2162090,100000,40000
2022-07-09,Traveling,Sub_02,App_21,Payment / merchant,1,1,1,3859000,100000,0
2022-07-09,Retail,Sub_06,App_29,Payment / merchant,4,4,4,221000,80000,0
2022-07-09,Retail,Sub_04,App_41,Payment / merchant,3,3,3,1347391,70000,0
2022-07-09,Retail,Sub_20,App_22,Payment / merchant,2,2,2,1969120,60000,0
2022-07-09,Billing,Sub_10,App_49,Payment / merchant,4,4,3,5029000,60000,20000
2022-07-09,Billing,Sub_10,App_39,Payment / merchant,2,2,2,2899000,40000,0
2022-07-09,Traveling,Sub_33,App_02,Payment / merchant,2,2,2,625000,40000,0
2022-07-09,Telco,Sub_29,App_07,Payment / merchant,3,3,3,347046,30000,0
2022-07-09,Retail,Sub_26,App_19,Payment / merchant,2,1,1,612000,30000,30000
2022-07-09,Marketplace,Sub_25,App_102,Payment / merchant,3,3,3,942754,30000,0
2022-07-09,Retail,Sub_04,App_38,Payment / merchant,1,1,1,200000,20000,0
2022-07-09,Retail,Sub_20,App_58,Payment / merchant,1,1,1,620100,20000,0
2022-07-09,Retail,Sub_06,App_42,Payment / merchant,1,1,1,50000,20000,0
2022-07-09,Traveling,Sub_33,App_40,Payment / merchant,1,1,1,520000,20000,0
2022-07-09,Billing,Sub_10,App_60,Payment / merchant,1,1,1,1729000,20000,0
2022-07-09,Billing,Sub_10,App_90,Payment / merchant,1,1,1,2280000,20000,0
2022-07-09,Billing,Sub_35,App_26,Payment / merchant,1,1,1,128940,20000,0
2022-07-09,Billing,Sub_30,App_09,Payment / merchant,1,1,1,157000,20000,0
2022-07-09,Billing,Sub_35,App_27,Payment / merchant,1,1,1,50893,20000,0
2022-07-09,FnB,Sub_08,App_56,Payment / merchant,1,1,1,59000,15000,0
2022-07-09,FnB,Sub_08,App_98,Payment / merchant,1,1,1,59000,15000,0
2022-07-09,Entertainment,Sub_34,App_05,Payment / merchant,1,1,1,569000,10000,0
2022-07-09,Telco,Sub_29,App_15,Payment / merchant,1,1,1,20000,10000,0
2022-07-09,Telco,Sub_09,App_92,Payment / merchant,1,1,1,70000,10000,0
2022-07-09,RST,Sub_18,App_17,Payment / merchant,1,1,1,78000,10000,0
2022-07-09,Billing,Sub_35,App_76,Payment / merchant,2,1,0,294180,0,40000
2022-07-09,Billing,Sub_15,App_95,Payment / merchant,1,1,0,120316,0,35000
2022-07-10,Non-payment/Unknown,Sub_27,App_52,Non-payment / reward / unknown,2143,912,2143,107150000,107150000,0
2022-07-10,Billing,Sub_15,App_36,Payment / merchant,688,288,247,134478668,8645000,15435000
2022-07-10,Billing,Sub_15,App_35,Payment / merchant,864,225,204,203536740,7140000,23100000
2022-07-10,Billing,Sub_15,App_37,Payment / merchant,335,222,194,73041950,6790000,4935000
2022-07-10,Billing,Sub_30,App_08,Payment / merchant,387,273,219,43180996,6500000,4980000
2022-07-10,Telco,Sub_05,App_93,Payment / merchant,893,740,634,18420000,6340000,2590000
2022-07-10,Billing,Sub_15,App_34,Payment / merchant,108,98,90,40975312,3150000,630000
2022-07-10,Telco,Sub_32,App_64,Payment / merchant,191,182,160,6530000,1600000,310000
2022-07-10,Billing,Sub_23,App_06,Payment / merchant,118,86,67,14567292,1340000,1020000
2022-07-10,Billing,Sub_35,App_65,Payment / merchant,75,69,60,5308463,1200000,300000
2022-07-10,Marketplace,Sub_25,App_101,Payment / merchant,94,90,90,31347695,1065000,40000
2022-07-10,Billing,Sub_35,App_96,Payment / merchant,39,37,35,7110280,700000,80000
2022-07-10,Movies,Sub_07,App_23,Payment / merchant,34,18,15,5974908,480000,760000
2022-07-10,Billing,Sub_30,App_13,Payment / merchant,37,28,17,3645000,470000,590000
2022-07-10,Retail,Sub_20,App_44,Payment / merchant,15,13,14,7556500,380000,30000
2022-07-10,Billing,Sub_15,App_33,Payment / merchant,24,12,10,29734925,350000,490000
2022-07-10,Marketplace,Sub_25,App_59,Payment / merchant,52,50,50,32839728,295000,15000
2022-07-10,Billing,Sub_31,App_04,Payment / merchant,12,12,11,640000,220000,20000
2022-07-10,Game,Sub_19,App_31,Payment / merchant,12,12,12,3818450,195000,0
2022-07-10,Billing,Sub_23,App_53,Payment / merchant,31,20,8,1797000,160000,460000
2022-07-10,Retail,Sub_06,App_29,Payment / merchant,7,7,7,393000,140000,0
2022-07-10,Billing,Sub_10,App_39,Payment / merchant,7,7,7,11466459,140000,0
2022-07-10,Billing,Sub_23,App_25,Payment / merchant,7,7,6,1472500,120000,20000
2022-07-10,Telco,Sub_11,App_63,Payment / merchant,24,22,19,530000,110000,25000
2022-07-10,FnB,Sub_16,App_57,Payment / merchant,3,3,3,329000,90000,0
2022-07-10,Retail,Sub_06,App_42,Payment / merchant,4,4,4,397000,80000,0
2022-07-10,Billing,Sub_30,App_103,Payment / merchant,3,3,3,590000,80000,0
2022-07-10,Billing,Sub_35,App_28,Payment / merchant,5,5,3,1747690,60000,40000
2022-07-10,Retail,Sub_26,App_18,Payment / merchant,2,2,2,905000,60000,0
2022-07-10,Billing,Sub_30,App_09,Payment / merchant,2,2,2,317000,50000,0
2022-07-10,Billing,Sub_35,App_26,Payment / merchant,2,2,2,629900,40000,0
2022-07-10,Movies,Sub_07,App_24,Payment / merchant,1,1,1,192000,40000,0
2022-07-10,Movies,Sub_07,App_83,Payment / merchant,1,1,1,225000,40000,0
2022-07-10,Billing,Sub_35,App_77,Payment / merchant,3,2,2,1605036,40000,20000
2022-07-10,Billing,Sub_35,App_73,Payment / merchant,2,2,2,371910,40000,0
2022-07-10,Telco,Sub_29,App_15,Payment / merchant,4,4,4,665932,40000,0
2022-07-10,Traveling,Sub_33,App_02,Payment / merchant,2,2,2,540000,40000,0
2022-07-10,Billing,Sub_10,App_61,Payment / merchant,3,3,2,3897400,40000,20000
2022-07-10,Billing,Sub_15,App_95,Payment / merchant,2,2,1,946557,35000,35000
2022-07-10,Marketplace,Sub_25,App_102,Payment / merchant,11,5,3,1792643,30000,80000
2022-07-10,Retail,Sub_20,App_22,Payment / merchant,3,2,1,1445100,30000,60000
2022-07-10,Traveling,Sub_33,App_03,Payment / merchant,1,1,1,1980000,30000,0
2022-07-10,Retail,Sub_26,App_19,Payment / merchant,1,1,1,494000,30000,0
2022-07-10,Telco,Sub_29,App_07,Payment / merchant,2,2,2,171422,20000,0
2022-07-10,Retail,Sub_04,App_38,Payment / merchant,1,1,1,200000,20000,0
2022-07-10,Billing,Sub_31,App_104,Payment / merchant,1,1,1,200000,20000,0
2022-07-10,Billing,Sub_35,App_27,Payment / merchant,2,1,1,656294,20000,20000
2022-07-10,Billing,Sub_35,App_68,Payment / merchant,1,1,1,684779,20000,0
2022-07-10,Billing,Sub_10,App_89,Payment / merchant,1,1,1,3522802,20000,0
2022-07-10,Billing,Sub_10,App_60,Payment / merchant,6,2,1,14677000,20000,100000
2022-07-10,Billing,Sub_10,App_49,Payment / merchant,1,1,1,1864000,20000,0
2022-07-10,Telco,Sub_09,App_92,Payment / merchant,2,2,2,270000,15000,0
2022-07-10,Marketplace,Sub_25,App_100,Payment / merchant,1,1,1,272000,10000,0
2022-07-10,Entertainment,Sub_34,App_05,Payment / merchant,1,1,1,165000,10000,0
2022-07-10,Billing,Sub_35,App_74,Payment / merchant,1,1,0,203573,0,20000
2022-07-10,Billing,Sub_35,App_76,Payment / merchant,1,1,0,95176,0,20000
2022-07-10,Billing,Sub_10,App_50,Payment / merchant,1,1,0,1000000,0,20000
2022-07-11,Non-payment/Unknown,Sub_27,App_52,Non-payment / reward / unknown,2177,908,2177,108850000,108850000,0
2022-07-11,Billing,Sub_15,App_36,Payment / merchant,516,326,276,121653317,9660000,8400000
2022-07-11,Billing,Sub_15,App_37,Payment / merchant,467,273,249,114789909,8715000,7630000
2022-07-11,Billing,Sub_15,App_35,Payment / merchant,533,236,218,123634284,7630000,11025000
2022-07-11,Billing,Sub_15,App_34,Payment / merchant,231,173,154,62293154,5390000,2695000
2022-07-11,Telco,Sub_05,App_93,Payment / merchant,650,602,493,13230000,4930000,1570000
2022-07-11,Billing,Sub_30,App_08,Payment / merchant,340,200,141,42697057,4110000,5930000
2022-07-11,Telco,Sub_32,App_64,Payment / merchant,261,243,204,10230000,2040000,570000
2022-07-11,Billing,Sub_35,App_96,Payment / merchant,49,48,47,10470056,940000,40000
2022-07-11,Billing,Sub_23,App_06,Payment / merchant,64,61,47,7917386,940000,340000
2022-07-11,Billing,Sub_15,App_95,Payment / merchant,33,27,22,7369125,770000,385000
2022-07-11,Marketplace,Sub_25,App_101,Payment / merchant,65,64,63,20238678,720000,30000
2022-07-11,Billing,Sub_35,App_65,Payment / merchant,49,36,28,8443505,560000,420000
2022-07-11,Marketplace,Sub_25,App_59,Payment / merchant,62,61,61,42879255,400000,10000
2022-07-11,Game,Sub_19,App_31,Payment / merchant,29,28,28,8157050,395000,20000
2022-07-11,Billing,Sub_23,App_25,Payment / merchant,17,16,16,3883001,320000,20000
2022-07-11,Movies,Sub_07,App_23,Payment / merchant,11,11,8,2495271,260000,120000
2022-07-11,Billing,Sub_15,App_33,Payment / merchant,9,9,7,12265332,245000,70000
2022-07-11,Retail,Sub_20,App_44,Payment / merchant,12,10,7,4806400,210000,150000
2022-07-11,Billing,Sub_31,App_04,Payment / merchant,16,12,9,811000,180000,140000
2022-07-11,Telco,Sub_11,App_63,Payment / merchant,29,29,29,612000,160000,0
2022-07-11,Billing,Sub_30,App_13,Payment / merchant,9,8,4,800000,110000,140000
2022-07-11,Billing,Sub_23,App_53,Payment / merchant,8,8,5,519516,100000,60000
2022-07-11,Retail,Sub_06,App_29,Payment / merchant,5,5,5,299000,100000,0
2022-07-11,Retail,Sub_20,App_22,Payment / merchant,4,4,4,10097701,100000,0
2022-07-11,Billing,Sub_35,App_74,Payment / merchant,4,4,4,851005,80000,0
2022-07-11,Billing,Sub_35,App_27,Payment / merchant,4,4,4,650723,80000,0
2022-07-11,Billing,Sub_35,App_28,Payment / merchant,7,5,3,556568,60000,80000
2022-07-11,Billing,Sub_10,App_39,Payment / merchant,3,3,3,7546858,60000,0
2022-07-11,Traveling,Sub_33,App_02,Payment / merchant,3,3,3,1875000,60000,0
2022-07-11,Telco,Sub_09,App_92,Payment / merchant,5,4,5,300000,45000,0
2022-07-11,Entertainment,Sub_34,App_05,Payment / merchant,2,2,2,374000,40000,0
2022-07-11,Billing,Sub_10,App_49,Payment / merchant,2,2,2,7083000,40000,0
2022-07-11,Billing,Sub_10,App_60,Payment / merchant,2,2,2,2466000,40000,0
2022-07-11,Billing,Sub_35,App_69,Payment / merchant,2,2,2,115877,40000,0
2022-07-11,Billing,Sub_30,App_103,Payment / merchant,2,2,2,450000,40000,0
2022-07-11,Marketplace,Sub_25,App_100,Payment / merchant,4,3,3,1156000,35000,15000
2022-07-11,Retail,Sub_26,App_19,Payment / merchant,1,1,1,360000,30000,0
2022-07-11,RST,Sub_18,App_17,Payment / merchant,3,3,3,216000,30000,0
2022-07-11,FnB,Sub_16,App_82,Payment / merchant,1,1,1,145000,20000,0
2022-07-11,Billing,Sub_35,App_75,Payment / merchant,1,1,1,127447,20000,0
2022-07-11,Traveling,Sub_33,App_03,Payment / merchant,1,1,1,390000,20000,0
2022-07-11,Telco,Sub_29,App_15,Payment / merchant,2,2,2,93025,20000,0
2022-07-11,Billing,Sub_30,App_09,Payment / merchant,1,1,1,108000,20000,0
2022-07-11,Billing,Sub_35,App_71,Payment / merchant,1,1,1,47250,20000,0
2022-07-11,Billing,Sub_10,App_61,Payment / merchant,1,1,1,1370449,20000,0
2022-07-11,Billing,Sub_10,App_89,Payment / merchant,1,1,1,1967164,20000,0
2022-07-11,Billing,Sub_10,App_90,Payment / merchant,1,1,1,1507766,20000,0
2022-07-11,Marketplace,Sub_25,App_102,Payment / merchant,2,1,1,427572,10000,10000
2022-07-12,Non-payment/Unknown,Sub_27,App_52,Non-payment / reward / unknown,2103,906,2103,105150000,105150000,0
2022-07-12,Billing,Sub_15,App_37,Payment / merchant,497,338,317,124580929,11095000,6300000
2022-07-12,Billing,Sub_15,App_35,Payment / merchant,474,315,277,100935444,9695000,6895000
2022-07-12,Billing,Sub_30,App_08,Payment / merchant,592,316,234,80108391,6940000,10740000
2022-07-12,Billing,Sub_15,App_36,Payment / merchant,468,197,163,84052427,5705000,10675000
2022-07-12,Telco,Sub_05,App_93,Payment / merchant,706,645,550,14580000,5500000,1560000
2022-07-12,Billing,Sub_15,App_34,Payment / merchant,179,129,115,61698834,4025000,2240000
2022-07-12,Billing,Sub_23,App_06,Payment / merchant,212,205,188,16636471,3760000,480000
2022-07-12,Telco,Sub_32,App_64,Payment / merchant,356,328,309,11560000,3090000,470000
2022-07-12,Billing,Sub_35,App_96,Payment / merchant,148,142,140,17883154,2800000,160000
2022-07-12,Billing,Sub_15,App_95,Payment / merchant,63,40,35,21226317,1225000,980000
2022-07-12,Marketplace,Sub_25,App_101,Payment / merchant,101,95,95,27941474,1105000,90000
2022-07-12,Billing,Sub_35,App_65,Payment / merchant,37,34,33,3527499,660000,80000
2022-07-12,Billing,Sub_23,App_53,Payment / merchant,31,28,27,1971000,540000,80000
2022-07-12,Billing,Sub_23,App_25,Payment / merchant,19,19,18,6511503,360000,20000
2022-07-12,Billing,Sub_30,App_13,Payment / merchant,10,10,10,789000,220000,0
2022-07-12,Movies,Sub_07,App_23,Payment / merchant,10,8,7,2365362,220000,120000
2022-07-12,Traveling,Sub_02,App_11,Payment / merchant,1,1,1,6629760,200000,0
2022-07-12,Game,Sub_19,App_31,Payment / merchant,19,19,19,6206150,185000,0
2022-07-12,Billing,Sub_15,App_33,Payment / merchant,12,6,5,14559896,175000,245000
2022-07-12,Retail,Sub_20,App_44,Payment / merchant,5,5,5,2001500,150000,0
2022-07-12,Marketplace,Sub_25,App_59,Payment / merchant,25,24,24,13061927,145000,10000
2022-07-12,Billing,Sub_31,App_04,Payment / merchant,10,8,7,400000,140000,60000
2022-07-12,Retail,Sub_06,App_29,Payment / merchant,7,7,7,427999,140000,0
2022-07-12,Retail,Sub_04,App_38,Payment / merchant,5,5,5,1480600,110000,0
2022-07-12,Billing,Sub_35,App_74,Payment / merchant,5,5,5,1797733,100000,0
2022-07-12,Telco,Sub_11,App_63,Payment / merchant,18,13,14,322000,80000,20000
2022-07-12,Marketplace,Sub_25,App_100,Payment / merchant,6,6,6,3437400,75000,0
2022-07-12,Billing,Sub_30,App_103,Payment / merchant,3,3,3,470000,70000,0
2022-07-12,Billing,Sub_35,App_28,Payment / merchant,5,5,3,373385,60000,40000
2022-07-12,Billing,Sub_35,App_27,Payment / merchant,3,3,3,447404,60000,0
2022-07-12,Billing,Sub_10,App_49,Payment / merchant,3,3,3,3046000,60000,0
2022-07-12,Billing,Sub_30,App_09,Payment / merchant,2,2,2,216000,50000,0
2022-07-12,Billing,Sub_30,App_55,Payment / merchant,2,2,2,840000,50000,0
2022-07-12,Telco,Sub_09,App_92,Payment / merchant,6,6,6,350000,50000,0
2022-07-12,FnB,Sub_17,App_43,Payment / merchant,1,1,1,1047600,40000,0
2022-07-12,Movies,Sub_07,App_24,Payment / merchant,2,2,1,245000,40000,40000
2022-07-12,Retail,Sub_06,App_42,Payment / merchant,2,2,2,140000,40000,0
2022-07-12,Billing,Sub_10,App_39,Payment / merchant,3,3,2,3215000,40000,20000
2022-07-12,Retail,Sub_26,App_18,Payment / merchant,1,1,1,308000,30000,0
2022-07-12,FnB,Sub_16,App_57,Payment / merchant,1,1,1,167000,30000,0
2022-07-12,Telco,Sub_29,App_15,Payment / merchant,3,3,3,408925,30000,0
2022-07-12,Billing,Sub_14,App_88,Payment / merchant,1,1,1,1900000,25000,0
2022-07-12,Billing,Sub_10,App_89,Payment / merchant,1,1,1,3579326,20000,0
2022-07-12,Billing,Sub_35,App_71,Payment / merchant,1,1,1,134190,20000,0
2022-07-12,Billing,Sub_31,App_104,Payment / merchant,1,1,1,100000,20000,0
2022-07-12,Traveling,Sub_33,App_02,Payment / merchant,1,1,1,350000,20000,0
2022-07-12,Traveling,Sub_33,App_40,Payment / merchant,1,1,1,560000,20000,0
2022-07-12,Retail,Sub_06,App_46,Payment / merchant,1,1,1,57000,20000,0
2022-07-12,Retail,Sub_06,App_01,Payment / merchant,1,1,1,68000,20000,0
2022-07-12,FnB,Sub_08,App_97,Payment / merchant,1,1,1,49000,15000,0
2022-07-12,RST,Sub_18,App_17,Payment / merchant,1,1,1,79000,10000,0
2022-07-12,Billing,Sub_22,App_85,Payment / merchant,1,1,1,66000,10000,0
2022-07-12,Telco,Sub_29,App_07,Payment / merchant,1,1,1,175374,10000,0
2022-07-12,Marketplace,Sub_25,App_102,Payment / merchant,1,1,0,150000,0,10000
2022-07-13,Non-payment/Unknown,Sub_27,App_52,Non-payment / reward / unknown,2112,836,2112,105600000,105600000,0
2022-07-13,Billing,Sub_30,App_08,Payment / merchant,1327,635,520,179458913,15520000,24200000
2022-07-13,Billing,Sub_15,App_36,Payment / merchant,521,331,300,92280069,10500000,7735000
2022-07-13,Billing,Sub_15,App_37,Payment / merchant,582,320,286,140479786,10010000,10360000
2022-07-13,Billing,Sub_15,App_35,Payment / merchant,783,307,282,200525102,9870000,17535000
2022-07-13,Billing,Sub_23,App_06,Payment / merchant,488,467,462,49766862,9240000,520000
2022-07-13,Telco,Sub_05,App_93,Payment / merchant,671,631,570,14920000,5700000,1010000
2022-07-13,Billing,Sub_15,App_34,Payment / merchant,160,121,109,57975164,3815000,1785000
2022-07-13,Telco,Sub_32,App_64,Payment / merchant,303,281,261,9550000,2610000,420000
2022-07-13,Billing,Sub_35,App_65,Payment / merchant,142,131,125,15667503,2500000,340000
2022-07-13,Billing,Sub_35,App_96,Payment / merchant,81,77,73,7688574,1460000,160000
2022-07-13,Marketplace,Sub_25,App_101,Payment / merchant,84,77,78,29895342,900000,65000
2022-07-13,Billing,Sub_15,App_95,Payment / merchant,41,28,21,15130102,735000,700000
2022-07-13,Billing,Sub_23,App_53,Payment / merchant,42,39,35,5655000,700000,140000
2022-07-13,Game,Sub_19,App_31,Payment / merchant,32,31,29,7262450,460000,60000
2022-07-13,Movies,Sub_07,App_23,Payment / merchant,22,17,12,4816450,450000,400000
2022-07-13,Billing,Sub_23,App_25,Payment / merchant,13,13,12,6168700,240000,20000
2022-07-13,Billing,Sub_15,App_33,Payment / merchant,6,6,6,4940489,210000,0
2022-07-13,Billing,Sub_31,App_04,Payment / merchant,10,10,10,780000,200000,0
2022-07-13,Telco,Sub_11,App_63,Payment / merchant,35,30,28,1199000,155000,55000
2022-07-13,Billing,Sub_30,App_13,Payment / merchant,15,12,6,1300000,140000,270000
2022-07-13,FnB,Sub_17,App_43,Payment / merchant,3,3,3,3620917,130000,0
2022-07-13,Billing,Sub_35,App_74,Payment / merchant,6,6,6,721229,120000,0
2022-07-13,Billing,Sub_30,App_103,Payment / merchant,5,5,5,824000,120000,0
2022-07-13,Movies,Sub_07,App_24,Payment / merchant,4,4,3,665000,120000,40000
2022-07-13,Retail,Sub_06,App_29,Payment / merchant,5,5,5,280000,100000,0
2022-07-13,Billing,Sub_35,App_75,Payment / merchant,5,5,5,1099649,100000,0
2022-07-13,Marketplace,Sub_25,App_59,Payment / merchant,19,19,17,6630478,95000,15000
2022-07-13,Retail,Sub_20,App_44,Payment / merchant,5,5,3,2210200,90000,60000
2022-07-13,Retail,Sub_06,App_42,Payment / merchant,4,4,4,294000,80000,0
2022-07-13,Billing,Sub_35,App_77,Payment / merchant,4,4,4,424490,80000,0
2022-07-13,Billing,Sub_10,App_49,Payment / merchant,5,5,4,8094000,80000,20000
2022-07-13,Billing,Sub_35,App_28,Payment / merchant,9,6,3,757687,60000,120000
2022-07-13,Retail,Sub_26,App_19,Payment / merchant,2,2,2,927000,60000,0
2022-07-13,Marketplace,Sub_25,App_100,Payment / merchant,4,4,4,422500,60000,0
2022-07-13,Retail,Sub_20,App_22,Payment / merchant,2,2,2,1599256,60000,0
2022-07-13,Traveling,Sub_33,App_40,Payment / merchant,3,3,3,1090000,60000,0
2022-07-13,Traveling,Sub_33,App_03,Payment / merchant,1,1,1,2480000,50000,0
2022-07-13,Billing,Sub_14,App_88,Payment / merchant,2,2,2,1771000,50000,0
2022-07-13,Billing,Sub_31,App_104,Payment / merchant,2,2,2,240000,40000,0
2022-07-13,Billing,Sub_35,App_69,Payment / merchant,2,2,2,187504,40000,0
2022-07-13,Billing,Sub_35,App_71,Payment / merchant,3,3,2,266700,40000,20000
2022-07-13,Billing,Sub_35,App_26,Payment / merchant,2,2,2,101100,40000,0
2022-07-13,Retail,Sub_04,App_38,Payment / merchant,2,2,2,792000,40000,0
2022-07-13,Retail,Sub_04,App_41,Payment / merchant,1,1,1,313800,30000,0
2022-07-13,Marketplace,Sub_25,App_102,Payment / merchant,3,3,3,520737,30000,0
2022-07-13,FnB,Sub_08,App_98,Payment / merchant,2,2,2,180000,30000,0
2022-07-13,FnB,Sub_16,App_57,Payment / merchant,2,1,1,230000,30000,30000
2022-07-13,Entertainment,Sub_34,App_05,Payment / merchant,1,1,1,580000,30000,0
2022-07-13,Telco,Sub_09,App_92,Payment / merchant,3,3,3,130000,25000,0
2022-07-13,Telco,Sub_29,App_07,Payment / merchant,2,2,2,301298,20000,0
2022-07-13,Retail,Sub_06,App_46,Payment / merchant,1,1,1,92000,20000,0
2022-07-13,Billing,Sub_30,App_55,Payment / merchant,1,1,1,190000,20000,0
2022-07-13,Billing,Sub_35,App_27,Payment / merchant,1,1,1,178126,20000,0
2022-07-13,Billing,Sub_10,App_60,Payment / merchant,1,1,1,1000000,20000,0
2022-07-13,Billing,Sub_10,App_39,Payment / merchant,3,2,1,4873000,20000,40000
2022-07-13,FnB,Sub_08,App_97,Payment / merchant,1,1,1,79000,15000,0
2022-07-13,Telco,Sub_29,App_15,Payment / merchant,1,1,1,118350,10000,0
2022-07-13,Billing,Sub_35,App_76,Payment / merchant,1,1,0,69219,0,20000
2022-07-14,Non-payment/Unknown,Sub_27,App_52,Non-payment / reward / unknown,1952,809,1952,97600000,97600000,0
2022-07-14,Billing,Sub_30,App_08,Payment / merchant,1039,476,404,155829680,12090000,19040000
2022-07-14,Billing,Sub_15,App_37,Payment / merchant,759,354,317,208751242,11095000,15470000
2022-07-14,Billing,Sub_23,App_06,Payment / merchant,354,341,332,42531723,6640000,440000
2022-07-14,Billing,Sub_15,App_36,Payment / merchant,299,180,167,51758310,5845000,4620000
2022-07-14,Billing,Sub_15,App_35,Payment / merchant,216,158,151,68589932,5285000,2275000
2022-07-14,Telco,Sub_05,App_93,Payment / merchant,407,384,365,9020000,3650000,420000
2022-07-14,Billing,Sub_15,App_95,Payment / merchant,118,82,75,25113707,2625000,1505000
2022-07-14,Billing,Sub_35,App_96,Payment / merchant,105,101,99,12509825,1980000,120000
2022-07-14,Billing,Sub_15,App_34,Payment / merchant,85,59,55,35159959,1925000,1050000
2022-07-14,Telco,Sub_32,App_64,Payment / merchant,227,207,192,6270000,1920000,350000
2022-07-14,Billing,Sub_35,App_65,Payment / merchant,100,95,93,11292090,1860000,140000
2022-07-14,Marketplace,Sub_25,App_101,Payment / merchant,83,82,83,25063904,975000,0
2022-07-14,Billing,Sub_23,App_53,Payment / merchant,39,38,38,1950000,760000,20000
2022-07-14,Movies,Sub_07,App_23,Payment / merchant,22,18,13,5067088,430000,360000
2022-07-14,Billing,Sub_23,App_25,Payment / merchant,19,18,18,4392503,360000,20000
2022-07-14,Game,Sub_19,App_31,Payment / merchant,18,18,18,5506135,240000,0
2022-07-14,Billing,Sub_30,App_13,Payment / merchant,16,12,8,1500000,220000,240000
2022-07-14,Billing,Sub_15,App_33,Payment / merchant,5,5,5,5343931,175000,0
2022-07-14,Retail,Sub_20,App_44,Payment / merchant,11,6,5,4622100,150000,180000
2022-07-14,Marketplace,Sub_25,App_59,Payment / merchant,26,24,23,12380407,140000,15000
2022-07-14,Billing,Sub_31,App_04,Payment / merchant,10,8,6,1530000,120000,80000
2022-07-14,Billing,Sub_35,App_71,Payment / merchant,7,7,6,649110,120000,20000
2022-07-14,Movies,Sub_07,App_24,Payment / merchant,4,3,3,634000,120000,40000
2022-07-14,Telco,Sub_11,App_63,Payment / merchant,24,22,23,575000,115000,5000
2022-07-14,Retail,Sub_20,App_22,Payment / merchant,3,3,3,1824418,90000,0
2022-07-14,Retail,Sub_04,App_38,Payment / merchant,3,3,3,1414100,80000,0
2022-07-14,Retail,Sub_06,App_29,Payment / merchant,3,3,3,163000,60000,0
2022-07-14,Billing,Sub_30,App_55,Payment / merchant,2,2,2,312000,60000,0
2022-07-14,Billing,Sub_30,App_103,Payment / merchant,2,2,2,450000,50000,0
2022-07-14,Telco,Sub_09,App_92,Payment / merchant,6,5,5,220000,50000,10000
2022-07-14,Traveling,Sub_33,App_02,Payment / merchant,3,3,2,920000,40000,20000
2022-07-14,Traveling,Sub_33,App_40,Payment / merchant,3,2,2,2690000,40000,20000
2022-07-14,Billing,Sub_10,App_39,Payment / merchant,2,2,2,2712000,40000,0
2022-07-14,Marketplace,Sub_25,App_100,Payment / merchant,3,3,3,2387500,35000,0
2022-07-14,Marketplace,Sub_25,App_102,Payment / merchant,4,3,3,711703,30000,10000
2022-07-14,Entertainment,Sub_34,App_05,Payment / merchant,1,1,1,249000,30000,0
2022-07-14,Retail,Sub_26,App_18,Payment / merchant,2,1,1,986000,30000,30000
2022-07-14,Retail,Sub_26,App_19,Payment / merchant,1,1,1,853000,30000,0
2022-07-14,Billing,Sub_14,App_88,Payment / merchant,1,1,1,2080000,25000,0
2022-07-14,Billing,Sub_10,App_49,Payment / merchant,2,1,1,3402000,20000,20000
2022-07-14,Billing,Sub_10,App_89,Payment / merchant,1,1,1,2029462,20000,0
2022-07-14,Billing,Sub_10,App_90,Payment / merchant,1,1,1,1777298,20000,0
2022-07-14,RST,Sub_18,App_17,Payment / merchant,2,2,2,176000,20000,0
2022-07-14,Retail,Sub_06,App_42,Payment / merchant,1,1,1,55000,20000,0
2022-07-14,Billing,Sub_35,App_27,Payment / merchant,1,1,1,218765,20000,0
2022-07-14,Billing,Sub_31,App_104,Payment / merchant,1,1,1,40000,20000,0
2022-07-14,Billing,Sub_30,App_09,Payment / merchant,1,1,1,86400,20000,0
2022-07-14,Telco,Sub_29,App_07,Payment / merchant,3,2,2,454427,20000,10000
2022-07-14,FnB,Sub_03,App_84,Payment / merchant,1,1,1,54000,15000,0
2022-07-14,FnB,Sub_08,App_98,Payment / merchant,1,1,1,78000,15000,0
2022-07-14,Other Services,Sub_13,App_78,Payment / merchant,1,1,1,292000,15000,0
2022-07-14,Billing,Sub_22,App_20,Payment / merchant,1,1,1,20000,10000,0
2022-07-14,Billing,Sub_35,App_76,Payment / merchant,1,1,0,43262,0,20000
2022-07-15,Non-payment/Unknown,Sub_27,App_52,Non-payment / reward / unknown,1774,709,1774,88700000,88700000,0
2022-07-15,Billing,Sub_30,App_08,Payment / merchant,880,404,294,127916223,8810000,17560000
2022-07-15,Billing,Sub_15,App_37,Payment / merchant,557,247,218,115764108,7630000,11865000
2022-07-15,Billing,Sub_15,App_35,Payment / merchant,190,158,134,59319837,4690000,1960000
2022-07-15,Billing,Sub_23,App_06,Payment / merchant,263,245,223,28668867,4460000,800000
2022-07-15,Billing,Sub_15,App_36,Payment / merchant,366,138,96,71144901,3360000,9450000
2022-07-15,Telco,Sub_05,App_93,Payment / merchant,408,346,299,8480000,2990000,1090000
2022-07-15,Billing,Sub_15,App_34,Payment / merchant,188,95,77,52022162,2695000,3885000
2022-07-15,Telco,Sub_32,App_64,Payment / merchant,230,212,197,6840000,1970000,330000
2022-07-15,Billing,Sub_15,App_95,Payment / merchant,90,66,51,23734038,1785000,1365000
2022-07-15,Billing,Sub_35,App_65,Payment / merchant,107,88,81,16256748,1620000,520000
2022-07-15,Billing,Sub_35,App_96,Payment / merchant,63,62,59,8089770,1180000,80000
2022-07-15,Billing,Sub_23,App_53,Payment / merchant,98,68,58,5319000,1160000,800000
2022-07-15,Marketplace,Sub_25,App_101,Payment / merchant,48,47,46,12879083,540000,30000
2022-07-15,Movies,Sub_07,App_23,Payment / merchant,15,14,7,2476090,280000,320000
2022-07-15,Game,Sub_19,App_31,Payment / merchant,20,18,17,4805300,220000,60000
2022-07-15,Billing,Sub_15,App_33,Payment / merchant,6,6,6,9710407,210000,0
2022-07-15,Billing,Sub_35,App_71,Payment / merchant,15,10,9,1856770,180000,120000
2022-07-15,Billing,Sub_30,App_13,Payment / merchant,13,7,6,2564000,160000,210000
2022-07-15,Retail,Sub_06,App_29,Payment / merchant,7,7,7,426000,140000,0
2022-07-15,Telco,Sub_11,App_63,Payment / merchant,32,28,23,1115000,135000,50000
2022-07-15,Billing,Sub_23,App_25,Payment / merchant,7,7,6,2824500,120000,20000
2022-07-15,Marketplace,Sub_25,App_59,Payment / merchant,15,15,15,8100408,90000,0
2022-07-15,Telco,Sub_09,App_92,Payment / merchant,14,7,9,600000,80000,45000
2022-07-15,Billing,Sub_35,App_66,Payment / merchant,3,3,3,965678,60000,0
2022-07-15,Retail,Sub_04,App_38,Payment / merchant,3,3,3,957600,60000,0
2022-07-15,FnB,Sub_16,App_57,Payment / merchant,2,2,2,280000,60000,0
2022-07-15,Traveling,Sub_33,App_02,Payment / merchant,3,3,3,770000,60000,0
2022-07-15,Traveling,Sub_33,App_40,Payment / merchant,3,3,3,925000,60000,0
2022-07-15,Billing,Sub_31,App_04,Payment / merchant,4,4,3,1180000,60000,20000
2022-07-15,Billing,Sub_10,App_39,Payment / merchant,3,3,3,4222642,60000,0
2022-07-15,Billing,Sub_10,App_49,Payment / merchant,3,3,2,3503000,40000,20000
2022-07-15,Billing,Sub_30,App_103,Payment / merchant,3,3,2,479000,40000,20000
2022-07-15,Movies,Sub_07,App_24,Payment / merchant,1,1,1,192000,40000,0
2022-07-15,Retail,Sub_20,App_44,Payment / merchant,8,8,1,3226900,30000,210000
2022-07-15,Billing,Sub_30,App_09,Payment / merchant,1,1,1,108000,30000,0
2022-07-15,Billing,Sub_35,App_27,Payment / merchant,1,1,1,50893,20000,0
2022-07-15,Billing,Sub_35,App_74,Payment / merchant,1,1,1,1335630,20000,0
2022-07-15,Billing,Sub_35,App_76,Payment / merchant,1,1,1,43262,20000,0
2022-07-15,Billing,Sub_35,App_77,Payment / merchant,1,1,1,302827,20000,0
2022-07-15,Billing,Sub_35,App_69,Payment / merchant,1,1,1,112371,20000,0
2022-07-15,Billing,Sub_10,App_61,Payment / merchant,1,1,1,1000000,20000,0
2022-07-15,Retail,Sub_06,App_46,Payment / merchant,1,1,1,64000,20000,0
2022-07-15,FnB,Sub_16,App_91,Payment / merchant,1,1,1,169000,20000,0
2022-07-15,FnB,Sub_08,App_98,Payment / merchant,1,1,1,84000,15000,0
2022-07-15,3PL,Sub_24,App_16,Payment / merchant,1,1,1,30000,15000,0
2022-07-15,Marketplace,Sub_25,App_102,Payment / merchant,2,2,1,300000,10000,10000
2022-07-15,Marketplace,Sub_25,App_100,Payment / merchant,1,1,1,382000,10000,0
2022-07-15,Telco,Sub_29,App_15,Payment / merchant,1,1,1,224165,10000,0
2022-07-15,RST,Sub_18,App_17,Payment / merchant,1,1,1,203000,10000,0
2022-07-15,Retail,Sub_26,App_19,Payment / merchant,1,1,0,334000,0,30000
2022-07-15,Retail,Sub_06,App_42,Payment / merchant,1,1,0,126000,0,20000
2022-07-16,Non-payment/Unknown,Sub_27,App_52,Non-payment / reward / unknown,2094,970,2094,96000000,104700000,0
2022-07-16,Traveling,Sub_02,App_21,Payment / merchant,1,1,1,3666000,200000,0
2022-07-16,Retail,Sub_06,App_29,Payment / merchant,8,8,8,627000,150000,0
2022-07-16,Billing,Sub_31,App_04,Payment / merchant,8,7,6,380000,120000,40000
2022-07-16,Marketplace,Sub_25,App_59,Payment / merchant,6,6,6,5366557,60000,0
2022-07-16,Retail,Sub_04,App_38,Payment / merchant,3,3,3,874000,60000,0
2022-07-16,Game,Sub_19,App_31,Payment / merchant,9,9,9,3565375,45000,0
2022-07-16,Traveling,Sub_33,App_02,Payment / merchant,2,2,2,600000,40000,0
2022-07-16,Traveling,Sub_33,App_40,Payment / merchant,2,2,2,495000,40000,0
2022-07-16,Traveling,Sub_33,App_03,Payment / merchant,1,1,1,280000,30000,0
2022-07-16,FnB,Sub_28,App_32,Payment / merchant,1,1,1,322500,30000,0
2022-07-16,Telco,Sub_11,App_63,Payment / merchant,6,4,5,480000,25000,5000
2022-07-16,Retail,Sub_04,App_41,Payment / merchant,1,1,1,430723,20000,0
2022-07-16,FnB,Sub_08,App_56,Payment / merchant,1,1,1,80000,15000,0
2022-07-16,FnB,Sub_08,App_97,Payment / merchant,1,1,1,410500,15000,0
2022-07-16,Marketplace,Sub_25,App_102,Payment / merchant,2,2,1,981000,10000,10000
2022-07-16,Movies,Sub_07,App_23,Payment / merchant,1,1,1,263000,10000,0
2022-07-16,Movies,Sub_07,App_24,Payment / merchant,3,1,1,840000,10000,20000
2022-07-16,RST,Sub_18,App_17,Payment / merchant,1,1,1,61200,10000,0
2022-07-16,Telco,Sub_09,App_92,Payment / merchant,1,1,1,70000,5000,0
2022-07-17,Non-payment/Unknown,Sub_27,App_52,Non-payment / reward / unknown,2411,972,2411,120550000,120550000,0
2022-07-17,Traveling,Sub_02,App_12,Payment / merchant,1,1,1,7295000,200000,0
2022-07-17,Retail,Sub_06,App_29,Payment / merchant,7,7,7,394000,140000,0
2022-07-17,Billing,Sub_31,App_04,Payment / merchant,8,5,5,410000,100000,60000
2022-07-17,Retail,Sub_04,App_38,Payment / merchant,3,3,3,595250,80000,0
2022-07-17,Retail,Sub_20,App_22,Payment / merchant,3,3,3,1972856,70000,0
2022-07-17,Movies,Sub_07,App_23,Payment / merchant,4,4,4,1311544,40000,0
2022-07-17,Billing,Sub_31,App_104,Payment / merchant,2,2,2,200000,40000,0
2022-07-17,Game,Sub_19,App_31,Payment / merchant,7,7,7,3300000,35000,0
2022-07-17,RST,Sub_18,App_17,Payment / merchant,3,3,3,226260,30000,0
2022-07-17,FnB,Sub_08,App_97,Payment / merchant,2,2,2,114000,30000,0
2022-07-17,FnB,Sub_16,App_57,Payment / merchant,1,1,1,113000,30000,0
2022-07-17,Billing,Sub_14,App_88,Payment / merchant,1,1,1,1425000,25000,0
2022-07-17,Marketplace,Sub_25,App_59,Payment / merchant,3,3,2,1023831,20000,10000
2022-07-17,Marketplace,Sub_25,App_102,Payment / merchant,2,2,2,377546,20000,0
2022-07-17,Traveling,Sub_33,App_02,Payment / merchant,1,1,1,210000,20000,0
2022-07-17,Traveling,Sub_33,App_40,Payment / merchant,1,1,1,670000,20000,0
2022-07-17,FnB,Sub_08,App_56,Payment / merchant,1,1,1,55200,15000,0
2022-07-17,Billing,Sub_22,App_85,Payment / merchant,1,1,1,38250,10000,0
2022-07-17,Telco,Sub_11,App_63,Payment / merchant,2,2,2,240000,10000,0
2022-07-18,Non-payment/Unknown,Sub_27,App_52,Non-payment / reward / unknown,2319,925,2319,115950000,115950000,0
2022-07-18,Retail,Sub_06,App_29,Payment / merchant,6,6,6,364000,120000,0
2022-07-18,FnB,Sub_17,App_43,Payment / merchant,2,2,2,1792476,100000,0
2022-07-18,Traveling,Sub_02,App_11,Payment / merchant,1,1,1,3034080,100000,0
2022-07-18,Game,Sub_19,App_31,Payment / merchant,12,12,12,6049200,60000,0
2022-07-18,Billing,Sub_31,App_04,Payment / merchant,3,3,3,280000,60000,0
2022-07-18,Traveling,Sub_33,App_02,Payment / merchant,2,2,2,590000,40000,0
2022-07-18,Traveling,Sub_33,App_40,Payment / merchant,2,2,2,1525000,40000,0
2022-07-18,FnB,Sub_08,App_56,Payment / merchant,2,2,2,177000,30000,0
2022-07-18,FnB,Sub_16,App_57,Payment / merchant,1,1,1,163000,30000,0
2022-07-18,Retail,Sub_20,App_22,Payment / merchant,1,1,1,987700,30000,0
2022-07-18,Retail,Sub_04,App_38,Payment / merchant,1,1,1,379250,20000,0
2022-07-18,Billing,Sub_31,App_104,Payment / merchant,3,2,1,700000,20000,40000
2022-07-18,Telco,Sub_11,App_63,Payment / merchant,4,4,4,360000,20000,0
2022-07-18,RST,Sub_18,App_17,Payment / merchant,1,1,1,82000,10000,0
2022-07-18,Marketplace,Sub_25,App_59,Payment / merchant,4,2,1,1242348,10000,30000
2022-07-18,Telco,Sub_09,App_92,Payment / merchant,1,1,1,90000,5000,0
2022-07-18,Marketplace,Sub_25,App_102,Payment / merchant,1,1,0,174895,0,10000
2022-07-18,Retail,Sub_20,App_44,Payment / merchant,7,2,0,5279000,0,210000
2022-07-19,Non-payment/Unknown,Sub_27,App_52,Non-payment / reward / unknown,2343,888,2343,117150000,117150000,0
2022-07-19,Retail,Sub_04,App_41,Payment / merchant,7,7,7,3710000,150000,0
2022-07-19,Billing,Sub_31,App_04,Payment / merchant,8,7,6,440000,120000,40000
2022-07-19,FnB,Sub_16,App_57,Payment / merchant,4,3,3,821000,90000,30000
2022-07-19,Traveling,Sub_33,App_40,Payment / merchant,7,4,4,2850000,80000,60000
2022-07-19,Game,Sub_19,App_31,Payment / merchant,17,15,15,7022050,75000,10000
2022-07-19,Retail,Sub_06,App_29,Payment / merchant,3,3,3,157999,60000,0
2022-07-19,Retail,Sub_20,App_44,Payment / merchant,4,2,2,2516100,60000,60000
2022-07-19,Retail,Sub_04,App_38,Payment / merchant,2,2,2,322050,50000,0
2022-07-19,FnB,Sub_16,App_82,Payment / merchant,2,2,2,275000,40000,0
2022-07-19,FnB,Sub_17,App_43,Payment / merchant,1,1,1,1312760,30000,0
2022-07-19,Retail,Sub_20,App_22,Payment / merchant,1,1,1,530700,30000,0
2022-07-19,Movies,Sub_07,App_23,Payment / merchant,3,3,3,1089090,30000,0
2022-07-19,Retail,Sub_26,App_18,Payment / merchant,1,1,1,732000,30000,0
2022-07-19,Traveling,Sub_33,App_10,Payment / merchant,1,1,1,545000,30000,0
2022-07-19,RST,Sub_18,App_17,Payment / merchant,2,2,2,129000,20000,0
2022-07-19,Traveling,Sub_33,App_02,Payment / merchant,1,1,1,345000,20000,0
2022-07-19,Traveling,Sub_33,App_03,Payment / merchant,1,1,1,337500,20000,0
2022-07-19,Marketplace,Sub_25,App_59,Payment / merchant,2,2,1,566420,10000,10000
2022-07-19,Entertainment,Sub_34,App_05,Payment / merchant,1,1,1,109000,10000,0
2022-07-19,Telco,Sub_09,App_92,Payment / merchant,1,1,1,70000,5000,0
2022-07-19,Telco,Sub_11,App_63,Payment / merchant,1,1,1,90000,5000,0
2022-07-20,Non-payment/Unknown,Sub_27,App_52,Non-payment / reward / unknown,2551,980,2551,127550000,127550000,0
2022-07-20,Telco,Sub_05,App_93,Payment / merchant,453,393,290,9420000,2900000,1630000
2022-07-20,Telco,Sub_32,App_64,Payment / merchant,193,180,157,5510000,1570000,360000
2022-07-20,Billing,Sub_15,App_34,Payment / merchant,56,53,41,30387511,1435000,525000
2022-07-20,Billing,Sub_15,App_35,Payment / merchant,88,55,33,30058443,1155000,1925000
2022-07-20,Marketplace,Sub_25,App_101,Payment / merchant,80,69,68,21695583,805000,180000
2022-07-20,Billing,Sub_15,App_36,Payment / merchant,14,14,14,8411287,490000,0
2022-07-20,Billing,Sub_35,App_96,Payment / merchant,30,28,23,5891002,460000,140000
2022-07-20,Billing,Sub_30,App_08,Payment / merchant,83,44,14,11890689,400000,2040000
2022-07-20,Billing,Sub_35,App_65,Payment / merchant,17,16,13,3589607,260000,80000
2022-07-20,Billing,Sub_23,App_06,Payment / merchant,18,16,12,2400477,240000,120000
2022-07-20,Telco,Sub_29,App_15,Payment / merchant,32,24,24,958695,240000,80000
2022-07-20,Billing,Sub_10,App_49,Payment / merchant,13,12,10,13463000,200000,60000
2022-07-20,Game,Sub_19,App_31,Payment / merchant,14,14,14,3730750,190000,0
2022-07-20,Billing,Sub_30,App_13,Payment / merchant,8,7,6,734000,160000,60000
2022-07-20,Traveling,Sub_02,App_21,Payment / merchant,1,1,1,4132000,150000,0
2022-07-20,Billing,Sub_23,App_53,Payment / merchant,10,9,7,660000,140000,60000
2022-07-20,Movies,Sub_07,App_23,Payment / merchant,5,5,5,1418272,140000,0
2022-07-20,Billing,Sub_15,App_33,Payment / merchant,4,4,4,6918979,140000,0
2022-07-20,Billing,Sub_15,App_37,Payment / merchant,14,13,4,8302382,140000,350000
2022-07-20,Marketplace,Sub_25,App_59,Payment / merchant,14,14,14,4994624,120000,0
2022-07-20,Retail,Sub_04,App_38,Payment / merchant,5,5,5,1874700,110000,0
2022-07-20,FnB,Sub_17,App_43,Payment / merchant,2,2,2,1562760,100000,0
2022-07-20,Marketplace,Sub_25,App_100,Payment / merchant,7,7,7,5311304,90000,0
2022-07-20,FnB,Sub_16,App_82,Payment / merchant,4,4,4,410000,80000,0
2022-07-20,Billing,Sub_31,App_04,Payment / merchant,5,5,4,210000,80000,20000
2022-07-20,Billing,Sub_15,App_95,Payment / merchant,3,3,2,1080568,70000,35000
2022-07-20,Telco,Sub_11,App_63,Payment / merchant,17,16,13,575000,65000,30000
2022-07-20,Retail,Sub_06,App_29,Payment / merchant,3,3,3,197000,60000,0
2022-07-20,Retail,Sub_26,App_18,Payment / merchant,2,2,2,628000,60000,0
2022-07-20,Retail,Sub_26,App_19,Payment / merchant,2,2,2,1483000,60000,0
2022-07-20,Retail,Sub_04,App_41,Payment / merchant,2,2,2,981950,50000,0
2022-07-20,Telco,Sub_09,App_92,Payment / merchant,4,2,4,240000,40000,0
2022-07-20,Retail,Sub_20,App_22,Payment / merchant,2,2,2,1222505,40000,0
2022-07-20,Billing,Sub_35,App_67,Payment / merchant,2,2,2,291200,40000,0
2022-07-20,Billing,Sub_10,App_39,Payment / merchant,2,2,2,3907000,40000,0
2022-07-20,Traveling,Sub_01,App_45,Payment / merchant,2,2,2,580000,40000,0
2022-07-20,Traveling,Sub_33,App_02,Payment / merchant,2,2,2,930000,40000,0
2022-07-20,Traveling,Sub_33,App_40,Payment / merchant,2,2,2,725000,40000,0
2022-07-20,FnB,Sub_16,App_57,Payment / merchant,1,1,1,115000,30000,0
2022-07-20,Billing,Sub_30,App_103,Payment / merchant,1,1,1,260000,30000,0
2022-07-20,RST,Sub_18,App_17,Payment / merchant,3,3,3,269290,30000,0
2022-07-20,Retail,Sub_06,App_46,Payment / merchant,1,1,1,55000,20000,0
2022-07-20,Retail,Sub_06,App_01,Payment / merchant,1,1,1,56000,20000,0
2022-07-20,Marketplace,Sub_25,App_102,Payment / merchant,5,3,2,898548,20000,30000
2022-07-20,Billing,Sub_35,App_26,Payment / merchant,1,1,1,171780,20000,0
2022-07-20,Billing,Sub_35,App_66,Payment / merchant,1,1,1,190466,20000,0
2022-07-20,Billing,Sub_30,App_55,Payment / merchant,1,1,1,220000,20000,0
2022-07-20,Billing,Sub_35,App_71,Payment / merchant,4,4,1,425220,20000,60000
2022-07-20,Billing,Sub_35,App_77,Payment / merchant,2,1,1,382838,20000,20000
2022-07-20,Billing,Sub_10,App_50,Payment / merchant,2,1,1,2670000,20000,20000
2022-07-20,Billing,Sub_35,App_27,Payment / merchant,3,1,0,908481,0,60000
2022-07-21,Non-payment/Unknown,Sub_27,App_52,Non-payment / reward / unknown,2529,902,2529,126450000,126450000,0
2022-07-21,Telco,Sub_05,App_93,Payment / merchant,504,461,395,11110000,3950000,1090000
2022-07-21,Telco,Sub_32,App_64,Payment / merchant,268,255,243,9050000,2430000,250000
2022-07-21,Billing,Sub_15,App_35,Payment / merchant,61,52,43,24233236,1505000,630000
2022-07-21,Marketplace,Sub_25,App_101,Payment / merchant,99,87,90,28678779,1090000,135000
2022-07-21,Telco,Sub_29,App_15,Payment / merchant,78,74,71,1685000,710000,70000
2022-07-21,Billing,Sub_15,App_34,Payment / merchant,25,22,20,13029777,700000,175000
2022-07-21,Billing,Sub_15,App_36,Payment / merchant,22,20,18,15487215,630000,140000
2022-07-21,Billing,Sub_35,App_96,Payment / merchant,43,36,22,6385446,440000,420000
2022-07-21,Billing,Sub_15,App_37,Payment / merchant,21,12,10,17177026,350000,385000
2022-07-21,Game,Sub_19,App_31,Payment / merchant,20,18,18,4318450,300000,40000
2022-07-21,Billing,Sub_30,App_08,Payment / merchant,29,19,10,5039802,290000,560000
2022-07-21,Billing,Sub_23,App_53,Payment / merchant,20,18,14,3239000,280000,120000
2022-07-21,Billing,Sub_15,App_33,Payment / merchant,8,7,7,8185696,245000,35000
2022-07-21,Billing,Sub_15,App_95,Payment / merchant,20,9,7,6454155,245000,455000
2022-07-21,Billing,Sub_30,App_13,Payment / merchant,10,9,9,1030000,230000,30000
2022-07-21,Billing,Sub_35,App_65,Payment / merchant,12,12,10,995542,200000,40000
2022-07-21,Billing,Sub_23,App_06,Payment / merchant,14,11,9,2083319,180000,100000
2022-07-21,Telco,Sub_11,App_63,Payment / merchant,39,30,32,930000,180000,55000
2022-07-21,Marketplace,Sub_25,App_59,Payment / merchant,27,27,27,10744241,165000,0
2022-07-21,FnB,Sub_16,App_57,Payment / merchant,7,5,5,1048000,140000,60000
2022-07-21,Movies,Sub_07,App_23,Payment / merchant,3,3,3,430000,120000,0
2022-07-21,Retail,Sub_06,App_29,Payment / merchant,6,6,6,317000,120000,0
2022-07-21,Traveling,Sub_02,App_11,Payment / merchant,1,1,1,3552480,100000,0
2022-07-21,Retail,Sub_06,App_42,Payment / merchant,4,4,4,218000,80000,0
2022-07-21,Marketplace,Sub_25,App_100,Payment / merchant,6,6,6,3820000,70000,0
2022-07-21,Traveling,Sub_33,App_40,Payment / merchant,5,3,3,3255000,60000,40000
2022-07-21,Billing,Sub_35,App_71,Payment / merchant,3,3,3,206115,60000,0
2022-07-21,Billing,Sub_35,App_27,Payment / merchant,3,3,3,452975,60000,0
2022-07-21,Billing,Sub_30,App_103,Payment / merchant,2,2,2,1160000,50000,0
2022-07-21,Retail,Sub_04,App_38,Payment / merchant,2,2,2,302000,50000,0
2022-07-21,FnB,Sub_17,App_43,Payment / merchant,1,1,1,973080,50000,0
2022-07-21,Retail,Sub_06,App_46,Payment / merchant,2,2,2,148000,40000,0
2022-07-21,Telco,Sub_09,App_92,Payment / merchant,5,4,5,349000,40000,0
2022-07-21,Billing,Sub_31,App_104,Payment / merchant,2,2,2,240000,40000,0
2022-07-21,Billing,Sub_10,App_49,Payment / merchant,3,3,2,3188000,40000,20000
2022-07-21,Entertainment,Sub_34,App_05,Payment / merchant,1,1,1,79000,30000,0
2022-07-21,Retail,Sub_20,App_22,Payment / merchant,1,1,1,762123,30000,0
2022-07-21,Retail,Sub_20,App_44,Payment / merchant,2,1,1,802600,30000,30000
2022-07-21,Retail,Sub_20,App_86,Payment / merchant,1,1,1,698500,20000,0
2022-07-21,Marketplace,Sub_25,App_102,Payment / merchant,3,3,2,681475,20000,10000
2022-07-21,Traveling,Sub_33,App_02,Payment / merchant,1,1,1,255000,20000,0
2022-07-21,Billing,Sub_35,App_74,Payment / merchant,2,1,1,505134,20000,20000
2022-07-21,FnB,Sub_16,App_82,Payment / merchant,1,1,1,152000,20000,0
2022-07-21,Billing,Sub_30,App_09,Payment / merchant,1,1,1,75600,20000,0
2022-07-21,Billing,Sub_35,App_28,Payment / merchant,1,1,1,827786,20000,0
2022-07-21,Billing,Sub_35,App_66,Payment / merchant,1,1,1,121900,20000,0
2022-07-21,Billing,Sub_31,App_04,Payment / merchant,1,1,1,40000,20000,0
2022-07-21,Billing,Sub_10,App_39,Payment / merchant,1,1,1,1920351,20000,0
2022-07-21,FnB,Sub_08,App_97,Payment / merchant,1,1,1,55000,15000,0
2022-07-21,FnB,Sub_08,App_98,Payment / merchant,1,1,1,78000,15000,0
2022-07-21,FnB,Sub_08,App_99,Payment / merchant,1,1,1,59000,15000,0
2022-07-21,Telco,Sub_29,App_07,Payment / merchant,1,1,1,154133,10000,0
2022-07-21,Movies,Sub_07,App_24,Payment / merchant,1,1,1,210000,10000,0
2022-07-21,Retail,Sub_26,App_18,Payment / merchant,1,1,1,512000,10000,0
2022-07-21,RST,Sub_18,App_17,Payment / merchant,1,1,1,202400,10000,0
2022-07-22,Non-payment/Unknown,Sub_27,App_52,Non-payment / reward / unknown,2721,964,2721,136050000,136050000,0
2022-07-22,Telco,Sub_05,App_93,Payment / merchant,655,592,487,14000000,4870000,1680000
2022-07-22,Telco,Sub_32,App_64,Payment / merchant,317,294,272,9210000,2720000,450000
2022-07-22,Billing,Sub_15,App_34,Payment / merchant,106,73,65,48906176,2275000,1435000
2022-07-22,Billing,Sub_15,App_35,Payment / merchant,66,57,50,25785232,1750000,560000
2022-07-22,Billing,Sub_30,App_08,Payment / merchant,58,46,38,10486457,1130000,600000
2022-07-22,Marketplace,Sub_25,App_101,Payment / merchant,74,70,68,23200786,825000,90000
2022-07-22,Billing,Sub_23,App_06,Payment / merchant,44,39,29,6375760,580000,300000
2022-07-22,Billing,Sub_15,App_36,Payment / merchant,23,20,15,8410250,525000,280000
2022-07-22,Movies,Sub_07,App_24,Payment / merchant,20,13,12,3328000,450000,320000
2022-07-22,Billing,Sub_35,App_65,Payment / merchant,22,22,20,3053600,400000,40000
2022-07-22,Billing,Sub_35,App_96,Payment / merchant,26,21,17,4028600,340000,180000
2022-07-22,Game,Sub_19,App_31,Payment / merchant,21,19,19,8665950,305000,40000
2022-07-22,Telco,Sub_11,App_63,Payment / merchant,40,39,36,1007000,220000,30000
2022-07-22,Billing,Sub_15,App_37,Payment / merchant,12,9,6,7230454,210000,210000
2022-07-22,Billing,Sub_15,App_95,Payment / merchant,5,5,5,2755072,175000,0
2022-07-22,Movies,Sub_07,App_23,Payment / merchant,11,9,5,1836090,170000,240000
2022-07-22,Marketplace,Sub_25,App_59,Payment / merchant,23,23,23,10553523,160000,0
2022-07-22,Billing,Sub_30,App_13,Payment / merchant,5,5,5,500000,150000,0
2022-07-22,Billing,Sub_23,App_53,Payment / merchant,10,8,6,952500,120000,80000
2022-07-22,Billing,Sub_31,App_04,Payment / merchant,7,6,6,900000,120000,20000
2022-07-22,Retail,Sub_06,App_29,Payment / merchant,7,6,6,454000,120000,20000
2022-07-22,Retail,Sub_20,App_22,Payment / merchant,4,4,4,2583458,120000,0
2022-07-22,Billing,Sub_10,App_49,Payment / merchant,6,5,5,11293000,100000,20000
2022-07-22,Billing,Sub_35,App_71,Payment / merchant,4,4,4,259875,80000,0
2022-07-22,Telco,Sub_29,App_15,Payment / merchant,8,8,8,307000,80000,0
2022-07-22,Billing,Sub_15,App_33,Payment / merchant,2,2,2,3502542,70000,0
2022-07-22,Telco,Sub_09,App_92,Payment / merchant,8,6,7,340000,65000,10000
2022-07-22,Billing,Sub_35,App_27,Payment / merchant,4,4,3,1365127,60000,20000
2022-07-22,Billing,Sub_23,App_25,Payment / merchant,3,3,3,1846501,60000,0
2022-07-22,Billing,Sub_30,App_103,Payment / merchant,2,2,2,480000,50000,0
2022-07-22,Retail,Sub_04,App_41,Payment / merchant,2,2,2,625207,50000,0
2022-07-22,Retail,Sub_04,App_38,Payment / merchant,2,2,2,610000,40000,0
2022-07-22,FnB,Sub_17,App_43,Payment / merchant,1,1,1,1623240,40000,0
2022-07-22,Marketplace,Sub_25,App_100,Payment / merchant,4,4,4,2218936,40000,0
2022-07-22,Billing,Sub_35,App_28,Payment / merchant,2,2,2,888356,40000,0
2022-07-22,Billing,Sub_35,App_77,Payment / merchant,2,2,2,916457,40000,0
2022-07-22,Traveling,Sub_33,App_02,Payment / merchant,2,2,2,1010000,40000,0
2022-07-22,Billing,Sub_30,App_09,Payment / merchant,1,1,1,155000,30000,0
2022-07-22,Retail,Sub_20,App_44,Payment / merchant,1,1,1,493500,30000,0
2022-07-22,Retail,Sub_20,App_86,Payment / merchant,1,1,1,405800,30000,0
2022-07-22,Retail,Sub_26,App_18,Payment / merchant,1,1,1,303000,30000,0
2022-07-22,FnB,Sub_16,App_82,Payment / merchant,1,1,1,110000,20000,0
2022-07-22,Billing,Sub_35,App_66,Payment / merchant,1,1,1,101680,20000,0
2022-07-22,Billing,Sub_35,App_76,Payment / merchant,1,1,1,60567,20000,0
2022-07-22,Billing,Sub_35,App_68,Payment / merchant,1,1,1,369419,20000,0
2022-07-22,Traveling,Sub_33,App_40,Payment / merchant,2,1,1,1060000,20000,20000
2022-07-22,FnB,Sub_08,App_56,Payment / merchant,1,1,1,62400,15000,0
2022-07-22,Marketplace,Sub_25,App_102,Payment / merchant,1,1,1,219635,10000,0
2022-07-22,RST,Sub_18,App_17,Payment / merchant,1,1,1,174000,10000,0
2022-07-22,Telco,Sub_29,App_07,Payment / merchant,1,1,1,90000,10000,0
2022-07-23,Non-payment/Unknown,Sub_27,App_52,Non-payment / reward / unknown,2639,1030,2639,131950000,131950000,0
2022-07-23,Telco,Sub_05,App_93,Payment / merchant,1291,1186,916,26530000,9160000,3750000
2022-07-23,Telco,Sub_32,App_64,Payment / merchant,316,304,266,8810000,2660000,500000
2022-07-23,Billing,Sub_15,App_34,Payment / merchant,95,64,48,59108110,1680000,1645000
2022-07-23,Billing,Sub_15,App_35,Payment / merchant,42,33,31,15717511,1085000,385000
2022-07-23,Marketplace,Sub_25,App_101,Payment / merchant,85,80,82,22594391,1025000,30000
2022-07-23,Billing,Sub_15,App_36,Payment / merchant,56,41,28,23616566,980000,980000
2022-07-23,Billing,Sub_30,App_08,Payment / merchant,43,39,32,8224113,930000,320000
2022-07-23,Billing,Sub_35,App_96,Payment / merchant,37,35,28,5157963,560000,180000
2022-07-23,Game,Sub_19,App_31,Payment / merchant,29,28,27,7200200,420000,40000
2022-07-23,Movies,Sub_07,App_23,Payment / merchant,9,8,8,1703000,320000,40000
2022-07-23,Billing,Sub_23,App_06,Payment / merchant,26,22,14,2019937,280000,240000
2022-07-23,Telco,Sub_29,App_15,Payment / merchant,30,24,24,913872,240000,60000
2022-07-23,Marketplace,Sub_25,App_59,Payment / merchant,24,24,24,18961339,185000,0
2022-07-23,Billing,Sub_35,App_65,Payment / merchant,25,14,9,1637039,180000,320000
2022-07-23,Telco,Sub_11,App_63,Payment / merchant,31,31,27,763000,155000,25000
2022-07-23,Billing,Sub_15,App_37,Payment / merchant,6,6,4,5467951,140000,70000
2022-07-23,Retail,Sub_06,App_29,Payment / merchant,6,6,6,328000,120000,0
2022-07-23,Traveling,Sub_33,App_02,Payment / merchant,5,5,5,1705000,100000,0
2022-07-23,Retail,Sub_20,App_44,Payment / merchant,3,3,3,2489000,90000,0
2022-07-23,Movies,Sub_07,App_24,Payment / merchant,2,2,2,357000,80000,0
2022-07-23,Billing,Sub_31,App_04,Payment / merchant,5,5,4,260000,80000,20000
2022-07-23,Billing,Sub_23,App_25,Payment / merchant,3,3,3,1738000,60000,0
2022-07-23,Billing,Sub_35,App_27,Payment / merchant,3,3,3,339287,60000,0
2022-07-23,Retail,Sub_04,App_38,Payment / merchant,2,2,2,509800,50000,0
2022-07-23,FnB,Sub_17,App_43,Payment / merchant,1,1,1,1468800,40000,0
2022-07-23,Telco,Sub_09,App_92,Payment / merchant,7,6,6,588000,40000,10000
2022-07-23,Traveling,Sub_33,App_40,Payment / merchant,2,2,2,1110000,40000,0
2022-07-23,Billing,Sub_35,App_66,Payment / merchant,2,2,2,528950,40000,0
2022-07-23,Billing,Sub_35,App_26,Payment / merchant,2,2,2,389550,40000,0
2022-07-23,Billing,Sub_23,App_53,Payment / merchant,4,3,2,742000,40000,40000
2022-07-23,Billing,Sub_10,App_49,Payment / merchant,5,2,2,5568000,40000,60000
2022-07-23,Billing,Sub_15,App_33,Payment / merchant,1,1,1,608394,35000,0
2022-07-23,Billing,Sub_15,App_95,Payment / merchant,3,2,1,1590063,35000,70000
2022-07-23,FnB,Sub_08,App_97,Payment / merchant,2,2,2,186000,30000,0
2022-07-23,Billing,Sub_30,App_09,Payment / merchant,1,1,1,727524,30000,0
2022-07-23,Retail,Sub_26,App_19,Payment / merchant,1,1,1,325000,30000,0
2022-07-23,Marketplace,Sub_25,App_100,Payment / merchant,18,3,2,5556000,25000,160000
2022-07-23,Retail,Sub_04,App_41,Payment / merchant,1,1,1,513000,20000,0
2022-07-23,RST,Sub_18,App_17,Payment / merchant,2,2,2,233000,20000,0
2022-07-23,Retail,Sub_06,App_42,Payment / merchant,1,1,1,124000,20000,0
2022-07-23,Retail,Sub_06,App_46,Payment / merchant,1,1,1,156000,20000,0
2022-07-23,Billing,Sub_35,App_68,Payment / merchant,1,1,1,1112561,20000,0
2022-07-23,Billing,Sub_35,App_71,Payment / merchant,1,1,1,208950,20000,0
2022-07-23,FnB,Sub_16,App_57,Payment / merchant,1,1,1,208000,20000,0
2022-07-23,Billing,Sub_35,App_75,Payment / merchant,1,1,1,157744,20000,0
2022-07-23,Billing,Sub_35,App_77,Payment / merchant,1,1,1,100520,20000,0
2022-07-23,Billing,Sub_10,App_60,Payment / merchant,1,1,1,1604000,20000,0
2022-07-23,FnB,Sub_08,App_98,Payment / merchant,1,1,1,124000,15000,0
2022-07-23,Entertainment,Sub_34,App_05,Payment / merchant,1,1,1,109000,10000,0
2022-07-23,Billing,Sub_35,App_73,Payment / merchant,1,1,0,79120,0,20000
2022-07-23,Billing,Sub_30,App_13,Payment / merchant,2,1,0,200002,0,60000
2022-07-24,Non-payment/Unknown,Sub_27,App_52,Non-payment / reward / unknown,2979,1101,2979,148950000,148950000,0
2022-07-24,Telco,Sub_05,App_93,Payment / merchant,1338,1243,1058,27470000,10580000,2800000
2022-07-24,Telco,Sub_32,App_64,Payment / merchant,531,490,466,13770000,4660000,650000
2022-07-24,Billing,Sub_15,App_34,Payment / merchant,93,66,57,54590840,1995000,1260000
2022-07-24,Billing,Sub_15,App_35,Payment / merchant,43,38,33,11889128,1155000,350000
2022-07-24,Marketplace,Sub_25,App_101,Payment / merchant,92,90,90,31591135,1075000,30000
2022-07-24,Billing,Sub_30,App_08,Payment / merchant,64,45,36,11354362,1030000,760000
2022-07-24,Billing,Sub_23,App_06,Payment / merchant,45,44,37,6717204,740000,160000
2022-07-24,Movies,Sub_07,App_23,Payment / merchant,19,15,15,3681454,600000,160000
2022-07-24,Billing,Sub_35,App_96,Payment / merchant,41,38,29,6788563,580000,240000
2022-07-24,Billing,Sub_15,App_36,Payment / merchant,19,19,16,12016940,560000,105000
2022-07-24,Game,Sub_19,App_31,Payment / merchant,26,25,25,6893200,395000,20000
2022-07-24,Billing,Sub_35,App_65,Payment / merchant,24,22,19,1850628,380000,100000
2022-07-24,Billing,Sub_15,App_37,Payment / merchant,6,6,6,8675210,210000,0
2022-07-24,Movies,Sub_07,App_24,Payment / merchant,5,5,5,620000,200000,0
2022-07-24,Telco,Sub_11,App_63,Payment / merchant,42,40,36,845000,195000,30000
2022-07-24,Billing,Sub_30,App_103,Payment / merchant,5,5,5,1040000,150000,0
2022-07-24,Retail,Sub_20,App_22,Payment / merchant,7,6,5,6116687,130000,60000
2022-07-24,Marketplace,Sub_25,App_102,Payment / merchant,12,12,12,3032778,120000,0
2022-07-24,Marketplace,Sub_25,App_59,Payment / merchant,15,15,15,4938230,110000,0
2022-07-24,Billing,Sub_15,App_95,Payment / merchant,3,3,3,2092581,105000,0
2022-07-24,Billing,Sub_10,App_49,Payment / merchant,5,5,5,5000000,100000,0
2022-07-24,Billing,Sub_31,App_04,Payment / merchant,7,5,5,900000,100000,40000
2022-07-24,Retail,Sub_06,App_29,Payment / merchant,4,4,4,224000,80000,0
2022-07-24,Marketplace,Sub_25,App_100,Payment / merchant,20,7,6,6741600,70000,140000
2022-07-24,Retail,Sub_04,App_38,Payment / merchant,2,2,2,308000,50000,0
2022-07-24,Billing,Sub_30,App_55,Payment / merchant,2,2,2,1625000,50000,0
2022-07-24,Billing,Sub_10,App_39,Payment / merchant,2,2,2,3797000,40000,0
2022-07-24,Billing,Sub_35,App_77,Payment / merchant,2,2,2,186608,40000,0
2022-07-24,Retail,Sub_06,App_42,Payment / merchant,2,2,2,102000,40000,0
2022-07-24,Billing,Sub_35,App_28,Payment / merchant,2,2,2,282659,40000,0
2022-07-24,Billing,Sub_35,App_27,Payment / merchant,2,2,2,279913,40000,0
2022-07-24,Traveling,Sub_33,App_40,Payment / merchant,2,2,2,1820000,40000,0
2022-07-24,Billing,Sub_15,App_33,Payment / merchant,1,1,1,1216237,35000,0
2022-07-24,Retail,Sub_20,App_44,Payment / merchant,1,1,1,462000,30000,0
2022-07-24,RST,Sub_18,App_17,Payment / merchant,3,3,3,235000,30000,0
2022-07-24,Traveling,Sub_33,App_03,Payment / merchant,1,1,1,400000,30000,0
2022-07-24,Retail,Sub_06,App_46,Payment / merchant,1,1,1,69000,20000,0
2022-07-24,Telco,Sub_29,App_15,Payment / merchant,2,2,2,306000,20000,0
2022-07-24,Traveling,Sub_33,App_02,Payment / merchant,1,1,1,340000,20000,0
2022-07-24,Billing,Sub_35,App_66,Payment / merchant,1,1,1,156400,20000,0
2022-07-24,Billing,Sub_35,App_67,Payment / merchant,1,1,1,99667,20000,0
2022-07-24,Billing,Sub_35,App_75,Payment / merchant,1,1,1,144197,20000,0
2022-07-24,FnB,Sub_16,App_82,Payment / merchant,1,1,1,102000,20000,0
2022-07-24,Retail,Sub_04,App_41,Payment / merchant,1,1,1,469650,20000,0
2022-07-24,Billing,Sub_10,App_90,Payment / merchant,1,1,1,3160000,20000,0
2022-07-24,Billing,Sub_23,App_25,Payment / merchant,2,2,1,1534000,20000,20000
2022-07-24,Telco,Sub_09,App_92,Payment / merchant,1,1,1,30000,10000,0
2022-07-24,Billing,Sub_23,App_53,Payment / merchant,1,1,0,200000,0,20000
2022-07-25,Non-payment/Unknown,Sub_27,App_52,Non-payment / reward / unknown,3259,1150,3259,162950000,162950000,0
2022-07-25,Telco,Sub_05,App_93,Payment / merchant,1402,1339,1084,28600000,10840000,3180000
2022-07-25,Telco,Sub_32,App_64,Payment / merchant,444,424,390,12580000,3900000,540000
2022-07-25,Billing,Sub_15,App_34,Payment / merchant,65,51,41,30024170,1435000,840000
2022-07-25,Marketplace,Sub_25,App_101,Payment / merchant,82,82,82,26955416,950000,0
2022-07-25,Billing,Sub_15,App_35,Payment / merchant,35,23,17,12807472,595000,630000
2022-07-25,Billing,Sub_30,App_08,Payment / merchant,22,19,13,3835333,380000,270000
2022-07-25,Billing,Sub_15,App_36,Payment / merchant,20,13,8,8805640,280000,420000
2022-07-25,Game,Sub_19,App_31,Payment / merchant,28,21,19,9511750,245000,180000
2022-07-25,Billing,Sub_35,App_96,Payment / merchant,13,13,12,3249725,240000,20000
2022-07-25,Telco,Sub_11,App_63,Payment / merchant,45,38,37,1060000,235000,50000
2022-07-25,Marketplace,Sub_25,App_102,Payment / merchant,23,23,23,4548579,230000,0
2022-07-25,Movies,Sub_07,App_24,Payment / merchant,5,5,5,742000,170000,0
2022-07-25,Traveling,Sub_02,App_11,Payment / merchant,1,1,1,4125600,150000,0
2022-07-25,Billing,Sub_35,App_65,Payment / merchant,9,9,7,1542934,140000,40000
2022-07-25,Billing,Sub_10,App_49,Payment / merchant,8,8,7,8776920,140000,20000
2022-07-25,Marketplace,Sub_25,App_59,Payment / merchant,22,22,22,10376737,135000,0
2022-07-25,Billing,Sub_23,App_06,Payment / merchant,8,8,6,1054100,120000,40000
2022-07-25,Billing,Sub_15,App_37,Payment / merchant,7,4,3,2201472,105000,140000
2022-07-25,Billing,Sub_23,App_25,Payment / merchant,5,5,5,1430600,100000,0
2022-07-25,FnB,Sub_17,App_43,Payment / merchant,2,2,2,1852200,90000,0
2022-07-25,Marketplace,Sub_25,App_100,Payment / merchant,16,8,7,5494320,80000,90000
2022-07-25,Movies,Sub_07,App_23,Payment / merchant,2,2,2,585180,80000,0
2022-07-25,Retail,Sub_06,App_46,Payment / merchant,4,4,4,271000,80000,0
2022-07-25,Billing,Sub_15,App_33,Payment / merchant,2,2,2,174329,70000,0
2022-07-25,Billing,Sub_31,App_04,Payment / merchant,3,3,3,160000,60000,0
2022-07-25,Retail,Sub_06,App_29,Payment / merchant,3,3,3,176000,60000,0
2022-07-25,Telco,Sub_09,App_92,Payment / merchant,7,7,7,430000,55000,0
2022-07-25,Traveling,Sub_33,App_03,Payment / merchant,2,2,2,1110000,50000,0
2022-07-25,FnB,Sub_16,App_82,Payment / merchant,2,2,2,335000,40000,0
2022-07-25,Billing,Sub_35,App_77,Payment / merchant,2,2,2,947095,40000,0
2022-07-25,Billing,Sub_35,App_28,Payment / merchant,2,2,2,362898,40000,0
2022-07-25,Billing,Sub_15,App_95,Payment / merchant,1,1,1,409268,35000,0
2022-07-25,Entertainment,Sub_34,App_05,Payment / merchant,1,1,1,499000,30000,0
2022-07-25,Billing,Sub_30,App_103,Payment / merchant,1,1,1,220000,30000,0
2022-07-25,FnB,Sub_16,App_57,Payment / merchant,1,1,1,136000,30000,0
2022-07-25,FnB,Sub_28,App_80,Payment / merchant,1,1,1,106750,30000,0
2022-07-25,Retail,Sub_20,App_86,Payment / merchant,1,1,1,418900,30000,0
2022-07-25,Retail,Sub_26,App_18,Payment / merchant,1,1,1,331000,30000,0
2022-07-25,Retail,Sub_26,App_19,Payment / merchant,3,2,1,930000,30000,60000
2022-07-25,Telco,Sub_29,App_07,Payment / merchant,2,2,2,296467,20000,0
2022-07-25,Retail,Sub_06,App_42,Payment / merchant,1,1,1,51000,20000,0
2022-07-25,Retail,Sub_04,App_41,Payment / merchant,1,1,1,500000,20000,0
2022-07-25,Retail,Sub_06,App_01,Payment / merchant,1,1,1,56000,20000,0
2022-07-25,Billing,Sub_23,App_53,Payment / merchant,2,2,1,215000,20000,20000
2022-07-25,Billing,Sub_35,App_27,Payment / merchant,1,1,1,546912,20000,0
2022-07-25,Billing,Sub_35,App_66,Payment / merchant,1,1,1,122850,20000,0
2022-07-25,FnB,Sub_08,App_56,Payment / merchant,1,1,1,59000,15000,0
2022-07-25,FnB,Sub_08,App_97,Payment / merchant,1,1,1,49000,15000,0
2022-07-25,Telco,Sub_29,App_15,Payment / merchant,1,1,1,73077,10000,0
2022-07-25,RST,Sub_18,App_17,Payment / merchant,1,1,1,61000,10000,0
2022-07-25,Retail,Sub_20,App_44,Payment / merchant,5,4,0,3438500,0,150000
2022-07-26,Non-payment/Unknown,Sub_27,App_52,Non-payment / reward / unknown,3354,1074,3354,167700000,167700000,0
2022-07-26,Telco,Sub_05,App_93,Payment / merchant,1705,1610,1291,34610000,12910000,4140000
2022-07-26,Telco,Sub_32,App_64,Payment / merchant,462,430,379,13020000,3790000,830000
2022-07-26,Marketplace,Sub_25,App_101,Payment / merchant,108,105,104,38879376,1230000,60000
2022-07-26,Billing,Sub_15,App_34,Payment / merchant,51,35,27,24405482,945000,840000
2022-07-26,Billing,Sub_15,App_35,Payment / merchant,45,37,26,16224417,910000,665000
2022-07-26,Retail,Sub_26,App_18,Payment / merchant,18,16,15,6815000,450000,90000
2022-07-26,Billing,Sub_30,App_08,Payment / merchant,21,20,14,3729323,410000,210000
2022-07-26,Billing,Sub_35,App_96,Payment / merchant,21,21,19,3800064,380000,40000
2022-07-26,Billing,Sub_23,App_06,Payment / merchant,19,17,15,2559476,300000,80000
2022-07-26,Movies,Sub_07,App_23,Payment / merchant,7,7,7,1170544,250000,0
2022-07-26,Billing,Sub_15,App_37,Payment / merchant,7,7,6,2992411,210000,35000
2022-07-26,Game,Sub_19,App_31,Payment / merchant,17,15,14,3505300,205000,60000
2022-07-26,Billing,Sub_35,App_65,Payment / merchant,12,12,10,1222352,200000,40000
2022-07-26,Billing,Sub_10,App_49,Payment / merchant,11,11,10,11047000,200000,20000
2022-07-26,Telco,Sub_11,App_63,Payment / merchant,31,29,29,756000,165000,15000
2022-07-26,Retail,Sub_06,App_29,Payment / merchant,7,7,7,399000,140000,0
2022-07-26,Retail,Sub_26,App_19,Payment / merchant,4,4,4,1671000,120000,0
2022-07-26,Marketplace,Sub_25,App_59,Payment / merchant,19,19,19,7674715,120000,0
2022-07-26,Billing,Sub_15,App_36,Payment / merchant,15,8,3,6152888,105000,420000
2022-07-26,Billing,Sub_31,App_04,Payment / merchant,7,5,5,553000,100000,40000
2022-07-26,Retail,Sub_20,App_22,Payment / merchant,3,3,3,2540163,90000,0
2022-07-26,Retail,Sub_04,App_38,Payment / merchant,3,3,3,839000,80000,0
2022-07-26,Marketplace,Sub_25,App_100,Payment / merchant,7,7,7,2848100,80000,0
2022-07-26,Billing,Sub_23,App_53,Payment / merchant,9,7,4,1625000,80000,100000
2022-07-26,Billing,Sub_30,App_103,Payment / merchant,2,2,2,1320000,60000,0
2022-07-26,Billing,Sub_35,App_28,Payment / merchant,3,3,3,683950,60000,0
2022-07-26,Billing,Sub_35,App_27,Payment / merchant,3,3,3,739977,60000,0
2022-07-26,Billing,Sub_35,App_74,Payment / merchant,3,3,3,646040,60000,0
2022-07-26,Retail,Sub_06,App_42,Payment / merchant,4,3,3,228000,60000,20000
2022-07-26,Retail,Sub_20,App_44,Payment / merchant,2,2,2,1087200,60000,0
2022-07-26,Traveling,Sub_33,App_03,Payment / merchant,2,2,2,680000,60000,0
2022-07-26,Traveling,Sub_33,App_40,Payment / merchant,4,3,3,1660000,60000,20000
2022-07-26,FnB,Sub_17,App_43,Payment / merchant,1,1,1,978480,50000,0
2022-07-26,Movies,Sub_07,App_24,Payment / merchant,2,2,1,434000,40000,40000
2022-07-26,Traveling,Sub_33,App_02,Payment / merchant,2,2,2,760000,40000,0
2022-07-26,Billing,Sub_35,App_66,Payment / merchant,2,2,2,375589,40000,0
2022-07-26,Billing,Sub_10,App_39,Payment / merchant,2,2,2,2000000,40000,0
2022-07-26,Billing,Sub_15,App_33,Payment / merchant,1,1,1,608394,35000,0
2022-07-26,Telco,Sub_09,App_92,Payment / merchant,4,4,4,270000,35000,0
2022-07-26,Telco,Sub_29,App_07,Payment / merchant,2,2,2,276063,20000,0
2022-07-26,Telco,Sub_29,App_15,Payment / merchant,2,2,2,61550,20000,0
2022-07-26,Retail,Sub_04,App_41,Payment / merchant,1,1,1,365000,20000,0
2022-07-26,FnB,Sub_16,App_82,Payment / merchant,1,1,1,117000,20000,0
2022-07-26,RST,Sub_18,App_17,Payment / merchant,2,2,2,138000,20000,0
2022-07-26,Retail,Sub_06,App_01,Payment / merchant,1,1,1,72000,20000,0
2022-07-26,Billing,Sub_35,App_77,Payment / merchant,1,1,1,67858,20000,0
2022-07-26,Billing,Sub_30,App_13,Payment / merchant,4,3,1,350000,20000,90000
2022-07-26,Billing,Sub_35,App_67,Payment / merchant,1,1,1,72800,20000,0
2022-07-26,FnB,Sub_08,App_97,Payment / merchant,1,1,1,76000,15000,0
2022-07-26,FnB,Sub_16,App_57,Payment / merchant,1,1,0,113000,0,30000
2022-07-27,Non-payment/Unknown,Sub_27,App_52,Non-payment / reward / unknown,3068,993,3068,153400000,153400000,0
2022-07-27,Telco,Sub_05,App_93,Payment / merchant,1617,1499,1390,33180000,13900000,2270000
2022-07-27,Telco,Sub_32,App_64,Payment / merchant,398,389,385,10160000,3850000,130000
2022-07-27,Billing,Sub_30,App_08,Payment / merchant,46,43,41,6864953,1190000,150000
2022-07-27,Marketplace,Sub_25,App_101,Payment / merchant,96,93,93,28151927,1125000,45000
2022-07-27,Billing,Sub_15,App_34,Payment / merchant,51,37,29,17348890,1015000,770000
2022-07-27,Billing,Sub_15,App_35,Payment / merchant,39,34,27,12624225,945000,420000
2022-07-27,Billing,Sub_10,App_49,Payment / merchant,14,14,14,14000000,280000,0
2022-07-27,Billing,Sub_35,App_96,Payment / merchant,20,16,14,1904587,280000,120000
2022-07-27,Game,Sub_19,App_31,Payment / merchant,20,20,20,5267300,280000,0
2022-07-27,Telco,Sub_11,App_63,Payment / merchant,52,44,43,1243000,275000,45000
2022-07-27,Billing,Sub_35,App_65,Payment / merchant,12,12,11,1354956,220000,20000
2022-07-27,Billing,Sub_10,App_39,Payment / merchant,9,9,9,9288696,180000,0
2022-07-27,Movies,Sub_07,App_23,Payment / merchant,5,5,5,1199000,170000,0
2022-07-27,Marketplace,Sub_25,App_59,Payment / merchant,21,21,21,8816831,155000,0
2022-07-27,Retail,Sub_26,App_18,Payment / merchant,10,6,5,3704000,150000,150000
2022-07-27,Billing,Sub_15,App_36,Payment / merchant,5,5,4,2252384,140000,35000
2022-07-27,Billing,Sub_30,App_103,Payment / merchant,5,5,5,669000,130000,0
2022-07-27,FnB,Sub_16,App_57,Payment / merchant,5,4,4,824000,120000,30000
2022-07-27,Retail,Sub_04,App_38,Payment / merchant,5,5,5,1321400,110000,0
2022-07-27,Billing,Sub_15,App_37,Payment / merchant,5,5,3,1335399,105000,70000
2022-07-27,FnB,Sub_16,App_82,Payment / merchant,5,5,5,500000,100000,0
2022-07-27,Retail,Sub_20,App_44,Payment / merchant,4,4,4,2098900,100000,0
2022-07-27,Billing,Sub_15,App_95,Payment / merchant,2,2,2,3262804,70000,0
2022-07-27,Billing,Sub_23,App_06,Payment / merchant,18,9,3,1843360,60000,300000
2022-07-27,Retail,Sub_26,App_19,Payment / merchant,4,3,2,1751000,60000,60000
2022-07-27,Retail,Sub_06,App_29,Payment / merchant,3,3,3,169000,60000,0
2022-07-27,FnB,Sub_17,App_43,Payment / merchant,1,1,1,959040,50000,0
2022-07-27,Telco,Sub_09,App_92,Payment / merchant,7,7,6,290000,50000,10000
2022-07-27,Traveling,Sub_33,App_10,Payment / merchant,2,2,2,620000,50000,0
2022-07-27,Traveling,Sub_33,App_40,Payment / merchant,2,2,2,1080000,40000,0
2022-07-27,RST,Sub_18,App_17,Payment / merchant,4,3,4,422000,40000,0
2022-07-27,Movies,Sub_07,App_24,Payment / merchant,3,2,1,375000,40000,80000
2022-07-27,Billing,Sub_35,App_77,Payment / merchant,2,2,2,1008242,40000,0
2022-07-27,Billing,Sub_10,App_60,Payment / merchant,2,2,2,5434000,40000,0
2022-07-27,Billing,Sub_10,App_61,Payment / merchant,2,2,2,2476529,40000,0
2022-07-27,Billing,Sub_35,App_75,Payment / merchant,2,2,2,803403,40000,0
2022-07-27,Billing,Sub_35,App_28,Payment / merchant,2,2,2,2029085,40000,0
2022-07-27,Billing,Sub_35,App_66,Payment / merchant,2,2,2,391087,40000,0
2022-07-27,Marketplace,Sub_25,App_102,Payment / merchant,4,4,3,759198,30000,10000
2022-07-27,Billing,Sub_31,App_04,Payment / merchant,3,3,1,190000,20000,40000
2022-07-27,Billing,Sub_35,App_76,Payment / merchant,1,1,1,346095,20000,0
2022-07-27,Billing,Sub_35,App_68,Payment / merchant,1,1,1,101786,20000,0
2022-07-27,Billing,Sub_35,App_71,Payment / merchant,1,1,1,51750,20000,0
2022-07-27,Billing,Sub_35,App_72,Payment / merchant,1,1,1,57120,20000,0
2022-07-27,Billing,Sub_35,App_74,Payment / merchant,1,1,1,836826,20000,0
2022-07-27,Retail,Sub_06,App_42,Payment / merchant,1,1,1,90000,20000,0
2022-07-27,Retail,Sub_06,App_46,Payment / merchant,1,1,1,50000,20000,0
2022-07-27,Traveling,Sub_01,App_45,Payment / merchant,1,1,1,171000,20000,0
2022-07-27,Traveling,Sub_33,App_02,Payment / merchant,1,1,1,285000,20000,0
2022-07-27,Traveling,Sub_33,App_03,Payment / merchant,1,1,1,250000,20000,0
2022-07-27,FnB,Sub_08,App_98,Payment / merchant,1,1,1,165000,15000,0
2022-07-27,Marketplace,Sub_25,App_100,Payment / merchant,1,1,1,382000,10000,0
2022-07-27,Movies,Sub_07,App_83,Payment / merchant,1,1,1,250000,10000,0
2022-07-27,Billing,Sub_23,App_53,Payment / merchant,1,1,0,50000,0,20000
2022-07-27,Traveling,Sub_02,App_11,Payment / merchant,4,1,0,32601600,0,750000
2022-07-28,Non-payment/Unknown,Sub_27,App_52,Non-payment / reward / unknown,3136,999,3136,156800000,156800000,0
2022-07-28,Telco,Sub_05,App_93,Payment / merchant,1758,1651,1565,36520000,15650000,1930000
2022-07-28,Telco,Sub_32,App_64,Payment / merchant,510,490,472,13860000,4720000,380000
2022-07-28,Marketplace,Sub_25,App_101,Payment / merchant,93,86,88,28304856,1075000,75000
2022-07-28,Billing,Sub_15,App_35,Payment / merchant,36,27,19,8703332,665000,595000
2022-07-28,Billing,Sub_15,App_34,Payment / merchant,24,16,12,10422725,420000,420000
2022-07-28,Billing,Sub_30,App_08,Payment / merchant,19,17,13,2688129,380000,180000
2022-07-28,Movies,Sub_07,App_23,Payment / merchant,7,7,7,1444090,280000,0
2022-07-28,Game,Sub_19,App_31,Payment / merchant,15,15,15,3222900,240000,0
2022-07-28,Telco,Sub_11,App_63,Payment / merchant,37,36,31,1193000,200000,45000
2022-07-28,Retail,Sub_06,App_29,Payment / merchant,7,7,7,438000,140000,0
2022-07-28,Billing,Sub_23,App_06,Payment / merchant,8,8,6,822089,120000,40000
2022-07-28,Billing,Sub_31,App_04,Payment / merchant,7,7,6,600000,120000,20000
2022-07-28,Marketplace,Sub_25,App_59,Payment / merchant,17,17,17,6726933,105000,0
2022-07-28,FnB,Sub_16,App_82,Payment / merchant,6,5,5,600000,100000,20000
2022-07-28,Billing,Sub_35,App_65,Payment / merchant,12,7,5,1674198,100000,140000
2022-07-28,Movies,Sub_07,App_83,Payment / merchant,2,2,2,445000,80000,0
2022-07-28,Traveling,Sub_33,App_40,Payment / merchant,4,4,4,1360000,80000,0
2022-07-28,Retail,Sub_20,App_22,Payment / merchant,3,3,3,3233945,70000,0
2022-07-28,Billing,Sub_15,App_36,Payment / merchant,3,3,2,1534412,70000,35000
2022-07-28,Billing,Sub_15,App_37,Payment / merchant,5,3,2,1807031,70000,105000
2022-07-28,Billing,Sub_10,App_49,Payment / merchant,4,4,3,4294000,60000,20000
2022-07-28,FnB,Sub_16,App_57,Payment / merchant,2,2,2,236000,60000,0
2022-07-28,Billing,Sub_35,App_96,Payment / merchant,7,5,3,441485,60000,80000
2022-07-28,Retail,Sub_26,App_18,Payment / merchant,4,3,2,1432000,60000,60000
2022-07-28,Telco,Sub_09,App_92,Payment / merchant,9,9,8,629000,60000,10000
2022-07-28,FnB,Sub_17,App_43,Payment / merchant,1,1,1,1000080,50000,0
2022-07-28,Marketplace,Sub_25,App_100,Payment / merchant,7,5,4,3629000,45000,30000
2022-07-28,Billing,Sub_15,App_95,Payment / merchant,1,1,1,315192,35000,0
2022-07-28,Billing,Sub_30,App_09,Payment / merchant,1,1,1,1524000,30000,0
2022-07-28,Retail,Sub_26,App_19,Payment / merchant,1,1,1,325000,30000,0
2022-07-28,Retail,Sub_20,App_86,Payment / merchant,1,1,1,414100,30000,0
2022-07-28,Traveling,Sub_33,App_02,Payment / merchant,1,1,1,335000,20000,0
2022-07-28,Billing,Sub_35,App_67,Payment / merchant,1,1,1,63700,20000,0
2022-07-28,Retail,Sub_04,App_38,Payment / merchant,1,1,1,200000,20000,0
2022-07-28,Billing,Sub_31,App_104,Payment / merchant,1,1,1,40000,20000,0
2022-07-28,Billing,Sub_23,App_25,Payment / merchant,1,1,1,2046000,20000,0
2022-07-28,FnB,Sub_08,App_97,Payment / merchant,1,1,1,55000,15000,0
2022-07-28,FnB,Sub_08,App_98,Payment / merchant,1,1,1,84000,15000,0
2022-07-28,Billing,Sub_22,App_85,Payment / merchant,1,1,1,66000,10000,0
2022-07-28,RST,Sub_18,App_17,Payment / merchant,1,1,1,118000,10000,0
2022-07-28,Billing,Sub_23,App_53,Payment / merchant,1,1,0,50000,0,20000
2022-07-28,Billing,Sub_10,App_62,Payment / merchant,1,1,0,2216240,0,20000
2022-07-29,Non-payment/Unknown,Sub_27,App_52,Non-payment / reward / unknown,2766,986,2766,138300000,138300000,0
2022-07-29,Retail,Sub_20,App_44,Payment / merchant,150,128,121,61458800,3630000,870000
2022-07-29,Telco,Sub_05,App_93,Payment / merchant,379,325,250,8300000,2500000,1290000
2022-07-29,Telco,Sub_32,App_64,Payment / merchant,281,251,199,8050000,1990000,820000
2022-07-29,Marketplace,Sub_25,App_101,Payment / merchant,92,84,87,27886686,1090000,65000
2022-07-29,Movies,Sub_07,App_23,Payment / merchant,49,28,23,6598454,860000,1040000
2022-07-29,Billing,Sub_15,App_35,Payment / merchant,44,28,19,13458518,665000,875000
2022-07-29,Billing,Sub_15,App_34,Payment / merchant,24,19,14,21756265,490000,350000
2022-07-29,Billing,Sub_30,App_08,Payment / merchant,13,11,11,1910760,290000,50000
2022-07-29,Game,Sub_19,App_31,Payment / merchant,23,19,17,7261600,220000,105000
2022-07-29,Traveling,Sub_02,App_11,Payment / merchant,1,1,1,5284800,200000,0
2022-07-29,Telco,Sub_11,App_63,Payment / merchant,37,34,31,1022000,200000,40000
2022-07-29,Billing,Sub_35,App_65,Payment / merchant,12,10,8,1324763,160000,80000
2022-07-29,Billing,Sub_35,App_96,Payment / merchant,15,10,7,1752283,140000,160000
2022-07-29,Billing,Sub_31,App_04,Payment / merchant,7,7,6,290000,120000,20000
2022-07-29,Billing,Sub_15,App_36,Payment / merchant,8,5,3,3165367,105000,175000
2022-07-29,Billing,Sub_23,App_06,Payment / merchant,6,6,5,1723800,100000,20000
2022-07-29,FnB,Sub_16,App_57,Payment / merchant,4,3,3,604000,90000,30000
2022-07-29,Marketplace,Sub_25,App_59,Payment / merchant,13,12,12,8077603,70000,5000
2022-07-29,Billing,Sub_15,App_37,Payment / merchant,4,3,2,5252293,70000,70000
2022-07-29,Traveling,Sub_33,App_02,Payment / merchant,3,3,3,810000,60000,0
2022-07-29,Traveling,Sub_33,App_40,Payment / merchant,3,3,3,1090000,60000,0
2022-07-29,FnB,Sub_17,App_43,Payment / merchant,1,1,1,578880,50000,0
2022-07-29,FnB,Sub_16,App_82,Payment / merchant,2,2,2,200000,40000,0
2022-07-29,Retail,Sub_06,App_29,Payment / merchant,2,2,2,108000,40000,0
2022-07-29,Telco,Sub_29,App_15,Payment / merchant,4,4,4,434010,40000,0
2022-07-29,Billing,Sub_35,App_77,Payment / merchant,2,2,2,432592,40000,0
2022-07-29,Billing,Sub_15,App_95,Payment / merchant,1,1,1,364470,35000,0
2022-07-29,Retail,Sub_04,App_38,Payment / merchant,1,1,1,101300,30000,0
2022-07-29,Retail,Sub_20,App_22,Payment / merchant,1,1,1,474300,30000,0
2022-07-29,FnB,Sub_08,App_98,Payment / merchant,2,2,2,90000,30000,0
2022-07-29,Retail,Sub_06,App_42,Payment / merchant,1,1,1,58000,20000,0
2022-07-29,Retail,Sub_06,App_46,Payment / merchant,1,1,1,52000,20000,0
2022-07-29,Traveling,Sub_33,App_03,Payment / merchant,1,1,1,500000,20000,0
2022-07-29,Telco,Sub_09,App_92,Payment / merchant,5,3,2,230000,20000,30000
2022-07-29,Billing,Sub_10,App_30,Payment / merchant,1,1,1,1015000,20000,0
2022-07-29,Billing,Sub_10,App_39,Payment / merchant,1,1,1,1450891,20000,0
2022-07-29,Billing,Sub_10,App_49,Payment / merchant,1,1,1,1000000,20000,0
2022-07-29,Billing,Sub_10,App_61,Payment / merchant,1,1,1,3154539,20000,0
2022-07-29,Billing,Sub_10,App_90,Payment / merchant,1,1,1,1589000,20000,0
2022-07-29,Billing,Sub_35,App_75,Payment / merchant,1,1,1,667435,20000,0
2022-07-29,Billing,Sub_30,App_09,Payment / merchant,1,1,1,108000,20000,0
2022-07-29,Billing,Sub_30,App_103,Payment / merchant,1,1,1,175000,20000,0
2022-07-29,Billing,Sub_35,App_28,Payment / merchant,1,1,1,200857,20000,0
2022-07-29,FnB,Sub_08,App_97,Payment / merchant,1,1,1,65000,15000,0
2022-07-29,Marketplace,Sub_25,App_100,Payment / merchant,1,1,1,191000,15000,0
2022-07-29,Marketplace,Sub_25,App_102,Payment / merchant,1,1,1,155982,10000,0
2022-07-29,Telco,Sub_29,App_07,Payment / merchant,1,1,1,154492,10000,0
2022-07-29,Entertainment,Sub_34,App_05,Payment / merchant,2,1,1,330000,10000,10000
2022-07-29,Billing,Sub_30,App_13,Payment / merchant,2,2,0,200000,0,60000
2022-07-29,Billing,Sub_23,App_25,Payment / merchant,4,1,0,352000,0,80000
2022-07-29,Retail,Sub_20,App_86,Payment / merchant,2,1,0,863000,0,60000
2022-07-30,Non-payment/Unknown,Sub_27,App_52,Non-payment / reward / unknown,1328,626,1328,66400000,66400000,0
2022-07-30,Retail,Sub_20,App_44,Payment / merchant,100,72,64,40673300,1920000,1080000
2022-07-30,Telco,Sub_32,App_64,Payment / merchant,248,210,164,7720000,1640000,840000
2022-07-30,Marketplace,Sub_25,App_101,Payment / merchant,73,68,73,19355271,935000,0
2022-07-30,Movies,Sub_07,App_23,Payment / merchant,22,16,15,3250727,570000,280000
2022-07-30,Telco,Sub_05,App_93,Payment / merchant,116,90,39,2860000,390000,770000
2022-07-30,Billing,Sub_15,App_34,Payment / merchant,18,14,9,9621274,315000,315000
2022-07-30,Billing,Sub_15,App_35,Payment / merchant,24,18,8,7838059,280000,560000
2022-07-30,Game,Sub_19,App_31,Payment / merchant,18,18,18,4184300,270000,0
2022-07-30,Telco,Sub_11,App_63,Payment / merchant,50,46,43,1214000,255000,45000
2022-07-30,Billing,Sub_35,App_96,Payment / merchant,18,15,11,3724058,220000,140000
2022-07-30,Movies,Sub_07,App_24,Payment / merchant,8,6,5,1125000,200000,120000
2022-07-30,Billing,Sub_23,App_06,Payment / merchant,10,10,9,1673804,180000,20000
2022-07-30,Billing,Sub_30,App_08,Payment / merchant,11,9,6,1895587,170000,150000
2022-07-30,Marketplace,Sub_25,App_102,Payment / merchant,17,14,14,3345982,140000,30000
2022-07-30,Billing,Sub_15,App_36,Payment / merchant,4,4,4,4613289,140000,0
2022-07-30,Billing,Sub_15,App_37,Payment / merchant,4,4,4,1310716,140000,0
2022-07-30,Billing,Sub_35,App_65,Payment / merchant,5,5,5,926775,100000,0
2022-07-30,Retail,Sub_06,App_29,Payment / merchant,4,4,4,227000,80000,0
2022-07-30,Retail,Sub_20,App_22,Payment / merchant,3,2,2,2695000,60000,30000
2022-07-30,Billing,Sub_31,App_04,Payment / merchant,5,5,3,420000,60000,40000
2022-07-30,Billing,Sub_31,App_104,Payment / merchant,3,3,3,740000,60000,0
2022-07-30,Billing,Sub_10,App_39,Payment / merchant,3,3,3,4571259,60000,0
2022-07-30,Marketplace,Sub_25,App_59,Payment / merchant,8,8,8,3047980,55000,0
2022-07-30,Billing,Sub_30,App_13,Payment / merchant,2,2,2,150000,50000,0
2022-07-30,Traveling,Sub_33,App_03,Payment / merchant,2,2,2,760000,50000,0
2022-07-30,Billing,Sub_35,App_28,Payment / merchant,3,3,2,1924419,40000,20000
2022-07-30,FnB,Sub_16,App_82,Payment / merchant,8,5,2,903000,40000,120000
2022-07-30,Retail,Sub_06,App_42,Payment / merchant,2,2,2,101000,40000,0
2022-07-30,Retail,Sub_20,App_58,Payment / merchant,2,2,2,2303500,40000,0
2022-07-30,Retail,Sub_26,App_19,Payment / merchant,1,1,1,342000,30000,0
2022-07-30,Marketplace,Sub_25,App_100,Payment / merchant,3,3,3,1526200,30000,0
2022-07-30,Retail,Sub_04,App_41,Payment / merchant,1,1,1,253600,30000,0
2022-07-30,FnB,Sub_16,App_57,Payment / merchant,1,1,1,171000,30000,0
2022-07-30,Billing,Sub_30,App_103,Payment / merchant,1,1,1,120000,30000,0
2022-07-30,Billing,Sub_35,App_27,Payment / merchant,1,1,1,93304,20000,0
2022-07-30,Billing,Sub_35,App_66,Payment / merchant,1,1,1,241500,20000,0
2022-07-30,Billing,Sub_23,App_53,Payment / merchant,4,2,1,200000,20000,60000
2022-07-30,FnB,Sub_16,App_91,Payment / merchant,1,1,1,139000,20000,0
2022-07-30,Billing,Sub_35,App_71,Payment / merchant,1,1,1,161910,20000,0
2022-07-30,Billing,Sub_35,App_77,Payment / merchant,1,1,1,983682,20000,0
2022-07-30,Telco,Sub_09,App_92,Payment / merchant,2,2,2,120000,20000,0
2022-07-30,Retail,Sub_06,App_46,Payment / merchant,1,1,1,54000,20000,0
2022-07-30,Billing,Sub_10,App_49,Payment / merchant,1,1,1,1000000,20000,0
2022-07-30,Billing,Sub_10,App_89,Payment / merchant,1,1,1,1877423,20000,0
2022-07-30,FnB,Sub_08,App_97,Payment / merchant,1,1,1,49000,15000,0
2022-07-30,FnB,Sub_08,App_98,Payment / merchant,1,1,1,59000,15000,0
2022-07-30,Retail,Sub_26,App_18,Payment / merchant,2,2,0,816000,0,60000
2022-07-30,Billing,Sub_15,App_33,Payment / merchant,2,1,0,2354324,0,70000
2022-07-30,Telco,Sub_29,App_07,Payment / merchant,1,1,0,188409,0,10000
2022-07-31,Non-payment/Unknown,Sub_27,App_52,Non-payment / reward / unknown,1742,771,1742,87100000,87100000,0
2022-07-31,Retail,Sub_20,App_44,Payment / merchant,120,115,113,50550100,3390000,210000
2022-07-31,Movies,Sub_07,App_23,Payment / merchant,87,75,71,13261089,2750000,640000
2022-07-31,Movies,Sub_07,App_24,Payment / merchant,72,67,66,8725000,2640000,240000
2022-07-31,Telco,Sub_32,App_64,Payment / merchant,238,205,162,8490000,1620000,760000
2022-07-31,Marketplace,Sub_25,App_101,Payment / merchant,70,69,70,19568033,875000,0
2022-07-31,Telco,Sub_05,App_93,Payment / merchant,113,85,40,3220000,400000,730000
2022-07-31,Marketplace,Sub_25,App_102,Payment / merchant,41,35,31,6196000,310000,100000
2022-07-31,Telco,Sub_11,App_63,Payment / merchant,45,38,37,1487000,235000,55000
2022-07-31,Game,Sub_19,App_31,Payment / merchant,17,16,16,4779000,215000,20000
2022-07-31,Billing,Sub_15,App_35,Payment / merchant,9,8,6,4798137,210000,105000
2022-07-31,Billing,Sub_30,App_08,Payment / merchant,11,11,8,1506689,200000,90000
2022-07-31,Billing,Sub_31,App_04,Payment / merchant,11,9,8,3140000,160000,60000
2022-07-31,Billing,Sub_35,App_65,Payment / merchant,11,10,6,874670,120000,100000
2022-07-31,Billing,Sub_15,App_34,Payment / merchant,13,5,3,8218475,105000,350000
2022-07-31,Telco,Sub_09,App_92,Payment / merchant,14,11,11,640000,105000,30000
2022-07-31,Billing,Sub_23,App_53,Payment / merchant,5,5,5,500000,100000,0
2022-07-31,Marketplace,Sub_25,App_100,Payment / merchant,8,8,8,3666200,95000,0
2022-07-31,FnB,Sub_16,App_57,Payment / merchant,3,3,3,423000,90000,0
2022-07-31,Marketplace,Sub_25,App_59,Payment / merchant,10,10,10,5869470,80000,0
2022-07-31,Billing,Sub_35,App_96,Payment / merchant,7,6,4,1339030,80000,60000
2022-07-31,Billing,Sub_23,App_06,Payment / merchant,7,7,4,1083236,80000,60000
2022-07-31,Billing,Sub_15,App_37,Payment / merchant,2,2,2,337822,70000,0
2022-07-31,Billing,Sub_35,App_28,Payment / merchant,7,4,3,3583755,60000,80000
2022-07-31,Retail,Sub_06,App_29,Payment / merchant,3,3,3,238000,60000,0
2022-07-31,Retail,Sub_26,App_19,Payment / merchant,2,2,2,647000,60000,0
2022-07-31,Traveling,Sub_33,App_10,Payment / merchant,2,2,2,757000,50000,0
2022-07-31,Retail,Sub_26,App_18,Payment / merchant,2,2,2,1144000,40000,0
2022-07-31,Billing,Sub_15,App_95,Payment / merchant,1,1,1,2298402,35000,0
2022-07-31,Billing,Sub_15,App_36,Payment / merchant,3,3,1,783708,35000,70000
2022-07-31,Billing,Sub_30,App_13,Payment / merchant,3,1,1,300000,30000,60000
2022-07-31,Retail,Sub_20,App_22,Payment / merchant,1,1,1,1498843,30000,0
2022-07-31,Traveling,Sub_33,App_02,Payment / merchant,1,1,1,235000,20000,0
2022-07-31,Traveling,Sub_33,App_03,Payment / merchant,1,1,1,350000,20000,0
2022-07-31,Billing,Sub_31,App_104,Payment / merchant,1,1,1,40000,20000,0
2022-07-31,Billing,Sub_10,App_39,Payment / merchant,1,1,1,1259000,20000,0
2022-07-31,Billing,Sub_10,App_62,Payment / merchant,1,1,1,1759743,20000,0
2022-07-31,Retail,Sub_06,App_42,Payment / merchant,1,1,1,61000,20000,0
2022-07-31,Retail,Sub_04,App_41,Payment / merchant,1,1,1,510000,20000,0
2022-07-31,FnB,Sub_16,App_82,Payment / merchant,2,2,1,200000,20000,20000
2022-07-31,FnB,Sub_08,App_97,Payment / merchant,1,1,1,55000,15000,0
2022-07-31,RST,Sub_18,App_17,Payment / merchant,1,1,1,80000,10000,0
2022-08-01,Non-payment/Unknown,Sub_27,App_52,Non-payment / reward / unknown,2103,825,2103,102550000,105150000,0
2022-08-01,Retail,Sub_20,App_44,Payment / merchant,226,207,203,91167600,6090000,690000
2022-08-01,Movies,Sub_07,App_24,Payment / merchant,134,111,107,16355000,4280000,1080000
2022-08-01,Telco,Sub_32,App_64,Payment / merchant,336,287,229,12190000,2290000,1070000
2022-08-01,Marketplace,Sub_25,App_101,Payment / merchant,76,70,72,20969210,865000,60000
2022-08-01,Movies,Sub_07,App_23,Payment / merchant,35,24,20,5966814,770000,600000
2022-08-01,Telco,Sub_05,App_93,Payment / merchant,117,92,51,3340000,510000,660000
2022-08-01,Game,Sub_19,App_31,Payment / merchant,26,25,25,9257450,275000,20000
2022-08-01,Billing,Sub_15,App_34,Payment / merchant,17,9,7,7588420,245000,350000
2022-08-01,Telco,Sub_11,App_63,Payment / merchant,47,43,38,1239000,215000,55000
2022-08-01,Traveling,Sub_02,App_11,Payment / merchant,2,1,1,8409600,200000,200000
2022-08-01,Billing,Sub_15,App_35,Payment / merchant,6,5,4,994511,140000,70000
2022-08-01,Billing,Sub_35,App_96,Payment / merchant,10,9,7,2077393,140000,60000
2022-08-01,Billing,Sub_31,App_04,Payment / merchant,5,5,5,270000,100000,0
2022-08-01,Billing,Sub_10,App_49,Payment / merchant,5,5,5,10296000,100000,0
2022-08-01,Billing,Sub_35,App_65,Payment / merchant,5,5,4,2240188,80000,20000
2022-08-01,Retail,Sub_06,App_29,Payment / merchant,4,4,4,266000,80000,0
2022-08-01,Retail,Sub_20,App_22,Payment / merchant,3,3,3,2588629,70000,0
2022-08-01,FnB,Sub_16,App_82,Payment / merchant,6,4,3,638000,60000,60000
2022-08-01,Telco,Sub_09,App_92,Payment / merchant,7,7,6,480000,55000,10000
2022-08-01,Marketplace,Sub_25,App_59,Payment / merchant,6,6,6,2253756,50000,0
2022-08-01,Marketplace,Sub_25,App_102,Payment / merchant,6,6,5,904053,50000,10000
2022-08-01,Billing,Sub_14,App_88,Payment / merchant,2,2,2,1410800,50000,0
2022-08-01,FnB,Sub_08,App_98,Payment / merchant,3,3,3,198000,45000,0
2022-08-01,Billing,Sub_10,App_39,Payment / merchant,2,2,2,4570868,40000,0
2022-08-01,Marketplace,Sub_25,App_100,Payment / merchant,4,4,4,1752064,40000,0
2022-08-01,Traveling,Sub_33,App_02,Payment / merchant,2,2,2,605000,40000,0
2022-08-01,Retail,Sub_26,App_18,Payment / merchant,2,2,1,851000,30000,30000
2022-08-01,Retail,Sub_04,App_38,Payment / merchant,1,1,1,149500,30000,0
2022-08-01,Billing,Sub_30,App_08,Payment / merchant,2,2,1,254200,30000,20000
2022-08-01,Billing,Sub_30,App_09,Payment / merchant,1,1,1,108000,20000,0
2022-08-01,Billing,Sub_35,App_28,Payment / merchant,1,1,1,454273,20000,0
2022-08-01,Billing,Sub_35,App_74,Payment / merchant,1,1,1,452342,20000,0
2022-08-01,Billing,Sub_35,App_77,Payment / merchant,1,1,1,237502,20000,0
2022-08-01,Billing,Sub_23,App_06,Payment / merchant,1,1,1,109342,20000,0
2022-08-01,Billing,Sub_23,App_25,Payment / merchant,1,1,1,1920000,20000,0
2022-08-01,Billing,Sub_10,App_60,Payment / merchant,1,1,1,3578000,20000,0
2022-08-01,Billing,Sub_10,App_61,Payment / merchant,1,1,1,2052069,20000,0
2022-08-01,Billing,Sub_10,App_89,Payment / merchant,1,1,1,1854265,20000,0
2022-08-01,Billing,Sub_10,App_30,Payment / merchant,1,1,1,2325000,20000,0
2022-08-01,Retail,Sub_06,App_01,Payment / merchant,1,1,1,50000,20000,0
2022-08-01,Retail,Sub_06,App_42,Payment / merchant,1,1,1,55000,20000,0
2022-08-01,Retail,Sub_06,App_46,Payment / merchant,1,1,1,62000,20000,0
2022-08-01,Traveling,Sub_33,App_40,Payment / merchant,2,1,1,500000,20000,20000
2022-08-01,Traveling,Sub_01,App_45,Payment / merchant,5,2,1,1163400,20000,80000
2022-08-01,FnB,Sub_03,App_84,Payment / merchant,1,1,1,42000,15000,0
2022-08-01,FnB,Sub_08,App_56,Payment / merchant,1,1,1,64000,15000,0
2022-08-01,Telco,Sub_29,App_07,Payment / merchant,1,1,1,150750,10000,0
2022-08-01,Billing,Sub_30,App_13,Payment / merchant,5,2,0,600000,0,150000
