userID,credited_campaign_discount_success_only,campaign_rows,campaign_discount_rows,distinct_campaign_transactions,first_campaign_time,last_campaign_time,immediate_discount_0_1_day,immediate_discount_rows_0_1_day,distinct_immediate_discount_transactions_0_1_day,first_immediate_discount_time,last_immediate_discount_time,total_invitees,first_invite_time,last_invite_time,max_users_per_device,max_users_per_ip,transfer_loop_count,score_immediate_discount,score_credited_discount,score_referral,score_device,score_ip,score_transfer_loop,suspicion_score,risk_tier,reason
U052491,1055000,24,24,24,2022-06-20 19:02:03,2022-06-21 22:16:05,1055000,24,24,2022-06-20 19:02:03,2022-06-21 22:16:05,23,2022-06-20 20:02:20,2022-06-21 22:11:56,1,26,158,3,3,2,0,1,2,11,High risk,"high immediate campaign discount within 0-1 day: 1055000, high credited campaign discount: 1055000, high referral count: 23, shared IP used by 26 users, reciprocal transfer loop with 158 partner(s), "
U000648,1295000,32,32,32,2022-06-16 12:02:38,2022-07-01 12:00:03,0,0,0,,,20,2022-07-01 10:14:12,2022-07-01 11:54:55,5,36,36,0,3,2,1,1,2,9,High risk,"high credited campaign discount: 1295000, high referral count: 20, shared device used by 5 users, shared IP used by 36 users, reciprocal transfer loop with 36 partner(s), "
U078015,1265000,31,31,31,2022-06-16 09:25:12,2022-06-30 18:30:06,0,0,0,,,20,2022-06-30 16:25:51,2022-06-30 18:29:33,5,36,22,0,3,2,1,1,2,9,High risk,"high credited campaign discount: 1265000, high referral count: 20, shared device used by 5 users, shared IP used by 36 users, reciprocal transfer loop with 22 partner(s), "
U000108,1155000,28,28,28,2022-06-15 19:59:50,2022-06-30 21:03:00,0,0,0,,,20,2022-06-30 19:25:38,2022-06-30 21:02:33,5,36,12,0,3,2,1,1,2,9,High risk,"high credited campaign discount: 1155000, high referral count: 20, shared device used by 5 users, shared IP used by 36 users, reciprocal transfer loop with 12 partner(s), "
U028616,1000000,20,20,20,2022-06-09 16:15:00,2022-06-09 23:30:00,1000000,20,20,2022-06-09 16:15:00,2022-06-09 23:30:00,20,2022-06-09 15:46:37,2022-06-09 22:57:57,1,21,0,3,3,2,0,1,0,9,High risk,"high immediate campaign discount within 0-1 day: 1000000, high credited campaign discount: 1000000, high referral count: 20, shared IP used by 21 users, "
U077555,1000000,20,20,20,2022-06-15 09:45:03,2022-06-20 14:45:01,0,0,0,,,20,2022-06-15 09:26:31,2022-06-20 14:22:15,5,36,25,0,3,2,1,1,2,9,High risk,"high credited campaign discount: 1000000, high referral count: 20, shared device used by 5 users, shared IP used by 36 users, reciprocal transfer loop with 25 partner(s), "
U037271,1255000,30,30,30,2022-06-11 19:51:15,2022-07-01 22:00:00,0,0,0,,,20,2022-07-01 10:27:18,2022-07-01 21:34:05,4,36,27,0,3,2,0,1,2,8,High risk,"high credited campaign discount: 1255000, high referral count: 20, shared IP used by 36 users, reciprocal transfer loop with 27 partner(s), "
U083314,1245000,31,31,31,2022-06-16 12:22:14,2022-06-30 23:45:00,0,0,0,,,20,2022-06-30 14:55:30,2022-06-30 23:16:59,4,36,14,0,3,2,0,1,2,8,High risk,"high credited campaign discount: 1245000, high referral count: 20, shared IP used by 36 users, reciprocal transfer loop with 14 partner(s), "
U000534,1235000,30,30,30,2022-07-06 12:20:31,2022-07-07 16:21:08,0,0,0,,,20,2022-07-06 22:13:42,2022-07-07 16:20:37,1,36,22,0,3,2,0,1,2,8,High risk,"high credited campaign discount: 1235000, high referral count: 20, shared IP used by 36 users, reciprocal transfer loop with 22 partner(s), "
U035519,1235000,30,30,30,2022-06-24 17:43:59,2022-06-29 17:45:00,0,0,0,,,20,2022-06-29 14:16:18,2022-06-29 17:25:41,4,36,9,0,3,2,0,1,2,8,High risk,"high credited campaign discount: 1235000, high referral count: 20, shared IP used by 36 users, reciprocal transfer loop with 9 partner(s), "
U064212,1225000,29,29,29,2022-06-18 14:44:55,2022-06-28 19:44:17,0,0,0,,,20,2022-06-28 13:51:48,2022-06-28 19:42:46,1,36,19,0,3,2,0,1,2,8,High risk,"high credited campaign discount: 1225000, high referral count: 20, shared IP used by 36 users, reciprocal transfer loop with 19 partner(s), "
U045411,1215000,29,29,29,2022-06-25 11:32:05,2022-07-11 22:37:42,0,0,0,,,20,2022-07-11 16:07:06,2022-07-11 22:37:28,1,36,22,0,3,2,0,1,2,8,High risk,"high credited campaign discount: 1215000, high referral count: 20, shared IP used by 36 users, reciprocal transfer loop with 22 partner(s), "
U041660,1185000,29,29,29,2022-06-25 13:49:37,2022-06-28 00:54:10,0,0,0,,,22,2022-06-27 11:05:00,2022-06-28 00:50:00,4,36,38,0,3,2,0,1,2,8,High risk,"high credited campaign discount: 1185000, high referral count: 22, shared IP used by 36 users, reciprocal transfer loop with 38 partner(s), "
U046497,1175000,26,26,26,2022-07-14 18:45:42,2022-07-19 16:08:29,625000,15,15,2022-07-14 18:45:42,2022-07-15 16:15:06,20,2022-07-15 11:44:58,2022-07-19 15:51:00,1,3,1,2,3,2,0,0,1,8,High risk,"high immediate campaign discount within 0-1 day: 625000, high credited campaign discount: 1175000, high referral count: 20, reciprocal transfer loop with 1 partner(s), "
U053864,1175000,27,27,27,2022-07-22 17:49:51,2022-07-25 13:15:00,0,0,0,,,20,2022-07-22 22:41:26,2022-07-25 12:44:04,1,24,7,0,3,2,0,1,2,8,High risk,"high credited campaign discount: 1175000, high referral count: 20, shared IP used by 24 users, reciprocal transfer loop with 7 partner(s), "
U085705,1120000,25,25,25,2022-07-22 21:57:22,2022-07-25 21:18:31,570000,14,14,2022-07-22 21:57:22,2022-07-23 15:30:06,22,2022-07-22 22:02:52,2022-07-25 21:16:53,1,8,1,2,3,2,0,0,1,8,High risk,"high immediate campaign discount within 0-1 day: 570000, high credited campaign discount: 1120000, high referral count: 22, reciprocal transfer loop with 1 partner(s), "
U027357,1070000,25,25,25,2022-06-02 11:15:33,2022-06-07 16:41:43,0,0,0,,,21,2022-06-02 14:12:46,2022-06-06 16:07:00,5,5,20,0,3,2,1,0,2,8,High risk,"high credited campaign discount: 1070000, high referral count: 21, shared device used by 5 users, reciprocal transfer loop with 20 partner(s), "
U033592,1065000,25,25,25,2022-06-18 12:42:38,2022-06-25 02:13:15,0,0,0,,,22,2022-06-18 13:06:14,2022-06-18 15:05:26,11,8,1,0,3,2,2,0,1,8,High risk,"high credited campaign discount: 1065000, high referral count: 22, shared device used by 11 users, reciprocal transfer loop with 1 partner(s), "
U008716,1035000,21,21,21,2022-07-07 22:07:01,2022-07-08 11:26:23,1035000,21,21,2022-07-07 22:07:01,2022-07-08 11:26:23,22,2022-07-07 22:35:14,2022-07-08 11:24:19,1,2,0,3,3,2,0,0,0,8,High risk,"high immediate campaign discount within 0-1 day: 1035000, high credited campaign discount: 1035000, high referral count: 22, "
U088992,1005000,23,23,23,2022-06-24 21:50:14,2022-07-01 21:39:58,765000,16,16,2022-06-24 21:50:14,2022-06-25 18:15:01,28,2022-06-25 10:14:42,2022-07-02 09:47:46,1,9,1,2,3,2,0,0,1,8,High risk,"high immediate campaign discount within 0-1 day: 765000, high credited campaign discount: 1005000, high referral count: 28, reciprocal transfer loop with 1 partner(s), "
U000650,1000000,20,20,20,2022-07-26 23:30:01,2022-07-27 14:29:34,1000000,20,20,2022-07-26 23:30:01,2022-07-27 14:29:34,20,2022-07-26 22:58:28,2022-07-27 14:29:21,0,0,0,3,3,2,0,0,0,8,High risk,"high immediate campaign discount within 0-1 day: 1000000, high credited campaign discount: 1000000, high referral count: 20, "
U000711,1000000,20,20,20,2022-07-23 10:50:35,2022-07-23 16:30:03,1000000,20,20,2022-07-23 10:50:35,2022-07-23 16:30:03,20,2022-07-23 10:49:37,2022-07-23 16:08:25,0,0,0,3,3,2,0,0,0,8,High risk,"high immediate campaign discount within 0-1 day: 1000000, high credited campaign discount: 1000000, high referral count: 20, "
U000745,1000000,20,20,20,2022-06-30 12:18:52,2022-06-30 17:30:02,1000000,20,20,2022-06-30 12:18:52,2022-06-30 17:30:02,20,2022-06-30 12:17:40,2022-06-30 17:11:32,0,0,0,3,3,2,0,0,0,8,High risk,"high immediate campaign discount within 0-1 day: 1000000, high credited campaign discount: 1000000, high referral count: 20, "
U001472,1000000,20,20,20,2022-07-24 21:15:03,2022-07-25 11:45:02,1000000,20,20,2022-07-24 21:15:03,2022-07-25 11:45:02,21,2022-07-24 20:47:22,2022-07-25 11:21:51,0,0,0,3,3,2,0,0,0,8,High risk,"high immediate campaign discount within 0-1 day: 1000000, high credited campaign discount: 1000000, high referral count: 21, "
U001490,1000000,20,20,20,2022-06-30 11:03:23,2022-06-30 13:30:02,1000000,20,20,2022-06-30 11:03:23,2022-06-30 13:30:02,20,2022-06-30 11:02:17,2022-06-30 13:09:59,0,0,0,3,3,2,0,0,0,8,High risk,"high immediate campaign discount within 0-1 day: 1000000, high credited campaign discount: 1000000, high referral count: 20, "
U001801,1000000,20,20,20,2022-06-25 12:57:42,2022-06-25 17:17:36,1000000,20,20,2022-06-25 12:57:42,2022-06-25 17:17:36,21,2022-06-25 12:55:02,2022-06-25 17:17:22,0,0,0,3,3,2,0,0,0,8,High risk,"high immediate campaign discount within 0-1 day: 1000000, high credited campaign discount: 1000000, high referral count: 21, "
U002046,1000000,20,20,20,2022-07-22 18:12:25,2022-07-22 20:15:05,1000000,20,20,2022-07-22 18:12:25,2022-07-22 20:15:05,21,2022-07-22 17:57:54,2022-07-22 20:01:47,0,0,0,3,3,2,0,0,0,8,High risk,"high immediate campaign discount within 0-1 day: 1000000, high credited campaign discount: 1000000, high referral count: 21, "
U002539,1000000,20,20,20,2022-07-11 11:30:01,2022-07-11 13:13:54,1000000,20,20,2022-07-11 11:30:01,2022-07-11 13:13:54,20,2022-07-11 11:06:12,2022-07-11 13:13:40,0,0,0,3,3,2,0,0,0,8,High risk,"high immediate campaign discount within 0-1 day: 1000000, high credited campaign discount: 1000000, high referral count: 20, "
U003202,1000000,20,20,20,2022-07-27 20:15:03,2022-07-28 15:30:23,1000000,20,20,2022-07-27 20:15:03,2022-07-28 15:30:23,28,2022-07-27 18:03:56,2022-07-28 15:29:46,0,0,0,3,3,2,0,0,0,8,High risk,"high immediate campaign discount within 0-1 day: 1000000, high credited campaign discount: 1000000, high referral count: 28, "
U003412,1000000,20,20,20,2022-07-27 17:45:04,2022-07-27 20:30:01,1000000,20,20,2022-07-27 17:45:04,2022-07-27 20:30:01,20,2022-07-27 17:24:31,2022-07-27 20:02:51,0,0,0,3,3,2,0,0,0,8,High risk,"high immediate campaign discount within 0-1 day: 1000000, high credited campaign discount: 1000000, high referral count: 20, "
U004163,1000000,20,20,20,2022-07-28 22:11:24,2022-07-29 19:46:13,1000000,20,20,2022-07-28 22:11:24,2022-07-29 19:46:13,20,2022-07-28 21:42:28,2022-07-29 19:45:34,0,0,0,3,3,2,0,0,0,8,High risk,"high immediate campaign discount within 0-1 day: 1000000, high credited campaign discount: 1000000, high referral count: 20, "
U004225,1000000,20,20,20,2022-07-24 21:17:22,2022-07-25 21:19:16,1000000,20,20,2022-07-24 21:17:22,2022-07-25 21:19:16,22,2022-07-24 21:04:32,2022-07-25 21:13:02,0,0,0,3,3,2,0,0,0,8,High risk,"high immediate campaign discount within 0-1 day: 1000000, high credited campaign discount: 1000000, high referral count: 22, "
U004233,1000000,20,20,20,2022-07-24 21:30:02,2022-07-24 23:00:02,1000000,20,20,2022-07-24 21:30:02,2022-07-24 23:00:02,20,2022-07-24 21:04:34,2022-07-24 22:33:32,0,0,0,3,3,2,0,0,0,8,High risk,"high immediate campaign discount within 0-1 day: 1000000, high credited campaign discount: 1000000, high referral count: 20, "
U004614,1000000,20,20,20,2022-07-26 13:53:51,2022-07-26 15:01:18,1000000,20,20,2022-07-26 13:53:51,2022-07-26 15:01:18,20,2022-07-26 13:50:00,2022-07-26 15:00:36,0,0,0,3,3,2,0,0,0,8,High risk,"high immediate campaign discount within 0-1 day: 1000000, high credited campaign discount: 1000000, high referral count: 20, "
U004714,1000000,20,20,20,2022-07-21 18:47:15,2022-07-21 20:05:06,1000000,20,20,2022-07-21 18:47:15,2022-07-21 20:05:06,20,2022-07-21 18:40:55,2022-07-21 20:04:19,0,0,0,3,3,2,0,0,0,8,High risk,"high immediate campaign discount within 0-1 day: 1000000, high credited campaign discount: 1000000, high referral count: 20, "
U004723,1000000,20,20,20,2022-08-01 15:30:00,2022-08-01 19:30:00,1000000,20,20,2022-08-01 15:30:00,2022-08-01 19:30:00,20,2022-08-01 14:56:24,2022-08-01 19:02:56,0,0,0,3,3,2,0,0,0,8,High risk,"high immediate campaign discount within 0-1 day: 1000000, high credited campaign discount: 1000000, high referral count: 20, "
U005742,1000000,20,20,20,2022-07-21 09:27:33,2022-07-21 11:42:03,1000000,20,20,2022-07-21 09:27:33,2022-07-21 11:42:03,22,2022-07-21 09:05:09,2022-07-21 11:41:18,0,0,0,3,3,2,0,0,0,8,High risk,"high immediate campaign discount within 0-1 day: 1000000, high credited campaign discount: 1000000, high referral count: 22, "
U006208,1000000,20,20,20,2022-07-24 09:45:49,2022-07-24 14:30:00,1000000,20,20,2022-07-24 09:45:49,2022-07-24 14:30:00,20,2022-07-24 09:34:17,2022-07-24 14:01:52,0,0,0,3,3,2,0,0,0,8,High risk,"high immediate campaign discount within 0-1 day: 1000000, high credited campaign discount: 1000000, high referral count: 20, "
U006257,1000000,20,20,20,2022-07-07 11:00:00,2022-07-07 15:45:00,1000000,20,20,2022-07-07 11:00:00,2022-07-07 15:45:00,20,2022-07-07 10:32:59,2022-07-07 15:19:39,0,0,0,3,3,2,0,0,0,8,High risk,"high immediate campaign discount within 0-1 day: 1000000, high credited campaign discount: 1000000, high referral count: 20, "
U006580,1000000,20,20,20,2022-06-28 14:40:34,2022-06-28 17:30:00,1000000,20,20,2022-06-28 14:40:34,2022-06-28 17:30:00,20,2022-06-28 14:39:43,2022-06-28 17:02:32,0,0,0,3,3,2,0,0,0,8,High risk,"high immediate campaign discount within 0-1 day: 1000000, high credited campaign discount: 1000000, high referral count: 20, "
U006953,1000000,20,20,20,2022-07-20 12:45:01,2022-07-20 15:15:01,1000000,20,20,2022-07-20 12:45:01,2022-07-20 15:15:01,20,2022-07-20 12:10:47,2022-07-20 14:53:36,0,0,0,3,3,2,0,0,0,8,High risk,"high immediate campaign discount within 0-1 day: 1000000, high credited campaign discount: 1000000, high referral count: 20, "
U009243,1000000,20,20,20,2022-07-23 15:25:27,2022-07-23 17:30:04,1000000,20,20,2022-07-23 15:25:27,2022-07-23 17:30:04,21,2022-07-23 15:23:54,2022-07-23 17:12:20,0,0,0,3,3,2,0,0,0,8,High risk,"high immediate campaign discount within 0-1 day: 1000000, high credited campaign discount: 1000000, high referral count: 21, "
U009352,1000000,20,20,20,2022-07-21 10:35:01,2022-07-21 11:39:38,1000000,20,20,2022-07-21 10:35:01,2022-07-21 11:39:38,20,2022-07-21 10:17:10,2022-07-21 11:38:59,0,0,0,3,3,2,0,0,0,8,High risk,"high immediate campaign discount within 0-1 day: 1000000, high credited campaign discount: 1000000, high referral count: 20, "
U009536,1000000,20,20,20,2022-07-25 16:31:05,2022-07-25 17:45:04,1000000,20,20,2022-07-25 16:31:05,2022-07-25 17:45:04,20,2022-07-25 16:26:12,2022-07-25 17:18:00,0,0,0,3,3,2,0,0,0,8,High risk,"high immediate campaign discount within 0-1 day: 1000000, high credited campaign discount: 1000000, high referral count: 20, "
U009900,1000000,20,20,20,2022-07-27 15:49:22,2022-07-27 16:38:36,1000000,20,20,2022-07-27 15:49:22,2022-07-27 16:38:36,20,2022-07-27 15:40:55,2022-07-27 16:38:00,0,0,0,3,3,2,0,0,0,8,High risk,"high immediate campaign discount within 0-1 day: 1000000, high credited campaign discount: 1000000, high referral count: 20, "
U010844,1000000,20,20,20,2022-07-28 14:00:02,2022-07-28 16:30:03,1000000,20,20,2022-07-28 14:00:02,2022-07-28 16:30:03,22,2022-07-28 13:33:56,2022-07-28 16:12:30,0,0,0,3,3,2,0,0,0,8,High risk,"high immediate campaign discount within 0-1 day: 1000000, high credited campaign discount: 1000000, high referral count: 22, "
U011014,1000000,20,20,20,2022-07-20 14:25:08,2022-07-20 19:11:14,1000000,20,20,2022-07-20 14:25:08,2022-07-20 19:11:14,20,2022-07-20 14:23:02,2022-07-20 19:10:59,0,0,0,3,3,2,0,0,0,8,High risk,"high immediate campaign discount within 0-1 day: 1000000, high credited campaign discount: 1000000, high referral count: 20, "
U011202,1000000,20,20,20,2022-07-22 15:55:20,2022-07-22 17:47:00,1000000,20,20,2022-07-22 15:55:20,2022-07-22 17:47:00,20,2022-07-22 15:47:01,2022-07-22 17:45:20,0,0,0,3,3,2,0,0,0,8,High risk,"high immediate campaign discount within 0-1 day: 1000000, high credited campaign discount: 1000000, high referral count: 20, "
U011469,1000000,20,20,20,2022-07-29 13:06:48,2022-07-29 15:45:07,1000000,20,20,2022-07-29 13:06:48,2022-07-29 15:45:07,20,2022-07-29 13:06:01,2022-07-29 15:25:06,0,0,0,3,3,2,0,0,0,8,High risk,"high immediate campaign discount within 0-1 day: 1000000, high credited campaign discount: 1000000, high referral count: 20, "
U011523,1000000,20,20,20,2022-07-20 14:21:58,2022-07-20 19:03:36,1000000,20,20,2022-07-20 14:21:58,2022-07-20 19:03:36,24,2022-07-20 14:06:11,2022-07-20 19:02:41,0,0,0,3,3,2,0,0,0,8,High risk,"high immediate campaign discount within 0-1 day: 1000000, high credited campaign discount: 1000000, high referral count: 24, "
U012098,1000000,20,20,20,2022-07-28 15:15:00,2022-07-29 00:41:27,1000000,20,20,2022-07-28 15:15:00,2022-07-29 00:41:27,20,2022-07-28 14:42:28,2022-07-29 00:41:16,0,0,0,3,3,2,0,0,0,8,High risk,"high immediate campaign discount within 0-1 day: 1000000, high credited campaign discount: 1000000, high referral count: 20, "
U012191,1000000,20,20,20,2022-07-27 16:00:03,2022-07-27 22:24:37,1000000,20,20,2022-07-27 16:00:03,2022-07-27 22:24:37,20,2022-07-27 15:58:47,2022-07-27 22:24:24,0,0,0,3,3,2,0,0,0,8,High risk,"high immediate campaign discount within 0-1 day: 1000000, high credited campaign discount: 1000000, high referral count: 20, "
U012195,1000000,20,20,20,2022-07-28 12:47:10,2022-07-28 14:15:06,1000000,20,20,2022-07-28 12:47:10,2022-07-28 14:15:06,20,2022-07-28 12:11:07,2022-07-28 14:02:46,0,0,0,3,3,2,0,0,0,8,High risk,"high immediate campaign discount within 0-1 day: 1000000, high credited campaign discount: 1000000, high referral count: 20, "
U012802,1000000,20,20,20,2022-06-28 11:35:22,2022-06-28 18:47:29,1000000,20,20,2022-06-28 11:35:22,2022-06-28 18:47:29,20,2022-06-28 11:34:10,2022-06-28 18:47:16,0,0,0,3,3,2,0,0,0,8,High risk,"high immediate campaign discount within 0-1 day: 1000000, high credited campaign discount: 1000000, high referral count: 20, "
U013528,1000000,20,20,20,2022-07-26 15:48:08,2022-07-26 17:09:14,1000000,20,20,2022-07-26 15:48:08,2022-07-26 17:09:14,21,2022-07-26 15:47:02,2022-07-26 17:09:20,0,0,0,3,3,2,0,0,0,8,High risk,"high immediate campaign discount within 0-1 day: 1000000, high credited campaign discount: 1000000, high referral count: 21, "
U013693,1000000,20,20,20,2022-07-16 21:47:06,2022-07-16 22:57:50,1000000,20,20,2022-07-16 21:47:06,2022-07-16 22:57:50,20,2022-07-16 21:11:17,2022-07-16 22:56:58,0,0,0,3,3,2,0,0,0,8,High risk,"high immediate campaign discount within 0-1 day: 1000000, high credited campaign discount: 1000000, high referral count: 20, "
U014015,1000000,20,20,20,2022-07-21 14:43:31,2022-07-22 15:05:40,1000000,20,20,2022-07-21 14:43:31,2022-07-22 15:05:40,20,2022-07-21 14:21:22,2022-07-22 15:05:20,0,0,0,3,3,2,0,0,0,8,High risk,"high immediate campaign discount within 0-1 day: 1000000, high credited campaign discount: 1000000, high referral count: 20, "
U015736,1000000,20,20,20,2022-07-30 11:52:32,2022-07-31 15:02:45,1000000,20,20,2022-07-30 11:52:32,2022-07-31 15:02:45,25,2022-07-30 11:49:07,2022-07-31 15:10:31,0,0,0,3,3,2,0,0,0,8,High risk,"high immediate campaign discount within 0-1 day: 1000000, high credited campaign discount: 1000000, high referral count: 25, "
U016119,1000000,20,20,20,2022-07-26 12:45:00,2022-07-26 14:45:00,1000000,20,20,2022-07-26 12:45:00,2022-07-26 14:45:00,20,2022-07-26 12:12:08,2022-07-26 14:16:49,0,0,0,3,3,2,0,0,0,8,High risk,"high immediate campaign discount within 0-1 day: 1000000, high credited campaign discount: 1000000, high referral count: 20, "
U016143,1000000,20,20,20,2022-07-27 17:14:31,2022-07-27 19:26:53,1000000,20,20,2022-07-27 17:14:31,2022-07-27 19:26:53,22,2022-07-27 16:41:35,2022-07-27 19:26:41,0,0,0,3,3,2,0,0,0,8,High risk,"high immediate campaign discount within 0-1 day: 1000000, high credited campaign discount: 1000000, high referral count: 22, "
U016670,1000000,20,20,20,2022-07-21 18:30:00,2022-07-22 00:00:00,1000000,20,20,2022-07-21 18:30:00,2022-07-22 00:00:00,23,2022-07-21 17:59:40,2022-07-21 23:28:40,0,0,0,3,3,2,0,0,0,8,High risk,"high immediate campaign discount within 0-1 day: 1000000, high credited campaign discount: 1000000, high referral count: 23, "
U016796,1000000,20,20,20,2022-07-28 22:48:43,2022-07-29 15:22:34,1000000,20,20,2022-07-28 22:48:43,2022-07-29 15:22:34,20,2022-07-28 22:41:59,2022-07-29 15:21:57,0,0,0,3,3,2,0,0,0,8,High risk,"high immediate campaign discount within 0-1 day: 1000000, high credited campaign discount: 1000000, high referral count: 20, "
U017457,1000000,20,20,20,2022-07-22 14:35:00,2022-07-22 18:12:16,1000000,20,20,2022-07-22 14:35:00,2022-07-22 18:12:16,21,2022-07-22 13:56:06,2022-07-22 18:11:46,0,0,0,3,3,2,0,0,0,8,High risk,"high immediate campaign discount within 0-1 day: 1000000, high credited campaign discount: 1000000, high referral count: 21, "
U017710,1000000,20,20,20,2022-07-25 17:30:00,2022-07-25 22:15:01,1000000,20,20,2022-07-25 17:30:00,2022-07-25 22:15:01,20,2022-07-25 16:56:59,2022-07-25 21:46:33,0,0,0,3,3,2,0,0,0,8,High risk,"high immediate campaign discount within 0-1 day: 1000000, high credited campaign discount: 1000000, high referral count: 20, "
U018714,1000000,20,20,20,2022-07-19 17:54:05,2022-07-19 18:43:49,1000000,20,20,2022-07-19 17:54:05,2022-07-19 18:43:49,20,2022-07-19 17:45:25,2022-07-19 18:42:56,0,0,0,3,3,2,0,0,0,8,High risk,"high immediate campaign discount within 0-1 day: 1000000, high credited campaign discount: 1000000, high referral count: 20, "
U018927,1000000,20,20,20,2022-07-18 15:08:45,2022-07-18 21:15:49,1000000,20,20,2022-07-18 15:08:45,2022-07-18 21:15:49,20,2022-07-18 14:39:51,2022-07-18 21:15:26,0,0,0,3,3,2,0,0,0,8,High risk,"high immediate campaign discount within 0-1 day: 1000000, high credited campaign discount: 1000000, high referral count: 20, "
U019510,1000000,20,20,20,2022-07-27 19:45:02,2022-07-27 20:30:04,1000000,20,20,2022-07-27 19:45:02,2022-07-27 20:30:04,20,2022-07-27 19:24:25,2022-07-27 20:04:22,0,0,0,3,3,2,0,0,0,8,High risk,"high immediate campaign discount within 0-1 day: 1000000, high credited campaign discount: 1000000, high referral count: 20, "
U020689,1000000,20,20,20,2022-07-07 16:00:00,2022-07-07 16:45:03,1000000,20,20,2022-07-07 16:00:00,2022-07-07 16:45:03,20,2022-07-07 14:46:41,2022-07-07 16:28:41,0,0,0,3,3,2,0,0,0,8,High risk,"high immediate campaign discount within 0-1 day: 1000000, high credited campaign discount: 1000000, high referral count: 20, "
U020832,1000000,20,20,20,2022-07-07 15:15:01,2022-07-07 16:00:00,1000000,20,20,2022-07-07 15:15:01,2022-07-07 16:00:00,21,2022-07-07 14:50:32,2022-07-07 15:27:23,0,0,0,3,3,2,0,0,0,8,High risk,"high immediate campaign discount within 0-1 day: 1000000, high credited campaign discount: 1000000, high referral count: 21, "
U021326,1000000,20,20,20,2022-06-27 12:00:15,2022-06-27 20:00:01,1000000,20,20,2022-06-27 12:00:15,2022-06-27 20:00:01,20,2022-06-27 11:59:04,2022-06-27 19:40:50,0,0,0,3,3,2,0,0,0,8,High risk,"high immediate campaign discount within 0-1 day: 1000000, high credited campaign discount: 1000000, high referral count: 20, "
U021417,1000000,20,20,20,2022-07-21 12:30:58,2022-07-21 13:23:22,1000000,20,20,2022-07-21 12:30:58,2022-07-21 13:23:22,20,2022-07-21 12:16:22,2022-07-21 13:22:26,0,0,0,3,3,2,0,0,0,8,High risk,"high immediate campaign discount within 0-1 day: 1000000, high credited campaign discount: 1000000, high referral count: 20, "
U023536,1000000,20,20,20,2022-07-22 16:15:16,2022-07-22 17:17:31,1000000,20,20,2022-07-22 16:15:16,2022-07-22 17:17:31,20,2022-07-22 16:01:09,2022-07-22 17:16:25,0,0,0,3,3,2,0,0,0,8,High risk,"high immediate campaign discount within 0-1 day: 1000000, high credited campaign discount: 1000000, high referral count: 20, "
U024039,1000000,20,20,20,2022-07-14 22:06:24,2022-07-15 00:38:56,1000000,20,20,2022-07-14 22:06:24,2022-07-15 00:38:56,20,2022-07-14 21:48:46,2022-07-15 00:38:36,0,0,0,3,3,2,0,0,0,8,High risk,"high immediate campaign discount within 0-1 day: 1000000, high credited campaign discount: 1000000, high referral count: 20, "
U024304,1000000,20,20,20,2022-07-23 11:23:33,2022-07-23 15:00:02,1000000,20,20,2022-07-23 11:23:33,2022-07-23 15:00:02,20,2022-07-23 11:06:03,2022-07-23 14:34:15,0,0,0,3,3,2,0,0,0,8,High risk,"high immediate campaign discount within 0-1 day: 1000000, high credited campaign discount: 1000000, high referral count: 20, "
U024335,1000000,20,20,20,2022-07-17 14:21:46,2022-07-17 15:57:08,1000000,20,20,2022-07-17 14:21:46,2022-07-17 15:57:08,20,2022-07-17 14:20:24,2022-07-17 15:56:56,0,0,0,3,3,2,0,0,0,8,High risk,"high immediate campaign discount within 0-1 day: 1000000, high credited campaign discount: 1000000, high referral count: 20, "
U024685,1000000,20,20,20,2022-07-29 20:18:39,2022-07-29 21:45:04,1000000,20,20,2022-07-29 20:18:39,2022-07-29 21:45:04,20,2022-07-29 20:02:16,2022-07-29 21:25:07,0,0,0,3,3,2,0,0,0,8,High risk,"high immediate campaign discount within 0-1 day: 1000000, high credited campaign discount: 1000000, high referral count: 20, "
U025272,1000000,20,20,20,2022-07-30 10:44:00,2022-07-30 13:23:03,1000000,20,20,2022-07-30 10:44:00,2022-07-30 13:23:03,22,2022-07-30 10:13:18,2022-07-30 13:22:43,0,0,0,3,3,2,0,0,0,8,High risk,"high immediate campaign discount within 0-1 day: 1000000, high credited campaign discount: 1000000, high referral count: 22, "
U025277,1000000,20,20,20,2022-07-25 14:30:03,2022-07-25 15:23:41,1000000,20,20,2022-07-25 14:30:03,2022-07-25 15:23:41,20,2022-07-25 14:05:08,2022-07-25 15:23:04,0,0,0,3,3,2,0,0,0,8,High risk,"high immediate campaign discount within 0-1 day: 1000000, high credited campaign discount: 1000000, high referral count: 20, "
U025851,1000000,20,20,20,2022-07-10 15:57:05,2022-07-11 21:09:46,1000000,20,20,2022-07-10 15:57:05,2022-07-11 21:09:46,20,2022-07-10 15:55:23,2022-07-11 21:09:09,0,0,0,3,3,2,0,0,0,8,High risk,"high immediate campaign discount within 0-1 day: 1000000, high credited campaign discount: 1000000, high referral count: 20, "
U025855,1000000,20,20,20,2022-07-25 11:51:22,2022-07-25 13:26:32,1000000,20,20,2022-07-25 11:51:22,2022-07-25 13:26:32,20,2022-07-25 11:45:43,2022-07-25 13:25:50,0,0,0,3,3,2,0,0,0,8,High risk,"high immediate campaign discount within 0-1 day: 1000000, high credited campaign discount: 1000000, high referral count: 20, "
U026454,1000000,20,20,20,2022-07-14 18:45:01,2022-07-14 20:43:49,1000000,20,20,2022-07-14 18:45:01,2022-07-14 20:43:49,21,2022-07-14 18:15:45,2022-07-14 20:43:55,0,0,0,3,3,2,0,0,0,8,High risk,"high immediate campaign discount within 0-1 day: 1000000, high credited campaign discount: 1000000, high referral count: 21, "
U026727,1000000,20,20,20,2022-07-24 17:45:02,2022-07-24 21:15:00,1000000,20,20,2022-07-24 17:45:02,2022-07-24 21:15:00,20,2022-07-24 17:21:10,2022-07-24 20:44:31,0,0,0,3,3,2,0,0,0,8,High risk,"high immediate campaign discount within 0-1 day: 1000000, high credited campaign discount: 1000000, high referral count: 20, "
U026792,1000000,20,20,20,2022-07-25 12:30:01,2022-07-25 14:45:00,1000000,20,20,2022-07-25 12:30:01,2022-07-25 14:45:00,20,2022-07-25 12:04:02,2022-07-25 14:14:14,0,0,0,3,3,2,0,0,0,8,High risk,"high immediate campaign discount within 0-1 day: 1000000, high credited campaign discount: 1000000, high referral count: 20, "
U027375,1000000,20,20,20,2022-07-29 15:06:10,2022-07-29 16:40:51,1000000,20,20,2022-07-29 15:06:10,2022-07-29 16:40:51,20,2022-07-29 14:32:42,2022-07-29 16:40:38,0,0,0,3,3,2,0,0,0,8,High risk,"high immediate campaign discount within 0-1 day: 1000000, high credited campaign discount: 1000000, high referral count: 20, "
U027572,1000000,20,20,20,2022-07-20 20:54:55,2022-07-21 11:26:48,1000000,20,20,2022-07-20 20:54:55,2022-07-21 11:26:48,20,2022-07-20 20:52:30,2022-07-21 11:26:28,0,0,0,3,3,2,0,0,0,8,High risk,"high immediate campaign discount within 0-1 day: 1000000, high credited campaign discount: 1000000, high referral count: 20, "
U027691,1000000,20,20,20,2022-07-28 13:26:42,2022-07-28 15:00:04,1000000,20,20,2022-07-28 13:26:42,2022-07-28 15:00:04,20,2022-07-28 13:22:18,2022-07-28 14:45:23,0,0,0,3,3,2,0,0,0,8,High risk,"high immediate campaign discount within 0-1 day: 1000000, high credited campaign discount: 1000000, high referral count: 20, "
U027894,1000000,20,20,20,2022-07-08 11:37:26,2022-07-08 16:36:01,1000000,20,20,2022-07-08 11:37:26,2022-07-08 16:36:01,20,2022-07-08 11:36:02,2022-07-08 16:31:01,0,0,0,3,3,2,0,0,0,8,High risk,"high immediate campaign discount within 0-1 day: 1000000, high credited campaign discount: 1000000, high referral count: 20, "
U028088,1000000,20,20,20,2022-07-21 13:43:14,2022-07-21 14:45:37,1000000,20,20,2022-07-21 13:43:14,2022-07-21 14:45:37,20,2022-07-21 13:33:36,2022-07-21 14:44:27,0,0,0,3,3,2,0,0,0,8,High risk,"high immediate campaign discount within 0-1 day: 1000000, high credited campaign discount: 1000000, high referral count: 20, "
U028426,1000000,20,20,20,2022-07-28 11:45:00,2022-07-28 19:15:02,1000000,20,20,2022-07-28 11:45:00,2022-07-28 19:15:02,20,2022-07-28 11:08:21,2022-07-28 18:55:45,0,0,0,3,3,2,0,0,0,8,High risk,"high immediate campaign discount within 0-1 day: 1000000, high credited campaign discount: 1000000, high referral count: 20, "
U028752,1000000,20,20,20,2022-07-28 13:00:04,2022-07-28 18:00:03,1000000,20,20,2022-07-28 13:00:04,2022-07-28 18:00:03,21,2022-07-28 12:40:46,2022-07-28 17:38:36,0,0,0,3,3,2,0,0,0,8,High risk,"high immediate campaign discount within 0-1 day: 1000000, high credited campaign discount: 1000000, high referral count: 21, "
U028881,1000000,20,20,20,2022-07-16 20:12:11,2022-07-17 11:52:13,1000000,20,20,2022-07-16 20:12:11,2022-07-17 11:52:13,20,2022-07-16 19:41:26,2022-07-17 11:52:00,0,0,0,3,3,2,0,0,0,8,High risk,"high immediate campaign discount within 0-1 day: 1000000, high credited campaign discount: 1000000, high referral count: 20, "
U029411,1000000,20,20,20,2022-07-03 18:22:51,2022-07-03 20:15:01,1000000,20,20,2022-07-03 18:22:51,2022-07-03 20:15:01,20,2022-07-03 18:17:42,2022-07-03 20:00:47,0,0,0,3,3,2,0,0,0,8,High risk,"high immediate campaign discount within 0-1 day: 1000000, high credited campaign discount: 1000000, high referral count: 20, "
U029448,1000000,20,20,20,2022-07-03 10:30:01,2022-07-03 13:15:01,1000000,20,20,2022-07-03 10:30:01,2022-07-03 13:15:01,20,2022-07-03 10:14:01,2022-07-03 12:59:32,0,0,0,3,3,2,0,0,0,8,High risk,"high immediate campaign discount within 0-1 day: 1000000, high credited campaign discount: 1000000, high referral count: 20, "
U029652,1000000,20,20,20,2022-07-25 15:15:02,2022-07-25 17:00:04,1000000,20,20,2022-07-25 15:15:02,2022-07-25 17:00:04,20,2022-07-25 14:48:52,2022-07-25 16:38:38,0,0,0,3,3,2,0,0,0,8,High risk,"high immediate campaign discount within 0-1 day: 1000000, high credited campaign discount: 1000000, high referral count: 20, "
U029807,1000000,20,20,20,2022-07-18 13:53:31,2022-07-18 16:44:53,1000000,20,20,2022-07-18 13:53:31,2022-07-18 16:44:53,20,2022-07-18 13:26:20,2022-07-18 16:44:40,0,0,0,3,3,2,0,0,0,8,High risk,"high immediate campaign discount within 0-1 day: 1000000, high credited campaign discount: 1000000, high referral count: 20, "
U029829,1000000,20,20,20,2022-08-01 10:30:01,2022-08-01 12:45:00,1000000,20,20,2022-08-01 10:30:01,2022-08-01 12:45:00,20,2022-08-01 09:59:10,2022-08-01 12:14:42,0,0,0,3,3,2,0,0,0,8,High risk,"high immediate campaign discount within 0-1 day: 1000000, high credited campaign discount: 1000000, high referral count: 20, "
U030195,1000000,20,20,20,2022-07-29 15:45:04,2022-07-29 16:45:07,1000000,20,20,2022-07-29 15:45:04,2022-07-29 16:45:07,20,2022-07-29 15:18:25,2022-07-29 16:29:04,0,0,0,3,3,2,0,0,0,8,High risk,"high immediate campaign discount within 0-1 day: 1000000, high credited campaign discount: 1000000, high referral count: 20, "
U030275,1000000,20,20,20,2022-07-27 15:15:02,2022-07-27 17:15:00,1000000,20,20,2022-07-27 15:15:02,2022-07-27 17:15:00,20,2022-07-27 14:47:59,2022-07-27 16:48:27,0,0,0,3,3,2,0,0,0,8,High risk,"high immediate campaign discount within 0-1 day: 1000000, high credited campaign discount: 1000000, high referral count: 20, "
U030349,1000000,20,20,20,2022-07-21 17:45:00,2022-07-21 21:00:01,1000000,20,20,2022-07-21 17:45:00,2022-07-21 21:00:01,20,2022-07-21 17:04:34,2022-07-21 20:30:08,0,0,0,3,3,2,0,0,0,8,High risk,"high immediate campaign discount within 0-1 day: 1000000, high credited campaign discount: 1000000, high referral count: 20, "
U030519,1000000,20,20,20,2022-07-17 09:45:03,2022-07-17 14:21:29,1000000,20,20,2022-07-17 09:45:03,2022-07-17 14:21:29,20,2022-07-17 09:29:01,2022-07-17 14:21:16,0,0,0,3,3,2,0,0,0,8,High risk,"high immediate campaign discount within 0-1 day: 1000000, high credited campaign discount: 1000000, high referral count: 20, "
U030950,1000000,20,20,20,2022-07-27 10:02:18,2022-07-27 18:45:07,1000000,20,20,2022-07-27 10:02:18,2022-07-27 18:45:07,20,2022-07-27 09:27:41,2022-07-27 18:28:37,0,0,0,3,3,2,0,0,0,8,High risk,"high immediate campaign discount within 0-1 day: 1000000, high credited campaign discount: 1000000, high referral count: 20, "
U031276,1000000,20,20,20,2022-07-29 08:43:50,2022-07-29 11:15:01,1000000,20,20,2022-07-29 08:43:50,2022-07-29 11:15:01,20,2022-07-29 08:27:53,2022-07-29 10:55:31,0,0,0,3,3,2,0,0,0,8,High risk,"high immediate campaign discount within 0-1 day: 1000000, high credited campaign discount: 1000000, high referral count: 20, "
U031303,1000000,20,20,20,2022-07-30 14:15:02,2022-07-31 14:45:04,1000000,20,20,2022-07-30 14:15:02,2022-07-31 14:45:04,24,2022-07-30 13:37:08,2022-07-31 14:40:12,0,0,0,3,3,2,0,0,0,8,High risk,"high immediate campaign discount within 0-1 day: 1000000, high credited campaign discount: 1000000, high referral count: 24, "
U031743,1000000,20,20,20,2022-07-19 19:45:02,2022-07-19 23:45:01,1000000,20,20,2022-07-19 19:45:02,2022-07-19 23:45:01,20,2022-07-19 19:18:14,2022-07-19 23:23:37,0,0,0,3,3,2,0,0,0,8,High risk,"high immediate campaign discount within 0-1 day: 1000000, high credited campaign discount: 1000000, high referral count: 20, "
U032802,1000000,20,20,20,2022-07-26 16:45:00,2022-07-26 23:45:01,1000000,20,20,2022-07-26 16:45:00,2022-07-26 23:45:01,20,2022-07-26 16:04:26,2022-07-26 23:19:51,0,0,0,3,3,2,0,0,0,8,High risk,"high immediate campaign discount within 0-1 day: 1000000, high credited campaign discount: 1000000, high referral count: 20, "
U033029,1000000,20,20,20,2022-07-26 10:45:01,2022-07-26 17:30:14,1000000,20,20,2022-07-26 10:45:01,2022-07-26 17:30:14,21,2022-07-26 10:20:52,2022-07-26 17:05:03,0,0,0,3,3,2,0,0,0,8,High risk,"high immediate campaign discount within 0-1 day: 1000000, high credited campaign discount: 1000000, high referral count: 21, "
U034127,1000000,20,20,20,2022-07-21 10:24:48,2022-07-21 17:50:08,1000000,20,20,2022-07-21 10:24:48,2022-07-21 17:50:08,21,2022-07-21 09:56:16,2022-07-21 17:49:43,0,0,0,3,3,2,0,0,0,8,High risk,"high immediate campaign discount within 0-1 day: 1000000, high credited campaign discount: 1000000, high referral count: 21, "
U034543,1000000,20,20,20,2022-07-27 21:15:06,2022-07-27 23:15:07,1000000,20,20,2022-07-27 21:15:06,2022-07-27 23:15:07,20,2022-07-27 21:02:59,2022-07-27 22:59:11,0,0,0,3,3,2,0,0,0,8,High risk,"high immediate campaign discount within 0-1 day: 1000000, high credited campaign discount: 1000000, high referral count: 20, "
U034722,1000000,20,20,20,2022-07-29 16:36:49,2022-07-30 10:43:13,1000000,20,20,2022-07-29 16:36:49,2022-07-30 10:43:13,20,2022-07-29 16:15:02,2022-07-30 10:42:43,0,0,0,3,3,2,0,0,0,8,High risk,"high immediate campaign discount within 0-1 day: 1000000, high credited campaign discount: 1000000, high referral count: 20, "
U035157,1000000,20,20,20,2022-07-24 10:17:26,2022-07-24 11:52:43,1000000,20,20,2022-07-24 10:17:26,2022-07-24 11:52:43,20,2022-07-24 10:09:26,2022-07-24 11:52:26,0,0,0,3,3,2,0,0,0,8,High risk,"high immediate campaign discount within 0-1 day: 1000000, high credited campaign discount: 1000000, high referral count: 20, "
U035290,1000000,20,20,20,2022-07-27 10:45:01,2022-07-27 15:41:00,1000000,20,20,2022-07-27 10:45:01,2022-07-27 15:41:00,20,2022-07-27 10:11:10,2022-07-27 15:40:48,0,0,0,3,3,2,0,0,0,8,High risk,"high immediate campaign discount within 0-1 day: 1000000, high credited campaign discount: 1000000, high referral count: 20, "
U035381,1000000,20,20,20,2022-07-11 15:00:02,2022-07-11 20:00:01,1000000,20,20,2022-07-11 15:00:02,2022-07-11 20:00:01,20,2022-07-11 14:35:30,2022-07-11 19:39:13,0,0,0,3,3,2,0,0,0,8,High risk,"high immediate campaign discount within 0-1 day: 1000000, high credited campaign discount: 1000000, high referral count: 20, "
U035584,1000000,20,20,20,2022-07-26 21:24:11,2022-07-27 14:34:59,1000000,20,20,2022-07-26 21:24:11,2022-07-27 14:34:59,23,2022-07-26 20:57:26,2022-07-27 14:34:45,0,0,0,3,3,2,0,0,0,8,High risk,"high immediate campaign discount within 0-1 day: 1000000, high credited campaign discount: 1000000, high referral count: 23, "
U035613,1000000,20,20,20,2022-07-15 11:03:49,2022-07-15 15:11:35,1000000,20,20,2022-07-15 11:03:49,2022-07-15 15:11:35,20,2022-07-15 10:10:17,2022-07-15 15:11:22,0,0,0,3,3,2,0,0,0,8,High risk,"high immediate campaign discount within 0-1 day: 1000000, high credited campaign discount: 1000000, high referral count: 20, "
U035694,1000000,20,20,20,2022-07-01 22:40:26,2022-07-02 22:45:01,1000000,20,20,2022-07-01 22:40:26,2022-07-02 22:45:01,21,2022-07-01 22:34:51,2022-07-02 22:20:58,0,0,0,3,3,2,0,0,0,8,High risk,"high immediate campaign discount within 0-1 day: 1000000, high credited campaign discount: 1000000, high referral count: 21, "
U035764,1000000,20,20,20,2022-07-11 10:15:00,2022-07-11 15:45:02,1000000,20,20,2022-07-11 10:15:00,2022-07-11 15:45:02,20,2022-07-11 09:42:12,2022-07-11 15:19:28,0,0,0,3,3,2,0,0,0,8,High risk,"high immediate campaign discount within 0-1 day: 1000000, high credited campaign discount: 1000000, high referral count: 20, "
U035785,1000000,20,20,20,2022-07-14 21:17:27,2022-07-15 16:32:09,1000000,20,20,2022-07-14 21:17:27,2022-07-15 16:32:09,20,2022-07-14 21:15:45,2022-07-15 16:31:56,0,0,0,3,3,2,0,0,0,8,High risk,"high immediate campaign discount within 0-1 day: 1000000, high credited campaign discount: 1000000, high referral count: 20, "
U035873,1000000,20,20,20,2022-07-26 20:36:25,2022-07-26 23:15:01,1000000,20,20,2022-07-26 20:36:25,2022-07-26 23:15:01,20,2022-07-26 20:20:33,2022-07-26 22:46:27,0,0,0,3,3,2,0,0,0,8,High risk,"high immediate campaign discount within 0-1 day: 1000000, high credited campaign discount: 1000000, high referral count: 20, "
U035880,1000000,20,20,20,2022-07-11 15:54:12,2022-07-12 11:28:32,1000000,20,20,2022-07-11 15:54:12,2022-07-12 11:28:32,20,2022-07-11 15:28:07,2022-07-12 11:28:17,0,0,0,3,3,2,0,0,0,8,High risk,"high immediate campaign discount within 0-1 day: 1000000, high credited campaign discount: 1000000, high referral count: 20, "
U035960,1000000,20,20,20,2022-07-28 16:00:08,2022-07-29 09:39:53,1000000,20,20,2022-07-28 16:00:08,2022-07-29 09:39:53,20,2022-07-28 15:36:49,2022-07-29 09:39:18,0,0,0,3,3,2,0,0,0,8,High risk,"high immediate campaign discount within 0-1 day: 1000000, high credited campaign discount: 1000000, high referral count: 20, "
U036426,1000000,20,20,20,2022-07-28 13:08:58,2022-07-28 18:00:01,1000000,20,20,2022-07-28 13:08:58,2022-07-28 18:00:01,20,2022-07-28 13:01:26,2022-07-28 17:31:53,0,0,0,3,3,2,0,0,0,8,High risk,"high immediate campaign discount within 0-1 day: 1000000, high credited campaign discount: 1000000, high referral count: 20, "
U036548,1000000,20,20,20,2022-07-09 10:48:21,2022-07-10 15:49:41,1000000,20,20,2022-07-09 10:48:21,2022-07-10 15:49:41,20,2022-07-09 10:44:46,2022-07-10 15:48:51,0,0,0,3,3,2,0,0,0,8,High risk,"high immediate campaign discount within 0-1 day: 1000000, high credited campaign discount: 1000000, high referral count: 20, "
U037713,1000000,20,20,20,2022-07-26 18:00:01,2022-07-26 18:45:06,1000000,20,20,2022-07-26 18:00:01,2022-07-26 18:45:06,20,2022-07-26 17:43:54,2022-07-26 18:27:11,0,0,0,3,3,2,0,0,0,8,High risk,"high immediate campaign discount within 0-1 day: 1000000, high credited campaign discount: 1000000, high referral count: 20, "
U037877,1000000,20,20,20,2022-07-27 15:08:25,2022-07-28 08:58:57,1000000,20,20,2022-07-27 15:08:25,2022-07-28 08:58:57,20,2022-07-27 14:40:59,2022-07-28 08:58:22,0,0,0,3,3,2,0,0,0,8,High risk,"high immediate campaign discount within 0-1 day: 1000000, high credited campaign discount: 1000000, high referral count: 20, "
U038178,1000000,20,20,20,2022-08-01 17:00:00,2022-08-01 19:30:00,1000000,20,20,2022-08-01 17:00:00,2022-08-01 19:30:00,20,2022-08-01 16:38:06,2022-08-01 18:56:50,0,0,0,3,3,2,0,0,0,8,High risk,"high immediate campaign discount within 0-1 day: 1000000, high credited campaign discount: 1000000, high referral count: 20, "
U038469,1000000,20,20,20,2022-07-01 22:16:48,2022-07-04 15:45:00,0,0,0,,,20,2022-07-01 22:11:56,2022-07-04 15:14:01,1,23,20,0,3,2,0,1,2,8,High risk,"high credited campaign discount: 1000000, high referral count: 20, shared IP used by 23 users, reciprocal transfer loop with 20 partner(s), "
U038586,1000000,20,20,20,2022-07-18 10:20:12,2022-07-18 12:45:01,1000000,20,20,2022-07-18 10:20:12,2022-07-18 12:45:01,20,2022-07-18 09:45:55,2022-07-18 12:26:42,0,0,0,3,3,2,0,0,0,8,High risk,"high immediate campaign discount within 0-1 day: 1000000, high credited campaign discount: 1000000, high referral count: 20, "
U038980,1000000,20,20,20,2022-08-01 14:15:04,2022-08-01 16:14:14,1000000,20,20,2022-08-01 14:15:04,2022-08-01 16:14:14,22,2022-08-01 13:49:33,2022-08-01 16:14:02,0,0,0,3,3,2,0,0,0,8,High risk,"high immediate campaign discount within 0-1 day: 1000000, high credited campaign discount: 1000000, high referral count: 22, "
U039115,1000000,20,20,20,2022-07-16 10:28:56,2022-07-17 12:23:17,1000000,20,20,2022-07-16 10:28:56,2022-07-17 12:23:17,20,2022-07-16 10:26:38,2022-07-17 12:22:21,0,0,0,3,3,2,0,0,0,8,High risk,"high immediate campaign discount within 0-1 day: 1000000, high credited campaign discount: 1000000, high referral count: 20, "
U039248,1000000,20,20,20,2022-07-21 15:43:58,2022-07-21 18:12:59,1000000,20,20,2022-07-21 15:43:58,2022-07-21 18:12:59,20,2022-07-21 15:41:48,2022-07-21 18:12:49,0,0,0,3,3,2,0,0,0,8,High risk,"high immediate campaign discount within 0-1 day: 1000000, high credited campaign discount: 1000000, high referral count: 20, "
U039579,1000000,20,20,20,2022-06-30 17:15:00,2022-06-30 19:15:00,1000000,20,20,2022-06-30 17:15:00,2022-06-30 19:15:00,20,2022-06-30 16:46:19,2022-06-30 18:46:48,0,0,0,3,3,2,0,0,0,8,High risk,"high immediate campaign discount within 0-1 day: 1000000, high credited campaign discount: 1000000, high referral count: 20, "
U039828,1000000,20,20,20,2022-06-29 11:21:45,2022-06-29 14:00:01,1000000,20,20,2022-06-29 11:21:45,2022-06-29 14:00:01,20,2022-06-29 11:11:56,2022-06-29 13:42:22,0,0,0,3,3,2,0,0,0,8,High risk,"high immediate campaign discount within 0-1 day: 1000000, high credited campaign discount: 1000000, high referral count: 20, "
U040778,1000000,20,20,20,2022-07-26 09:12:58,2022-07-26 12:10:43,1000000,20,20,2022-07-26 09:12:58,2022-07-26 12:10:43,21,2022-07-26 08:49:39,2022-07-26 12:10:19,0,0,0,3,3,2,0,0,0,8,High risk,"high immediate campaign discount within 0-1 day: 1000000, high credited campaign discount: 1000000, high referral count: 21, "
U040906,1000000,20,20,20,2022-07-05 09:00:01,2022-07-06 10:30:03,1000000,20,20,2022-07-05 09:00:01,2022-07-06 10:30:03,20,2022-07-05 08:35:55,2022-07-06 10:10:19,0,0,0,3,3,2,0,0,0,8,High risk,"high immediate campaign discount within 0-1 day: 1000000, high credited campaign discount: 1000000, high referral count: 20, "
U041106,1000000,20,20,20,2022-07-29 16:43:36,2022-07-29 18:32:28,1000000,20,20,2022-07-29 16:43:36,2022-07-29 18:32:28,22,2022-07-29 14:30:15,2022-07-29 18:32:17,0,0,0,3,3,2,0,0,0,8,High risk,"high immediate campaign discount within 0-1 day: 1000000, high credited campaign discount: 1000000, high referral count: 22, "
U041497,1000000,20,20,20,2022-07-26 09:17:33,2022-07-26 13:15:00,1000000,20,20,2022-07-26 09:17:33,2022-07-26 13:15:00,21,2022-07-26 09:12:28,2022-07-26 12:42:27,0,0,0,3,3,2,0,0,0,8,High risk,"high immediate campaign discount within 0-1 day: 1000000, high credited campaign discount: 1000000, high referral count: 21, "
U041841,1000000,20,20,20,2022-06-29 10:48:24,2022-06-29 12:45:02,1000000,20,20,2022-06-29 10:48:24,2022-06-29 12:45:02,20,2022-06-29 10:46:48,2022-06-29 12:27:14,0,0,0,3,3,2,0,0,0,8,High risk,"high immediate campaign discount within 0-1 day: 1000000, high credited campaign discount: 1000000, high referral count: 20, "
U041940,1000000,20,20,20,2022-07-05 11:35:38,2022-07-05 15:15:00,1000000,20,20,2022-07-05 11:35:38,2022-07-05 15:15:00,20,2022-07-05 11:34:43,2022-07-05 14:46:50,0,0,0,3,3,2,0,0,0,8,High risk,"high immediate campaign discount within 0-1 day: 1000000, high credited campaign discount: 1000000, high referral count: 20, "
U041997,1000000,20,20,20,2022-07-28 14:15:07,2022-07-28 16:30:05,1000000,20,20,2022-07-28 14:15:07,2022-07-28 16:30:05,24,2022-07-28 11:25:25,2022-07-28 16:22:47,0,0,0,3,3,2,0,0,0,8,High risk,"high immediate campaign discount within 0-1 day: 1000000, high credited campaign discount: 1000000, high referral count: 24, "
U042070,1000000,20,20,20,2022-07-29 09:32:30,2022-07-29 15:39:59,1000000,20,20,2022-07-29 09:32:30,2022-07-29 15:39:59,20,2022-07-29 09:12:14,2022-07-29 15:39:33,0,0,0,3,3,2,0,0,0,8,High risk,"high immediate campaign discount within 0-1 day: 1000000, high credited campaign discount: 1000000, high referral count: 20, "
U042642,1000000,20,20,20,2022-07-22 10:18:07,2022-07-22 14:15:00,1000000,20,20,2022-07-22 10:18:07,2022-07-22 14:15:00,20,2022-07-22 09:40:12,2022-07-22 13:47:29,0,0,0,3,3,2,0,0,0,8,High risk,"high immediate campaign discount within 0-1 day: 1000000, high credited campaign discount: 1000000, high referral count: 20, "
U042961,1000000,20,20,20,2022-07-28 13:38:55,2022-07-28 14:30:06,1000000,20,20,2022-07-28 13:38:55,2022-07-28 14:30:06,20,2022-07-28 13:34:20,2022-07-28 14:12:34,0,0,0,3,3,2,0,0,0,8,High risk,"high immediate campaign discount within 0-1 day: 1000000, high credited campaign discount: 1000000, high referral count: 20, "
U043414,1000000,20,20,20,2022-08-01 20:35:11,2022-08-01 22:05:27,1000000,20,20,2022-08-01 20:35:11,2022-08-01 22:05:27,20,2022-08-01 20:23:57,2022-08-01 22:04:53,0,0,0,3,3,2,0,0,0,8,High risk,"high immediate campaign discount within 0-1 day: 1000000, high credited campaign discount: 1000000, high referral count: 20, "
U043813,1000000,20,20,20,2022-07-30 13:00:04,2022-07-31 14:15:00,1000000,20,20,2022-07-30 13:00:04,2022-07-31 14:15:00,24,2022-07-30 12:27:20,2022-07-31 13:46:05,0,0,0,3,3,2,0,0,0,8,High risk,"high immediate campaign discount within 0-1 day: 1000000, high credited campaign discount: 1000000, high referral count: 24, "
U044077,1000000,20,20,20,2022-07-31 16:30:02,2022-07-31 19:30:00,1000000,20,20,2022-07-31 16:30:02,2022-07-31 19:30:00,20,2022-07-31 16:06:37,2022-07-31 19:03:57,0,0,0,3,3,2,0,0,0,8,High risk,"high immediate campaign discount within 0-1 day: 1000000, high credited campaign discount: 1000000, high referral count: 20, "
U044352,1000000,20,20,20,2022-07-31 16:43:13,2022-07-31 18:20:25,1000000,20,20,2022-07-31 16:43:13,2022-07-31 18:20:25,21,2022-07-31 16:10:38,2022-07-31 18:20:13,0,0,0,3,3,2,0,0,0,8,High risk,"high immediate campaign discount within 0-1 day: 1000000, high credited campaign discount: 1000000, high referral count: 21, "
U044444,1000000,20,20,20,2022-07-28 15:30:06,2022-07-28 16:15:06,1000000,20,20,2022-07-28 15:30:06,2022-07-28 16:15:06,20,2022-07-28 15:08:29,2022-07-28 15:57:04,0,0,0,3,3,2,0,0,0,8,High risk,"high immediate campaign discount within 0-1 day: 1000000, high credited campaign discount: 1000000, high referral count: 20, "
U044867,1000000,20,20,20,2022-07-20 20:26:13,2022-07-20 21:56:51,1000000,20,20,2022-07-20 20:26:13,2022-07-20 21:56:51,20,2022-07-20 20:22:19,2022-07-20 21:55:44,0,0,0,3,3,2,0,0,0,8,High risk,"high immediate campaign discount within 0-1 day: 1000000, high credited campaign discount: 1000000, high referral count: 20, "
U045540,1000000,20,20,20,2022-07-01 13:45:00,2022-07-01 19:30:01,1000000,20,20,2022-07-01 13:45:00,2022-07-01 19:30:01,20,2022-07-01 13:31:23,2022-07-01 19:07:39,0,0,0,3,3,2,0,0,0,8,High risk,"high immediate campaign discount within 0-1 day: 1000000, high credited campaign discount: 1000000, high referral count: 20, "
U046098,1000000,20,20,20,2022-07-27 20:15:00,2022-07-28 13:00:03,1000000,20,20,2022-07-27 20:15:00,2022-07-28 13:00:03,22,2022-07-27 19:44:04,2022-07-28 12:37:38,0,0,0,3,3,2,0,0,0,8,High risk,"high immediate campaign discount within 0-1 day: 1000000, high credited campaign discount: 1000000, high referral count: 22, "
U047307,1000000,20,20,20,2022-07-27 14:35:00,2022-07-27 17:54:49,1000000,20,20,2022-07-27 14:35:00,2022-07-27 17:54:49,23,2022-07-27 14:12:44,2022-07-27 17:54:36,0,0,0,3,3,2,0,0,0,8,High risk,"high immediate campaign discount within 0-1 day: 1000000, high credited campaign discount: 1000000, high referral count: 23, "
U047711,1000000,20,20,20,2022-06-23 11:39:49,2022-06-23 15:16:48,1000000,20,20,2022-06-23 11:39:49,2022-06-23 15:16:48,20,2022-06-23 11:37:04,2022-06-23 15:16:31,0,0,0,3,3,2,0,0,0,8,High risk,"high immediate campaign discount within 0-1 day: 1000000, high credited campaign discount: 1000000, high referral count: 20, "
U047977,1000000,20,20,20,2022-06-29 14:30:00,2022-06-29 16:15:02,1000000,20,20,2022-06-29 14:30:00,2022-06-29 16:15:02,20,2022-06-29 14:08:40,2022-06-29 15:51:35,0,0,0,3,3,2,0,0,0,8,High risk,"high immediate campaign discount within 0-1 day: 1000000, high credited campaign discount: 1000000, high referral count: 20, "
U048246,1000000,20,20,20,2022-07-05 16:45:00,2022-07-05 21:00:03,1000000,20,20,2022-07-05 16:45:00,2022-07-05 21:00:03,20,2022-07-05 15:59:20,2022-07-05 20:50:32,0,0,0,3,3,2,0,0,0,8,High risk,"high immediate campaign discount within 0-1 day: 1000000, high credited campaign discount: 1000000, high referral count: 20, "
U048256,1000000,20,20,20,2022-07-14 14:00:14,2022-07-14 21:17:28,1000000,20,20,2022-07-14 14:00:14,2022-07-14 21:17:28,21,2022-07-14 13:57:51,2022-07-14 21:17:09,0,0,0,3,3,2,0,0,0,8,High risk,"high immediate campaign discount within 0-1 day: 1000000, high credited campaign discount: 1000000, high referral count: 21, "
U048750,1000000,20,20,20,2022-07-31 16:54:12,2022-08-01 09:15:01,1000000,20,20,2022-07-31 16:54:12,2022-08-01 09:15:01,20,2022-07-31 16:38:24,2022-08-01 08:52:03,0,0,0,3,3,2,0,0,0,8,High risk,"high immediate campaign discount within 0-1 day: 1000000, high credited campaign discount: 1000000, high referral count: 20, "
U049569,1000000,20,20,20,2022-07-28 20:12:41,2022-07-29 02:36:45,1000000,20,20,2022-07-28 20:12:41,2022-07-29 02:36:45,21,2022-07-28 19:55:05,2022-07-29 02:34:35,0,0,0,3,3,2,0,0,0,8,High risk,"high immediate campaign discount within 0-1 day: 1000000, high credited campaign discount: 1000000, high referral count: 21, "
U050474,1000000,20,20,20,2022-07-10 11:41:31,2022-07-10 15:15:02,1000000,20,20,2022-07-10 11:41:31,2022-07-10 15:15:02,20,2022-07-10 11:39:29,2022-07-10 14:51:52,0,0,0,3,3,2,0,0,0,8,High risk,"high immediate campaign discount within 0-1 day: 1000000, high credited campaign discount: 1000000, high referral count: 20, "
U050538,1000000,20,20,20,2022-07-26 16:07:51,2022-07-26 17:15:46,1000000,20,20,2022-07-26 16:07:51,2022-07-26 17:15:46,20,2022-07-26 15:53:34,2022-07-26 16:54:01,0,0,0,3,3,2,0,0,0,8,High risk,"high immediate campaign discount within 0-1 day: 1000000, high credited campaign discount: 1000000, high referral count: 20, "
U050617,1000000,20,20,20,2022-07-16 18:48:47,2022-07-16 19:38:39,1000000,20,20,2022-07-16 18:48:47,2022-07-16 19:38:39,20,2022-07-16 18:32:26,2022-07-16 19:37:14,0,0,0,3,3,2,0,0,0,8,High risk,"high immediate campaign discount within 0-1 day: 1000000, high credited campaign discount: 1000000, high referral count: 20, "
U051139,1000000,20,20,20,2022-07-26 18:45:25,2022-07-26 20:40:07,1000000,20,20,2022-07-26 18:45:25,2022-07-26 20:40:07,22,2022-07-26 17:58:22,2022-07-26 20:39:55,0,0,0,3,3,2,0,0,0,8,High risk,"high immediate campaign discount within 0-1 day: 1000000, high credited campaign discount: 1000000, high referral count: 22, "
U051890,1000000,20,20,20,2022-07-28 20:00:00,2022-07-29 00:30:01,1000000,20,20,2022-07-28 20:00:00,2022-07-29 00:30:01,20,2022-07-28 18:59:03,2022-07-29 00:04:38,0,0,0,3,3,2,0,0,0,8,High risk,"high immediate campaign discount within 0-1 day: 1000000, high credited campaign discount: 1000000, high referral count: 20, "
U051892,1000000,20,20,20,2022-07-21 14:14:04,2022-07-21 15:10:50,1000000,20,20,2022-07-21 14:14:04,2022-07-21 15:10:50,20,2022-07-21 14:09:51,2022-07-21 15:10:08,0,0,0,3,3,2,0,0,0,8,High risk,"high immediate campaign discount within 0-1 day: 1000000, high credited campaign discount: 1000000, high referral count: 20, "
U051977,1000000,20,20,20,2022-07-24 12:59:16,2022-07-24 13:53:02,1000000,20,20,2022-07-24 12:59:16,2022-07-24 13:53:02,20,2022-07-24 12:39:47,2022-07-24 13:52:18,0,0,0,3,3,2,0,0,0,8,High risk,"high immediate campaign discount within 0-1 day: 1000000, high credited campaign discount: 1000000, high referral count: 20, "
U052095,1000000,20,20,20,2022-07-17 21:26:45,2022-07-17 22:22:35,1000000,20,20,2022-07-17 21:26:45,2022-07-17 22:22:35,20,2022-07-17 21:10:24,2022-07-17 22:21:38,0,0,0,3,3,2,0,0,0,8,High risk,"high immediate campaign discount within 0-1 day: 1000000, high credited campaign discount: 1000000, high referral count: 20, "
U052100,1000000,20,20,20,2022-07-30 10:30:01,2022-07-30 13:00:00,1000000,20,20,2022-07-30 10:30:01,2022-07-30 13:00:00,21,2022-07-30 10:08:28,2022-07-30 12:30:05,0,0,0,3,3,2,0,0,0,8,High risk,"high immediate campaign discount within 0-1 day: 1000000, high credited campaign discount: 1000000, high referral count: 21, "
U052107,1000000,20,20,20,2022-07-24 17:52:42,2022-07-25 10:20:40,1000000,20,20,2022-07-24 17:52:42,2022-07-25 10:20:40,20,2022-07-24 17:19:33,2022-07-25 10:20:01,0,0,0,3,3,2,0,0,0,8,High risk,"high immediate campaign discount within 0-1 day: 1000000, high credited campaign discount: 1000000, high referral count: 20, "
U052345,1000000,20,20,20,2022-07-04 09:00:00,2022-07-04 22:45:01,1000000,20,20,2022-07-04 09:00:00,2022-07-04 22:45:01,20,2022-07-04 08:31:55,2022-07-04 22:24:39,0,0,0,3,3,2,0,0,0,8,High risk,"high immediate campaign discount within 0-1 day: 1000000, high credited campaign discount: 1000000, high referral count: 20, "
U052441,1000000,20,20,20,2022-07-21 21:15:00,2022-07-22 11:15:02,1000000,20,20,2022-07-21 21:15:00,2022-07-22 11:15:02,20,2022-07-21 20:36:04,2022-07-22 10:53:51,0,0,0,3,3,2,0,0,0,8,High risk,"high immediate campaign discount within 0-1 day: 1000000, high credited campaign discount: 1000000, high referral count: 20, "
U052533,1000000,20,20,20,2022-07-19 11:30:01,2022-07-19 18:30:00,1000000,20,20,2022-07-19 11:30:01,2022-07-19 18:30:00,20,2022-07-19 11:01:20,2022-07-19 18:05:50,0,0,0,3,3,2,0,0,0,8,High risk,"high immediate campaign discount within 0-1 day: 1000000, high credited campaign discount: 1000000, high referral count: 20, "
U052959,1000000,20,20,20,2022-07-22 16:30:01,2022-07-22 18:20:44,1000000,20,20,2022-07-22 16:30:01,2022-07-22 18:20:44,20,2022-07-22 15:59:37,2022-07-22 18:20:32,0,0,0,3,3,2,0,0,0,8,High risk,"high immediate campaign discount within 0-1 day: 1000000, high credited campaign discount: 1000000, high referral count: 20, "
U053131,1000000,20,20,20,2022-07-20 18:30:02,2022-07-21 13:45:01,1000000,20,20,2022-07-20 18:30:02,2022-07-21 13:45:01,21,2022-07-20 18:07:30,2022-07-21 13:24:37,0,0,0,3,3,2,0,0,0,8,High risk,"high immediate campaign discount within 0-1 day: 1000000, high credited campaign discount: 1000000, high referral count: 21, "
U053251,1000000,20,20,20,2022-07-17 20:40:02,2022-07-18 12:56:19,1000000,20,20,2022-07-17 20:40:02,2022-07-18 12:56:19,20,2022-07-17 19:47:27,2022-07-18 12:55:58,0,0,0,3,3,2,0,0,0,8,High risk,"high immediate campaign discount within 0-1 day: 1000000, high credited campaign discount: 1000000, high referral count: 20, "
U054059,1000000,20,20,20,2022-07-27 19:22:37,2022-07-27 20:45:04,1000000,20,20,2022-07-27 19:22:37,2022-07-27 20:45:04,20,2022-07-27 18:53:46,2022-07-27 20:28:44,0,0,0,3,3,2,0,0,0,8,High risk,"high immediate campaign discount within 0-1 day: 1000000, high credited campaign discount: 1000000, high referral count: 20, "
U054286,1000000,20,20,20,2022-07-22 11:07:37,2022-07-22 14:52:30,1000000,20,20,2022-07-22 11:07:37,2022-07-22 14:52:30,20,2022-07-22 10:46:36,2022-07-22 14:40:02,0,0,0,3,3,2,0,0,0,8,High risk,"high immediate campaign discount within 0-1 day: 1000000, high credited campaign discount: 1000000, high referral count: 20, "
U055237,1000000,20,20,20,2022-08-01 13:30:00,2022-08-01 15:15:01,1000000,20,20,2022-08-01 13:30:00,2022-08-01 15:15:01,20,2022-08-01 12:55:24,2022-08-01 14:48:29,0,0,0,3,3,2,0,0,0,8,High risk,"high immediate campaign discount within 0-1 day: 1000000, high credited campaign discount: 1000000, high referral count: 20, "
U055628,1000000,20,20,20,2022-07-25 09:22:58,2022-07-25 10:36:32,1000000,20,20,2022-07-25 09:22:58,2022-07-25 10:36:32,20,2022-07-25 09:14:33,2022-07-25 10:35:45,0,0,0,3,3,2,0,0,0,8,High risk,"high immediate campaign discount within 0-1 day: 1000000, high credited campaign discount: 1000000, high referral count: 20, "
U055668,1000000,20,20,20,2022-06-29 15:26:50,2022-06-29 19:15:01,1000000,20,20,2022-06-29 15:26:50,2022-06-29 19:15:01,20,2022-06-29 15:25:43,2022-06-29 18:55:44,0,0,0,3,3,2,0,0,0,8,High risk,"high immediate campaign discount within 0-1 day: 1000000, high credited campaign discount: 1000000, high referral count: 20, "
U055701,1000000,20,20,20,2022-07-14 15:30:42,2022-07-14 16:45:00,1000000,20,20,2022-07-14 15:30:42,2022-07-14 16:45:00,20,2022-07-14 15:27:24,2022-07-14 16:39:07,0,0,0,3,3,2,0,0,0,8,High risk,"high immediate campaign discount within 0-1 day: 1000000, high credited campaign discount: 1000000, high referral count: 20, "
U055726,1000000,20,20,20,2022-07-26 11:45:00,2022-07-26 13:45:00,1000000,20,20,2022-07-26 11:45:00,2022-07-26 13:45:00,20,2022-07-26 11:11:26,2022-07-26 13:11:34,0,0,0,3,3,2,0,0,0,8,High risk,"high immediate campaign discount within 0-1 day: 1000000, high credited campaign discount: 1000000, high referral count: 20, "
U055850,1000000,20,20,20,2022-07-25 00:00:02,2022-07-25 13:15:04,1000000,20,20,2022-07-25 00:00:02,2022-07-25 13:15:04,20,2022-07-24 23:30:21,2022-07-25 12:57:32,0,0,0,3,3,2,0,0,0,8,High risk,"high immediate campaign discount within 0-1 day: 1000000, high credited campaign discount: 1000000, high referral count: 20, "
U056045,1000000,20,20,20,2022-07-31 14:45:02,2022-07-31 16:15:03,1000000,20,20,2022-07-31 14:45:02,2022-07-31 16:15:03,22,2022-07-31 14:13:26,2022-07-31 16:00:36,0,0,0,3,3,2,0,0,0,8,High risk,"high immediate campaign discount within 0-1 day: 1000000, high credited campaign discount: 1000000, high referral count: 22, "
U056261,1000000,20,20,20,2022-07-24 14:33:49,2022-07-24 17:48:38,1000000,20,20,2022-07-24 14:33:49,2022-07-24 17:48:38,20,2022-07-24 14:13:44,2022-07-24 17:47:52,0,0,0,3,3,2,0,0,0,8,High risk,"high immediate campaign discount within 0-1 day: 1000000, high credited campaign discount: 1000000, high referral count: 20, "
U056484,1000000,20,20,20,2022-07-09 11:34:38,2022-07-09 15:00:00,1000000,20,20,2022-07-09 11:34:38,2022-07-09 15:00:00,20,2022-07-09 11:29:54,2022-07-09 14:50:32,0,0,0,3,3,2,0,0,0,8,High risk,"high immediate campaign discount within 0-1 day: 1000000, high credited campaign discount: 1000000, high referral count: 20, "
U056731,1000000,20,20,20,2022-07-18 15:42:55,2022-07-18 21:47:27,1000000,20,20,2022-07-18 15:42:55,2022-07-18 21:47:27,20,2022-07-18 14:37:07,2022-07-18 21:47:16,0,0,0,3,3,2,0,0,0,8,High risk,"high immediate campaign discount within 0-1 day: 1000000, high credited campaign discount: 1000000, high referral count: 20, "
U057255,1000000,20,20,20,2022-08-01 11:00:06,2022-08-01 14:15:04,1000000,20,20,2022-08-01 11:00:06,2022-08-01 14:15:04,22,2022-07-31 18:40:03,2022-08-01 13:58:53,0,0,0,3,3,2,0,0,0,8,High risk,"high immediate campaign discount within 0-1 day: 1000000, high credited campaign discount: 1000000, high referral count: 22, "
U058050,1000000,20,20,20,2022-07-23 15:30:00,2022-07-24 11:45:03,1000000,20,20,2022-07-23 15:30:00,2022-07-24 11:45:03,21,2022-07-23 14:56:14,2022-07-24 11:22:27,0,0,0,3,3,2,0,0,0,8,High risk,"high immediate campaign discount within 0-1 day: 1000000, high credited campaign discount: 1000000, high referral count: 21, "
U058066,1000000,20,20,20,2022-07-21 16:48:02,2022-07-21 17:46:15,1000000,20,20,2022-07-21 16:48:02,2022-07-21 17:46:15,20,2022-07-21 16:43:51,2022-07-21 17:45:19,0,0,0,3,3,2,0,0,0,8,High risk,"high immediate campaign discount within 0-1 day: 1000000, high credited campaign discount: 1000000, high referral count: 20, "
U058100,1000000,20,20,20,2022-07-23 10:58:08,2022-07-23 18:05:32,1000000,20,20,2022-07-23 10:58:08,2022-07-23 18:05:32,21,2022-07-23 10:35:14,2022-07-23 18:05:04,0,0,0,3,3,2,0,0,0,8,High risk,"high immediate campaign discount within 0-1 day: 1000000, high credited campaign discount: 1000000, high referral count: 21, "
U058212,1000000,20,20,20,2022-07-22 09:45:01,2022-07-22 16:30:00,1000000,20,20,2022-07-22 09:45:01,2022-07-22 16:30:00,22,2022-07-22 09:02:50,2022-07-22 16:01:26,0,0,0,3,3,2,0,0,0,8,High risk,"high immediate campaign discount within 0-1 day: 1000000, high credited campaign discount: 1000000, high referral count: 22, "
U058413,1000000,20,20,20,2022-06-28 10:56:45,2022-06-28 13:30:01,1000000,20,20,2022-06-28 10:56:45,2022-06-28 13:30:01,20,2022-06-28 10:55:20,2022-06-28 13:07:37,0,0,0,3,3,2,0,0,0,8,High risk,"high immediate campaign discount within 0-1 day: 1000000, high credited campaign discount: 1000000, high referral count: 20, "
U059196,1000000,20,20,20,2022-07-28 16:40:06,2022-07-28 22:08:53,1000000,20,20,2022-07-28 16:40:06,2022-07-28 22:08:53,23,2022-07-28 16:15:57,2022-07-28 22:08:40,0,0,0,3,3,2,0,0,0,8,High risk,"high immediate campaign discount within 0-1 day: 1000000, high credited campaign discount: 1000000, high referral count: 23, "
U059673,1000000,20,20,20,2022-07-14 15:15:01,2022-07-14 16:41:20,1000000,20,20,2022-07-14 15:15:01,2022-07-14 16:41:20,20,2022-07-14 14:53:49,2022-07-14 16:40:41,0,0,0,3,3,2,0,0,0,8,High risk,"high immediate campaign discount within 0-1 day: 1000000, high credited campaign discount: 1000000, high referral count: 20, "
U059742,1000000,20,20,20,2022-07-27 15:49:49,2022-07-28 11:40:12,1000000,20,20,2022-07-27 15:49:49,2022-07-28 11:40:12,20,2022-07-27 15:27:13,2022-07-28 11:39:54,0,0,0,3,3,2,0,0,0,8,High risk,"high immediate campaign discount within 0-1 day: 1000000, high credited campaign discount: 1000000, high referral count: 20, "
U059843,1000000,20,20,20,2022-07-23 20:20:29,2022-07-23 21:45:04,1000000,20,20,2022-07-23 20:20:29,2022-07-23 21:45:04,20,2022-07-23 20:05:17,2022-07-23 21:26:50,0,0,0,3,3,2,0,0,0,8,High risk,"high immediate campaign discount within 0-1 day: 1000000, high credited campaign discount: 1000000, high referral count: 20, "
U060688,1000000,20,20,20,2022-07-21 21:16:01,2022-07-21 22:20:51,1000000,20,20,2022-07-21 21:16:01,2022-07-21 22:20:51,20,2022-07-21 21:09:07,2022-07-21 22:20:14,0,0,0,3,3,2,0,0,0,8,High risk,"high immediate campaign discount within 0-1 day: 1000000, high credited campaign discount: 1000000, high referral count: 20, "
U060854,1000000,20,20,20,2022-07-27 12:00:02,2022-07-27 14:45:02,1000000,20,20,2022-07-27 12:00:02,2022-07-27 14:45:02,20,2022-07-27 11:44:21,2022-07-27 14:26:05,0,0,0,3,3,2,0,0,0,8,High risk,"high immediate campaign discount within 0-1 day: 1000000, high credited campaign discount: 1000000, high referral count: 20, "
U060961,1000000,20,20,20,2022-07-21 23:39:00,2022-07-22 10:19:29,1000000,20,20,2022-07-21 23:39:00,2022-07-22 10:19:29,20,2022-07-21 23:17:42,2022-07-22 10:18:41,0,0,0,3,3,2,0,0,0,8,High risk,"high immediate campaign discount within 0-1 day: 1000000, high credited campaign discount: 1000000, high referral count: 20, "
U061302,1000000,20,20,20,2022-07-28 17:15:01,2022-07-28 18:00:05,1000000,20,20,2022-07-28 17:15:01,2022-07-28 18:00:05,20,2022-07-28 16:46:45,2022-07-28 17:40:55,0,0,0,3,3,2,0,0,0,8,High risk,"high immediate campaign discount within 0-1 day: 1000000, high credited campaign discount: 1000000, high referral count: 20, "
U062103,1000000,20,20,20,2022-07-18 19:23:18,2022-07-18 20:51:54,1000000,20,20,2022-07-18 19:23:18,2022-07-18 20:51:54,20,2022-07-18 19:06:17,2022-07-18 20:51:39,0,0,0,3,3,2,0,0,0,8,High risk,"high immediate campaign discount within 0-1 day: 1000000, high credited campaign discount: 1000000, high referral count: 20, "
U062466,1000000,20,20,20,2022-08-01 16:57:47,2022-08-01 18:54:22,1000000,20,20,2022-08-01 16:57:47,2022-08-01 18:54:22,21,2022-08-01 16:18:43,2022-08-01 18:54:11,0,0,0,3,3,2,0,0,0,8,High risk,"high immediate campaign discount within 0-1 day: 1000000, high credited campaign discount: 1000000, high referral count: 21, "
U062969,1000000,20,20,20,2022-07-19 15:10:04,2022-07-20 13:38:03,1000000,20,20,2022-07-19 15:10:04,2022-07-20 13:38:03,23,2022-07-19 15:02:41,2022-07-20 13:35:18,0,0,0,3,3,2,0,0,0,8,High risk,"high immediate campaign discount within 0-1 day: 1000000, high credited campaign discount: 1000000, high referral count: 23, "
U063833,1000000,20,20,20,2022-07-05 08:43:58,2022-07-05 22:45:00,1000000,20,20,2022-07-05 08:43:58,2022-07-05 22:45:00,20,2022-07-05 08:36:21,2022-07-05 22:15:30,0,0,0,3,3,2,0,0,0,8,High risk,"high immediate campaign discount within 0-1 day: 1000000, high credited campaign discount: 1000000, high referral count: 20, "
U064025,1000000,20,20,20,2022-07-28 09:10:18,2022-07-28 10:52:42,1000000,20,20,2022-07-28 09:10:18,2022-07-28 10:52:42,20,2022-07-28 08:45:25,2022-07-28 10:51:55,0,0,0,3,3,2,0,0,0,8,High risk,"high immediate campaign discount within 0-1 day: 1000000, high credited campaign discount: 1000000, high referral count: 20, "
U064426,1000000,20,20,20,2022-07-28 23:45:00,2022-07-29 15:15:02,1000000,20,20,2022-07-28 23:45:00,2022-07-29 15:15:02,20,2022-07-28 23:14:11,2022-07-29 14:49:31,0,0,0,3,3,2,0,0,0,8,High risk,"high immediate campaign discount within 0-1 day: 1000000, high credited campaign discount: 1000000, high referral count: 20, "
U064564,1000000,20,20,20,2022-07-23 13:45:00,2022-07-23 16:15:04,1000000,20,20,2022-07-23 13:45:00,2022-07-23 16:15:04,20,2022-07-23 13:12:09,2022-07-23 15:54:22,0,0,0,3,3,2,0,0,0,8,High risk,"high immediate campaign discount within 0-1 day: 1000000, high credited campaign discount: 1000000, high referral count: 20, "
U064993,1000000,20,20,20,2022-07-25 15:15:00,2022-07-25 20:45:00,1000000,20,20,2022-07-25 15:15:00,2022-07-25 20:45:00,20,2022-07-25 14:43:45,2022-07-25 20:14:35,0,0,0,3,3,2,0,0,0,8,High risk,"high immediate campaign discount within 0-1 day: 1000000, high credited campaign discount: 1000000, high referral count: 20, "
U065480,1000000,20,20,20,2022-07-23 17:43:04,2022-07-24 13:11:06,1000000,20,20,2022-07-23 17:43:04,2022-07-24 13:11:06,21,2022-07-23 17:24:40,2022-07-24 13:10:33,0,0,0,3,3,2,0,0,0,8,High risk,"high immediate campaign discount within 0-1 day: 1000000, high credited campaign discount: 1000000, high referral count: 21, "
U065530,1000000,20,20,20,2022-07-26 17:34:40,2022-07-27 11:52:09,1000000,20,20,2022-07-26 17:34:40,2022-07-27 11:52:09,20,2022-07-26 17:02:49,2022-07-27 11:51:45,0,0,0,3,3,2,0,0,0,8,High risk,"high immediate campaign discount within 0-1 day: 1000000, high credited campaign discount: 1000000, high referral count: 20, "
U065699,1000000,20,20,20,2022-07-20 14:31:52,2022-07-20 15:34:14,1000000,20,20,2022-07-20 14:31:52,2022-07-20 15:34:14,20,2022-07-20 14:23:09,2022-07-20 15:33:27,0,0,0,3,3,2,0,0,0,8,High risk,"high immediate campaign discount within 0-1 day: 1000000, high credited campaign discount: 1000000, high referral count: 20, "
U066069,1000000,20,20,20,2022-07-24 15:29:35,2022-07-24 16:30:04,1000000,20,20,2022-07-24 15:29:35,2022-07-24 16:30:04,20,2022-07-24 15:25:49,2022-07-24 16:12:24,0,0,0,3,3,2,0,0,0,8,High risk,"high immediate campaign discount within 0-1 day: 1000000, high credited campaign discount: 1000000, high referral count: 20, "
U066136,1000000,20,20,20,2022-07-20 17:17:40,2022-07-20 18:06:53,1000000,20,20,2022-07-20 17:17:40,2022-07-20 18:06:53,20,2022-07-20 17:11:25,2022-07-20 18:06:03,0,0,0,3,3,2,0,0,0,8,High risk,"high immediate campaign discount within 0-1 day: 1000000, high credited campaign discount: 1000000, high referral count: 20, "
U066488,1000000,20,20,20,2022-07-28 13:55:54,2022-07-29 19:02:57,1000000,20,20,2022-07-28 13:55:54,2022-07-29 19:02:57,34,2022-07-28 13:00:56,2022-07-29 19:20:15,0,0,0,3,3,2,0,0,0,8,High risk,"high immediate campaign discount within 0-1 day: 1000000, high credited campaign discount: 1000000, high referral count: 34, "
U066591,1000000,20,20,20,2022-07-18 08:32:16,2022-07-18 15:31:40,1000000,20,20,2022-07-18 08:32:16,2022-07-18 15:31:40,20,2022-07-18 08:07:46,2022-07-18 15:30:50,0,0,0,3,3,2,0,0,0,8,High risk,"high immediate campaign discount within 0-1 day: 1000000, high credited campaign discount: 1000000, high referral count: 20, "
U066626,1000000,20,20,20,2022-07-27 13:05:30,2022-07-27 15:30:00,1000000,20,20,2022-07-27 13:05:30,2022-07-27 15:30:00,20,2022-07-27 12:59:03,2022-07-27 14:56:05,0,0,0,3,3,2,0,0,0,8,High risk,"high immediate campaign discount within 0-1 day: 1000000, high credited campaign discount: 1000000, high referral count: 20, "
U066632,1000000,20,20,20,2022-07-24 18:43:47,2022-07-24 20:41:34,1000000,20,20,2022-07-24 18:43:47,2022-07-24 20:41:34,20,2022-07-24 18:30:19,2022-07-24 20:39:24,0,0,0,3,3,2,0,0,0,8,High risk,"high immediate campaign discount within 0-1 day: 1000000, high credited campaign discount: 1000000, high referral count: 20, "
U067023,1000000,20,20,20,2022-07-07 17:26:34,2022-07-08 22:12:05,1000000,20,20,2022-07-07 17:26:34,2022-07-08 22:12:05,22,2022-07-07 17:24:04,2022-07-08 22:11:30,0,0,0,3,3,2,0,0,0,8,High risk,"high immediate campaign discount within 0-1 day: 1000000, high credited campaign discount: 1000000, high referral count: 22, "
U068430,1000000,20,20,20,2022-07-26 11:13:58,2022-07-26 12:27:54,1000000,20,20,2022-07-26 11:13:58,2022-07-26 12:27:54,20,2022-07-26 11:09:39,2022-07-26 12:27:17,0,0,0,3,3,2,0,0,0,8,High risk,"high immediate campaign discount within 0-1 day: 1000000, high credited campaign discount: 1000000, high referral count: 20, "
U069040,1000000,20,20,20,2022-07-18 16:46:38,2022-07-18 19:19:34,1000000,20,20,2022-07-18 16:46:38,2022-07-18 19:19:34,20,2022-07-18 16:00:17,2022-07-18 19:19:21,0,0,0,3,3,2,0,0,0,8,High risk,"high immediate campaign discount within 0-1 day: 1000000, high credited campaign discount: 1000000, high referral count: 20, "
U069340,1000000,20,20,20,2022-07-19 16:04:35,2022-07-19 21:42:18,1000000,20,20,2022-07-19 16:04:35,2022-07-19 21:42:18,22,2022-07-19 16:03:24,2022-07-19 21:42:07,0,0,0,3,3,2,0,0,0,8,High risk,"high immediate campaign discount within 0-1 day: 1000000, high credited campaign discount: 1000000, high referral count: 22, "
U069746,1000000,20,20,20,2022-07-23 14:36:10,2022-07-23 15:43:14,1000000,20,20,2022-07-23 14:36:10,2022-07-23 15:43:14,20,2022-07-23 14:27:23,2022-07-23 15:41:00,0,0,0,3,3,2,0,0,0,8,High risk,"high immediate campaign discount within 0-1 day: 1000000, high credited campaign discount: 1000000, high referral count: 20, "
U069958,1000000,20,20,20,2022-07-09 16:30:00,2022-07-09 19:00:01,1000000,20,20,2022-07-09 16:30:00,2022-07-09 19:00:01,20,2022-07-09 16:10:12,2022-07-09 18:34:07,0,0,0,3,3,2,0,0,0,8,High risk,"high immediate campaign discount within 0-1 day: 1000000, high credited campaign discount: 1000000, high referral count: 20, "
U070037,1000000,20,20,20,2022-07-29 17:45:04,2022-07-29 19:00:03,1000000,20,20,2022-07-29 17:45:04,2022-07-29 19:00:03,20,2022-07-29 17:22:25,2022-07-29 18:34:18,0,0,0,3,3,2,0,0,0,8,High risk,"high immediate campaign discount within 0-1 day: 1000000, high credited campaign discount: 1000000, high referral count: 20, "
U070170,1000000,20,20,20,2022-07-23 16:21:14,2022-07-24 18:16:55,1000000,20,20,2022-07-23 16:21:14,2022-07-24 18:16:55,21,2022-07-23 15:48:25,2022-07-24 18:16:23,0,0,0,3,3,2,0,0,0,8,High risk,"high immediate campaign discount within 0-1 day: 1000000, high credited campaign discount: 1000000, high referral count: 21, "
U070381,1000000,20,20,20,2022-07-29 23:08:34,2022-07-30 00:37:51,1000000,20,20,2022-07-29 23:08:34,2022-07-30 00:37:51,20,2022-07-29 22:21:05,2022-07-30 00:35:30,0,0,0,3,3,2,0,0,0,8,High risk,"high immediate campaign discount within 0-1 day: 1000000, high credited campaign discount: 1000000, high referral count: 20, "
U070502,1000000,20,20,20,2022-07-22 17:31:57,2022-07-22 22:45:00,1000000,20,20,2022-07-22 17:31:57,2022-07-22 22:45:00,21,2022-07-22 17:00:20,2022-07-22 22:16:32,0,0,0,3,3,2,0,0,0,8,High risk,"high immediate campaign discount within 0-1 day: 1000000, high credited campaign discount: 1000000, high referral count: 21, "
U071224,1000000,20,20,20,2022-07-16 22:16:52,2022-07-17 09:45:03,1000000,20,20,2022-07-16 22:16:52,2022-07-17 09:45:03,20,2022-07-16 22:09:21,2022-07-17 09:29:50,0,0,0,3,3,2,0,0,0,8,High risk,"high immediate campaign discount within 0-1 day: 1000000, high credited campaign discount: 1000000, high referral count: 20, "
U071225,1000000,20,20,20,2022-07-28 18:52:10,2022-07-28 20:00:04,1000000,20,20,2022-07-28 18:52:10,2022-07-28 20:00:04,20,2022-07-28 18:39:10,2022-07-28 19:41:18,0,0,0,3,3,2,0,0,0,8,High risk,"high immediate campaign discount within 0-1 day: 1000000, high credited campaign discount: 1000000, high referral count: 20, "
U071297,1000000,20,20,20,2022-07-21 15:40:04,2022-07-21 16:35:07,1000000,20,20,2022-07-21 15:40:04,2022-07-21 16:35:07,20,2022-07-21 15:22:21,2022-07-21 16:33:22,0,0,0,3,3,2,0,0,0,8,High risk,"high immediate campaign discount within 0-1 day: 1000000, high credited campaign discount: 1000000, high referral count: 20, "
U071367,1000000,20,20,20,2022-07-07 17:45:01,2022-07-07 22:45:00,1000000,20,20,2022-07-07 17:45:01,2022-07-07 22:45:00,20,2022-07-07 17:19:41,2022-07-07 22:13:24,0,0,0,3,3,2,0,0,0,8,High risk,"high immediate campaign discount within 0-1 day: 1000000, high credited campaign discount: 1000000, high referral count: 20, "
U072976,1000000,20,20,20,2022-07-27 19:26:54,2022-07-27 20:44:08,1000000,20,20,2022-07-27 19:26:54,2022-07-27 20:44:08,22,2022-07-27 19:03:31,2022-07-27 20:45:06,0,0,0,3,3,2,0,0,0,8,High risk,"high immediate campaign discount within 0-1 day: 1000000, high credited campaign discount: 1000000, high referral count: 22, "
U073376,1000000,20,20,20,2022-07-17 20:10:16,2022-07-17 21:01:37,1000000,20,20,2022-07-17 20:10:16,2022-07-17 21:01:37,20,2022-07-17 20:02:08,2022-07-17 21:00:39,0,0,0,3,3,2,0,0,0,8,High risk,"high immediate campaign discount within 0-1 day: 1000000, high credited campaign discount: 1000000, high referral count: 20, "
U073417,1000000,20,20,20,2022-07-17 12:00:03,2022-07-17 15:37:09,1000000,20,20,2022-07-17 12:00:03,2022-07-17 15:37:09,20,2022-07-17 11:45:37,2022-07-17 15:36:57,0,0,0,3,3,2,0,0,0,8,High risk,"high immediate campaign discount within 0-1 day: 1000000, high credited campaign discount: 1000000, high referral count: 20, "
U073781,1000000,20,20,20,2022-07-27 19:00:01,2022-07-28 10:15:02,1000000,20,20,2022-07-27 19:00:01,2022-07-28 10:15:02,20,2022-07-27 18:31:58,2022-07-28 09:55:49,0,0,0,3,3,2,0,0,0,8,High risk,"high immediate campaign discount within 0-1 day: 1000000, high credited campaign discount: 1000000, high referral count: 20, "
U074097,1000000,20,20,20,2022-07-18 12:28:27,2022-07-18 13:35:37,1000000,20,20,2022-07-18 12:28:27,2022-07-18 13:35:37,20,2022-07-18 12:18:06,2022-07-18 13:33:28,0,0,0,3,3,2,0,0,0,8,High risk,"high immediate campaign discount within 0-1 day: 1000000, high credited campaign discount: 1000000, high referral count: 20, "
U074277,1000000,20,20,20,2022-07-28 08:06:27,2022-07-28 13:00:07,1000000,20,20,2022-07-28 08:06:27,2022-07-28 13:00:07,20,2022-07-28 07:45:20,2022-07-28 12:41:38,0,0,0,3,3,2,0,0,0,8,High risk,"high immediate campaign discount within 0-1 day: 1000000, high credited campaign discount: 1000000, high referral count: 20, "
U074626,1000000,20,20,20,2022-07-30 09:15:00,2022-07-30 12:30:04,1000000,20,20,2022-07-30 09:15:00,2022-07-30 12:30:04,20,2022-07-30 08:35:47,2022-07-30 12:10:44,0,0,0,3,3,2,0,0,0,8,High risk,"high immediate campaign discount within 0-1 day: 1000000, high credited campaign discount: 1000000, high referral count: 20, "
U076416,1000000,20,20,20,2022-07-26 13:30:03,2022-07-26 16:15:03,1000000,20,20,2022-07-26 13:30:03,2022-07-26 16:15:03,20,2022-07-26 13:09:10,2022-07-26 15:53:50,0,0,0,3,3,2,0,0,0,8,High risk,"high immediate campaign discount within 0-1 day: 1000000, high credited campaign discount: 1000000, high referral count: 20, "
U076944,1000000,20,20,20,2022-07-04 10:25:44,2022-07-04 14:00:00,1000000,20,20,2022-07-04 10:25:44,2022-07-04 14:00:00,20,2022-07-04 10:24:36,2022-07-04 13:37:54,0,0,0,3,3,2,0,0,0,8,High risk,"high immediate campaign discount within 0-1 day: 1000000, high credited campaign discount: 1000000, high referral count: 20, "
U077602,1000000,20,20,20,2022-07-09 15:00:01,2022-07-09 18:45:01,1000000,20,20,2022-07-09 15:00:01,2022-07-09 18:45:01,20,2022-07-09 14:30:21,2022-07-09 18:25:50,0,0,0,3,3,2,0,0,0,8,High risk,"high immediate campaign discount within 0-1 day: 1000000, high credited campaign discount: 1000000, high referral count: 20, "
U077777,1000000,20,20,20,2022-07-26 14:40:55,2022-07-27 08:45:09,1000000,20,20,2022-07-26 14:40:55,2022-07-27 08:45:09,20,2022-07-26 14:13:36,2022-07-27 08:44:27,0,0,0,3,3,2,0,0,0,8,High risk,"high immediate campaign discount within 0-1 day: 1000000, high credited campaign discount: 1000000, high referral count: 20, "
U077854,1000000,20,20,20,2022-07-23 10:19:53,2022-07-23 13:00:02,1000000,20,20,2022-07-23 10:19:53,2022-07-23 13:00:02,20,2022-07-23 09:26:06,2022-07-23 12:40:27,0,0,0,3,3,2,0,0,0,8,High risk,"high immediate campaign discount within 0-1 day: 1000000, high credited campaign discount: 1000000, high referral count: 20, "
U077863,1000000,20,20,20,2022-07-03 16:16:49,2022-07-03 22:15:01,1000000,20,20,2022-07-03 16:16:49,2022-07-03 22:15:01,20,2022-07-03 16:13:00,2022-07-03 21:54:09,0,0,0,3,3,2,0,0,0,8,High risk,"high immediate campaign discount within 0-1 day: 1000000, high credited campaign discount: 1000000, high referral count: 20, "
U077879,1000000,20,20,20,2022-07-04 10:30:46,2022-07-04 16:00:00,1000000,20,20,2022-07-04 10:30:46,2022-07-04 16:00:00,20,2022-07-04 10:29:28,2022-07-04 15:36:22,0,0,0,3,3,2,0,0,0,8,High risk,"high immediate campaign discount within 0-1 day: 1000000, high credited campaign discount: 1000000, high referral count: 20, "
U078068,1000000,20,20,20,2022-07-07 11:15:00,2022-07-07 11:45:02,1000000,20,20,2022-07-07 11:15:00,2022-07-07 11:45:02,20,2022-07-07 10:42:57,2022-07-07 11:27:21,0,0,0,3,3,2,0,0,0,8,High risk,"high immediate campaign discount within 0-1 day: 1000000, high credited campaign discount: 1000000, high referral count: 20, "
U078129,1000000,20,20,20,2022-07-21 11:30:53,2022-07-21 14:40:48,1000000,20,20,2022-07-21 11:30:53,2022-07-21 14:40:48,21,2022-07-21 11:28:30,2022-07-21 14:39:34,0,0,0,3,3,2,0,0,0,8,High risk,"high immediate campaign discount within 0-1 day: 1000000, high credited campaign discount: 1000000, high referral count: 21, "
U078318,1000000,20,20,20,2022-07-26 13:44:53,2022-07-26 14:42:22,1000000,20,20,2022-07-26 13:44:53,2022-07-26 14:42:22,20,2022-07-26 13:31:14,2022-07-26 14:39:57,0,0,0,3,3,2,0,0,0,8,High risk,"high immediate campaign discount within 0-1 day: 1000000, high credited campaign discount: 1000000, high referral count: 20, "
U078345,1000000,20,20,20,2022-07-20 09:20:29,2022-07-20 17:00:00,1000000,20,20,2022-07-20 09:20:29,2022-07-20 17:00:00,20,2022-07-20 08:34:37,2022-07-20 16:26:56,0,0,0,3,3,2,0,0,0,8,High risk,"high immediate campaign discount within 0-1 day: 1000000, high credited campaign discount: 1000000, high referral count: 20, "
U078943,1000000,20,20,20,2022-07-28 10:08:48,2022-07-28 12:30:00,1000000,20,20,2022-07-28 10:08:48,2022-07-28 12:30:00,20,2022-07-28 10:01:06,2022-07-28 12:03:47,0,0,0,3,3,2,0,0,0,8,High risk,"high immediate campaign discount within 0-1 day: 1000000, high credited campaign discount: 1000000, high referral count: 20, "
U079532,1000000,20,20,20,2022-07-31 23:00:01,2022-08-01 21:36:50,1000000,20,20,2022-07-31 23:00:01,2022-08-01 21:36:50,24,2022-07-31 22:38:19,2022-08-01 21:35:58,0,0,0,3,3,2,0,0,0,8,High risk,"high immediate campaign discount within 0-1 day: 1000000, high credited campaign discount: 1000000, high referral count: 24, "
U079785,1000000,20,20,20,2022-07-27 13:56:44,2022-07-27 14:50:25,1000000,20,20,2022-07-27 13:56:44,2022-07-27 14:50:25,20,2022-07-27 13:52:42,2022-07-27 14:49:48,0,0,0,3,3,2,0,0,0,8,High risk,"high immediate campaign discount within 0-1 day: 1000000, high credited campaign discount: 1000000, high referral count: 20, "
U080725,1000000,20,20,20,2022-07-18 20:51:43,2022-07-18 23:02:12,1000000,20,20,2022-07-18 20:51:43,2022-07-18 23:02:12,20,2022-07-18 20:31:48,2022-07-18 23:01:35,0,0,0,3,3,2,0,0,0,8,High risk,"high immediate campaign discount within 0-1 day: 1000000, high credited campaign discount: 1000000, high referral count: 20, "
U081565,1000000,20,20,20,2022-07-05 16:30:02,2022-07-05 18:45:01,1000000,20,20,2022-07-05 16:30:02,2022-07-05 18:45:01,20,2022-07-05 16:20:47,2022-07-05 18:26:34,0,0,0,3,3,2,0,0,0,8,High risk,"high immediate campaign discount within 0-1 day: 1000000, high credited campaign discount: 1000000, high referral count: 20, "
U083420,1000000,20,20,20,2022-07-28 11:59:30,2022-07-28 14:22:24,1000000,20,20,2022-07-28 11:59:30,2022-07-28 14:22:24,20,2022-07-28 11:57:34,2022-07-28 14:22:10,0,0,0,3,3,2,0,0,0,8,High risk,"high immediate campaign discount within 0-1 day: 1000000, high credited campaign discount: 1000000, high referral count: 20, "
U084240,1000000,20,20,20,2022-07-15 10:25:08,2022-07-15 16:50:57,1000000,20,20,2022-07-15 10:25:08,2022-07-15 16:50:57,20,2022-07-15 09:46:16,2022-07-15 16:49:26,0,0,0,3,3,2,0,0,0,8,High risk,"high immediate campaign discount within 0-1 day: 1000000, high credited campaign discount: 1000000, high referral count: 20, "
U084279,1000000,20,20,20,2022-07-19 14:03:06,2022-07-19 15:26:06,1000000,20,20,2022-07-19 14:03:06,2022-07-19 15:26:06,20,2022-07-19 13:57:22,2022-07-19 15:24:39,0,0,0,3,3,2,0,0,0,8,High risk,"high immediate campaign discount within 0-1 day: 1000000, high credited campaign discount: 1000000, high referral count: 20, "
U084372,1000000,20,20,20,2022-07-27 18:45:01,2022-07-28 00:00:00,1000000,20,20,2022-07-27 18:45:01,2022-07-28 00:00:00,20,2022-07-27 18:13:37,2022-07-27 23:29:20,0,0,0,3,3,2,0,0,0,8,High risk,"high immediate campaign discount within 0-1 day: 1000000, high credited campaign discount: 1000000, high referral count: 20, "
U085028,1000000,20,20,20,2022-07-22 23:30:00,2022-07-23 14:45:00,1000000,20,20,2022-07-22 23:30:00,2022-07-23 14:45:00,23,2022-07-22 23:00:15,2022-07-23 14:11:57,0,0,0,3,3,2,0,0,0,8,High risk,"high immediate campaign discount within 0-1 day: 1000000, high credited campaign discount: 1000000, high referral count: 23, "
U085109,1000000,20,20,20,2022-07-26 15:53:13,2022-07-26 18:47:47,1000000,20,20,2022-07-26 15:53:13,2022-07-26 18:47:47,21,2022-07-26 15:25:43,2022-07-26 18:47:30,0,0,0,3,3,2,0,0,0,8,High risk,"high immediate campaign discount within 0-1 day: 1000000, high credited campaign discount: 1000000, high referral count: 21, "
U085228,1000000,20,20,20,2022-07-20 13:00:01,2022-07-20 15:45:02,1000000,20,20,2022-07-20 13:00:01,2022-07-20 15:45:02,20,2022-07-20 12:16:14,2022-07-20 15:22:27,0,0,0,3,3,2,0,0,0,8,High risk,"high immediate campaign discount within 0-1 day: 1000000, high credited campaign discount: 1000000, high referral count: 20, "
U085863,1000000,20,20,20,2022-07-07 12:49:27,2022-07-07 17:45:01,1000000,20,20,2022-07-07 12:49:27,2022-07-07 17:45:01,20,2022-07-07 12:48:22,2022-07-07 17:27:40,0,0,0,3,3,2,0,0,0,8,High risk,"high immediate campaign discount within 0-1 day: 1000000, high credited campaign discount: 1000000, high referral count: 20, "
U087833,1000000,20,20,20,2022-08-01 13:15:01,2022-08-01 16:30:00,1000000,20,20,2022-08-01 13:15:01,2022-08-01 16:30:00,20,2022-08-01 12:47:58,2022-08-01 15:58:35,0,0,0,3,3,2,0,0,0,8,High risk,"high immediate campaign discount within 0-1 day: 1000000, high credited campaign discount: 1000000, high referral count: 20, "
U087907,1000000,20,20,20,2022-07-21 14:12:31,2022-07-21 18:15:00,1000000,20,20,2022-07-21 14:12:31,2022-07-21 18:15:00,20,2022-07-21 13:33:33,2022-07-21 17:42:55,0,0,0,3,3,2,0,0,0,8,High risk,"high immediate campaign discount within 0-1 day: 1000000, high credited campaign discount: 1000000, high referral count: 20, "
U088857,1000000,20,20,20,2022-07-26 09:03:21,2022-07-26 10:05:08,1000000,20,20,2022-07-26 09:03:21,2022-07-26 10:05:08,20,2022-07-26 08:49:42,2022-07-26 10:04:31,0,0,0,3,3,2,0,0,0,8,High risk,"high immediate campaign discount within 0-1 day: 1000000, high credited campaign discount: 1000000, high referral count: 20, "
U089226,1000000,20,20,20,2022-07-05 12:00:02,2022-07-05 16:15:01,1000000,20,20,2022-07-05 12:00:02,2022-07-05 16:15:01,20,2022-07-05 11:38:51,2022-07-05 15:56:09,0,0,0,3,3,2,0,0,0,8,High risk,"high immediate campaign discount within 0-1 day: 1000000, high credited campaign discount: 1000000, high referral count: 20, "
U089608,1000000,20,20,20,2022-07-23 12:33:00,2022-07-23 13:26:31,1000000,20,20,2022-07-23 12:33:00,2022-07-23 13:26:31,20,2022-07-23 12:29:31,2022-07-23 13:24:15,0,0,0,3,3,2,0,0,0,8,High risk,"high immediate campaign discount within 0-1 day: 1000000, high credited campaign discount: 1000000, high referral count: 20, "
U089694,1000000,20,20,20,2022-07-24 14:41:10,2022-07-25 20:06:38,1000000,20,20,2022-07-24 14:41:10,2022-07-25 20:06:38,20,2022-07-24 14:38:59,2022-07-25 20:06:22,0,0,0,3,3,2,0,0,0,8,High risk,"high immediate campaign discount within 0-1 day: 1000000, high credited campaign discount: 1000000, high referral count: 20, "
U012162,985000,20,20,20,2022-07-08 10:06:37,2022-07-09 12:03:03,985000,20,20,2022-07-08 10:06:37,2022-07-09 12:03:03,23,2022-07-08 13:24:39,2022-07-09 12:01:22,1,3,17,2,2,2,0,0,2,8,High risk,"high immediate campaign discount within 0-1 day: 985000, high credited campaign discount: 985000, high referral count: 23, reciprocal transfer loop with 17 partner(s), "
U044512,600000,12,12,12,2022-07-01 13:49:38,2022-07-01 19:30:03,0,0,0,,,20,2022-07-01 13:46:36,2022-07-01 19:21:23,5,36,25,0,2,2,1,1,2,8,High risk,"high credited campaign discount: 600000, high referral count: 20, shared device used by 5 users, shared IP used by 36 users, reciprocal transfer loop with 25 partner(s), "
U046141,1265000,30,30,30,2022-06-10 23:13:46,2022-06-16 13:20:00,0,0,0,,,20,2022-06-14 12:16:50,2022-06-16 13:19:45,1,13,14,0,3,2,0,0,2,7,High risk,"high credited campaign discount: 1265000, high referral count: 20, reciprocal transfer loop with 14 partner(s), "
U038742,1235000,30,30,30,2022-06-24 21:17:42,2022-07-13 13:30:01,0,0,0,,,20,2022-07-12 21:58:29,2022-07-13 13:04:32,1,2,34,0,3,2,0,0,2,7,High risk,"high credited campaign discount: 1235000, high referral count: 20, reciprocal transfer loop with 34 partner(s), "
U047469,1235000,30,30,30,2022-06-23 19:09:16,2022-07-11 15:42:30,0,0,0,,,20,2022-07-11 10:44:17,2022-07-11 15:42:15,1,3,27,0,3,2,0,0,2,7,High risk,"high credited campaign discount: 1235000, high referral count: 20, reciprocal transfer loop with 27 partner(s), "
U012299,1225000,29,29,29,2022-07-03 09:52:58,2022-07-05 16:02:18,0,0,0,,,20,2022-07-05 13:47:34,2022-07-05 16:01:50,1,5,16,0,3,2,0,0,2,7,High risk,"high credited campaign discount: 1225000, high referral count: 20, reciprocal transfer loop with 16 partner(s), "
U030914,1225000,29,29,29,2022-07-03 11:37:21,2022-07-03 15:08:32,0,0,0,,,20,2022-07-03 12:43:45,2022-07-03 15:08:07,1,4,17,0,3,2,0,0,2,7,High risk,"high credited campaign discount: 1225000, high referral count: 20, reciprocal transfer loop with 17 partner(s), "
U060697,1175000,28,28,28,2022-06-02 22:02:18,2022-06-09 16:42:44,0,0,0,,,19,2022-06-04 19:32:33,2022-06-09 15:45:29,5,27,16,0,3,0,1,1,2,7,High risk,"high credited campaign discount: 1175000, shared device used by 5 users, shared IP used by 27 users, reciprocal transfer loop with 16 partner(s), "
U075649,1175000,27,27,27,2022-07-24 16:20:52,2022-07-28 18:30:00,0,0,0,,,20,2022-07-26 23:28:39,2022-07-28 18:00:15,1,1,12,0,3,2,0,0,2,7,High risk,"high credited campaign discount: 1175000, high referral count: 20, reciprocal transfer loop with 12 partner(s), "
U004361,1165000,28,28,28,2022-07-24 17:28:45,2022-07-26 23:45:00,0,0,0,,,20,2022-07-24 20:03:16,2022-07-26 23:15:07,1,24,1,0,3,2,0,1,1,7,High risk,"high credited campaign discount: 1165000, high referral count: 20, shared IP used by 24 users, reciprocal transfer loop with 1 partner(s), "
U005983,1165000,28,28,28,2022-07-07 12:04:12,2022-07-09 16:26:07,0,0,0,,,20,2022-07-07 16:07:31,2022-07-09 16:24:42,2,3,30,0,3,2,0,0,2,7,High risk,"high credited campaign discount: 1165000, high referral count: 20, reciprocal transfer loop with 30 partner(s), "
U076775,1155000,26,26,26,2022-06-24 10:09:13,2022-07-09 08:38:44,0,0,0,,,20,2022-07-04 12:20:03,2022-07-08 10:21:41,1,29,2,0,3,2,0,1,1,7,High risk,"high credited campaign discount: 1155000, high referral count: 20, shared IP used by 29 users, reciprocal transfer loop with 2 partner(s), "
U009215,1150000,26,26,26,2022-06-21 17:01:35,2022-06-25 11:00:43,600000,15,15,2022-06-21 17:01:35,2022-06-21 22:38:24,20,2022-06-21 16:57:25,2022-06-25 10:59:38,1,3,0,2,3,2,0,0,0,7,High risk,"high immediate campaign discount within 0-1 day: 600000, high credited campaign discount: 1150000, high referral count: 20, "
U002188,1135000,26,26,26,2022-07-12 11:55:28,2022-07-15 23:00:01,0,0,0,,,20,2022-07-12 12:04:07,2022-07-15 22:39:30,1,2,18,0,3,2,0,0,2,7,High risk,"high credited campaign discount: 1135000, high referral count: 20, reciprocal transfer loop with 18 partner(s), "
U038802,1125000,26,26,26,2022-07-24 12:12:41,2022-07-26 00:15:01,0,0,0,,,20,2022-07-24 14:13:36,2022-07-25 23:50:04,1,3,17,0,3,2,0,0,2,7,High risk,"high credited campaign discount: 1125000, high referral count: 20, reciprocal transfer loop with 17 partner(s), "
U003667,1115000,25,25,25,2022-06-17 22:47:12,2022-06-24 20:51:05,105000,3,3,2022-06-17 22:47:12,2022-06-17 23:37:38,20,2022-06-19 17:48:32,2022-06-24 20:49:49,1,57,0,0,3,2,0,2,0,7,High risk,"high credited campaign discount: 1115000, high referral count: 20, shared IP used by 57 users, "
U009878,1115000,26,26,26,2022-07-09 16:38:53,2022-07-13 12:41:19,0,0,0,,,20,2022-07-10 18:39:20,2022-07-12 22:55:30,1,6,35,0,3,2,0,0,2,7,High risk,"high credited campaign discount: 1115000, high referral count: 20, reciprocal transfer loop with 35 partner(s), "
U011969,1115000,27,27,27,2022-07-07 13:28:35,2022-07-10 12:47:48,0,0,0,,,20,2022-07-09 18:39:04,2022-07-10 12:46:46,1,2,16,0,3,2,0,0,2,7,High risk,"high credited campaign discount: 1115000, high referral count: 20, reciprocal transfer loop with 16 partner(s), "
U072529,1095000,26,26,26,2022-06-17 17:57:06,2022-06-19 20:27:02,0,0,0,,,20,2022-06-17 20:39:55,2022-06-19 17:56:49,1,23,1,0,3,2,0,1,1,7,High risk,"high credited campaign discount: 1095000, high referral count: 20, shared IP used by 23 users, reciprocal transfer loop with 1 partner(s), "
U000313,1085000,25,25,25,2022-06-12 10:57:55,2022-06-15 11:30:00,345000,9,9,2022-06-12 10:57:55,2022-06-12 23:15:00,20,2022-06-12 11:38:50,2022-06-15 10:58:07,1,2,4,0,3,2,0,0,2,7,High risk,"high credited campaign discount: 1085000, high referral count: 20, reciprocal transfer loop with 4 partner(s), "
U030099,1085000,24,24,24,2022-07-08 19:25:18,2022-07-13 18:45:04,0,0,0,,,20,2022-07-09 14:19:00,2022-07-13 18:27:08,1,2,31,0,3,2,0,0,2,7,High risk,"high credited campaign discount: 1085000, high referral count: 20, reciprocal transfer loop with 31 partner(s), "
U042118,1065000,23,23,23,2022-06-01 15:55:39,2022-06-09 12:34:43,0,0,0,,,20,2022-06-01 21:47:11,2022-06-05 18:34:26,1,5,13,0,3,2,0,0,2,7,High risk,"high credited campaign discount: 1065000, high referral count: 20, reciprocal transfer loop with 13 partner(s), "
U018263,1045000,24,24,24,2022-06-21 17:30:25,2022-06-29 12:00:01,115000,5,5,2022-06-21 17:30:25,2022-06-21 17:33:00,20,2022-06-26 10:20:02,2022-06-29 11:37:58,1,29,1,0,3,2,0,1,1,7,High risk,"high credited campaign discount: 1045000, high referral count: 20, shared IP used by 29 users, reciprocal transfer loop with 1 partner(s), "
U031619,1045000,23,23,23,2022-06-22 12:26:33,2022-07-04 10:45:00,95000,4,4,2022-06-22 12:26:33,2022-06-22 12:29:05,20,2022-06-29 17:24:16,2022-07-04 11:22:51,2,29,1,0,3,2,0,1,1,7,High risk,"high credited campaign discount: 1045000, high referral count: 20, shared IP used by 29 users, reciprocal transfer loop with 1 partner(s), "
U011115,1040000,22,22,22,2022-06-13 10:49:59,2022-06-30 10:45:01,0,0,0,,,61,2022-06-21 10:54:19,2022-07-15 09:44:56,1,20,1,0,3,2,0,1,1,7,High risk,"high credited campaign discount: 1040000, high referral count: 61, shared IP used by 20 users, reciprocal transfer loop with 1 partner(s), "
U025259,1040000,22,22,22,2022-07-11 19:34:55,2022-07-22 21:15:03,140000,4,4,2022-07-11 19:34:55,2022-07-12 20:30:04,62,2022-07-12 16:57:23,2022-07-22 20:53:32,1,28,1,0,3,2,0,1,1,7,High risk,"high credited campaign discount: 1040000, high referral count: 62, shared IP used by 28 users, reciprocal transfer loop with 1 partner(s), "
U054835,1030000,22,22,22,2022-06-03 14:56:33,2022-06-14 19:28:48,0,0,0,,,20,2022-06-03 14:52:28,2022-06-14 19:28:34,1,7,4,0,3,2,0,0,2,7,High risk,"high credited campaign discount: 1030000, high referral count: 20, reciprocal transfer loop with 4 partner(s), "
U054242,1025000,23,23,23,2022-06-24 21:40:54,2022-07-09 12:45:01,0,0,0,,,90,2022-06-30 11:20:05,2022-07-12 00:52:06,1,20,2,0,3,2,0,1,1,7,High risk,"high credited campaign discount: 1025000, high referral count: 90, shared IP used by 20 users, reciprocal transfer loop with 2 partner(s), "
U003806,1015000,23,23,23,2022-06-22 11:15:00,2022-06-27 13:27:05,505000,11,11,2022-06-22 11:15:00,2022-06-22 17:00:00,21,2022-06-22 10:35:46,2022-06-24 22:20:42,1,16,0,2,3,2,0,0,0,7,High risk,"high immediate campaign discount within 0-1 day: 505000, high credited campaign discount: 1015000, high referral count: 21, "
U041261,1015000,25,25,25,2022-06-21 03:09:30,2022-06-25 03:15:00,0,0,0,,,22,2022-06-21 03:33:19,2022-06-25 02:46:43,1,1,10,0,3,2,0,0,2,7,High risk,"high credited campaign discount: 1015000, high referral count: 22, reciprocal transfer loop with 10 partner(s), "
U035876,1005000,23,23,23,2022-06-26 09:50:36,2022-07-12 11:15:01,0,0,0,,,20,2022-07-08 11:14:35,2022-07-12 10:49:05,1,29,2,0,3,2,0,1,1,7,High risk,"high credited campaign discount: 1005000, high referral count: 20, shared IP used by 29 users, reciprocal transfer loop with 2 partner(s), "
U004829,1000000,20,20,20,2022-07-01 11:45:01,2022-07-30 12:15:01,0,0,0,,,27,2022-07-01 11:20:24,2022-07-30 11:49:47,1,5,4,0,3,2,0,0,2,7,High risk,"high credited campaign discount: 1000000, high referral count: 27, reciprocal transfer loop with 4 partner(s), "
U008723,1000000,20,20,20,2022-07-17 22:26:55,2022-07-20 16:45:01,0,0,0,,,20,2022-07-17 22:25:43,2022-07-20 16:20:42,1,24,1,0,3,2,0,1,1,7,High risk,"high credited campaign discount: 1000000, high referral count: 20, shared IP used by 24 users, reciprocal transfer loop with 1 partner(s), "
U010199,1000000,20,20,20,2022-06-14 21:15:00,2022-07-01 21:30:01,0,0,0,,,33,2022-06-14 20:49:32,2022-07-01 21:08:27,1,3,3,0,3,2,0,0,2,7,High risk,"high credited campaign discount: 1000000, high referral count: 33, reciprocal transfer loop with 3 partner(s), "
U011113,1000000,20,20,20,2022-07-26 10:41:25,2022-07-27 18:45:05,0,0,0,,,20,2022-07-26 10:26:03,2022-07-27 18:22:54,1,1,23,0,3,2,0,0,2,7,High risk,"high credited campaign discount: 1000000, high referral count: 20, reciprocal transfer loop with 23 partner(s), "
U019613,1000000,20,20,20,2022-07-22 13:15:01,2022-07-24 23:15:00,550000,11,11,2022-07-22 13:15:01,2022-07-22 16:00:02,20,2022-07-22 12:42:56,2022-07-24 22:43:05,0,0,0,2,3,2,0,0,0,7,High risk,"high immediate campaign discount within 0-1 day: 550000, high credited campaign discount: 1000000, high referral count: 20, "
U024448,1000000,20,20,20,2022-07-15 07:10:57,2022-07-16 11:11:26,700000,14,14,2022-07-15 07:10:57,2022-07-15 23:26:19,21,2022-07-15 06:56:34,2022-07-16 07:14:28,0,0,0,2,3,2,0,0,0,7,High risk,"high immediate campaign discount within 0-1 day: 700000, high credited campaign discount: 1000000, high referral count: 21, "
U025328,1000000,20,20,20,2022-07-16 15:14:06,2022-07-18 14:01:03,550000,11,11,2022-07-16 15:14:06,2022-07-16 21:30:31,20,2022-07-16 15:10:57,2022-07-18 14:00:51,0,0,0,2,3,2,0,0,0,7,High risk,"high immediate campaign discount within 0-1 day: 550000, high credited campaign discount: 1000000, high referral count: 20, "
U029229,1000000,20,20,20,2022-06-19 13:32:53,2022-06-21 15:04:35,650000,13,13,2022-06-19 13:32:53,2022-06-20 11:34:06,20,2022-06-19 13:31:21,2022-06-21 15:04:15,0,0,0,2,3,2,0,0,0,7,High risk,"high immediate campaign discount within 0-1 day: 650000, high credited campaign discount: 1000000, high referral count: 20, "
U036070,1000000,20,20,20,2022-07-20 22:33:43,2022-07-22 16:52:20,600000,12,12,2022-07-20 22:33:43,2022-07-21 22:14:56,32,2022-07-20 22:31:44,2022-07-22 16:51:05,0,0,0,2,3,2,0,0,0,7,High risk,"high immediate campaign discount within 0-1 day: 600000, high credited campaign discount: 1000000, high referral count: 32, "
U040038,1000000,20,20,20,2022-06-10 15:30:00,2022-06-14 16:31:21,0,0,0,,,20,2022-06-10 15:01:04,2022-06-14 16:29:52,3,5,12,0,3,2,0,0,2,7,High risk,"high credited campaign discount: 1000000, high referral count: 20, reciprocal transfer loop with 12 partner(s), "
U041616,1000000,20,20,20,2022-07-18 10:57:13,2022-07-19 19:14:38,0,0,0,,,20,2022-07-18 10:36:58,2022-07-19 19:13:58,1,24,2,0,3,2,0,1,1,7,High risk,"high credited campaign discount: 1000000, high referral count: 20, shared IP used by 24 users, reciprocal transfer loop with 2 partner(s), "
U042125,1000000,20,20,20,2022-07-12 13:29:16,2022-07-12 21:57:12,0,0,0,,,21,2022-07-12 13:27:53,2022-07-12 21:56:55,1,3,15,0,3,2,0,0,2,7,High risk,"high credited campaign discount: 1000000, high referral count: 21, reciprocal transfer loop with 15 partner(s), "
U043279,1000000,20,20,20,2022-07-29 10:29:13,2022-08-01 14:19:09,900000,18,18,2022-07-29 10:29:13,2022-07-29 17:26:48,22,2022-07-29 10:06:59,2022-07-29 17:33:41,0,0,0,2,3,2,0,0,0,7,High risk,"high immediate campaign discount within 0-1 day: 900000, high credited campaign discount: 1000000, high referral count: 22, "
U053789,1000000,20,20,20,2022-06-12 21:07:35,2022-07-04 23:30:00,0,0,0,,,22,2022-06-12 20:28:55,2022-07-04 23:07:17,2,4,5,0,3,2,0,0,2,7,High risk,"high credited campaign discount: 1000000, high referral count: 22, reciprocal transfer loop with 5 partner(s), "
U057057,1000000,20,20,20,2022-07-17 21:45:00,2022-07-20 00:00:02,500000,10,10,2022-07-17 21:45:00,2022-07-18 23:15:01,21,2022-07-17 21:12:26,2022-07-19 23:35:45,0,0,0,2,3,2,0,0,0,7,High risk,"high immediate campaign discount within 0-1 day: 500000, high credited campaign discount: 1000000, high referral count: 21, "
U059801,1000000,20,20,20,2022-07-13 15:30:03,2022-07-13 21:00:00,0,0,0,,,20,2022-07-13 15:07:04,2022-07-13 20:29:40,0,0,31,0,3,2,0,0,2,7,High risk,"high credited campaign discount: 1000000, high referral count: 20, reciprocal transfer loop with 31 partner(s), "
U065362,1000000,20,20,20,2022-06-18 14:45:00,2022-06-23 10:45:00,0,0,0,,,22,2022-06-18 14:18:50,2022-06-23 10:15:34,1,6,4,0,3,2,0,0,2,7,High risk,"high credited campaign discount: 1000000, high referral count: 22, reciprocal transfer loop with 4 partner(s), "
U069003,1000000,20,20,20,2022-07-27 11:45:02,2022-07-28 22:45:00,0,0,0,,,22,2022-07-27 10:31:15,2022-07-28 22:14:39,1,3,36,0,3,2,0,0,2,7,High risk,"high credited campaign discount: 1000000, high referral count: 22, reciprocal transfer loop with 36 partner(s), "
U073188,1000000,20,20,20,2022-07-21 22:03:43,2022-07-23 22:31:40,600000,12,12,2022-07-21 22:03:43,2022-07-22 22:45:01,21,2022-07-21 22:01:45,2022-07-23 22:30:57,0,0,0,2,3,2,0,0,0,7,High risk,"high immediate campaign discount within 0-1 day: 600000, high credited campaign discount: 1000000, high referral count: 21, "
U073465,1000000,20,20,20,2022-07-06 20:52:04,2022-07-07 17:20:22,500000,10,10,2022-07-06 20:52:04,2022-07-06 22:19:40,21,2022-07-06 20:49:29,2022-07-07 17:19:33,0,0,0,2,3,2,0,0,0,7,High risk,"high immediate campaign discount within 0-1 day: 500000, high credited campaign discount: 1000000, high referral count: 21, "
U082909,1000000,20,20,20,2022-07-10 14:45:01,2022-07-11 23:00:02,0,0,0,,,20,2022-07-10 14:20:50,2022-07-11 22:38:20,1,1,11,0,3,2,0,0,2,7,High risk,"high credited campaign discount: 1000000, high referral count: 20, reciprocal transfer loop with 11 partner(s), "
U088336,1000000,20,20,20,2022-07-11 21:23:36,2022-07-14 15:30:13,600000,12,12,2022-07-11 21:23:36,2022-07-12 22:10:40,21,2022-07-11 21:20:48,2022-07-14 15:29:11,0,0,0,2,3,2,0,0,0,7,High risk,"high immediate campaign discount within 0-1 day: 600000, high credited campaign discount: 1000000, high referral count: 21, "
U000776,955000,22,22,22,2022-06-17 11:15:01,2022-06-22 12:25:45,805000,17,17,2022-06-17 11:15:01,2022-06-18 19:30:00,20,2022-06-17 10:43:14,2022-06-19 15:12:14,1,11,2,2,2,2,0,0,1,7,High risk,"high immediate campaign discount within 0-1 day: 805000, high credited campaign discount: 955000, high referral count: 20, reciprocal transfer loop with 2 partner(s), "
U024927,950000,19,19,19,2022-06-30 18:09:53,2022-07-04 01:29:51,0,0,0,,,20,2022-06-30 18:06:47,2022-07-04 01:26:58,1,23,17,0,2,2,0,1,2,7,High risk,"high credited campaign discount: 950000, high referral count: 20, shared IP used by 23 users, reciprocal transfer loop with 17 partner(s), "
U089549,950000,19,19,19,2022-06-30 07:30:00,2022-07-02 12:30:02,0,0,0,,,20,2022-06-30 06:51:05,2022-07-02 12:14:27,3,23,28,0,2,2,0,1,2,7,High risk,"high credited campaign discount: 950000, high referral count: 20, shared IP used by 23 users, reciprocal transfer loop with 28 partner(s), "
U087157,915000,22,22,22,2022-06-14 17:46:35,2022-06-25 02:19:36,0,0,0,,,26,2022-06-15 12:05:06,2022-06-20 18:53:20,11,8,1,0,2,2,2,0,1,7,High risk,"high credited campaign discount: 915000, high referral count: 26, shared device used by 11 users, reciprocal transfer loop with 1 partner(s), "
U085706,900000,18,18,18,2022-07-11 19:41:03,2022-07-26 14:31:51,0,0,0,,,20,2022-07-11 18:49:56,2022-07-27 14:51:49,6,4,13,0,2,2,1,0,2,7,High risk,"high credited campaign discount: 900000, high referral count: 20, shared device used by 6 users, reciprocal transfer loop with 13 partner(s), "
U083424,875000,21,21,21,2022-06-29 10:21:08,2022-07-15 14:45:00,0,0,0,,,20,2022-07-12 13:40:04,2022-07-15 14:20:06,1,29,3,0,2,2,0,1,2,7,High risk,"high credited campaign discount: 875000, high referral count: 20, shared IP used by 29 users, reciprocal transfer loop with 3 partner(s), "
U054458,865000,20,20,20,2022-06-23 19:08:06,2022-06-28 20:10:55,785000,16,16,2022-06-23 19:08:06,2022-06-24 15:30:00,21,2022-06-24 08:17:11,2022-06-24 15:03:07,1,7,1,2,2,2,0,0,1,7,High risk,"high immediate campaign discount within 0-1 day: 785000, high credited campaign discount: 865000, high referral count: 21, reciprocal transfer loop with 1 partner(s), "
U001856,850000,17,17,17,2022-07-14 20:19:57,2022-07-20 20:02:51,0,0,0,,,22,2022-07-14 18:49:49,2022-07-20 23:16:14,6,3,19,0,2,2,1,0,2,7,High risk,"high credited campaign discount: 850000, high referral count: 22, shared device used by 6 users, reciprocal transfer loop with 19 partner(s), "
U007620,850000,17,17,17,2022-07-20 23:45:00,2022-07-24 22:34:57,200000,4,4,2022-07-20 23:45:00,2022-07-21 23:15:04,24,2022-07-20 16:59:56,2022-07-24 22:34:08,6,5,13,0,2,2,1,0,2,7,High risk,"high credited campaign discount: 850000, high referral count: 24, shared device used by 6 users, reciprocal transfer loop with 13 partner(s), "
U070743,850000,17,17,17,2022-06-24 22:30:00,2022-06-26 15:00:02,0,0,0,,,20,2022-06-24 22:00:45,2022-06-26 14:40:58,1,23,30,0,2,2,0,1,2,7,High risk,"high credited campaign discount: 850000, high referral count: 20, shared IP used by 23 users, reciprocal transfer loop with 30 partner(s), "
U069099,835000,22,22,22,2022-06-15 19:56:23,2022-07-05 12:00:25,0,0,0,,,20,2022-07-04 18:24:35,2022-07-05 11:59:14,3,36,24,0,2,2,0,1,2,7,High risk,"high credited campaign discount: 835000, high referral count: 20, shared IP used by 36 users, reciprocal transfer loop with 24 partner(s), "
U033494,670000,16,16,16,2022-07-06 17:08:00,2022-07-07 22:08:34,670000,16,16,2022-07-06 17:08:00,2022-07-07 22:08:34,23,2022-07-06 16:53:22,2022-07-30 14:22:11,1,4,1,2,2,2,0,0,1,7,High risk,"high immediate campaign discount within 0-1 day: 670000, high credited campaign discount: 670000, high referral count: 23, reciprocal transfer loop with 1 partner(s), "
U047040,1265000,30,30,30,2022-06-09 18:32:54,2022-06-12 19:31:33,0,0,0,,,20,2022-06-12 14:17:42,2022-06-12 17:46:45,1,8,1,0,3,2,0,0,1,6,Medium risk,"high credited campaign discount: 1265000, high referral count: 20, reciprocal transfer loop with 1 partner(s), "
U003807,1245000,30,30,30,2022-06-11 13:02:28,2022-06-17 18:28:46,155000,7,7,2022-06-11 13:02:28,2022-06-11 14:08:49,20,2022-06-16 13:23:03,2022-06-17 18:28:16,1,3,1,0,3,2,0,0,1,6,Medium risk,"high credited campaign discount: 1245000, high referral count: 20, reciprocal transfer loop with 1 partner(s), "
U065270,1200000,31,31,31,2022-07-12 12:13:45,2022-07-17 08:51:11,0,0,0,,,20,2022-07-12 17:08:00,2022-07-15 12:24:27,1,12,1,0,3,2,0,0,1,6,Medium risk,"high credited campaign discount: 1200000, high referral count: 20, reciprocal transfer loop with 1 partner(s), "
U000124,1195000,28,28,28,2022-06-06 17:57:59,2022-06-14 12:02:22,0,0,0,,,20,2022-06-07 09:58:33,2022-06-14 12:02:05,1,10,1,0,3,2,0,0,1,6,Medium risk,"high credited campaign discount: 1195000, high referral count: 20, reciprocal transfer loop with 1 partner(s), "
U037953,1165000,27,27,27,2022-06-10 18:13:52,2022-07-03 22:42:21,75000,3,3,2022-06-10 18:13:52,2022-06-10 18:25:47,21,2022-07-01 15:20:18,2022-07-03 22:40:58,1,13,2,0,3,2,0,0,1,6,Medium risk,"high credited campaign discount: 1165000, high referral count: 21, reciprocal transfer loop with 2 partner(s), "
U074974,1165000,28,28,28,2022-06-09 15:48:15,2022-06-13 13:45:01,0,0,0,,,21,2022-06-12 07:54:56,2022-06-13 13:21:26,1,9,1,0,3,2,0,0,1,6,Medium risk,"high credited campaign discount: 1165000, high referral count: 21, reciprocal transfer loop with 1 partner(s), "
U060467,1155000,26,26,26,2022-07-22 15:57:03,2022-07-23 22:45:02,0,0,0,,,20,2022-07-22 19:17:56,2022-07-23 22:28:18,1,2,1,0,3,2,0,0,1,6,Medium risk,"high credited campaign discount: 1155000, high referral count: 20, reciprocal transfer loop with 1 partner(s), "
U068519,1155000,26,26,26,2022-07-12 20:10:10,2022-07-21 00:39:51,155000,6,6,2022-07-12 20:10:10,2022-07-13 10:25:02,20,2022-07-18 19:25:44,2022-07-21 00:39:13,1,3,1,0,3,2,0,0,1,6,Medium risk,"high credited campaign discount: 1155000, high referral count: 20, reciprocal transfer loop with 1 partner(s), "
U087282,1155000,26,26,26,2022-07-08 13:08:27,2022-07-31 13:14:40,0,0,0,,,21,2022-07-12 19:00:02,2022-07-31 13:13:25,1,4,1,0,3,2,0,0,1,6,Medium risk,"high credited campaign discount: 1155000, high referral count: 21, reciprocal transfer loop with 1 partner(s), "
U070036,1145000,26,26,26,2022-06-03 14:30:39,2022-06-07 09:40:13,0,0,0,,,20,2022-06-04 08:45:23,2022-06-07 09:39:55,1,4,1,0,3,2,0,0,1,6,Medium risk,"high credited campaign discount: 1145000, high referral count: 20, reciprocal transfer loop with 1 partner(s), "
U023078,1135000,26,26,26,2022-07-04 19:45:03,2022-07-07 10:48:33,0,0,0,,,27,2022-07-04 19:42:09,2022-07-07 10:48:15,1,10,1,0,3,2,0,0,1,6,Medium risk,"high credited campaign discount: 1135000, high referral count: 27, reciprocal transfer loop with 1 partner(s), "
U031951,1135000,26,26,26,2022-06-03 10:30:00,2022-06-14 20:46:07,0,0,0,,,21,2022-06-03 10:00:39,2022-06-10 11:12:00,1,2,1,0,3,2,0,0,1,6,Medium risk,"high credited campaign discount: 1135000, high referral count: 21, reciprocal transfer loop with 1 partner(s), "
U000472,1110000,26,26,26,2022-06-05 22:37:20,2022-06-14 00:28:28,40000,1,1,2022-06-05 22:37:20,2022-06-05 22:37:20,23,2022-06-08 06:07:07,2022-06-12 20:06:58,1,15,2,0,3,2,0,0,1,6,Medium risk,"high credited campaign discount: 1110000, high referral count: 23, reciprocal transfer loop with 2 partner(s), "
U037989,1105000,25,25,25,2022-06-13 21:26:55,2022-06-18 20:46:11,0,0,0,,,20,2022-06-13 21:22:20,2022-06-17 20:00:37,3,4,1,0,3,2,0,0,1,6,Medium risk,"high credited campaign discount: 1105000, high referral count: 20, reciprocal transfer loop with 1 partner(s), "
U049702,1105000,24,24,24,2022-06-21 21:13:22,2022-07-16 13:31:00,0,0,0,,,25,2022-07-15 09:46:57,2022-07-16 13:28:08,1,5,1,0,3,2,0,0,1,6,Medium risk,"high credited campaign discount: 1105000, high referral count: 25, reciprocal transfer loop with 1 partner(s), "
U053434,1100000,24,24,24,2022-07-13 10:30:36,2022-07-21 23:26:37,0,0,0,,,22,2022-07-19 14:58:55,2022-07-21 23:25:54,1,3,1,0,3,2,0,0,1,6,Medium risk,"high credited campaign discount: 1100000, high referral count: 22, reciprocal transfer loop with 1 partner(s), "
U060923,1095000,23,23,23,2022-07-04 23:24:09,2022-07-30 23:52:33,95000,3,3,2022-07-04 23:24:09,2022-07-05 18:39:08,20,2022-07-30 12:07:27,2022-07-30 23:50:22,1,5,1,0,3,2,0,0,1,6,Medium risk,"high credited campaign discount: 1095000, high referral count: 20, reciprocal transfer loop with 1 partner(s), "
U033356,1090000,23,23,23,2022-06-02 00:33:32,2022-06-11 11:38:24,0,0,0,,,46,2022-06-02 10:34:53,2022-06-09 08:31:13,1,12,1,0,3,2,0,0,1,6,Medium risk,"high credited campaign discount: 1090000, high referral count: 46, reciprocal transfer loop with 1 partner(s), "
U024793,1085000,24,24,24,2022-07-15 13:47:41,2022-07-24 17:42:35,0,0,0,,,22,2022-07-21 22:45:55,2022-07-24 17:41:46,1,3,1,0,3,2,0,0,1,6,Medium risk,"high credited campaign discount: 1085000, high referral count: 22, reciprocal transfer loop with 1 partner(s), "
U033317,1075000,25,25,25,2022-06-23 19:03:56,2022-07-11 15:46:57,0,0,0,,,21,2022-07-04 08:36:51,2022-07-11 15:45:48,1,9,1,0,3,2,0,0,1,6,Medium risk,"high credited campaign discount: 1075000, high referral count: 21, reciprocal transfer loop with 1 partner(s), "
U028678,1065000,23,23,23,2022-06-24 20:43:07,2022-06-28 15:27:39,0,0,0,,,22,2022-06-25 15:19:56,2022-06-28 20:06:02,1,2,1,0,3,2,0,0,1,6,Medium risk,"high credited campaign discount: 1065000, high referral count: 22, reciprocal transfer loop with 1 partner(s), "
U063663,1065000,24,24,24,2022-06-12 12:50:10,2022-06-24 09:15:00,115000,5,5,2022-06-12 12:50:10,2022-06-12 12:58:33,20,2022-06-20 18:52:54,2022-06-24 08:50:01,2,7,1,0,3,2,0,0,1,6,Medium risk,"high credited campaign discount: 1065000, high referral count: 20, reciprocal transfer loop with 1 partner(s), "
U089819,1065000,26,26,26,2022-06-07 09:01:54,2022-06-11 15:18:39,65000,2,2,2022-06-07 09:01:54,2022-06-07 09:05:45,22,2022-06-11 11:01:23,2022-06-11 15:19:41,1,11,1,0,3,2,0,0,1,6,Medium risk,"high credited campaign discount: 1065000, high referral count: 22, reciprocal transfer loop with 1 partner(s), "
U000114,1045000,24,24,24,2022-07-28 18:30:04,2022-07-29 10:09:35,0,0,0,,,18,2022-07-28 18:16:23,2022-07-28 22:07:58,2,75,1,0,3,0,0,2,1,6,Medium risk,"high credited campaign discount: 1045000, shared IP used by 75 users, reciprocal transfer loop with 1 partner(s), "
U000734,1045000,24,24,24,2022-06-04 11:55:57,2022-06-06 18:30:00,0,0,0,,,21,2022-06-04 11:44:50,2022-06-06 18:09:51,1,15,1,0,3,2,0,0,1,6,Medium risk,"high credited campaign discount: 1045000, high referral count: 21, reciprocal transfer loop with 1 partner(s), "
U040616,1045000,22,22,22,2022-06-14 15:27:14,2022-06-18 22:25:51,0,0,0,,,20,2022-06-14 16:06:41,2022-06-18 22:25:39,1,16,1,0,3,2,0,0,1,6,Medium risk,"high credited campaign discount: 1045000, high referral count: 20, reciprocal transfer loop with 1 partner(s), "
U059183,1040000,21,21,21,2022-07-11 12:46:42,2022-07-31 14:58:06,40000,1,1,2022-07-11 12:46:42,2022-07-11 12:46:42,21,2022-07-13 21:13:38,2022-07-31 14:53:54,1,3,1,0,3,2,0,0,1,6,Medium risk,"high credited campaign discount: 1040000, high referral count: 21, reciprocal transfer loop with 1 partner(s), "
U000401,1035000,21,21,21,2022-07-15 16:21:45,2022-07-24 23:23:22,35000,1,1,2022-07-15 16:21:45,2022-07-15 16:21:45,22,2022-07-22 23:02:09,2022-07-24 23:22:04,1,4,1,0,3,2,0,0,1,6,Medium risk,"high credited campaign discount: 1035000, high referral count: 22, reciprocal transfer loop with 1 partner(s), "
U090465,1035000,21,21,21,2022-06-09 06:11:49,2022-06-30 22:15:07,0,0,0,,,32,2022-06-15 20:55:21,2022-06-30 21:53:50,1,2,1,0,3,2,0,0,1,6,Medium risk,"high credited campaign discount: 1035000, high referral count: 32, reciprocal transfer loop with 1 partner(s), "
U060365,1025000,23,23,23,2022-06-06 09:44:47,2022-06-11 16:15:01,125000,5,5,2022-06-06 09:44:47,2022-06-06 17:29:47,24,2022-06-08 11:22:59,2022-06-11 17:30:05,1,4,1,0,3,2,0,0,1,6,Medium risk,"high credited campaign discount: 1025000, high referral count: 24, reciprocal transfer loop with 1 partner(s), "
U032648,1005000,23,23,23,2022-06-18 14:30:01,2022-06-22 12:28:31,435000,9,9,2022-06-18 14:30:01,2022-06-19 15:43:20,21,2022-06-18 14:05:11,2022-06-25 15:47:43,1,8,1,0,3,2,0,0,1,6,Medium risk,"high credited campaign discount: 1005000, high referral count: 21, reciprocal transfer loop with 1 partner(s), "
U002104,1000000,20,20,20,2022-06-12 15:30:00,2022-06-25 08:30:00,0,0,0,,,24,2022-06-12 14:01:02,2022-06-25 07:59:11,1,3,1,0,3,2,0,0,1,6,Medium risk,"high credited campaign discount: 1000000, high referral count: 24, reciprocal transfer loop with 1 partner(s), "
U011789,1000000,20,20,20,2022-06-09 20:21:12,2022-06-17 23:30:00,0,0,0,,,82,2022-06-08 15:38:21,2022-06-17 23:03:31,0,0,1,0,3,2,0,0,1,6,Medium risk,"high credited campaign discount: 1000000, high referral count: 82, reciprocal transfer loop with 1 partner(s), "
U013491,1000000,20,20,20,2022-07-21 13:15:02,2022-07-24 11:00:00,0,0,0,,,20,2022-07-21 12:50:30,2022-07-24 10:34:00,0,1,1,0,3,2,0,0,1,6,Medium risk,"high credited campaign discount: 1000000, high referral count: 20, reciprocal transfer loop with 1 partner(s), "
U026388,1000000,20,20,20,2022-06-05 16:30:01,2022-08-01 11:15:01,0,0,0,,,26,2022-06-05 16:06:23,2022-08-01 10:47:39,1,2,2,0,3,2,0,0,1,6,Medium risk,"high credited campaign discount: 1000000, high referral count: 26, reciprocal transfer loop with 2 partner(s), "
U027397,1000000,20,20,20,2022-06-28 13:14:02,2022-06-29 12:15:02,0,0,0,,,20,2022-06-28 13:11:10,2022-06-29 11:54:55,1,5,1,0,3,2,0,0,1,6,Medium risk,"high credited campaign discount: 1000000, high referral count: 20, reciprocal transfer loop with 1 partner(s), "
U029068,1000000,20,20,20,2022-06-14 11:00:02,2022-06-21 11:15:02,200000,4,4,2022-06-14 11:00:02,2022-06-14 17:00:00,21,2022-06-14 10:02:08,2022-06-21 10:55:04,0,0,1,0,3,2,0,0,1,6,Medium risk,"high credited campaign discount: 1000000, high referral count: 21, reciprocal transfer loop with 1 partner(s), "
U030436,1000000,20,20,20,2022-07-24 11:15:00,2022-07-30 15:00:00,0,0,0,,,20,2022-07-24 10:23:15,2022-07-30 14:30:12,1,2,1,0,3,2,0,0,1,6,Medium risk,"high credited campaign discount: 1000000, high referral count: 20, reciprocal transfer loop with 1 partner(s), "
U034071,1000000,20,20,20,2022-06-01 18:26:32,2022-06-12 18:10:03,0,0,0,,,22,2022-06-01 17:38:23,2022-06-12 18:09:40,0,22,0,0,3,2,0,1,0,6,Medium risk,"high credited campaign discount: 1000000, high referral count: 22, shared IP used by 22 users, "
U041604,1000000,20,20,20,2022-07-27 13:42:03,2022-07-29 19:40:59,350000,7,7,2022-07-27 13:42:03,2022-07-27 16:21:18,20,2022-07-27 13:14:53,2022-07-29 19:30:03,1,5,2,0,3,2,0,0,1,6,Medium risk,"high credited campaign discount: 1000000, high referral count: 20, reciprocal transfer loop with 2 partner(s), "
U043548,1000000,20,20,20,2022-06-20 19:15:00,2022-07-01 15:15:00,0,0,0,,,22,2022-06-20 18:49:16,2022-07-01 14:42:42,1,2,1,0,3,2,0,0,1,6,Medium risk,"high credited campaign discount: 1000000, high referral count: 22, reciprocal transfer loop with 1 partner(s), "
U045205,1000000,20,20,20,2022-07-02 22:44:25,2022-07-05 22:48:02,350000,7,7,2022-07-02 22:44:25,2022-07-03 10:52:01,22,2022-07-02 22:42:32,2022-07-05 22:47:46,0,3,1,0,3,2,0,0,1,6,Medium risk,"high credited campaign discount: 1000000, high referral count: 22, reciprocal transfer loop with 1 partner(s), "
U046990,1000000,20,20,20,2022-07-11 22:41:29,2022-07-12 13:01:04,0,0,0,,,20,2022-07-11 22:40:18,2022-07-12 13:00:47,1,36,0,0,3,2,0,1,0,6,Medium risk,"high credited campaign discount: 1000000, high referral count: 20, shared IP used by 36 users, "
U049154,1000000,20,20,20,2022-06-02 11:00:00,2022-06-09 11:15:00,0,0,0,,,25,2022-06-02 10:23:37,2022-06-09 10:44:49,0,0,1,0,3,2,0,0,1,6,Medium risk,"high credited campaign discount: 1000000, high referral count: 25, reciprocal transfer loop with 1 partner(s), "
U051431,1000000,20,20,20,2022-07-24 23:06:44,2022-07-27 19:06:13,0,0,0,,,21,2022-07-24 20:46:03,2022-07-27 19:03:33,1,3,2,0,3,2,0,0,1,6,Medium risk,"high credited campaign discount: 1000000, high referral count: 21, reciprocal transfer loop with 2 partner(s), "
U056160,1000000,20,20,20,2022-06-06 17:45:00,2022-06-18 09:05:01,0,0,0,,,54,2022-06-06 17:12:35,2022-06-18 08:11:58,1,1,2,0,3,2,0,0,1,6,Medium risk,"high credited campaign discount: 1000000, high referral count: 54, reciprocal transfer loop with 2 partner(s), "
U061479,1000000,20,20,20,2022-06-29 01:58:05,2022-07-24 18:18:42,0,0,0,,,43,2022-06-28 12:03:48,2022-07-24 18:00:45,1,2,2,0,3,2,0,0,1,6,Medium risk,"high credited campaign discount: 1000000, high referral count: 43, reciprocal transfer loop with 2 partner(s), "
U068741,1000000,20,20,20,2022-06-28 18:19:47,2022-06-29 18:15:01,0,0,0,,,20,2022-06-28 18:07:21,2022-06-29 17:52:56,1,36,0,0,3,2,0,1,0,6,Medium risk,"high credited campaign discount: 1000000, high referral count: 20, shared IP used by 36 users, "
U075896,1000000,20,20,20,2022-07-29 17:11:12,2022-07-29 21:43:31,0,0,0,,,20,2022-07-29 14:31:42,2022-07-29 21:42:02,1,1,1,0,3,2,0,0,1,6,Medium risk,"high credited campaign discount: 1000000, high referral count: 20, reciprocal transfer loop with 1 partner(s), "
U077504,1000000,20,20,20,2022-06-15 22:11:35,2022-06-27 18:00:01,0,0,0,,,63,2022-06-15 16:04:27,2022-07-09 20:04:00,1,1,1,0,3,2,0,0,1,6,Medium risk,"high credited campaign discount: 1000000, high referral count: 63, reciprocal transfer loop with 1 partner(s), "
U078360,1000000,20,20,20,2022-06-27 08:45:00,2022-07-04 11:30:02,0,0,0,,,20,2022-06-27 08:14:39,2022-07-04 11:06:43,1,2,1,0,3,2,0,0,1,6,Medium risk,"high credited campaign discount: 1000000, high referral count: 20, reciprocal transfer loop with 1 partner(s), "
U080778,1000000,20,20,20,2022-06-17 19:24:14,2022-06-18 22:45:00,0,0,0,,,20,2022-06-17 19:20:25,2022-06-18 22:30:48,1,2,1,0,3,2,0,0,1,6,Medium risk,"high credited campaign discount: 1000000, high referral count: 20, reciprocal transfer loop with 1 partner(s), "
U081308,1000000,20,20,20,2022-07-08 19:18:35,2022-07-11 10:15:01,0,0,0,,,20,2022-07-08 19:05:50,2022-07-11 09:49:02,1,2,2,0,3,2,0,0,1,6,Medium risk,"high credited campaign discount: 1000000, high referral count: 20, reciprocal transfer loop with 2 partner(s), "
U081841,1000000,20,20,20,2022-07-24 23:52:53,2022-07-26 23:30:03,0,0,0,,,20,2022-07-24 23:50:27,2022-07-26 23:09:18,1,3,1,0,3,2,0,0,1,6,Medium risk,"high credited campaign discount: 1000000, high referral count: 20, reciprocal transfer loop with 1 partner(s), "
U090381,1000000,20,20,20,2022-06-22 08:45:00,2022-06-26 13:00:00,0,0,0,,,21,2022-06-22 08:22:08,2022-06-26 12:35:32,0,0,1,0,3,2,0,0,1,6,Medium risk,"high credited campaign discount: 1000000, high referral count: 21, reciprocal transfer loop with 1 partner(s), "
U006322,985000,20,20,20,2022-07-06 11:13:04,2022-07-12 13:41:43,785000,16,16,2022-07-06 11:13:04,2022-07-06 17:14:15,22,2022-07-06 13:59:13,2022-07-12 13:42:29,1,4,0,2,2,2,0,0,0,6,Medium risk,"high immediate campaign discount within 0-1 day: 785000, high credited campaign discount: 985000, high referral count: 22, "
U000483,950000,19,19,19,2022-07-25 10:30:00,2022-07-25 15:30:03,950000,19,19,2022-07-25 10:30:00,2022-07-25 15:30:03,20,2022-07-25 09:52:43,2022-07-25 15:07:41,0,0,0,2,2,2,0,0,0,6,Medium risk,"high immediate campaign discount within 0-1 day: 950000, high credited campaign discount: 950000, high referral count: 20, "
U003218,950000,19,19,19,2022-07-22 16:26:58,2022-07-23 14:44:50,950000,19,19,2022-07-22 16:26:58,2022-07-23 14:44:50,20,2022-07-22 16:03:23,2022-07-23 14:44:11,0,0,0,2,2,2,0,0,0,6,Medium risk,"high immediate campaign discount within 0-1 day: 950000, high credited campaign discount: 950000, high referral count: 20, "
U003541,950000,19,19,19,2022-06-20 16:45:01,2022-06-21 16:45:00,950000,19,19,2022-06-20 16:45:01,2022-06-21 16:45:00,22,2022-06-20 15:20:25,2022-06-21 16:14:05,1,1,0,2,2,2,0,0,0,6,Medium risk,"high immediate campaign discount within 0-1 day: 950000, high credited campaign discount: 950000, high referral count: 22, "
U003896,950000,19,19,19,2022-07-28 09:45:02,2022-07-28 12:00:01,950000,19,19,2022-07-28 09:45:02,2022-07-28 12:00:01,20,2022-07-28 09:20:16,2022-07-28 11:33:23,0,0,0,2,2,2,0,0,0,6,Medium risk,"high immediate campaign discount within 0-1 day: 950000, high credited campaign discount: 950000, high referral count: 20, "
U007927,950000,19,19,19,2022-06-06 07:18:50,2022-06-14 11:33:47,800000,16,16,2022-06-06 07:18:50,2022-06-06 18:45:01,22,2022-06-05 08:19:57,2022-06-14 11:33:12,0,0,0,2,2,2,0,0,0,6,Medium risk,"high immediate campaign discount within 0-1 day: 800000, high credited campaign discount: 950000, high referral count: 22, "
U008820,950000,19,19,19,2022-06-13 11:30:00,2022-06-21 16:30:01,650000,13,13,2022-06-13 11:30:00,2022-06-14 17:30:00,23,2022-06-13 10:57:09,2022-06-21 16:09:46,1,2,0,2,2,2,0,0,0,6,Medium risk,"high immediate campaign discount within 0-1 day: 650000, high credited campaign discount: 950000, high referral count: 23, "
U009257,950000,19,19,19,2022-07-16 14:30:10,2022-07-16 17:56:24,950000,19,19,2022-07-16 14:30:10,2022-07-16 17:56:24,20,2022-07-16 14:18:14,2022-07-16 17:55:21,0,0,0,2,2,2,0,0,0,6,Medium risk,"high immediate campaign discount within 0-1 day: 950000, high credited campaign discount: 950000, high referral count: 20, "
U011568,950000,19,19,19,2022-07-09 14:17:11,2022-07-12 11:49:27,0,0,0,,,20,2022-07-09 14:14:29,2022-07-12 11:49:11,1,7,42,0,2,2,0,0,2,6,Medium risk,"high credited campaign discount: 950000, high referral count: 20, reciprocal transfer loop with 42 partner(s), "
U011706,950000,19,19,19,2022-07-28 21:38:09,2022-07-29 00:16:26,950000,19,19,2022-07-28 21:38:09,2022-07-29 00:16:26,24,2022-07-28 20:45:48,2022-07-29 00:20:03,0,0,0,2,2,2,0,0,0,6,Medium risk,"high immediate campaign discount within 0-1 day: 950000, high credited campaign discount: 950000, high referral count: 24, "
U012866,950000,19,19,19,2022-07-27 16:10:33,2022-07-27 17:23:13,950000,19,19,2022-07-27 16:10:33,2022-07-27 17:23:13,20,2022-07-27 15:27:10,2022-07-27 17:19:19,0,0,0,2,2,2,0,0,0,6,Medium risk,"high immediate campaign discount within 0-1 day: 950000, high credited campaign discount: 950000, high referral count: 20, "
U013116,950000,19,19,19,2022-07-24 11:40:10,2022-07-24 14:15:00,950000,19,19,2022-07-24 11:40:10,2022-07-24 14:15:00,20,2022-07-24 09:35:44,2022-07-24 13:47:02,0,0,0,2,2,2,0,0,0,6,Medium risk,"high immediate campaign discount within 0-1 day: 950000, high credited campaign discount: 950000, high referral count: 20, "
U016027,950000,19,19,19,2022-07-19 14:54:19,2022-07-19 17:40:48,950000,19,19,2022-07-19 14:54:19,2022-07-19 17:40:48,20,2022-07-19 14:20:33,2022-07-19 17:40:22,0,0,0,2,2,2,0,0,0,6,Medium risk,"high immediate campaign discount within 0-1 day: 950000, high credited campaign discount: 950000, high referral count: 20, "
U018464,950000,19,19,19,2022-07-25 21:28:41,2022-07-26 12:31:09,950000,19,19,2022-07-25 21:28:41,2022-07-26 12:31:09,20,2022-07-25 20:48:52,2022-07-26 11:49:21,0,0,0,2,2,2,0,0,0,6,Medium risk,"high immediate campaign discount within 0-1 day: 950000, high credited campaign discount: 950000, high referral count: 20, "
U019340,950000,19,19,19,2022-07-26 16:45:02,2022-07-26 19:30:00,950000,19,19,2022-07-26 16:45:02,2022-07-26 19:30:00,20,2022-07-26 16:19:15,2022-07-26 18:57:38,0,0,0,2,2,2,0,0,0,6,Medium risk,"high immediate campaign discount within 0-1 day: 950000, high credited campaign discount: 950000, high referral count: 20, "
U020151,950000,19,19,19,2022-07-14 10:25:40,2022-07-15 18:15:00,850000,17,17,2022-07-14 10:25:40,2022-07-14 20:59:44,20,2022-07-14 10:08:16,2022-07-15 17:18:40,0,0,0,2,2,2,0,0,0,6,Medium risk,"high immediate campaign discount within 0-1 day: 850000, high credited campaign discount: 950000, high referral count: 20, "
U020921,950000,19,19,19,2022-07-13 12:04:32,2022-07-13 16:15:00,950000,19,19,2022-07-13 12:04:32,2022-07-13 16:15:00,20,2022-07-13 10:17:01,2022-07-13 15:42:24,0,0,0,2,2,2,0,0,0,6,Medium risk,"high immediate campaign discount within 0-1 day: 950000, high credited campaign discount: 950000, high referral count: 20, "
U020933,950000,19,19,19,2022-07-17 22:01:36,2022-07-17 22:51:37,950000,19,19,2022-07-17 22:01:36,2022-07-17 22:51:37,20,2022-07-17 21:49:25,2022-07-17 22:51:01,0,0,0,2,2,2,0,0,0,6,Medium risk,"high immediate campaign discount within 0-1 day: 950000, high credited campaign discount: 950000, high referral count: 20, "
U021127,950000,19,19,19,2022-07-13 10:00:02,2022-07-13 14:15:01,950000,19,19,2022-07-13 10:00:02,2022-07-13 14:15:01,20,2022-07-13 09:38:56,2022-07-13 13:48:29,0,0,0,2,2,2,0,0,0,6,Medium risk,"high immediate campaign discount within 0-1 day: 950000, high credited campaign discount: 950000, high referral count: 20, "
U021998,950000,19,19,19,2022-07-21 13:15:00,2022-07-23 12:15:01,850000,17,17,2022-07-21 13:15:00,2022-07-22 23:15:00,20,2022-07-21 12:36:55,2022-07-23 11:50:36,0,0,0,2,2,2,0,0,0,6,Medium risk,"high immediate campaign discount within 0-1 day: 850000, high credited campaign discount: 950000, high referral count: 20, "
U022541,950000,19,19,19,2022-07-21 17:30:21,2022-07-21 18:45:13,950000,19,19,2022-07-21 17:30:21,2022-07-21 18:45:13,20,2022-07-21 17:17:07,2022-07-21 18:44:27,0,0,0,2,2,2,0,0,0,6,Medium risk,"high immediate campaign discount within 0-1 day: 950000, high credited campaign discount: 950000, high referral count: 20, "
U023415,950000,19,19,19,2022-07-28 17:00:01,2022-07-28 21:15:01,950000,19,19,2022-07-28 17:00:01,2022-07-28 21:15:01,20,2022-07-28 16:26:39,2022-07-28 20:51:45,0,0,0,2,2,2,0,0,0,6,Medium risk,"high immediate campaign discount within 0-1 day: 950000, high credited campaign discount: 950000, high referral count: 20, "
U025286,950000,19,19,19,2022-06-30 15:00:01,2022-07-01 16:45:00,950000,19,19,2022-06-30 15:00:01,2022-07-01 16:45:00,20,2022-06-30 14:38:40,2022-07-02 12:00:40,0,0,0,2,2,2,0,0,0,6,Medium risk,"high immediate campaign discount within 0-1 day: 950000, high credited campaign discount: 950000, high referral count: 20, "
U026241,950000,19,19,19,2022-07-20 17:45:02,2022-07-21 17:36:57,950000,19,19,2022-07-20 17:45:02,2022-07-21 17:36:57,21,2022-07-20 17:20:41,2022-07-21 17:02:09,0,0,0,2,2,2,0,0,0,6,Medium risk,"high immediate campaign discount within 0-1 day: 950000, high credited campaign discount: 950000, high referral count: 21, "
U026426,950000,19,19,19,2022-07-23 12:26:46,2022-07-24 09:16:25,750000,15,15,2022-07-23 12:26:46,2022-07-23 23:23:32,22,2022-07-23 12:14:40,2022-07-24 09:05:24,0,0,0,2,2,2,0,0,0,6,Medium risk,"high immediate campaign discount within 0-1 day: 750000, high credited campaign discount: 950000, high referral count: 22, "
U027368,950000,19,19,19,2022-07-14 13:00:02,2022-07-14 17:45:00,950000,19,19,2022-07-14 13:00:02,2022-07-14 17:45:00,20,2022-07-14 12:45:05,2022-07-14 17:24:15,0,0,0,2,2,2,0,0,0,6,Medium risk,"high immediate campaign discount within 0-1 day: 950000, high credited campaign discount: 950000, high referral count: 20, "
U028587,950000,19,19,19,2022-07-18 17:30:36,2022-07-18 18:28:45,950000,19,19,2022-07-18 17:30:36,2022-07-18 18:28:45,20,2022-07-18 17:23:10,2022-07-18 18:28:31,0,0,0,2,2,2,0,0,0,6,Medium risk,"high immediate campaign discount within 0-1 day: 950000, high credited campaign discount: 950000, high referral count: 20, "
U031353,950000,19,19,19,2022-07-09 19:47:09,2022-07-11 11:25:10,650000,13,13,2022-07-09 19:47:09,2022-07-10 22:38:05,22,2022-07-09 19:45:49,2022-07-11 11:24:55,0,0,0,2,2,2,0,0,0,6,Medium risk,"high immediate campaign discount within 0-1 day: 650000, high credited campaign discount: 950000, high referral count: 22, "
U033717,950000,19,19,19,2022-07-15 16:22:37,2022-07-15 17:17:30,950000,19,19,2022-07-15 16:22:37,2022-07-15 17:17:30,20,2022-07-15 16:17:39,2022-07-15 17:16:25,0,0,0,2,2,2,0,0,0,6,Medium risk,"high immediate campaign discount within 0-1 day: 950000, high credited campaign discount: 950000, high referral count: 20, "
U034729,950000,19,19,19,2022-07-26 10:00:01,2022-07-26 17:00:00,950000,19,19,2022-07-26 10:00:01,2022-07-26 17:00:00,22,2022-07-26 09:35:58,2022-07-26 16:27:33,0,0,0,2,2,2,0,0,0,6,Medium risk,"high immediate campaign discount within 0-1 day: 950000, high credited campaign discount: 950000, high referral count: 22, "
U036906,950000,19,19,19,2022-07-17 23:37:57,2022-07-18 00:25:14,950000,19,19,2022-07-17 23:37:57,2022-07-18 00:25:14,20,2022-07-17 23:24:43,2022-07-18 00:24:31,0,0,0,2,2,2,0,0,0,6,Medium risk,"high immediate campaign discount within 0-1 day: 950000, high credited campaign discount: 950000, high referral count: 20, "
U037447,950000,19,19,19,2022-07-11 11:21:06,2022-07-11 14:45:03,950000,19,19,2022-07-11 11:21:06,2022-07-11 14:45:03,20,2022-07-11 10:47:45,2022-07-11 14:31:41,0,0,0,2,2,2,0,0,0,6,Medium risk,"high immediate campaign discount within 0-1 day: 950000, high credited campaign discount: 950000, high referral count: 20, "
U038043,950000,19,19,19,2022-07-26 20:45:05,2022-07-27 09:30:02,950000,19,19,2022-07-26 20:45:05,2022-07-27 09:30:02,23,2022-07-26 20:22:09,2022-07-27 09:15:32,0,0,0,2,2,2,0,0,0,6,Medium risk,"high immediate campaign discount within 0-1 day: 950000, high credited campaign discount: 950000, high referral count: 23, "
U038566,950000,19,19,19,2022-07-26 12:30:03,2022-08-01 14:24:26,900000,18,18,2022-07-26 12:30:03,2022-07-27 13:00:00,21,2022-07-26 12:08:04,2022-07-27 12:37:03,1,1,0,2,2,2,0,0,0,6,Medium risk,"high immediate campaign discount within 0-1 day: 900000, high credited campaign discount: 950000, high referral count: 21, "
U038705,950000,19,19,19,2022-07-01 19:45:00,2022-07-02 00:43:54,950000,19,19,2022-07-01 19:45:00,2022-07-02 00:43:54,20,2022-07-01 19:11:46,2022-07-02 00:43:46,0,0,0,2,2,2,0,0,0,6,Medium risk,"high immediate campaign discount within 0-1 day: 950000, high credited campaign discount: 950000, high referral count: 20, "
U038779,950000,19,19,19,2022-07-26 16:01:40,2022-07-28 08:13:43,900000,18,18,2022-07-26 16:01:40,2022-07-27 20:08:58,31,2022-07-26 15:44:05,2022-07-28 07:44:08,0,0,0,2,2,2,0,0,0,6,Medium risk,"high immediate campaign discount within 0-1 day: 900000, high credited campaign discount: 950000, high referral count: 31, "
U039026,950000,19,19,19,2022-07-17 00:14:41,2022-07-17 14:39:40,950000,19,19,2022-07-17 00:14:41,2022-07-17 14:39:40,20,2022-07-16 23:55:07,2022-07-17 14:36:23,0,0,0,2,2,2,0,0,0,6,Medium risk,"high immediate campaign discount within 0-1 day: 950000, high credited campaign discount: 950000, high referral count: 20, "
U039052,950000,19,19,19,2022-07-12 15:30:00,2022-07-12 21:15:00,950000,19,19,2022-07-12 15:30:00,2022-07-12 21:15:00,20,2022-07-12 14:57:48,2022-07-12 20:42:53,0,0,0,2,2,2,0,0,0,6,Medium risk,"high immediate campaign discount within 0-1 day: 950000, high credited campaign discount: 950000, high referral count: 20, "
U040474,950000,19,19,19,2022-07-15 17:43:16,2022-07-16 12:48:19,950000,19,19,2022-07-15 17:43:16,2022-07-16 12:48:19,20,2022-07-15 17:27:45,2022-07-16 12:47:32,0,0,0,2,2,2,0,0,0,6,Medium risk,"high immediate campaign discount within 0-1 day: 950000, high credited campaign discount: 950000, high referral count: 20, "
U040848,950000,19,19,19,2022-07-15 11:14:55,2022-07-15 13:15:05,950000,19,19,2022-07-15 11:14:55,2022-07-15 13:15:05,20,2022-07-15 10:58:26,2022-07-15 13:01:59,0,0,0,2,2,2,0,0,0,6,Medium risk,"high immediate campaign discount within 0-1 day: 950000, high credited campaign discount: 950000, high referral count: 20, "
U041699,950000,19,19,19,2022-07-27 14:33:34,2022-07-27 21:32:52,950000,19,19,2022-07-27 14:33:34,2022-07-27 21:32:52,20,2022-07-27 14:11:12,2022-07-27 21:32:15,0,0,0,2,2,2,0,0,0,6,Medium risk,"high immediate campaign discount within 0-1 day: 950000, high credited campaign discount: 950000, high referral count: 20, "
U041765,950000,19,19,19,2022-07-26 09:23:02,2022-07-27 16:25:14,950000,19,19,2022-07-26 09:23:02,2022-07-27 16:25:14,20,2022-07-26 08:55:42,2022-07-27 16:24:27,0,0,0,2,2,2,0,0,0,6,Medium risk,"high immediate campaign discount within 0-1 day: 950000, high credited campaign discount: 950000, high referral count: 20, "
U041932,950000,19,19,19,2022-07-19 14:13:40,2022-07-19 16:15:01,950000,19,19,2022-07-19 14:13:40,2022-07-19 16:15:01,20,2022-07-19 13:29:17,2022-07-19 15:55:20,0,0,0,2,2,2,0,0,0,6,Medium risk,"high immediate campaign discount within 0-1 day: 950000, high credited campaign discount: 950000, high referral count: 20, "
U044121,950000,19,19,19,2022-07-19 11:30:00,2022-07-22 12:15:01,650000,13,13,2022-07-19 11:30:00,2022-07-20 15:15:02,20,2022-07-19 10:55:14,2022-07-22 11:55:39,1,3,0,2,2,2,0,0,0,6,Medium risk,"high immediate campaign discount within 0-1 day: 650000, high credited campaign discount: 950000, high referral count: 20, "
U044609,950000,19,19,19,2022-08-01 12:03:55,2022-08-01 14:09:14,950000,19,19,2022-08-01 12:03:55,2022-08-01 14:09:14,29,2022-08-01 11:28:18,2022-08-01 15:59:35,0,0,0,2,2,2,0,0,0,6,Medium risk,"high immediate campaign discount within 0-1 day: 950000, high credited campaign discount: 950000, high referral count: 29, "
U044753,950000,19,19,19,2022-07-23 12:00:20,2022-07-23 14:15:01,950000,19,19,2022-07-23 12:00:20,2022-07-23 14:15:01,21,2022-07-23 11:58:57,2022-07-23 13:47:04,0,0,0,2,2,2,0,0,0,6,Medium risk,"high immediate campaign discount within 0-1 day: 950000, high credited campaign discount: 950000, high referral count: 21, "
U045153,950000,19,19,19,2022-07-22 17:42:07,2022-07-23 23:08:44,950000,19,19,2022-07-22 17:42:07,2022-07-23 23:08:44,23,2022-07-22 17:36:42,2022-07-23 23:08:29,0,0,0,2,2,2,0,0,0,6,Medium risk,"high immediate campaign discount within 0-1 day: 950000, high credited campaign discount: 950000, high referral count: 23, "
U045391,950000,19,19,19,2022-07-10 08:45:00,2022-07-10 16:00:01,950000,19,19,2022-07-10 08:45:00,2022-07-10 16:00:01,20,2022-07-10 08:12:18,2022-07-10 15:40:49,0,0,0,2,2,2,0,0,0,6,Medium risk,"high immediate campaign discount within 0-1 day: 950000, high credited campaign discount: 950000, high referral count: 20, "
U047331,950000,19,19,19,2022-07-27 10:45:03,2022-07-27 19:45:01,950000,19,19,2022-07-27 10:45:03,2022-07-27 19:45:01,22,2022-07-27 10:10:24,2022-07-27 19:22:39,0,0,0,2,2,2,0,0,0,6,Medium risk,"high immediate campaign discount within 0-1 day: 950000, high credited campaign discount: 950000, high referral count: 22, "
U048022,950000,19,19,19,2022-07-24 11:23:30,2022-07-24 13:42:15,950000,19,19,2022-07-24 11:23:30,2022-07-24 13:42:15,21,2022-07-24 10:16:50,2022-07-24 13:41:45,0,0,0,2,2,2,0,0,0,6,Medium risk,"high immediate campaign discount within 0-1 day: 950000, high credited campaign discount: 950000, high referral count: 21, "
U049665,950000,19,19,19,2022-07-24 18:00:01,2022-07-24 22:45:00,950000,19,19,2022-07-24 18:00:01,2022-07-24 22:45:00,20,2022-07-24 17:35:06,2022-07-24 22:13:51,0,0,0,2,2,2,0,0,0,6,Medium risk,"high immediate campaign discount within 0-1 day: 950000, high credited campaign discount: 950000, high referral count: 20, "
U053659,950000,19,19,19,2022-07-22 21:10:28,2022-07-23 13:10:47,950000,19,19,2022-07-22 21:10:28,2022-07-23 13:10:47,20,2022-07-22 20:38:17,2022-07-23 13:10:14,0,0,0,2,2,2,0,0,0,6,Medium risk,"high immediate campaign discount within 0-1 day: 950000, high credited campaign discount: 950000, high referral count: 20, "
U054088,950000,19,19,19,2022-07-25 14:30:02,2022-07-25 21:45:01,950000,19,19,2022-07-25 14:30:02,2022-07-25 21:45:01,20,2022-07-25 14:08:14,2022-07-25 21:19:12,0,0,0,2,2,2,0,0,0,6,Medium risk,"high immediate campaign discount within 0-1 day: 950000, high credited campaign discount: 950000, high referral count: 20, "
U054486,950000,19,19,19,2022-07-25 17:15:01,2022-07-25 20:30:00,950000,19,19,2022-07-25 17:15:01,2022-07-25 20:30:00,20,2022-07-25 16:50:22,2022-07-25 19:58:53,0,0,0,2,2,2,0,0,0,6,Medium risk,"high immediate campaign discount within 0-1 day: 950000, high credited campaign discount: 950000, high referral count: 20, "
U058435,950000,19,19,19,2022-07-29 16:15:00,2022-07-29 22:09:56,950000,19,19,2022-07-29 16:15:00,2022-07-29 22:09:56,20,2022-07-29 15:42:25,2022-07-29 22:09:37,0,0,0,2,2,2,0,0,0,6,Medium risk,"high immediate campaign discount within 0-1 day: 950000, high credited campaign discount: 950000, high referral count: 20, "
U061584,950000,19,19,19,2022-07-02 18:45:01,2022-07-02 20:45:03,950000,19,19,2022-07-02 18:45:01,2022-07-02 20:45:03,20,2022-07-02 18:20:52,2022-07-02 20:27:46,0,0,0,2,2,2,0,0,0,6,Medium risk,"high immediate campaign discount within 0-1 day: 950000, high credited campaign discount: 950000, high referral count: 20, "
U061784,950000,19,19,19,2022-07-25 18:45:01,2022-07-26 00:10:39,950000,19,19,2022-07-25 18:45:01,2022-07-26 00:10:39,20,2022-07-25 18:18:43,2022-07-26 00:10:00,0,0,0,2,2,2,0,0,0,6,Medium risk,"high immediate campaign discount within 0-1 day: 950000, high credited campaign discount: 950000, high referral count: 20, "
U066063,950000,19,19,19,2022-07-27 23:16:11,2022-07-28 00:37:48,950000,19,19,2022-07-27 23:16:11,2022-07-28 00:37:48,20,2022-07-27 22:45:22,2022-07-28 00:30:54,0,0,0,2,2,2,0,0,0,6,Medium risk,"high immediate campaign discount within 0-1 day: 950000, high credited campaign discount: 950000, high referral count: 20, "
U066084,950000,19,19,19,2022-06-25 21:54:59,2022-06-28 13:45:14,500000,10,10,2022-06-25 21:54:59,2022-06-26 22:45:00,21,2022-06-25 21:26:35,2022-06-28 13:43:42,0,0,0,2,2,2,0,0,0,6,Medium risk,"high immediate campaign discount within 0-1 day: 500000, high credited campaign discount: 950000, high referral count: 21, "
U066158,950000,19,19,19,2022-07-06 10:45:00,2022-07-07 14:30:00,950000,19,19,2022-07-06 10:45:00,2022-07-07 14:30:00,21,2022-07-06 10:14:45,2022-07-07 14:51:08,1,1,0,2,2,2,0,0,0,6,Medium risk,"high immediate campaign discount within 0-1 day: 950000, high credited campaign discount: 950000, high referral count: 21, "
U066475,950000,19,19,19,2022-07-24 13:31:03,2022-07-24 19:06:34,950000,19,19,2022-07-24 13:31:03,2022-07-24 19:06:34,39,2022-07-24 11:46:36,2022-07-24 19:05:51,0,0,0,2,2,2,0,0,0,6,Medium risk,"high immediate campaign discount within 0-1 day: 950000, high credited campaign discount: 950000, high referral count: 39, "
U068372,950000,19,19,19,2022-07-24 14:00:05,2022-07-25 11:49:04,950000,19,19,2022-07-24 14:00:05,2022-07-25 11:49:04,21,2022-07-24 13:25:05,2022-07-25 11:48:25,0,0,0,2,2,2,0,0,0,6,Medium risk,"high immediate campaign discount within 0-1 day: 950000, high credited campaign discount: 950000, high referral count: 21, "
U068566,950000,19,19,19,2022-07-14 18:00:01,2022-07-14 22:00:00,950000,19,19,2022-07-14 18:00:01,2022-07-14 22:00:00,20,2022-07-14 17:29:36,2022-07-14 21:26:47,0,0,0,2,2,2,0,0,0,6,Medium risk,"high immediate campaign discount within 0-1 day: 950000, high credited campaign discount: 950000, high referral count: 20, "
U069242,950000,19,19,19,2022-07-18 14:48:34,2022-07-19 14:37:05,0,0,0,,,40,2022-07-18 14:46:55,2022-07-19 14:36:30,2,3,6,0,2,2,0,0,2,6,Medium risk,"high credited campaign discount: 950000, high referral count: 40, reciprocal transfer loop with 6 partner(s), "
U070166,950000,19,19,19,2022-07-06 18:14:05,2022-07-07 18:45:01,950000,19,19,2022-07-06 18:14:05,2022-07-07 18:45:01,20,2022-07-06 18:13:01,2022-07-07 18:20:12,0,0,0,2,2,2,0,0,0,6,Medium risk,"high immediate campaign discount within 0-1 day: 950000, high credited campaign discount: 950000, high referral count: 20, "
U070757,950000,19,19,19,2022-07-03 14:30:00,2022-07-03 17:45:02,950000,19,19,2022-07-03 14:30:00,2022-07-03 17:45:02,20,2022-07-03 12:58:48,2022-07-03 17:22:28,0,0,0,2,2,2,0,0,0,6,Medium risk,"high immediate campaign discount within 0-1 day: 950000, high credited campaign discount: 950000, high referral count: 20, "
U071958,950000,19,19,19,2022-07-29 12:00:01,2022-07-29 15:45:07,950000,19,19,2022-07-29 12:00:01,2022-07-29 15:45:07,20,2022-07-29 11:33:03,2022-07-29 15:23:51,0,0,0,2,2,2,0,0,0,6,Medium risk,"high immediate campaign discount within 0-1 day: 950000, high credited campaign discount: 950000, high referral count: 20, "
U072952,950000,19,19,19,2022-07-27 00:00:01,2022-07-28 13:30:00,500000,10,10,2022-07-27 00:00:01,2022-07-27 18:30:01,21,2022-07-26 23:23:28,2022-07-28 12:56:27,0,0,0,2,2,2,0,0,0,6,Medium risk,"high immediate campaign discount within 0-1 day: 500000, high credited campaign discount: 950000, high referral count: 21, "
U073335,950000,19,19,19,2022-07-28 20:15:02,2022-07-29 19:15:01,950000,19,19,2022-07-28 20:15:02,2022-07-29 19:15:01,20,2022-07-28 19:49:16,2022-07-29 18:48:17,0,0,0,2,2,2,0,0,0,6,Medium risk,"high immediate campaign discount within 0-1 day: 950000, high credited campaign discount: 950000, high referral count: 20, "
U073779,950000,19,19,19,2022-07-10 15:15:00,2022-07-10 19:45:01,950000,19,19,2022-07-10 15:15:00,2022-07-10 19:45:01,20,2022-07-10 14:43:53,2022-07-10 19:19:12,0,0,0,2,2,2,0,0,0,6,Medium risk,"high immediate campaign discount within 0-1 day: 950000, high credited campaign discount: 950000, high referral count: 20, "
U074054,950000,19,19,19,2022-07-28 16:45:04,2022-07-28 19:15:00,950000,19,19,2022-07-28 16:45:04,2022-07-28 19:15:00,20,2022-07-28 16:23:37,2022-07-28 18:41:16,0,0,0,2,2,2,0,0,0,6,Medium risk,"high immediate campaign discount within 0-1 day: 950000, high credited campaign discount: 950000, high referral count: 20, "
U075859,950000,19,19,19,2022-07-02 11:45:00,2022-07-02 16:00:00,950000,19,19,2022-07-02 11:45:00,2022-07-02 16:00:00,20,2022-07-02 11:14:54,2022-07-02 15:28:45,0,0,0,2,2,2,0,0,0,6,Medium risk,"high immediate campaign discount within 0-1 day: 950000, high credited campaign discount: 950000, high referral count: 20, "
U076583,950000,19,19,19,2022-07-25 09:45:02,2022-07-25 13:24:23,950000,19,19,2022-07-25 09:45:02,2022-07-25 13:24:23,22,2022-07-25 09:16:52,2022-07-25 13:25:40,0,0,0,2,2,2,0,0,0,6,Medium risk,"high immediate campaign discount within 0-1 day: 950000, high credited campaign discount: 950000, high referral count: 22, "
U077951,950000,19,19,19,2022-07-13 22:43:43,2022-07-15 22:51:02,650000,13,13,2022-07-13 22:43:43,2022-07-14 22:05:45,21,2022-07-13 22:42:14,2022-07-15 22:50:48,0,0,0,2,2,2,0,0,0,6,Medium risk,"high immediate campaign discount within 0-1 day: 650000, high credited campaign discount: 950000, high referral count: 21, "
U079530,950000,19,19,19,2022-07-21 19:43:32,2022-07-21 20:46:19,950000,19,19,2022-07-21 19:43:32,2022-07-21 20:46:19,20,2022-07-21 19:32:55,2022-07-21 20:44:48,0,0,0,2,2,2,0,0,0,6,Medium risk,"high immediate campaign discount within 0-1 day: 950000, high credited campaign discount: 950000, high referral count: 20, "
U080056,950000,19,19,19,2022-07-26 14:45:05,2022-07-26 23:15:01,950000,19,19,2022-07-26 14:45:05,2022-07-26 23:15:01,20,2022-07-26 14:25:50,2022-07-26 22:50:20,0,0,0,2,2,2,0,0,0,6,Medium risk,"high immediate campaign discount within 0-1 day: 950000, high credited campaign discount: 950000, high referral count: 20, "
U081252,950000,19,19,19,2022-07-09 10:30:03,2022-07-10 15:45:00,950000,19,19,2022-07-09 10:30:03,2022-07-10 15:45:00,20,2022-07-09 10:04:14,2022-07-10 15:14:38,1,4,0,2,2,2,0,0,0,6,Medium risk,"high immediate campaign discount within 0-1 day: 950000, high credited campaign discount: 950000, high referral count: 20, "
U081387,950000,19,19,19,2022-07-13 16:45:00,2022-07-13 20:45:00,950000,19,19,2022-07-13 16:45:00,2022-07-13 20:45:00,20,2022-07-13 16:13:21,2022-07-13 20:21:19,0,0,0,2,2,2,0,0,0,6,Medium risk,"high immediate campaign discount within 0-1 day: 950000, high credited campaign discount: 950000, high referral count: 20, "
U083229,950000,19,19,19,2022-07-29 11:51:29,2022-07-29 15:46:31,950000,19,19,2022-07-29 11:51:29,2022-07-29 15:46:31,20,2022-07-29 11:28:02,2022-07-29 15:46:05,0,0,0,2,2,2,0,0,0,6,Medium risk,"high immediate campaign discount within 0-1 day: 950000, high credited campaign discount: 950000, high referral count: 20, "
U087089,950000,19,19,19,2022-07-17 12:15:02,2022-07-18 06:45:00,950000,19,19,2022-07-17 12:15:02,2022-07-18 06:45:00,20,2022-07-17 11:53:12,2022-07-18 06:12:47,0,0,0,2,2,2,0,0,0,6,Medium risk,"high immediate campaign discount within 0-1 day: 950000, high credited campaign discount: 950000, high referral count: 20, "
U087316,950000,19,19,19,2022-07-15 14:32:02,2022-07-15 16:36:19,950000,19,19,2022-07-15 14:32:02,2022-07-15 16:36:19,20,2022-07-15 14:19:09,2022-07-15 16:33:30,0,0,0,2,2,2,0,0,0,6,Medium risk,"high immediate campaign discount within 0-1 day: 950000, high credited campaign discount: 950000, high referral count: 20, "
U087449,950000,19,19,19,2022-07-26 18:15:00,2022-07-26 19:30:02,950000,19,19,2022-07-26 18:15:00,2022-07-26 19:30:02,20,2022-07-26 17:42:20,2022-07-26 19:03:14,0,0,0,2,2,2,0,0,0,6,Medium risk,"high immediate campaign discount within 0-1 day: 950000, high credited campaign discount: 950000, high referral count: 20, "
U087699,950000,19,19,19,2022-07-20 10:09:08,2022-07-20 14:30:05,950000,19,19,2022-07-20 10:09:08,2022-07-20 14:30:05,20,2022-07-20 10:07:43,2022-07-20 14:24:52,0,0,0,2,2,2,0,0,0,6,Medium risk,"high immediate campaign discount within 0-1 day: 950000, high credited campaign discount: 950000, high referral count: 20, "
U089400,950000,19,19,19,2022-07-02 16:00:01,2022-07-02 21:30:01,950000,19,19,2022-07-02 16:00:01,2022-07-02 21:30:01,20,2022-07-02 15:30:27,2022-07-02 21:08:08,0,0,0,2,2,2,0,0,0,6,Medium risk,"high immediate campaign discount within 0-1 day: 950000, high credited campaign discount: 950000, high referral count: 20, "
U089979,950000,19,19,19,2022-07-10 11:19:42,2022-07-10 13:30:01,950000,19,19,2022-07-10 11:19:42,2022-07-10 13:30:01,20,2022-07-10 11:18:00,2022-07-10 13:03:59,0,0,0,2,2,2,0,0,0,6,Medium risk,"high immediate campaign discount within 0-1 day: 950000, high credited campaign discount: 950000, high referral count: 20, "
U008067,935000,19,19,19,2022-06-29 15:16:58,2022-06-30 23:16:31,0,0,0,,,26,2022-06-29 15:14:06,2022-06-30 23:22:58,1,28,1,0,2,2,0,1,1,6,Medium risk,"high credited campaign discount: 935000, high referral count: 26, shared IP used by 28 users, reciprocal transfer loop with 1 partner(s), "
U057126,935000,24,24,24,2022-06-20 19:59:56,2022-06-26 19:21:46,0,0,0,,,20,2022-06-24 13:58:54,2022-06-26 19:21:04,1,5,25,0,2,2,0,0,2,6,Medium risk,"high credited campaign discount: 935000, high referral count: 20, reciprocal transfer loop with 25 partner(s), "
U034833,925000,22,22,22,2022-06-15 11:32:19,2022-06-17 21:54:18,855000,19,19,2022-06-15 11:32:19,2022-06-16 22:53:04,16,2022-06-16 11:23:17,2022-06-16 22:52:46,1,12,16,2,2,0,0,0,2,6,Medium risk,"high immediate campaign discount within 0-1 day: 855000, high credited campaign discount: 925000, reciprocal transfer loop with 16 partner(s), "
U068600,920000,19,19,19,2022-07-05 11:25:49,2022-07-15 10:07:48,20000,1,1,2022-07-05 11:25:49,2022-07-05 11:25:49,24,2022-07-07 19:04:47,2022-07-15 10:07:05,1,17,10,0,2,2,0,0,2,6,Medium risk,"high credited campaign discount: 920000, high referral count: 24, reciprocal transfer loop with 10 partner(s), "
U000294,900000,18,18,18,2022-06-21 17:15:00,2022-06-23 12:00:00,700000,14,14,2022-06-21 17:15:00,2022-06-22 19:45:02,22,2022-06-21 16:20:18,2022-06-23 11:53:09,1,8,0,2,2,2,0,0,0,6,Medium risk,"high immediate campaign discount within 0-1 day: 700000, high credited campaign discount: 900000, high referral count: 22, "
U000304,900000,18,18,18,2022-07-17 10:29:54,2022-07-17 13:15:01,900000,18,18,2022-07-17 10:29:54,2022-07-17 13:15:01,21,2022-07-17 10:20:18,2022-07-17 12:50:51,0,0,0,2,2,2,0,0,0,6,Medium risk,"high immediate campaign discount within 0-1 day: 900000, high credited campaign discount: 900000, high referral count: 21, "
U008484,900000,18,18,18,2022-07-16 10:00:02,2022-07-16 15:15:01,900000,18,18,2022-07-16 10:00:02,2022-07-16 15:15:01,20,2022-07-16 09:35:01,2022-07-16 14:46:57,0,0,0,2,2,2,0,0,0,6,Medium risk,"high immediate campaign discount within 0-1 day: 900000, high credited campaign discount: 900000, high referral count: 20, "
U009076,900000,18,18,18,2022-07-12 11:26:06,2022-07-12 15:15:02,900000,18,18,2022-07-12 11:26:06,2022-07-12 15:15:02,20,2022-07-12 10:11:21,2022-07-12 14:55:38,0,0,0,2,2,2,0,0,0,6,Medium risk,"high immediate campaign discount within 0-1 day: 900000, high credited campaign discount: 900000, high referral count: 20, "
U014522,900000,18,18,18,2022-06-03 17:10:12,2022-06-04 10:46:15,900000,18,18,2022-06-03 17:10:12,2022-06-04 10:46:15,20,2022-06-03 17:08:17,2022-06-04 10:45:44,1,5,0,2,2,2,0,0,0,6,Medium risk,"high immediate campaign discount within 0-1 day: 900000, high credited campaign discount: 900000, high referral count: 20, "
U014743,900000,18,18,18,2022-07-06 21:19:31,2022-07-06 23:00:01,900000,18,18,2022-07-06 21:19:31,2022-07-06 23:00:01,20,2022-07-06 21:18:30,2022-07-06 23:31:02,0,0,0,2,2,2,0,0,0,6,Medium risk,"high immediate campaign discount within 0-1 day: 900000, high credited campaign discount: 900000, high referral count: 20, "
U015832,900000,18,18,18,2022-06-26 17:00:00,2022-06-26 20:45:00,0,0,0,,,20,2022-06-26 16:30:36,2022-06-26 20:18:41,2,2,16,0,2,2,0,0,2,6,Medium risk,"high credited campaign discount: 900000, high referral count: 20, reciprocal transfer loop with 16 partner(s), "
U018562,900000,18,18,18,2022-07-26 11:45:00,2022-07-26 15:45:08,900000,18,18,2022-07-26 11:45:00,2022-07-26 15:45:08,23,2022-07-26 11:06:00,2022-07-26 15:31:11,0,0,0,2,2,2,0,0,0,6,Medium risk,"high immediate campaign discount within 0-1 day: 900000, high credited campaign discount: 900000, high referral count: 23, "
U019746,900000,18,18,18,2022-06-05 22:45:00,2022-06-07 14:00:00,550000,11,11,2022-06-05 22:45:00,2022-06-06 12:30:00,20,2022-06-05 22:24:41,2022-06-07 13:42:42,0,0,0,2,2,2,0,0,0,6,Medium risk,"high immediate campaign discount within 0-1 day: 550000, high credited campaign discount: 900000, high referral count: 20, "
U021437,900000,18,18,18,2022-07-28 11:57:32,2022-07-28 13:35:52,900000,18,18,2022-07-28 11:57:32,2022-07-28 13:35:52,20,2022-07-28 11:20:11,2022-07-28 13:34:41,0,0,0,2,2,2,0,0,0,6,Medium risk,"high immediate campaign discount within 0-1 day: 900000, high credited campaign discount: 900000, high referral count: 20, "
U021610,900000,18,18,18,2022-07-22 10:56:40,2022-07-22 12:27:07,900000,18,18,2022-07-22 10:56:40,2022-07-22 12:27:07,20,2022-07-22 10:45:55,2022-07-22 12:26:09,0,0,0,2,2,2,0,0,0,6,Medium risk,"high immediate campaign discount within 0-1 day: 900000, high credited campaign discount: 900000, high referral count: 20, "
U022591,900000,18,18,18,2022-07-15 12:08:24,2022-07-16 22:59:51,900000,18,18,2022-07-15 12:08:24,2022-07-16 22:59:51,23,2022-07-15 11:40:53,2022-07-16 22:43:53,0,0,0,2,2,2,0,0,0,6,Medium risk,"high immediate campaign discount within 0-1 day: 900000, high credited campaign discount: 900000, high referral count: 23, "
U022728,900000,18,18,18,2022-07-31 13:16:04,2022-07-31 15:25:39,900000,18,18,2022-07-31 13:16:04,2022-07-31 15:25:39,20,2022-07-30 22:25:07,2022-07-31 15:06:56,0,0,0,2,2,2,0,0,0,6,Medium risk,"high immediate campaign discount within 0-1 day: 900000, high credited campaign discount: 900000, high referral count: 20, "
U027331,900000,18,18,18,2022-07-28 16:30:02,2022-07-28 18:32:48,900000,18,18,2022-07-28 16:30:02,2022-07-28 18:32:48,24,2022-07-28 15:58:04,2022-07-28 18:35:00,0,0,0,2,2,2,0,0,0,6,Medium risk,"high immediate campaign discount within 0-1 day: 900000, high credited campaign discount: 900000, high referral count: 24, "
U029327,900000,18,18,18,2022-06-07 22:00:00,2022-06-09 15:15:00,750000,15,15,2022-06-07 22:00:00,2022-06-08 23:30:00,21,2022-06-07 21:18:32,2022-06-09 14:53:05,0,0,0,2,2,2,0,0,0,6,Medium risk,"high immediate campaign discount within 0-1 day: 750000, high credited campaign discount: 900000, high referral count: 21, "
U035016,900000,18,18,18,2022-07-28 11:46:37,2022-07-28 21:26:01,900000,18,18,2022-07-28 11:46:37,2022-07-28 21:26:01,21,2022-07-28 10:55:50,2022-07-28 21:14:12,0,0,0,2,2,2,0,0,0,6,Medium risk,"high immediate campaign discount within 0-1 day: 900000, high credited campaign discount: 900000, high referral count: 21, "
U036471,900000,18,18,18,2022-06-11 16:45:00,2022-06-12 16:15:00,900000,18,18,2022-06-11 16:45:00,2022-06-12 16:15:00,20,2022-06-11 16:11:44,2022-06-12 15:48:11,0,0,0,2,2,2,0,0,0,6,Medium risk,"high immediate campaign discount within 0-1 day: 900000, high credited campaign discount: 900000, high referral count: 20, "
U038139,900000,18,18,18,2022-07-12 21:45:03,2022-07-13 17:15:04,900000,18,18,2022-07-12 21:45:03,2022-07-13 17:15:04,20,2022-07-12 21:15:01,2022-07-13 16:57:30,0,0,0,2,2,2,0,0,0,6,Medium risk,"high immediate campaign discount within 0-1 day: 900000, high credited campaign discount: 900000, high referral count: 20, "
U040394,900000,18,18,18,2022-07-31 13:32:56,2022-08-01 00:06:57,900000,18,18,2022-07-31 13:32:56,2022-08-01 00:06:57,23,2022-07-31 13:05:52,2022-07-31 23:58:51,0,0,0,2,2,2,0,0,0,6,Medium risk,"high immediate campaign discount within 0-1 day: 900000, high credited campaign discount: 900000, high referral count: 23, "
U042058,900000,18,18,18,2022-07-28 13:45:00,2022-07-28 15:59:09,900000,18,18,2022-07-28 13:45:00,2022-07-28 15:59:09,20,2022-07-28 13:13:56,2022-07-28 15:58:57,0,0,0,2,2,2,0,0,0,6,Medium risk,"high immediate campaign discount within 0-1 day: 900000, high credited campaign discount: 900000, high referral count: 20, "
U043200,900000,18,18,18,2022-07-21 14:30:44,2022-07-21 16:53:13,900000,18,18,2022-07-21 14:30:44,2022-07-21 16:53:13,20,2022-07-21 13:54:21,2022-07-21 17:13:56,0,0,0,2,2,2,0,0,0,6,Medium risk,"high immediate campaign discount within 0-1 day: 900000, high credited campaign discount: 900000, high referral count: 20, "
U043709,900000,18,18,18,2022-07-12 18:35:53,2022-07-13 17:00:37,900000,18,18,2022-07-12 18:35:53,2022-07-13 17:00:37,25,2022-07-12 14:08:58,2022-07-13 16:38:26,0,0,0,2,2,2,0,0,0,6,Medium risk,"high immediate campaign discount within 0-1 day: 900000, high credited campaign discount: 900000, high referral count: 25, "
U049752,900000,18,18,18,2022-07-12 19:37:03,2022-07-13 02:49:19,900000,18,18,2022-07-12 19:37:03,2022-07-13 02:49:19,20,2022-07-12 19:14:21,2022-07-13 10:03:19,0,0,0,2,2,2,0,0,0,6,Medium risk,"high immediate campaign discount within 0-1 day: 900000, high credited campaign discount: 900000, high referral count: 20, "
U050203,900000,18,18,18,2022-07-24 18:00:00,2022-07-24 21:45:04,900000,18,18,2022-07-24 18:00:00,2022-07-24 21:45:04,20,2022-07-24 17:27:52,2022-07-24 21:25:32,0,0,0,2,2,2,0,0,0,6,Medium risk,"high immediate campaign discount within 0-1 day: 900000, high credited campaign discount: 900000, high referral count: 20, "
U050383,900000,18,18,18,2022-07-06 21:45:01,2022-07-09 13:23:57,0,0,0,,,20,2022-07-06 21:13:04,2022-07-09 13:23:39,1,2,19,0,2,2,0,0,2,6,Medium risk,"high credited campaign discount: 900000, high referral count: 20, reciprocal transfer loop with 19 partner(s), "
U051071,900000,18,18,18,2022-07-29 13:26:59,2022-07-30 15:02:51,900000,18,18,2022-07-29 13:26:59,2022-07-30 15:02:51,27,2022-07-29 12:29:15,2022-07-30 14:54:52,0,0,0,2,2,2,0,0,0,6,Medium risk,"high immediate campaign discount within 0-1 day: 900000, high credited campaign discount: 900000, high referral count: 27, "
U053727,900000,18,18,18,2022-07-14 19:00:00,2022-07-15 18:30:00,900000,18,18,2022-07-14 19:00:00,2022-07-15 18:30:00,21,2022-07-14 18:33:54,2022-07-15 18:06:08,0,0,0,2,2,2,0,0,0,6,Medium risk,"high immediate campaign discount within 0-1 day: 900000, high credited campaign discount: 900000, high referral count: 21, "
U059271,900000,18,18,18,2022-07-26 10:30:01,2022-07-26 13:00:02,900000,18,18,2022-07-26 10:30:01,2022-07-26 13:00:02,20,2022-07-26 09:59:06,2022-07-26 12:35:38,0,0,0,2,2,2,0,0,0,6,Medium risk,"high immediate campaign discount within 0-1 day: 900000, high credited campaign discount: 900000, high referral count: 20, "
U062735,900000,18,18,18,2022-07-13 20:45:00,2022-07-14 00:45:00,900000,18,18,2022-07-13 20:45:00,2022-07-14 00:45:00,20,2022-07-13 20:14:14,2022-07-14 00:11:50,0,0,0,2,2,2,0,0,0,6,Medium risk,"high immediate campaign discount within 0-1 day: 900000, high credited campaign discount: 900000, high referral count: 20, "
U069223,900000,18,18,18,2022-08-01 23:08:18,2022-08-01 23:55:42,900000,18,18,2022-08-01 23:08:18,2022-08-01 23:55:42,20,2022-08-01 23:01:12,2022-08-01 23:54:56,0,0,0,2,2,2,0,0,0,6,Medium risk,"high immediate campaign discount within 0-1 day: 900000, high credited campaign discount: 900000, high referral count: 20, "
U073448,900000,18,18,18,2022-07-01 12:45:00,2022-07-02 10:15:01,900000,18,18,2022-07-01 12:45:00,2022-07-02 10:15:01,22,2022-07-01 12:19:29,2022-07-02 09:54:15,1,1,0,2,2,2,0,0,0,6,Medium risk,"high immediate campaign discount within 0-1 day: 900000, high credited campaign discount: 900000, high referral count: 22, "
U073701,900000,18,18,18,2022-07-30 13:30:01,2022-07-31 15:30:02,900000,18,18,2022-07-30 13:30:01,2022-07-31 15:30:02,20,2022-07-30 13:02:59,2022-07-31 15:07:55,0,0,0,2,2,2,0,0,0,6,Medium risk,"high immediate campaign discount within 0-1 day: 900000, high credited campaign discount: 900000, high referral count: 20, "
U074010,900000,18,18,18,2022-07-29 10:30:00,2022-07-29 16:15:00,900000,18,18,2022-07-29 10:30:00,2022-07-29 16:15:00,20,2022-07-29 10:08:05,2022-07-29 15:45:41,0,0,0,2,2,2,0,0,0,6,Medium risk,"high immediate campaign discount within 0-1 day: 900000, high credited campaign discount: 900000, high referral count: 20, "
U077182,900000,18,18,18,2022-07-03 11:32:48,2022-07-03 14:15:01,900000,18,18,2022-07-03 11:32:48,2022-07-03 14:15:01,20,2022-07-03 11:30:45,2022-07-03 14:00:18,0,0,0,2,2,2,0,0,0,6,Medium risk,"high immediate campaign discount within 0-1 day: 900000, high credited campaign discount: 900000, high referral count: 20, "
U078870,900000,18,18,18,2022-07-21 17:23:02,2022-07-22 22:26:36,900000,18,18,2022-07-21 17:23:02,2022-07-22 22:26:36,22,2022-07-21 17:05:22,2022-07-22 22:16:37,0,0,0,2,2,2,0,0,0,6,Medium risk,"high immediate campaign discount within 0-1 day: 900000, high credited campaign discount: 900000, high referral count: 22, "
U078900,900000,18,18,18,2022-06-30 17:30:02,2022-06-30 23:00:00,900000,18,18,2022-06-30 17:30:02,2022-06-30 23:00:00,20,2022-06-30 17:12:51,2022-06-30 22:37:55,0,0,0,2,2,2,0,0,0,6,Medium risk,"high immediate campaign discount within 0-1 day: 900000, high credited campaign discount: 900000, high referral count: 20, "
U079638,900000,18,18,18,2022-07-30 14:30:00,2022-07-31 16:45:01,900000,18,18,2022-07-30 14:30:00,2022-07-31 16:45:01,20,2022-07-30 13:54:42,2022-07-31 16:19:04,0,0,0,2,2,2,0,0,0,6,Medium risk,"high immediate campaign discount within 0-1 day: 900000, high credited campaign discount: 900000, high referral count: 20, "
U081715,900000,18,18,18,2022-07-04 10:45:00,2022-07-05 13:00:00,900000,18,18,2022-07-04 10:45:00,2022-07-05 13:00:00,20,2022-07-04 10:14:15,2022-07-05 12:54:57,1,1,0,2,2,2,0,0,0,6,Medium risk,"high immediate campaign discount within 0-1 day: 900000, high credited campaign discount: 900000, high referral count: 20, "
U083384,900000,18,18,18,2022-07-13 18:45:02,2022-07-13 22:00:01,900000,18,18,2022-07-13 18:45:02,2022-07-13 22:00:01,24,2022-07-13 18:26:25,2022-07-13 21:39:57,0,0,0,2,2,2,0,0,0,6,Medium risk,"high immediate campaign discount within 0-1 day: 900000, high credited campaign discount: 900000, high referral count: 24, "
U083630,900000,18,18,18,2022-07-29 07:11:01,2022-08-01 18:54:13,750000,15,15,2022-07-29 07:11:01,2022-07-29 17:40:15,20,2022-07-29 06:11:26,2022-08-01 18:53:57,0,0,0,2,2,2,0,0,0,6,Medium risk,"high immediate campaign discount within 0-1 day: 750000, high credited campaign discount: 900000, high referral count: 20, "
U084974,900000,18,18,18,2022-07-10 14:15:02,2022-07-10 18:00:04,900000,18,18,2022-07-10 14:15:02,2022-07-10 18:00:04,20,2022-07-10 13:53:26,2022-07-10 17:42:23,0,0,0,2,2,2,0,0,0,6,Medium risk,"high immediate campaign discount within 0-1 day: 900000, high credited campaign discount: 900000, high referral count: 20, "
U086424,900000,18,18,18,2022-07-24 14:45:00,2022-07-24 17:15:01,900000,18,18,2022-07-24 14:45:00,2022-07-24 17:15:01,20,2022-07-24 14:12:56,2022-07-24 16:53:40,0,0,0,2,2,2,0,0,0,6,Medium risk,"high immediate campaign discount within 0-1 day: 900000, high credited campaign discount: 900000, high referral count: 20, "
U087517,900000,18,18,18,2022-07-28 11:35:56,2022-07-28 15:14:14,900000,18,18,2022-07-28 11:35:56,2022-07-28 15:14:14,20,2022-07-28 11:12:03,2022-07-28 15:37:34,0,0,0,2,2,2,0,0,0,6,Medium risk,"high immediate campaign discount within 0-1 day: 900000, high credited campaign discount: 900000, high referral count: 20, "
U088390,900000,18,18,18,2022-07-31 13:45:01,2022-07-31 19:09:19,900000,18,18,2022-07-31 13:45:01,2022-07-31 19:09:19,21,2022-07-31 13:14:24,2022-07-31 19:06:47,0,0,0,2,2,2,0,0,0,6,Medium risk,"high immediate campaign discount within 0-1 day: 900000, high credited campaign discount: 900000, high referral count: 21, "
U081124,865000,18,18,18,2022-07-13 17:40:56,2022-07-15 12:44:09,0,0,0,,,28,2022-07-13 17:27:50,2022-07-15 16:10:42,1,27,2,0,2,2,0,1,1,6,Medium risk,"high credited campaign discount: 865000, high referral count: 28, shared IP used by 27 users, reciprocal transfer loop with 2 partner(s), "
U000077,850000,17,17,17,2022-07-25 17:40:41,2022-07-26 17:31:43,850000,17,17,2022-07-25 17:40:41,2022-07-26 17:31:43,21,2022-07-25 17:16:20,2022-07-26 22:40:44,0,0,0,2,2,2,0,0,0,6,Medium risk,"high immediate campaign discount within 0-1 day: 850000, high credited campaign discount: 850000, high referral count: 21, "
U000964,850000,17,17,17,2022-07-25 17:15:36,2022-07-26 10:10:36,850000,17,17,2022-07-25 17:15:36,2022-07-26 10:10:36,20,2022-07-25 16:51:06,2022-07-26 10:42:07,0,0,0,2,2,2,0,0,0,6,Medium risk,"high immediate campaign discount within 0-1 day: 850000, high credited campaign discount: 850000, high referral count: 20, "
U012069,850000,17,17,17,2022-07-15 10:15:02,2022-07-24 09:00:01,600000,12,12,2022-07-15 10:15:02,2022-07-16 11:15:01,22,2022-07-15 09:46:18,2022-07-24 08:33:51,1,2,0,2,2,2,0,0,0,6,Medium risk,"high immediate campaign discount within 0-1 day: 600000, high credited campaign discount: 850000, high referral count: 22, "
U013482,850000,17,17,17,2022-07-24 14:30:01,2022-07-28 18:15:04,500000,10,10,2022-07-24 14:30:01,2022-07-25 18:15:03,20,2022-07-24 14:03:07,2022-07-28 17:56:54,1,2,0,2,2,2,0,0,0,6,Medium risk,"high immediate campaign discount within 0-1 day: 500000, high credited campaign discount: 850000, high referral count: 20, "
U013637,850000,17,17,17,2022-06-19 09:00:00,2022-06-19 16:45:00,850000,17,17,2022-06-19 09:00:00,2022-06-19 16:45:00,20,2022-06-19 08:26:01,2022-06-19 16:12:23,1,2,0,2,2,2,0,0,0,6,Medium risk,"high immediate campaign discount within 0-1 day: 850000, high credited campaign discount: 850000, high referral count: 20, "
U014683,850000,17,17,17,2022-07-17 15:54:11,2022-07-17 17:30:08,850000,17,17,2022-07-17 15:54:11,2022-07-17 17:30:08,20,2022-07-17 15:39:23,2022-07-17 17:29:52,0,0,0,2,2,2,0,0,0,6,Medium risk,"high immediate campaign discount within 0-1 day: 850000, high credited campaign discount: 850000, high referral count: 20, "
U017194,850000,17,17,17,2022-07-19 13:31:50,2022-07-19 14:59:49,850000,17,17,2022-07-19 13:31:50,2022-07-19 14:59:49,20,2022-07-19 13:26:37,2022-07-19 14:59:06,0,0,0,2,2,2,0,0,0,6,Medium risk,"high immediate campaign discount within 0-1 day: 850000, high credited campaign discount: 850000, high referral count: 20, "
U024265,850000,17,17,17,2022-07-02 12:15:00,2022-07-04 13:30:01,550000,11,11,2022-07-02 12:15:00,2022-07-03 18:00:01,21,2022-07-02 11:50:20,2022-07-04 13:06:45,1,2,0,2,2,2,0,0,0,6,Medium risk,"high immediate campaign discount within 0-1 day: 550000, high credited campaign discount: 850000, high referral count: 21, "
U026599,850000,17,17,17,2022-07-09 12:45:02,2022-07-09 14:15:03,850000,17,17,2022-07-09 12:45:02,2022-07-09 14:15:03,23,2022-07-09 12:23:02,2022-07-09 14:03:29,0,0,0,2,2,2,0,0,0,6,Medium risk,"high immediate campaign discount within 0-1 day: 850000, high credited campaign discount: 850000, high referral count: 23, "
U034758,850000,17,17,17,2022-07-17 09:12:13,2022-07-18 16:50:29,800000,16,16,2022-07-17 09:12:13,2022-07-17 20:51:40,23,2022-07-17 07:14:51,2022-07-18 16:40:34,0,0,0,2,2,2,0,0,0,6,Medium risk,"high immediate campaign discount within 0-1 day: 800000, high credited campaign discount: 850000, high referral count: 23, "
U041001,850000,17,17,17,2022-06-23 11:45:00,2022-06-25 12:15:00,600000,12,12,2022-06-23 11:45:00,2022-06-24 19:00:00,22,2022-06-23 11:16:54,2022-06-25 11:48:47,1,2,0,2,2,2,0,0,0,6,Medium risk,"high immediate campaign discount within 0-1 day: 600000, high credited campaign discount: 850000, high referral count: 22, "
U044709,850000,17,17,17,2022-08-01 17:27:52,2022-08-01 19:42:40,850000,17,17,2022-08-01 17:27:52,2022-08-01 19:42:40,20,2022-08-01 16:51:42,2022-08-01 19:20:40,0,0,0,2,2,2,0,0,0,6,Medium risk,"high immediate campaign discount within 0-1 day: 850000, high credited campaign discount: 850000, high referral count: 20, "
U044849,850000,17,17,17,2022-07-12 12:30:02,2022-07-14 18:30:00,500000,10,10,2022-07-12 12:30:02,2022-07-13 11:30:00,20,2022-07-12 12:02:59,2022-07-14 17:57:11,0,0,0,2,2,2,0,0,0,6,Medium risk,"high immediate campaign discount within 0-1 day: 500000, high credited campaign discount: 850000, high referral count: 20, "
U046594,850000,17,17,17,2022-06-25 10:50:12,2022-06-26 12:15:56,850000,17,17,2022-06-25 10:50:12,2022-06-26 12:15:56,20,2022-06-25 10:47:51,2022-06-26 12:15:21,0,0,0,2,2,2,0,0,0,6,Medium risk,"high immediate campaign discount within 0-1 day: 850000, high credited campaign discount: 850000, high referral count: 20, "
U047171,850000,17,17,17,2022-07-01 18:45:00,2022-07-01 21:00:01,850000,17,17,2022-07-01 18:45:00,2022-07-01 21:00:01,20,2022-07-01 18:17:52,2022-07-01 20:38:01,0,0,0,2,2,2,0,0,0,6,Medium risk,"high immediate campaign discount within 0-1 day: 850000, high credited campaign discount: 850000, high referral count: 20, "
U066996,850000,17,17,17,2022-07-23 15:30:00,2022-07-23 19:15:02,850000,17,17,2022-07-23 15:30:00,2022-07-23 19:15:02,20,2022-07-23 14:55:18,2022-07-23 18:51:46,0,0,0,2,2,2,0,0,0,6,Medium risk,"high immediate campaign discount within 0-1 day: 850000, high credited campaign discount: 850000, high referral count: 20, "
U074470,850000,17,17,17,2022-06-11 22:15:00,2022-06-19 18:15:00,300000,6,6,2022-06-11 22:15:00,2022-06-12 20:30:00,30,2022-06-11 21:47:37,2022-06-19 17:52:46,1,2,3,0,2,2,0,0,2,6,Medium risk,"high credited campaign discount: 850000, high referral count: 30, reciprocal transfer loop with 3 partner(s), "
U076789,850000,17,17,17,2022-07-21 10:24:56,2022-07-22 17:59:56,850000,17,17,2022-07-21 10:24:56,2022-07-22 17:59:56,20,2022-07-21 10:06:19,2022-07-22 17:49:26,0,0,0,2,2,2,0,0,0,6,Medium risk,"high immediate campaign discount within 0-1 day: 850000, high credited campaign discount: 850000, high referral count: 20, "
U078346,850000,17,17,17,2022-06-25 12:45:00,2022-06-27 15:45:03,500000,10,10,2022-06-25 12:45:00,2022-06-26 16:15:01,20,2022-06-25 12:02:08,2022-06-27 15:25:28,1,1,0,2,2,2,0,0,0,6,Medium risk,"high immediate campaign discount within 0-1 day: 500000, high credited campaign discount: 850000, high referral count: 20, "
U080187,850000,17,17,17,2022-07-17 15:44:40,2022-07-17 18:15:03,850000,17,17,2022-07-17 15:44:40,2022-07-17 18:15:03,20,2022-07-17 14:23:22,2022-07-17 17:55:44,0,0,0,2,2,2,0,0,0,6,Medium risk,"high immediate campaign discount within 0-1 day: 850000, high credited campaign discount: 850000, high referral count: 20, "
U085828,850000,17,17,17,2022-07-28 17:40:11,2022-07-28 19:29:54,850000,17,17,2022-07-28 17:40:11,2022-07-28 19:29:54,20,2022-07-28 16:59:12,2022-07-28 19:27:40,0,0,0,2,2,2,0,0,0,6,Medium risk,"high immediate campaign discount within 0-1 day: 850000, high credited campaign discount: 850000, high referral count: 20, "
U033175,825000,19,19,19,2022-06-18 14:15:01,2022-06-24 11:00:00,540000,11,11,2022-06-18 14:15:01,2022-06-19 11:45:00,20,2022-06-18 13:46:29,2022-06-24 11:12:54,2,4,0,2,2,2,0,0,0,6,Medium risk,"high immediate campaign discount within 0-1 day: 540000, high credited campaign discount: 825000, high referral count: 20, "
U005247,800000,16,16,16,2022-06-08 08:34:19,2022-06-09 07:12:25,800000,16,16,2022-06-08 08:34:19,2022-06-09 07:12:25,21,2022-06-08 08:31:43,2022-06-09 07:12:08,0,0,0,2,2,2,0,0,0,6,Medium risk,"high immediate campaign discount within 0-1 day: 800000, high credited campaign discount: 800000, high referral count: 21, "
U021107,800000,16,16,16,2022-06-23 14:15:00,2022-06-25 17:30:00,550000,11,11,2022-06-23 14:15:00,2022-06-24 18:30:00,20,2022-06-23 13:41:09,2022-06-25 16:59:01,1,2,0,2,2,2,0,0,0,6,Medium risk,"high immediate campaign discount within 0-1 day: 550000, high credited campaign discount: 800000, high referral count: 20, "
U030791,800000,16,16,16,2022-07-16 20:44:04,2022-07-16 21:34:26,800000,16,16,2022-07-16 20:44:04,2022-07-16 21:34:26,20,2022-07-16 20:39:59,2022-07-16 21:34:01,0,0,0,2,2,2,0,0,0,6,Medium risk,"high immediate campaign discount within 0-1 day: 800000, high credited campaign discount: 800000, high referral count: 20, "
U067091,800000,16,16,16,2022-07-08 10:30:01,2022-07-10 09:26:33,350000,7,7,2022-07-08 10:30:01,2022-07-08 20:54:25,29,2022-07-08 09:59:13,2022-07-10 09:26:17,3,5,31,0,2,2,0,0,2,6,Medium risk,"high credited campaign discount: 800000, high referral count: 29, reciprocal transfer loop with 31 partner(s), "
U071965,800000,16,16,16,2022-07-19 10:37:38,2022-07-23 19:45:01,0,0,0,,,20,2022-07-18 20:51:10,2022-07-24 12:51:10,1,2,17,0,2,2,0,0,2,6,Medium risk,"high credited campaign discount: 800000, high referral count: 20, reciprocal transfer loop with 17 partner(s), "
U075816,800000,16,16,16,2022-08-01 12:15:03,2022-08-01 15:45:02,800000,16,16,2022-08-01 12:15:03,2022-08-01 15:45:02,20,2022-08-01 11:50:20,2022-08-01 15:27:10,0,0,0,2,2,2,0,0,0,6,Medium risk,"high immediate campaign discount within 0-1 day: 800000, high credited campaign discount: 800000, high referral count: 20, "
U084200,800000,16,16,16,2022-07-19 21:57:52,2022-07-19 22:45:04,800000,16,16,2022-07-19 21:57:52,2022-07-19 22:45:04,27,2022-07-19 21:50:11,2022-07-20 12:35:02,0,0,0,2,2,2,0,0,0,6,Medium risk,"high immediate campaign discount within 0-1 day: 800000, high credited campaign discount: 800000, high referral count: 27, "
U077640,795000,21,21,21,2022-06-13 19:13:16,2022-06-15 22:00:00,0,0,0,,,11,2022-06-14 15:57:46,2022-06-15 21:30:46,1,72,46,0,2,0,0,2,2,6,Medium risk,"high credited campaign discount: 795000, shared IP used by 72 users, reciprocal transfer loop with 46 partner(s), "
U044329,790000,17,17,17,2022-06-15 13:12:32,2022-06-15 16:45:00,790000,17,17,2022-06-15 13:12:32,2022-06-15 16:45:00,21,2022-06-15 13:36:12,2022-06-15 16:15:03,2,5,0,2,2,2,0,0,0,6,Medium risk,"high immediate campaign discount within 0-1 day: 790000, high credited campaign discount: 790000, high referral count: 21, "
U052805,765000,20,20,20,2022-06-16 16:06:32,2022-06-17 15:14:36,0,0,0,,,11,2022-06-16 19:40:24,2022-06-17 15:14:23,1,72,38,0,2,0,0,2,2,6,Medium risk,"high credited campaign discount: 765000, shared IP used by 72 users, reciprocal transfer loop with 38 partner(s), "
U002954,750000,15,15,15,2022-07-14 18:51:46,2022-07-14 20:21:45,750000,15,15,2022-07-14 18:51:46,2022-07-14 20:21:45,20,2022-07-14 18:33:36,2022-07-14 20:21:15,0,0,0,2,2,2,0,0,0,6,Medium risk,"high immediate campaign discount within 0-1 day: 750000, high credited campaign discount: 750000, high referral count: 20, "
U004287,750000,15,15,15,2022-07-29 21:38:46,2022-08-01 00:06:22,550000,11,11,2022-07-29 21:38:46,2022-07-30 15:39:07,25,2022-07-29 20:22:11,2022-07-31 23:58:36,0,0,0,2,2,2,0,0,0,6,Medium risk,"high immediate campaign discount within 0-1 day: 550000, high credited campaign discount: 750000, high referral count: 25, "
U008432,750000,15,15,15,2022-07-15 19:15:02,2022-07-15 23:00:01,750000,15,15,2022-07-15 19:15:02,2022-07-15 23:00:01,20,2022-07-15 18:57:27,2022-07-15 22:49:14,0,0,0,2,2,2,0,0,0,6,Medium risk,"high immediate campaign discount within 0-1 day: 750000, high credited campaign discount: 750000, high referral count: 20, "
U026839,750000,15,15,15,2022-06-23 15:00:00,2022-07-02 16:30:02,0,0,0,,,20,2022-06-23 14:29:56,2022-07-02 16:06:25,1,36,2,0,2,2,0,1,1,6,Medium risk,"high credited campaign discount: 750000, high referral count: 20, shared IP used by 36 users, reciprocal transfer loop with 2 partner(s), "
U031730,750000,15,15,15,2022-07-28 15:55:48,2022-07-29 02:36:46,750000,15,15,2022-07-28 15:55:48,2022-07-29 02:36:46,27,2022-07-28 15:44:33,2022-07-29 02:49:25,0,0,0,2,2,2,0,0,0,6,Medium risk,"high immediate campaign discount within 0-1 day: 750000, high credited campaign discount: 750000, high referral count: 27, "
U045358,750000,15,15,15,2022-07-02 18:00:00,2022-07-28 15:45:02,0,0,0,,,22,2022-07-02 14:07:29,2022-07-28 20:20:26,1,8,16,0,2,2,0,0,2,6,Medium risk,"high credited campaign discount: 750000, high referral count: 22, reciprocal transfer loop with 16 partner(s), "
U056815,750000,15,15,15,2022-06-09 15:00:01,2022-06-16 11:45:00,0,0,0,,,23,2022-06-09 14:30:08,2022-06-16 12:59:26,2,8,8,0,2,2,0,0,2,6,Medium risk,"high credited campaign discount: 750000, high referral count: 23, reciprocal transfer loop with 8 partner(s), "
U062030,750000,15,15,15,2022-08-01 18:43:44,2022-08-01 19:41:37,750000,15,15,2022-08-01 18:43:44,2022-08-01 19:41:37,20,2022-08-01 18:29:22,2022-08-01 19:34:52,0,0,0,2,2,2,0,0,0,6,Medium risk,"high immediate campaign discount within 0-1 day: 750000, high credited campaign discount: 750000, high referral count: 20, "
U062347,750000,15,15,15,2022-07-09 00:35:36,2022-07-29 22:15:02,0,0,0,,,21,2022-07-05 19:15:32,2022-07-29 21:56:21,1,1,3,0,2,2,0,0,2,6,Medium risk,"high credited campaign discount: 750000, high referral count: 21, reciprocal transfer loop with 3 partner(s), "
U066669,750000,15,15,15,2022-07-13 11:56:47,2022-07-13 13:37:08,750000,15,15,2022-07-13 11:56:47,2022-07-13 13:37:08,20,2022-07-13 10:41:37,2022-07-13 13:36:46,0,0,0,2,2,2,0,0,0,6,Medium risk,"high immediate campaign discount within 0-1 day: 750000, high credited campaign discount: 750000, high referral count: 20, "
U071132,750000,15,15,15,2022-07-30 12:15:03,2022-07-31 17:00:01,750000,15,15,2022-07-30 12:15:03,2022-07-31 17:00:01,20,2022-07-30 11:52:33,2022-07-31 16:30:59,0,0,0,2,2,2,0,0,0,6,Medium risk,"high immediate campaign discount within 0-1 day: 750000, high credited campaign discount: 750000, high referral count: 20, "
U000991,715000,18,18,18,2022-06-10 23:40:09,2022-06-14 20:36:43,75000,2,2,2022-06-10 23:40:09,2022-06-10 23:58:31,10,2022-06-12 19:48:39,2022-06-13 19:32:19,1,57,4,0,2,0,0,2,2,6,Medium risk,"high credited campaign discount: 715000, shared IP used by 57 users, reciprocal transfer loop with 4 partner(s), "
U088122,705000,20,20,20,2022-06-13 01:03:51,2022-06-13 16:30:01,0,0,0,,,9,2022-06-13 01:36:45,2022-06-13 16:04:09,1,72,26,0,2,0,0,2,2,6,Medium risk,"high credited campaign discount: 705000, shared IP used by 72 users, reciprocal transfer loop with 26 partner(s), "
U071453,700000,14,14,14,2022-06-15 13:45:00,2022-07-21 22:21:18,0,0,0,,,22,2022-06-15 13:07:27,2022-07-21 22:20:54,1,1,4,0,2,2,0,0,2,6,Medium risk,"high credited campaign discount: 700000, high referral count: 22, reciprocal transfer loop with 4 partner(s), "
U073214,700000,14,14,14,2022-07-19 18:15:01,2022-07-20 16:48:40,700000,14,14,2022-07-19 18:15:01,2022-07-20 16:48:40,20,2022-07-19 17:52:35,2022-07-20 16:48:24,0,0,0,2,2,2,0,0,0,6,Medium risk,"high immediate campaign discount within 0-1 day: 700000, high credited campaign discount: 700000, high referral count: 20, "
U018303,685000,17,17,17,2022-07-23 18:24:03,2022-07-26 17:10:12,655000,16,16,2022-07-23 18:24:03,2022-07-24 17:45:05,10,2022-07-24 09:44:58,2022-07-24 17:20:56,5,6,1,2,2,0,1,0,1,6,Medium risk,"high immediate campaign discount within 0-1 day: 655000, high credited campaign discount: 685000, shared device used by 5 users, reciprocal transfer loop with 1 partner(s), "
U070915,650000,13,13,13,2022-07-26 15:16:40,2022-07-26 20:15:02,650000,13,13,2022-07-26 15:16:40,2022-07-26 20:15:02,20,2022-07-26 15:10:18,2022-07-26 20:09:22,0,0,0,2,2,2,0,0,0,6,Medium risk,"high immediate campaign discount within 0-1 day: 650000, high credited campaign discount: 650000, high referral count: 20, "
U081337,650000,13,13,13,2022-07-23 22:22:01,2022-07-24 00:15:01,650000,13,13,2022-07-23 22:22:01,2022-07-24 00:15:01,20,2022-07-23 22:16:20,2022-07-23 23:41:11,0,0,0,2,2,2,0,0,0,6,Medium risk,"high immediate campaign discount within 0-1 day: 650000, high credited campaign discount: 650000, high referral count: 20, "
U031652,625000,18,18,18,2022-06-12 12:25:37,2022-06-12 19:30:01,0,0,0,,,8,2022-06-12 14:55:53,2022-06-12 21:30:06,1,72,15,0,2,0,0,2,2,6,Medium risk,"high credited campaign discount: 625000, shared IP used by 72 users, reciprocal transfer loop with 15 partner(s), "
U007856,600000,12,12,12,2022-08-01 16:16:28,2022-08-01 19:58:57,600000,12,12,2022-08-01 16:16:28,2022-08-01 19:58:57,20,2022-08-01 14:55:26,2022-08-01 20:02:55,0,0,0,2,2,2,0,0,0,6,Medium risk,"high immediate campaign discount within 0-1 day: 600000, high credited campaign discount: 600000, high referral count: 20, "
U024500,585000,13,13,13,2022-06-21 18:38:40,2022-06-23 15:24:10,535000,12,12,2022-06-21 18:38:40,2022-06-22 17:29:29,26,2022-06-21 18:53:10,2022-06-24 10:51:37,1,10,0,2,2,2,0,0,0,6,Medium risk,"high immediate campaign discount within 0-1 day: 535000, high credited campaign discount: 585000, high referral count: 26, "
U060658,585000,16,16,16,2022-06-13 16:38:43,2022-06-15 15:40:51,0,0,0,,,7,2022-06-14 14:04:49,2022-06-14 22:52:36,1,57,35,0,2,0,0,2,2,6,Medium risk,"high credited campaign discount: 585000, shared IP used by 57 users, reciprocal transfer loop with 35 partner(s), "
U030368,550000,11,11,11,2022-07-12 16:45:07,2022-07-12 17:53:58,550000,11,11,2022-07-12 16:45:07,2022-07-12 17:53:58,20,2022-07-12 16:22:06,2022-07-12 17:53:30,0,0,0,2,2,2,0,0,0,6,Medium risk,"high immediate campaign discount within 0-1 day: 550000, high credited campaign discount: 550000, high referral count: 20, "
U077606,550000,11,11,11,2022-06-10 22:08:01,2022-06-25 17:00:00,0,0,0,,,24,2022-06-08 19:55:15,2022-06-25 16:33:11,4,18,3,0,2,2,0,0,2,6,Medium risk,"high credited campaign discount: 550000, high referral count: 24, reciprocal transfer loop with 3 partner(s), "
U082765,550000,11,11,11,2022-07-10 11:21:53,2022-07-10 15:55:20,550000,11,11,2022-07-10 11:21:53,2022-07-10 15:55:20,13,2022-07-10 11:18:06,2022-07-10 15:54:31,1,9,20,2,2,0,0,0,2,6,Medium risk,"high immediate campaign discount within 0-1 day: 550000, high credited campaign discount: 550000, reciprocal transfer loop with 20 partner(s), "
U051360,540000,12,12,12,2022-07-05 11:30:14,2022-07-05 20:06:20,540000,12,12,2022-07-05 11:30:14,2022-07-05 20:06:20,11,2022-07-05 15:23:19,2022-07-05 20:05:35,3,7,35,2,2,0,0,0,2,6,Medium risk,"high immediate campaign discount within 0-1 day: 540000, high credited campaign discount: 540000, reciprocal transfer loop with 35 partner(s), "
U049985,500000,10,10,10,2022-07-12 19:15:04,2022-07-12 20:15:04,500000,10,10,2022-07-12 19:15:04,2022-07-12 20:15:04,20,2022-07-12 19:02:35,2022-07-12 20:11:24,0,0,0,2,2,2,0,0,0,6,Medium risk,"high immediate campaign discount within 0-1 day: 500000, high credited campaign discount: 500000, high referral count: 20, "
U057737,500000,10,10,10,2022-07-28 22:04:09,2022-07-28 22:04:34,500000,10,10,2022-07-28 22:04:09,2022-07-28 22:04:34,20,2022-07-28 22:00:08,2022-07-28 22:37:18,0,0,0,2,2,2,0,0,0,6,Medium risk,"high immediate campaign discount within 0-1 day: 500000, high credited campaign discount: 500000, high referral count: 20, "
U088289,500000,10,10,10,2022-07-24 20:30:00,2022-07-24 20:30:03,500000,10,10,2022-07-24 20:30:00,2022-07-24 20:30:03,20,2022-07-24 19:15:19,2022-07-24 20:11:31,0,0,0,2,2,2,0,0,0,6,Medium risk,"high immediate campaign discount within 0-1 day: 500000, high credited campaign discount: 500000, high referral count: 20, "
U040123,405000,12,12,12,2022-06-19 20:07:47,2022-06-25 01:58:33,0,0,0,,,42,2022-06-19 23:27:18,2022-07-05 16:56:39,11,8,1,0,1,2,2,0,1,6,Medium risk,"elevated credited campaign discount: 405000, high referral count: 42, shared device used by 11 users, reciprocal transfer loop with 1 partner(s), "
U042922,155000,6,6,6,2022-06-10 23:34:10,2022-06-11 23:26:07,0,0,0,,,0,,,5,57,51,0,1,0,1,2,2,6,Medium risk,"elevated credited campaign discount: 155000, shared device used by 5 users, shared IP used by 57 users, reciprocal transfer loop with 51 partner(s), "
U042050,1225000,29,29,29,2022-06-18 13:38:45,2022-06-30 15:21:49,0,0,0,,,20,2022-06-29 18:28:19,2022-06-30 15:21:07,1,7,0,0,3,2,0,0,0,5,Medium risk,"high credited campaign discount: 1225000, high referral count: 20, "
U086259,1195000,27,27,27,2022-06-06 17:12:19,2022-06-28 14:49:56,0,0,0,,,21,2022-06-07 11:55:43,2022-06-28 14:49:38,1,2,0,0,3,2,0,0,0,5,Medium risk,"high credited campaign discount: 1195000, high referral count: 21, "
U030028,1165000,28,28,28,2022-07-07 11:29:11,2022-07-11 10:45:06,0,0,0,,,19,2022-07-10 12:52:51,2022-07-11 10:33:38,1,6,23,0,3,0,0,0,2,5,Medium risk,"high credited campaign discount: 1165000, reciprocal transfer loop with 23 partner(s), "
U077962,1165000,27,27,27,2022-06-27 12:32:07,2022-07-28 16:34:14,0,0,0,,,20,2022-07-28 14:15:26,2022-07-28 16:31:06,1,9,0,0,3,2,0,0,0,5,Medium risk,"high credited campaign discount: 1165000, high referral count: 20, "
U009803,1155000,26,26,26,2022-06-14 19:58:20,2022-06-18 20:54:57,0,0,0,,,20,2022-06-14 19:41:41,2022-06-17 15:27:29,2,17,0,0,3,2,0,0,0,5,Medium risk,"high credited campaign discount: 1155000, high referral count: 20, "
U021964,1155000,26,26,26,2022-06-21 22:12:17,2022-06-25 19:05:10,40000,1,1,2022-06-21 22:12:17,2022-06-21 22:12:17,25,2022-06-22 12:16:07,2022-06-25 19:04:55,1,3,0,0,3,2,0,0,0,5,Medium risk,"high credited campaign discount: 1155000, high referral count: 25, "
U056726,1155000,27,27,27,2022-07-25 11:52:10,2022-07-28 10:31:20,455000,12,12,2022-07-25 11:52:10,2022-07-25 18:54:44,20,2022-07-25 13:26:33,2022-07-28 10:20:21,2,4,0,0,3,2,0,0,0,5,Medium risk,"high credited campaign discount: 1155000, high referral count: 20, "
U062179,1155000,26,26,26,2022-06-27 14:31:45,2022-07-02 20:51:39,75000,2,2,2022-06-27 14:31:45,2022-06-27 15:11:25,21,2022-06-28 13:46:59,2022-07-02 19:56:51,1,15,0,0,3,2,0,0,0,5,Medium risk,"high credited campaign discount: 1155000, high referral count: 21, "
U085156,1155000,26,26,26,2022-06-09 11:19:14,2022-06-20 22:45:01,0,0,0,,,20,2022-06-18 11:04:42,2022-06-20 22:23:18,1,5,0,0,3,2,0,0,0,5,Medium risk,"high credited campaign discount: 1155000, high referral count: 20, "
U023168,1135000,25,25,25,2022-06-20 16:57:51,2022-07-10 15:29:20,0,0,0,,,20,2022-07-06 10:08:32,2022-07-10 15:28:27,1,3,0,0,3,2,0,0,0,5,Medium risk,"high credited campaign discount: 1135000, high referral count: 20, "
U047430,1120000,27,27,27,2022-06-11 16:37:05,2022-06-19 14:30:01,0,0,0,,,20,2022-06-15 19:18:25,2022-06-19 14:09:30,1,7,0,0,3,2,0,0,0,5,Medium risk,"high credited campaign discount: 1120000, high referral count: 20, "
U020599,1115000,25,25,25,2022-06-08 16:59:30,2022-07-02 08:43:59,0,0,0,,,20,2022-06-19 13:56:22,2022-07-02 08:42:27,1,2,0,0,3,2,0,0,0,5,Medium risk,"high credited campaign discount: 1115000, high referral count: 20, "
U036866,1095000,26,26,26,2022-06-13 18:00:00,2022-06-28 11:53:06,0,0,0,,,25,2022-06-13 17:25:44,2022-06-27 21:31:01,1,13,0,0,3,2,0,0,0,5,Medium risk,"high credited campaign discount: 1095000, high referral count: 25, "
U031470,1085000,24,24,24,2022-06-09 22:27:34,2022-06-19 19:30:00,0,0,0,,,21,2022-06-11 14:09:30,2022-06-19 19:04:16,1,4,0,0,3,2,0,0,0,5,Medium risk,"high credited campaign discount: 1085000, high referral count: 21, "
U069776,1050000,22,22,22,2022-06-16 23:44:51,2022-06-23 18:49:39,0,0,0,,,20,2022-06-22 17:56:48,2022-06-23 18:49:24,1,3,0,0,3,2,0,0,0,5,Medium risk,"high credited campaign discount: 1050000, high referral count: 20, "
U044862,1040000,22,22,22,2022-06-01 00:50:06,2022-06-23 19:54:02,0,0,0,,,20,2022-06-22 16:42:04,2022-06-23 19:53:44,1,3,0,0,3,2,0,0,0,5,Medium risk,"high credited campaign discount: 1040000, high referral count: 20, "
U063918,1025000,25,25,25,2022-06-08 21:21:30,2022-06-13 12:16:18,0,0,0,,,16,2022-06-13 09:45:59,2022-06-13 12:16:01,1,9,30,0,3,0,0,0,2,5,Medium risk,"high credited campaign discount: 1025000, reciprocal transfer loop with 30 partner(s), "
U006124,1020000,21,21,21,2022-07-06 16:19:06,2022-07-07 18:15:04,0,0,0,,,27,2022-07-06 18:33:04,2022-07-07 18:01:01,1,2,0,0,3,2,0,0,0,5,Medium risk,"high credited campaign discount: 1020000, high referral count: 27, "
U036262,1020000,21,21,21,2022-07-28 10:15:00,2022-08-01 17:15:01,0,0,0,,,23,2022-07-28 09:42:28,2022-08-01 16:46:25,1,1,0,0,3,2,0,0,0,5,Medium risk,"high credited campaign discount: 1020000, high referral count: 23, "
U000084,1010000,21,21,21,2022-07-01 19:19:47,2022-07-12 18:58:53,10000,1,1,2022-07-01 19:19:47,2022-07-01 19:19:47,21,2022-07-12 14:15:23,2022-07-12 18:58:29,1,1,0,0,3,2,0,0,0,5,Medium risk,"high credited campaign discount: 1010000, high referral count: 21, "
U000046,1000000,20,20,20,2022-06-02 16:30:00,2022-06-07 11:45:00,0,0,0,,,22,2022-06-02 16:07:00,2022-06-07 11:19:21,0,0,0,0,3,2,0,0,0,5,Medium risk,"high credited campaign discount: 1000000, high referral count: 22, "
U000057,1000000,20,20,20,2022-06-26 10:00:00,2022-07-28 17:30:01,0,0,0,,,22,2022-06-26 09:34:29,2022-07-28 16:59:15,0,0,0,0,3,2,0,0,0,5,Medium risk,"high credited campaign discount: 1000000, high referral count: 22, "
U000913,1000000,20,20,20,2022-07-04 13:50:20,2022-07-06 09:11:15,0,0,0,,,21,2022-07-04 13:49:00,2022-07-05 21:32:33,0,0,0,0,3,2,0,0,0,5,Medium risk,"high credited campaign discount: 1000000, high referral count: 21, "
U001615,1000000,20,20,20,2022-06-13 16:15:02,2022-06-19 11:15:00,0,0,0,,,24,2022-06-13 15:52:17,2022-06-19 10:40:01,1,1,0,0,3,2,0,0,0,5,Medium risk,"high credited campaign discount: 1000000, high referral count: 24, "
U001708,1000000,20,20,20,2022-07-02 12:15:00,2022-07-08 10:00:02,450000,9,9,2022-07-02 12:15:00,2022-07-03 19:00:00,21,2022-07-02 11:45:38,2022-07-08 09:40:11,1,1,0,0,3,2,0,0,0,5,Medium risk,"high credited campaign discount: 1000000, high referral count: 21, "
U002000,1000000,20,20,20,2022-07-10 17:30:00,2022-07-26 18:15:00,0,0,0,,,23,2022-07-10 16:55:45,2022-07-26 17:43:09,0,0,0,0,3,2,0,0,0,5,Medium risk,"high credited campaign discount: 1000000, high referral count: 23, "
U002347,1000000,20,20,20,2022-06-24 08:45:01,2022-07-05 16:30:00,0,0,0,,,22,2022-06-24 08:21:42,2022-07-05 15:57:00,0,2,0,0,3,2,0,0,0,5,Medium risk,"high credited campaign discount: 1000000, high referral count: 22, "
U003357,1000000,20,20,20,2022-06-14 14:09:45,2022-07-08 16:21:27,0,0,0,,,21,2022-06-14 14:07:26,2022-07-08 16:21:08,1,2,0,0,3,2,0,0,0,5,Medium risk,"high credited campaign discount: 1000000, high referral count: 21, "
U004988,1000000,20,20,20,2022-07-03 11:04:35,2022-07-03 16:24:02,0,0,0,,,20,2022-07-03 11:01:42,2022-07-03 16:23:44,0,0,0,0,3,2,0,0,0,5,Medium risk,"high credited campaign discount: 1000000, high referral count: 20, "
U007003,1000000,20,20,20,2022-07-11 16:00:01,2022-07-17 16:30:01,0,0,0,,,22,2022-07-11 15:37:24,2022-07-17 16:06:55,1,1,0,0,3,2,0,0,0,5,Medium risk,"high credited campaign discount: 1000000, high referral count: 22, "
U008169,1000000,20,20,20,2022-06-19 14:49:45,2022-07-01 14:15:21,0,0,0,,,20,2022-06-19 14:47:23,2022-07-01 14:15:07,0,0,0,0,3,2,0,0,0,5,Medium risk,"high credited campaign discount: 1000000, high referral count: 20, "
U008468,1000000,20,20,20,2022-07-04 10:45:44,2022-07-09 12:12:47,0,0,0,,,20,2022-07-03 19:51:22,2022-07-09 12:11:25,1,3,0,0,3,2,0,0,0,5,Medium risk,"high credited campaign discount: 1000000, high referral count: 20, "
U009554,1000000,20,20,20,2022-07-10 15:45:00,2022-07-18 10:00:01,200000,4,4,2022-07-10 15:45:00,2022-07-10 18:45:02,23,2022-07-10 15:16:53,2022-07-18 09:38:26,1,1,0,0,3,2,0,0,0,5,Medium risk,"high credited campaign discount: 1000000, high referral count: 23, "
U009647,1000000,20,20,20,2022-06-21 18:37:03,2022-06-25 15:14:18,0,0,0,,,20,2022-06-21 18:35:57,2022-06-25 15:13:56,0,0,0,0,3,2,0,0,0,5,Medium risk,"high credited campaign discount: 1000000, high referral count: 20, "
U011203,1000000,20,20,20,2022-07-06 14:56:39,2022-07-29 01:32:37,0,0,0,,,20,2022-07-06 14:30:14,2022-07-29 01:32:21,1,1,0,0,3,2,0,0,0,5,Medium risk,"high credited campaign discount: 1000000, high referral count: 20, "
U011894,1000000,20,20,20,2022-06-21 16:24:19,2022-06-25 17:39:29,0,0,0,,,20,2022-06-21 16:22:50,2022-06-25 17:39:15,0,0,0,0,3,2,0,0,0,5,Medium risk,"high credited campaign discount: 1000000, high referral count: 20, "
U012084,1000000,20,20,20,2022-07-28 10:56:20,2022-07-31 18:36:51,0,0,0,,,21,2022-07-28 10:54:41,2022-07-31 18:33:53,0,0,0,0,3,2,0,0,0,5,Medium risk,"high credited campaign discount: 1000000, high referral count: 21, "
U012539,1000000,20,20,20,2022-06-17 11:15:01,2022-06-24 15:15:01,0,0,0,,,25,2022-06-17 10:51:07,2022-06-24 14:54:36,0,0,0,0,3,2,0,0,0,5,Medium risk,"high credited campaign discount: 1000000, high referral count: 25, "
U012605,1000000,20,20,20,2022-06-17 10:15:01,2022-07-12 09:30:00,0,0,0,,,24,2022-06-17 09:52:47,2022-07-12 09:00:26,0,0,0,0,3,2,0,0,0,5,Medium risk,"high credited campaign discount: 1000000, high referral count: 24, "
U013103,1000000,20,20,20,2022-06-27 15:00:04,2022-08-01 21:45:01,400000,8,8,2022-06-27 15:00:04,2022-06-28 22:00:00,28,2022-06-27 14:33:34,2022-08-01 21:34:13,1,2,0,0,3,2,0,0,0,5,Medium risk,"high credited campaign discount: 1000000, high referral count: 28, "
U013793,1000000,20,20,20,2022-07-26 16:43:46,2022-08-01 14:26:54,0,0,0,,,22,2022-07-26 16:15:53,2022-07-27 15:04:11,1,2,0,0,3,2,0,0,0,5,Medium risk,"high credited campaign discount: 1000000, high referral count: 22, "
U014169,1000000,20,20,20,2022-06-23 17:24:18,2022-06-29 13:49:33,0,0,0,,,20,2022-06-23 16:57:19,2022-06-29 13:49:18,0,0,0,0,3,2,0,0,0,5,Medium risk,"high credited campaign discount: 1000000, high referral count: 20, "
U014359,1000000,20,20,20,2022-06-06 17:35:53,2022-06-07 14:40:33,0,0,0,,,20,2022-06-06 17:22:59,2022-06-07 14:39:32,0,0,0,0,3,2,0,0,0,5,Medium risk,"high credited campaign discount: 1000000, high referral count: 20, "
U014405,1000000,20,20,20,2022-06-26 11:00:01,2022-07-01 11:00:01,0,0,0,,,20,2022-06-26 10:38:32,2022-07-01 10:38:03,1,2,0,0,3,2,0,0,0,5,Medium risk,"high credited campaign discount: 1000000, high referral count: 20, "
U014698,1000000,20,20,20,2022-07-17 12:54:37,2022-07-19 14:39:36,0,0,0,,,20,2022-07-17 12:49:46,2022-07-19 14:37:43,0,0,0,0,3,2,0,0,0,5,Medium risk,"high credited campaign discount: 1000000, high referral count: 20, "
U015134,1000000,20,20,20,2022-06-13 12:45:00,2022-06-15 17:30:00,0,0,0,,,23,2022-06-13 12:13:43,2022-06-15 17:09:01,1,2,0,0,3,2,0,0,0,5,Medium risk,"high credited campaign discount: 1000000, high referral count: 23, "
U016019,1000000,20,20,20,2022-06-14 10:45:02,2022-07-17 11:45:01,0,0,0,,,23,2022-06-13 12:48:17,2022-07-17 11:20:59,0,0,0,0,3,2,0,0,0,5,Medium risk,"high credited campaign discount: 1000000, high referral count: 23, "
U016861,1000000,20,20,20,2022-06-25 09:00:00,2022-07-05 17:15:01,0,0,0,,,22,2022-06-25 08:32:01,2022-07-05 16:49:39,1,5,0,0,3,2,0,0,0,5,Medium risk,"high credited campaign discount: 1000000, high referral count: 22, "
U018253,1000000,20,20,20,2022-06-14 08:15:00,2022-06-24 08:30:00,0,0,0,,,24,2022-06-13 15:51:13,2022-07-20 11:49:24,0,0,0,0,3,2,0,0,0,5,Medium risk,"high credited campaign discount: 1000000, high referral count: 24, "
U019171,1000000,20,20,20,2022-06-08 09:15:00,2022-06-26 15:30:01,0,0,0,,,22,2022-06-08 08:48:32,2022-06-26 15:04:22,1,2,0,0,3,2,0,0,0,5,Medium risk,"high credited campaign discount: 1000000, high referral count: 22, "
U020163,1000000,20,20,20,2022-07-02 12:30:00,2022-07-10 11:00:01,0,0,0,,,23,2022-07-02 11:56:44,2022-07-10 10:32:33,2,3,0,0,3,2,0,0,0,5,Medium risk,"high credited campaign discount: 1000000, high referral count: 23, "
U020349,1000000,20,20,20,2022-06-19 10:15:01,2022-06-23 10:30:00,250000,5,5,2022-06-19 10:15:01,2022-06-20 12:45:00,23,2022-06-19 09:39:46,2022-06-23 10:01:45,1,1,0,0,3,2,0,0,0,5,Medium risk,"high credited campaign discount: 1000000, high referral count: 23, "
U020841,1000000,20,20,20,2022-07-28 11:43:59,2022-07-28 17:29:30,0,0,0,,,20,2022-07-28 11:21:00,2022-07-28 17:29:03,1,2,0,0,3,2,0,0,0,5,Medium risk,"high credited campaign discount: 1000000, high referral count: 20, "
U021562,1000000,20,20,20,2022-07-07 21:00:00,2022-07-11 19:30:00,300000,6,6,2022-07-07 21:00:00,2022-07-08 22:15:02,34,2022-07-07 20:08:56,2022-07-18 11:20:27,0,0,0,0,3,2,0,0,0,5,Medium risk,"high credited campaign discount: 1000000, high referral count: 34, "
U021653,1000000,20,20,20,2022-06-11 09:45:01,2022-06-15 17:00:01,0,0,0,,,21,2022-06-11 09:17:16,2022-06-15 16:39:19,1,6,0,0,3,2,0,0,0,5,Medium risk,"high credited campaign discount: 1000000, high referral count: 21, "
U021989,1000000,20,20,20,2022-07-22 16:43:39,2022-07-23 10:04:07,0,0,0,,,23,2022-07-22 16:26:10,2022-07-23 10:03:14,0,0,0,0,3,2,0,0,0,5,Medium risk,"high credited campaign discount: 1000000, high referral count: 23, "
U022150,1000000,20,20,20,2022-06-08 17:15:01,2022-06-18 19:45:00,0,0,0,,,32,2022-06-08 16:40:18,2022-07-04 19:18:52,1,2,0,0,3,2,0,0,0,5,Medium risk,"high credited campaign discount: 1000000, high referral count: 32, "
U022837,1000000,20,20,20,2022-06-03 07:30:00,2022-07-07 10:00:00,0,0,0,,,20,2022-06-03 06:55:54,2022-07-07 09:33:21,0,0,0,0,3,2,0,0,0,5,Medium risk,"high credited campaign discount: 1000000, high referral count: 20, "
U023275,1000000,20,20,20,2022-06-09 16:45:00,2022-06-20 14:30:00,0,0,0,,,56,2022-06-09 14:15:19,2022-06-20 14:03:27,0,0,0,0,3,2,0,0,0,5,Medium risk,"high credited campaign discount: 1000000, high referral count: 56, "
U023374,1000000,20,20,20,2022-07-25 20:00:00,2022-07-28 00:30:00,350000,7,7,2022-07-25 20:00:00,2022-07-25 23:31:56,20,2022-07-25 19:28:15,2022-07-27 23:57:20,0,0,0,0,3,2,0,0,0,5,Medium risk,"high credited campaign discount: 1000000, high referral count: 20, "
U024991,1000000,20,20,20,2022-06-19 18:03:22,2022-06-26 19:25:19,0,0,0,,,20,2022-06-19 18:02:11,2022-06-26 19:25:05,0,0,0,0,3,2,0,0,0,5,Medium risk,"high credited campaign discount: 1000000, high referral count: 20, "
U025191,1000000,20,20,20,2022-06-16 12:32:30,2022-07-04 13:47:28,0,0,0,,,20,2022-06-16 12:29:17,2022-07-04 13:47:11,0,0,0,0,3,2,0,0,0,5,Medium risk,"high credited campaign discount: 1000000, high referral count: 20, "
U025472,1000000,20,20,20,2022-07-24 13:30:02,2022-07-25 20:45:01,0,0,0,,,20,2022-07-24 13:08:23,2022-07-25 20:15:21,1,9,0,0,3,2,0,0,0,5,Medium risk,"high credited campaign discount: 1000000, high referral count: 20, "
U025499,1000000,20,20,20,2022-06-21 19:04:50,2022-06-26 09:32:32,0,0,0,,,41,2022-06-21 16:07:54,2022-06-26 09:30:18,0,0,0,0,3,2,0,0,0,5,Medium risk,"high credited campaign discount: 1000000, high referral count: 41, "
U026407,1000000,20,20,20,2022-06-06 12:15:00,2022-06-12 11:30:00,0,0,0,,,22,2022-06-06 09:11:28,2022-06-12 11:03:39,1,19,0,0,3,2,0,0,0,5,Medium risk,"high credited campaign discount: 1000000, high referral count: 22, "
U027345,1000000,20,20,20,2022-06-28 11:00:00,2022-07-05 09:45:01,0,0,0,,,23,2022-06-28 10:26:50,2022-07-05 09:20:41,0,0,0,0,3,2,0,0,0,5,Medium risk,"high credited campaign discount: 1000000, high referral count: 23, "
U029267,1000000,20,20,20,2022-07-07 20:45:00,2022-07-10 22:30:00,0,0,0,,,20,2022-07-07 20:13:33,2022-07-10 22:01:08,0,0,0,0,3,2,0,0,0,5,Medium risk,"high credited campaign discount: 1000000, high referral count: 20, "
U029345,1000000,20,20,20,2022-07-14 11:45:01,2022-07-17 10:15:01,0,0,0,,,21,2022-07-14 11:18:50,2022-07-17 09:51:27,1,2,0,0,3,2,0,0,0,5,Medium risk,"high credited campaign discount: 1000000, high referral count: 21, "
U030217,1000000,20,20,20,2022-06-12 15:00:00,2022-06-22 16:00:01,200000,4,4,2022-06-12 15:00:00,2022-06-13 15:00:00,20,2022-06-12 14:31:31,2022-06-22 15:40:56,0,0,0,0,3,2,0,0,0,5,Medium risk,"high credited campaign discount: 1000000, high referral count: 20, "
U032614,1000000,20,20,20,2022-07-25 15:46:17,2022-07-27 21:33:02,250000,5,5,2022-07-25 15:46:17,2022-07-25 22:44:50,20,2022-07-25 15:38:56,2022-07-27 21:30:50,0,0,0,0,3,2,0,0,0,5,Medium risk,"high credited campaign discount: 1000000, high referral count: 20, "
U033611,1000000,20,20,20,2022-07-18 14:58:34,2022-07-19 18:24:56,0,0,0,,,20,2022-07-18 14:50:34,2022-07-19 18:24:31,0,0,0,0,3,2,0,0,0,5,Medium risk,"high credited campaign discount: 1000000, high referral count: 20, "
U033930,1000000,20,20,20,2022-07-31 17:56:00,2022-07-31 22:45:01,0,0,0,,,27,2022-07-31 17:27:02,2022-07-31 22:17:19,0,0,0,0,3,2,0,0,0,5,Medium risk,"high credited campaign discount: 1000000, high referral count: 27, "
U037230,1000000,20,20,20,2022-06-10 09:45:01,2022-06-13 14:45:01,350000,7,7,2022-06-10 09:45:01,2022-06-10 17:00:00,20,2022-06-10 09:22:33,2022-06-13 14:17:45,0,0,0,0,3,2,0,0,0,5,Medium risk,"high credited campaign discount: 1000000, high referral count: 20, "
U037988,1000000,20,20,20,2022-06-10 12:00:01,2022-06-18 10:00:01,450000,9,9,2022-06-10 12:00:01,2022-06-11 18:00:00,20,2022-06-10 11:34:54,2022-06-18 09:37:42,1,2,0,0,3,2,0,0,0,5,Medium risk,"high credited campaign discount: 1000000, high referral count: 20, "
U038046,1000000,20,20,20,2022-06-20 14:41:25,2022-06-26 18:35:12,0,0,0,,,20,2022-06-20 14:39:28,2022-06-26 18:35:01,0,0,0,0,3,2,0,0,0,5,Medium risk,"high credited campaign discount: 1000000, high referral count: 20, "
U038867,1000000,20,20,20,2022-07-24 13:47:55,2022-07-26 15:09:55,50000,1,1,2022-07-24 13:47:55,2022-07-24 13:47:55,20,2022-07-24 13:12:02,2022-07-26 15:09:37,0,0,0,0,3,2,0,0,0,5,Medium risk,"high credited campaign discount: 1000000, high referral count: 20, "
U039957,1000000,20,20,20,2022-07-16 09:00:00,2022-07-25 16:45:02,0,0,0,,,25,2022-07-16 08:30:21,2022-07-25 16:21:51,1,1,0,0,3,2,0,0,0,5,Medium risk,"high credited campaign discount: 1000000, high referral count: 25, "
U041470,1000000,20,20,20,2022-07-23 20:19:14,2022-07-25 15:35:04,0,0,0,,,20,2022-07-23 20:17:56,2022-07-25 15:34:49,0,0,0,0,3,2,0,0,0,5,Medium risk,"high credited campaign discount: 1000000, high referral count: 20, "
U043692,1000000,20,20,20,2022-06-03 14:15:00,2022-06-13 10:30:00,50000,1,1,2022-06-03 14:15:00,2022-06-03 14:15:00,20,2022-06-03 13:50:53,2022-06-13 10:01:13,1,1,0,0,3,2,0,0,0,5,Medium risk,"high credited campaign discount: 1000000, high referral count: 20, "
U044407,1000000,20,20,20,2022-06-20 16:19:51,2022-06-26 16:06:14,0,0,0,,,20,2022-06-20 16:18:19,2022-06-26 16:05:58,0,0,0,0,3,2,0,0,0,5,Medium risk,"high credited campaign discount: 1000000, high referral count: 20, "
U044808,1000000,20,20,20,2022-06-14 15:30:01,2022-06-18 10:15:00,0,0,0,,,22,2022-06-14 15:02:01,2022-06-18 09:45:34,1,2,0,0,3,2,0,0,0,5,Medium risk,"high credited campaign discount: 1000000, high referral count: 22, "
U045533,1000000,20,20,20,2022-07-01 10:46:10,2022-07-04 14:48:04,0,0,0,,,46,2022-07-01 09:23:21,2022-07-04 14:41:32,0,0,0,0,3,2,0,0,0,5,Medium risk,"high credited campaign discount: 1000000, high referral count: 46, "
U045784,1000000,20,20,20,2022-06-02 17:30:00,2022-06-07 17:00:00,0,0,0,,,50,2022-06-01 20:55:20,2022-06-26 16:46:18,1,2,0,0,3,2,0,0,0,5,Medium risk,"high credited campaign discount: 1000000, high referral count: 50, "
U046291,1000000,20,20,20,2022-07-09 14:10:24,2022-07-10 11:20:33,0,0,0,,,21,2022-07-09 14:08:42,2022-07-10 11:20:20,0,0,0,0,3,2,0,0,0,5,Medium risk,"high credited campaign discount: 1000000, high referral count: 21, "
U048109,1000000,20,20,20,2022-07-20 18:45:00,2022-07-22 15:00:02,0,0,0,,,20,2022-07-20 18:15:42,2022-07-22 14:37:18,1,1,0,0,3,2,0,0,0,5,Medium risk,"high credited campaign discount: 1000000, high referral count: 20, "
U048194,1000000,20,20,20,2022-07-08 09:15:00,2022-07-13 16:15:00,0,0,0,,,21,2022-07-08 08:46:43,2022-07-13 15:43:06,1,1,0,0,3,2,0,0,0,5,Medium risk,"high credited campaign discount: 1000000, high referral count: 21, "
U050677,1000000,20,20,20,2022-06-19 15:45:01,2022-06-22 11:30:02,0,0,0,,,22,2022-06-19 15:21:41,2022-06-22 11:13:13,3,1,0,0,3,2,0,0,0,5,Medium risk,"high credited campaign discount: 1000000, high referral count: 22, "
U050768,1000000,20,20,20,2022-06-11 10:30:04,2022-06-29 09:30:00,0,0,0,,,28,2022-06-11 10:05:09,2022-06-29 09:01:35,1,3,0,0,3,2,0,0,0,5,Medium risk,"high credited campaign discount: 1000000, high referral count: 28, "
U051239,1000000,20,20,20,2022-06-21 09:00:00,2022-06-26 15:30:01,0,0,0,,,20,2022-06-21 08:33:07,2022-06-26 15:02:24,1,15,0,0,3,2,0,0,0,5,Medium risk,"high credited campaign discount: 1000000, high referral count: 20, "
U052464,1000000,20,20,20,2022-06-08 18:00:00,2022-06-18 16:00:00,0,0,0,,,25,2022-06-08 17:31:55,2022-06-18 15:28:47,0,0,0,0,3,2,0,0,0,5,Medium risk,"high credited campaign discount: 1000000, high referral count: 25, "
U052564,1000000,20,20,20,2022-07-03 11:30:01,2022-07-07 16:30:01,0,0,0,,,23,2022-07-03 11:03:03,2022-07-07 16:05:22,0,0,0,0,3,2,0,0,0,5,Medium risk,"high credited campaign discount: 1000000, high referral count: 23, "
U054054,1000000,20,20,20,2022-07-06 09:41:20,2022-07-07 08:39:13,0,0,0,,,20,2022-07-06 09:39:23,2022-07-06 21:01:58,0,0,0,0,3,2,0,0,0,5,Medium risk,"high credited campaign discount: 1000000, high referral count: 20, "
U055447,1000000,20,20,20,2022-06-13 18:00:00,2022-06-19 20:45:00,0,0,0,,,37,2022-06-13 17:33:51,2022-06-19 20:19:07,0,0,0,0,3,2,0,0,0,5,Medium risk,"high credited campaign discount: 1000000, high referral count: 37, "
U056317,1000000,20,20,20,2022-06-22 15:03:07,2022-06-24 13:10:26,0,0,0,,,20,2022-06-22 15:00:29,2022-06-24 13:09:56,0,0,0,0,3,2,0,0,0,5,Medium risk,"high credited campaign discount: 1000000, high referral count: 20, "
U056740,1000000,20,20,20,2022-07-06 12:30:01,2022-07-26 13:44:28,0,0,0,,,22,2022-07-06 12:03:32,2022-07-26 13:42:44,1,1,0,0,3,2,0,0,0,5,Medium risk,"high credited campaign discount: 1000000, high referral count: 22, "
U056956,1000000,20,20,20,2022-06-18 20:30:00,2022-06-23 10:30:01,0,0,0,,,39,2022-06-18 19:50:08,2022-06-23 10:04:23,1,1,0,0,3,2,0,0,0,5,Medium risk,"high credited campaign discount: 1000000, high referral count: 39, "
U057886,1000000,20,20,20,2022-07-23 09:30:03,2022-07-26 15:45:03,0,0,0,,,21,2022-07-23 09:04:23,2022-07-26 15:17:40,0,0,0,0,3,2,0,0,0,5,Medium risk,"high credited campaign discount: 1000000, high referral count: 21, "
U058269,1000000,20,20,20,2022-06-12 09:15:00,2022-06-21 08:45:00,0,0,0,,,23,2022-06-11 21:34:16,2022-06-21 08:14:49,1,3,0,0,3,2,0,0,0,5,Medium risk,"high credited campaign discount: 1000000, high referral count: 23, "
U058852,1000000,20,20,20,2022-06-03 16:15:00,2022-06-08 15:45:00,0,0,0,,,20,2022-06-03 15:42:59,2022-06-08 15:21:49,0,0,0,0,3,2,0,0,0,5,Medium risk,"high credited campaign discount: 1000000, high referral count: 20, "
U059091,1000000,20,20,20,2022-06-24 10:15:01,2022-06-27 17:30:00,0,0,0,,,20,2022-06-24 09:52:05,2022-06-27 17:09:23,0,0,0,0,3,2,0,0,0,5,Medium risk,"high credited campaign discount: 1000000, high referral count: 20, "
U059602,1000000,20,20,20,2022-06-30 20:30:01,2022-07-04 16:15:02,0,0,0,,,22,2022-06-30 20:04:25,2022-07-04 15:55:19,1,13,0,0,3,2,0,0,0,5,Medium risk,"high credited campaign discount: 1000000, high referral count: 22, "
U059763,1000000,20,20,20,2022-06-06 21:59:22,2022-06-14 17:56:26,0,0,0,,,28,2022-06-06 20:54:12,2022-06-14 17:56:10,0,0,0,0,3,2,0,0,0,5,Medium risk,"high credited campaign discount: 1000000, high referral count: 28, "
U060084,1000000,20,20,20,2022-06-19 19:54:33,2022-06-23 16:26:42,0,0,0,,,20,2022-06-19 19:04:28,2022-06-23 16:26:30,0,18,0,0,3,2,0,0,0,5,Medium risk,"high credited campaign discount: 1000000, high referral count: 20, "
U060107,1000000,20,20,20,2022-07-05 10:00:00,2022-07-12 08:30:00,0,0,0,,,28,2022-07-05 09:31:38,2022-07-12 07:57:14,0,0,0,0,3,2,0,0,0,5,Medium risk,"high credited campaign discount: 1000000, high referral count: 28, "
U060168,1000000,20,20,20,2022-07-18 16:49:33,2022-07-21 21:26:03,450000,9,9,2022-07-18 16:49:33,2022-07-19 22:54:04,21,2022-07-18 16:47:33,2022-07-21 21:24:36,0,0,0,0,3,2,0,0,0,5,Medium risk,"high credited campaign discount: 1000000, high referral count: 21, "
U061188,1000000,20,20,20,2022-07-07 08:14:28,2022-07-07 18:18:22,0,0,0,,,23,2022-07-06 20:54:14,2022-07-07 18:18:09,0,0,0,0,3,2,0,0,0,5,Medium risk,"high credited campaign discount: 1000000, high referral count: 23, "
U061254,1000000,20,20,20,2022-06-13 11:53:32,2022-06-18 17:45:59,0,0,0,,,25,2022-06-13 11:05:16,2022-06-18 17:44:12,0,0,0,0,3,2,0,0,0,5,Medium risk,"high credited campaign discount: 1000000, high referral count: 25, "
U061279,1000000,20,20,20,2022-07-02 09:30:00,2022-07-08 19:15:00,0,0,0,,,21,2022-07-02 08:55:14,2022-07-08 18:42:11,1,1,0,0,3,2,0,0,0,5,Medium risk,"high credited campaign discount: 1000000, high referral count: 21, "
U062028,1000000,20,20,20,2022-06-27 16:52:08,2022-06-30 12:49:40,0,0,0,,,21,2022-06-27 16:26:14,2022-06-30 13:27:02,0,0,0,0,3,2,0,0,0,5,Medium risk,"high credited campaign discount: 1000000, high referral count: 21, "
U062107,1000000,20,20,20,2022-06-22 18:25:25,2022-06-24 14:00:00,0,0,0,,,20,2022-06-22 18:24:13,2022-06-24 13:34:26,1,10,0,0,3,2,0,0,0,5,Medium risk,"high credited campaign discount: 1000000, high referral count: 20, "
U062695,1000000,20,20,20,2022-07-17 11:45:00,2022-07-17 18:28:48,0,0,0,,,20,2022-07-17 11:02:44,2022-07-17 18:27:23,0,0,0,0,3,2,0,0,0,5,Medium risk,"high credited campaign discount: 1000000, high referral count: 20, "
U063964,1000000,20,20,20,2022-07-16 10:00:01,2022-07-24 18:45:00,0,0,0,,,22,2022-07-16 09:33:12,2022-07-24 18:12:11,1,5,0,0,3,2,0,0,0,5,Medium risk,"high credited campaign discount: 1000000, high referral count: 22, "
U064018,1000000,20,20,20,2022-07-04 15:15:00,2022-07-11 12:00:03,0,0,0,,,26,2022-07-04 14:42:51,2022-07-29 14:41:27,0,0,0,0,3,2,0,0,0,5,Medium risk,"high credited campaign discount: 1000000, high referral count: 26, "
U065135,1000000,20,20,20,2022-07-21 15:51:13,2022-07-22 17:52:18,0,0,0,,,21,2022-07-21 15:21:33,2022-07-22 17:51:25,0,0,0,0,3,2,0,0,0,5,Medium risk,"high credited campaign discount: 1000000, high referral count: 21, "
U065741,1000000,20,20,20,2022-07-17 15:35:13,2022-07-24 12:13:46,0,0,0,,,20,2022-07-17 15:32:59,2022-07-24 12:13:33,1,1,0,0,3,2,0,0,0,5,Medium risk,"high credited campaign discount: 1000000, high referral count: 20, "
U066640,1000000,20,20,20,2022-06-22 14:29:20,2022-06-24 15:36:44,0,0,0,,,20,2022-06-22 14:27:03,2022-06-24 15:36:16,0,0,0,0,3,2,0,0,0,5,Medium risk,"high credited campaign discount: 1000000, high referral count: 20, "
U066844,1000000,20,20,20,2022-07-05 19:21:38,2022-07-07 18:01:47,0,0,0,,,25,2022-07-05 19:19:27,2022-07-07 18:01:07,2,5,0,0,3,2,0,0,0,5,Medium risk,"high credited campaign discount: 1000000, high referral count: 25, "
U067930,1000000,20,20,20,2022-06-06 09:15:00,2022-06-09 18:45:01,0,0,0,,,23,2022-06-06 08:39:01,2022-06-09 18:25:20,0,0,0,0,3,2,0,0,0,5,Medium risk,"high credited campaign discount: 1000000, high referral count: 23, "
U069182,1000000,20,20,20,2022-06-13 09:45:01,2022-06-19 11:30:00,0,0,0,,,26,2022-06-13 09:21:56,2022-06-19 11:08:17,1,11,0,0,3,2,0,0,0,5,Medium risk,"high credited campaign discount: 1000000, high referral count: 26, "
U069729,1000000,20,20,20,2022-06-03 15:30:00,2022-06-04 23:00:00,0,0,0,,,20,2022-06-03 15:08:45,2022-06-04 22:28:50,0,0,0,0,3,2,0,0,0,5,Medium risk,"high credited campaign discount: 1000000, high referral count: 20, "
U070555,1000000,20,20,20,2022-06-10 12:45:00,2022-06-27 15:00:01,0,0,0,,,29,2022-06-10 12:18:00,2022-06-27 14:29:40,1,11,0,0,3,2,0,0,0,5,Medium risk,"high credited campaign discount: 1000000, high referral count: 29, "
U070869,1000000,20,20,20,2022-06-18 15:33:59,2022-06-30 08:58:23,0,0,0,,,20,2022-06-18 15:31:30,2022-06-30 08:58:04,0,0,0,0,3,2,0,0,0,5,Medium risk,"high credited campaign discount: 1000000, high referral count: 20, "
U071641,1000000,20,20,20,2022-07-25 10:40:14,2022-07-25 15:43:13,0,0,0,,,20,2022-07-25 10:17:09,2022-07-25 15:42:50,1,2,0,0,3,2,0,0,0,5,Medium risk,"high credited campaign discount: 1000000, high referral count: 20, "
U071959,1000000,20,20,20,2022-06-12 08:15:00,2022-06-21 12:15:00,200000,4,4,2022-06-12 08:15:00,2022-06-12 22:00:00,34,2022-06-12 07:44:31,2022-06-21 11:44:32,1,2,0,0,3,2,0,0,0,5,Medium risk,"high credited campaign discount: 1000000, high referral count: 34, "
U072023,1000000,20,20,20,2022-06-21 19:03:51,2022-06-24 16:54:35,0,0,0,,,20,2022-06-21 19:01:19,2022-06-24 16:54:15,0,0,0,0,3,2,0,0,0,5,Medium risk,"high credited campaign discount: 1000000, high referral count: 20, "
U072690,1000000,20,20,20,2022-07-07 09:23:42,2022-07-10 16:31:18,0,0,0,,,23,2022-07-07 09:22:09,2022-07-10 16:30:43,1,11,0,0,3,2,0,0,0,5,Medium risk,"high credited campaign discount: 1000000, high referral count: 23, "
U073879,1000000,20,20,20,2022-07-26 11:21:46,2022-08-01 12:00:00,0,0,0,,,21,2022-07-26 10:57:39,2022-08-01 11:17:25,1,3,0,0,3,2,0,0,0,5,Medium risk,"high credited campaign discount: 1000000, high referral count: 21, "
U074366,1000000,20,20,20,2022-06-27 10:15:02,2022-07-03 10:15:01,0,0,0,,,22,2022-06-27 08:19:12,2022-07-03 09:56:50,1,2,0,0,3,2,0,0,0,5,Medium risk,"high credited campaign discount: 1000000, high referral count: 22, "
U074471,1000000,20,20,20,2022-06-23 20:00:00,2022-07-17 13:45:01,0,0,0,,,68,2022-06-18 16:45:06,2022-07-17 13:22:26,1,1,0,0,3,2,0,0,0,5,Medium risk,"high credited campaign discount: 1000000, high referral count: 68, "
U076722,1000000,20,20,20,2022-07-11 14:15:01,2022-07-20 11:15:01,0,0,0,,,22,2022-07-11 13:41:43,2022-07-20 10:46:39,2,1,0,0,3,2,0,0,0,5,Medium risk,"high credited campaign discount: 1000000, high referral count: 22, "
U076741,1000000,20,20,20,2022-06-18 16:55:43,2022-07-02 14:08:23,0,0,0,,,20,2022-06-18 16:54:01,2022-07-02 14:08:08,0,0,0,0,3,2,0,0,0,5,Medium risk,"high credited campaign discount: 1000000, high referral count: 20, "
U077011,1000000,20,20,20,2022-07-04 14:00:00,2022-07-08 12:45:00,300000,6,6,2022-07-04 14:00:00,2022-07-05 12:15:02,22,2022-07-04 13:32:34,2022-07-08 12:25:46,1,1,0,0,3,2,0,0,0,5,Medium risk,"high credited campaign discount: 1000000, high referral count: 22, "
U077301,1000000,20,20,20,2022-07-01 22:45:01,2022-07-04 15:30:03,0,0,0,,,20,2022-07-01 22:23:06,2022-07-04 15:12:33,1,2,0,0,3,2,0,0,0,5,Medium risk,"high credited campaign discount: 1000000, high referral count: 20, "
U077742,1000000,20,20,20,2022-06-30 16:13:00,2022-07-04 21:30:00,0,0,0,,,21,2022-06-30 15:46:39,2022-07-04 21:02:01,0,0,0,0,3,2,0,0,0,5,Medium risk,"high credited campaign discount: 1000000, high referral count: 21, "
U080928,1000000,20,20,20,2022-06-30 15:00:00,2022-07-10 16:45:02,0,0,0,,,21,2022-06-30 11:23:16,2022-07-10 16:24:52,1,1,0,0,3,2,0,0,0,5,Medium risk,"high credited campaign discount: 1000000, high referral count: 21, "
U081351,1000000,20,20,20,2022-07-08 19:58:41,2022-07-09 14:05:15,0,0,0,,,23,2022-07-08 19:56:36,2022-07-09 14:04:59,0,0,0,0,3,2,0,0,0,5,Medium risk,"high credited campaign discount: 1000000, high referral count: 23, "
U082243,1000000,20,20,20,2022-06-07 14:45:36,2022-06-09 16:22:33,0,0,0,,,20,2022-06-07 14:42:32,2022-06-09 16:22:17,0,2,0,0,3,2,0,0,0,5,Medium risk,"high credited campaign discount: 1000000, high referral count: 20, "
U083451,1000000,20,20,20,2022-06-12 16:00:00,2022-06-17 10:00:00,0,0,0,,,22,2022-06-12 15:15:45,2022-06-17 09:29:47,0,0,0,0,3,2,0,0,0,5,Medium risk,"high credited campaign discount: 1000000, high referral count: 22, "
U083544,1000000,20,20,20,2022-06-18 10:15:01,2022-07-05 11:45:02,0,0,0,,,26,2022-06-18 09:48:24,2022-07-05 11:21:50,0,0,0,0,3,2,0,0,0,5,Medium risk,"high credited campaign discount: 1000000, high referral count: 26, "
U083763,1000000,20,20,20,2022-06-07 14:30:00,2022-06-21 16:00:00,0,0,0,,,22,2022-06-07 14:09:12,2022-06-21 15:35:13,0,0,0,0,3,2,0,0,0,5,Medium risk,"high credited campaign discount: 1000000, high referral count: 22, "
U084182,1000000,20,20,20,2022-06-30 10:15:01,2022-07-06 10:45:01,100000,2,2,2022-06-30 10:15:01,2022-06-30 11:45:01,22,2022-06-30 09:45:44,2022-07-06 10:21:47,0,0,0,0,3,2,0,0,0,5,Medium risk,"high credited campaign discount: 1000000, high referral count: 22, "
U084574,1000000,20,20,20,2022-06-24 11:15:00,2022-07-04 11:30:00,200000,4,4,2022-06-24 11:15:00,2022-06-24 18:00:00,24,2022-06-24 10:45:41,2022-07-04 10:57:30,3,3,0,0,3,2,0,0,0,5,Medium risk,"high credited campaign discount: 1000000, high referral count: 24, "
U084694,1000000,20,20,20,2022-07-11 08:55:39,2022-07-12 11:34:45,0,0,0,,,20,2022-07-11 08:33:34,2022-07-12 11:31:26,1,2,0,0,3,2,0,0,0,5,Medium risk,"high credited campaign discount: 1000000, high referral count: 20, "
U085180,1000000,20,20,20,2022-07-13 15:15:00,2022-07-23 10:00:01,0,0,0,,,21,2022-07-13 14:44:23,2022-07-23 09:37:46,1,1,0,0,3,2,0,0,0,5,Medium risk,"high credited campaign discount: 1000000, high referral count: 21, "
U085363,1000000,20,20,20,2022-07-27 18:30:05,2022-07-28 23:45:01,0,0,0,,,20,2022-07-27 18:06:14,2022-07-28 23:20:49,1,9,0,0,3,2,0,0,0,5,Medium risk,"high credited campaign discount: 1000000, high referral count: 20, "
U086233,1000000,20,20,20,2022-06-11 08:30:00,2022-06-14 08:30:00,0,0,0,,,23,2022-06-11 08:01:29,2022-06-14 07:59:34,0,0,0,0,3,2,0,0,0,5,Medium risk,"high credited campaign discount: 1000000, high referral count: 23, "
U086471,1000000,20,20,20,2022-06-05 12:15:01,2022-06-13 15:30:01,0,0,0,,,42,2022-06-05 11:52:57,2022-06-13 15:00:47,0,0,0,0,3,2,0,0,0,5,Medium risk,"high credited campaign discount: 1000000, high referral count: 42, "
U086753,1000000,20,20,20,2022-06-21 18:15:00,2022-06-25 21:45:01,0,0,0,,,50,2022-06-21 17:37:52,2022-06-25 21:22:40,0,0,0,0,3,2,0,0,0,5,Medium risk,"high credited campaign discount: 1000000, high referral count: 50, "
U086758,1000000,20,20,20,2022-07-25 11:04:56,2022-07-26 09:02:16,0,0,0,,,21,2022-07-25 10:41:33,2022-07-26 09:01:57,1,2,0,0,3,2,0,0,0,5,Medium risk,"high credited campaign discount: 1000000, high referral count: 21, "
U087661,1000000,20,20,20,2022-06-17 19:21:26,2022-06-20 12:33:00,0,0,0,,,20,2022-06-17 19:19:04,2022-06-20 12:31:54,1,2,0,0,3,2,0,0,0,5,Medium risk,"high credited campaign discount: 1000000, high referral count: 20, "
U087772,1000000,20,20,20,2022-07-03 13:46:36,2022-07-06 19:59:01,400000,8,8,2022-07-03 13:46:36,2022-07-04 15:51:49,20,2022-07-03 13:44:27,2022-07-06 19:58:27,0,0,0,0,3,2,0,0,0,5,Medium risk,"high credited campaign discount: 1000000, high referral count: 20, "
U089286,1000000,20,20,20,2022-06-03 10:45:00,2022-06-30 16:45:01,0,0,0,,,23,2022-06-03 10:11:30,2022-06-30 16:20:36,0,13,0,0,3,2,0,0,0,5,Medium risk,"high credited campaign discount: 1000000, high referral count: 23, "
U089944,1000000,21,21,21,2022-06-03 10:46:31,2022-06-08 20:48:50,0,0,0,,,20,2022-06-03 10:44:06,2022-06-08 20:48:39,1,12,0,0,3,2,0,0,0,5,Medium risk,"high credited campaign discount: 1000000, high referral count: 20, "
U028045,990000,21,21,21,2022-06-09 21:11:25,2022-06-13 14:30:00,0,0,0,,,20,2022-06-13 10:14:46,2022-06-13 13:57:47,1,8,1,0,2,2,0,0,1,5,Medium risk,"high credited campaign discount: 990000, high referral count: 20, reciprocal transfer loop with 1 partner(s), "
U048640,990000,20,20,20,2022-07-14 20:51:23,2022-07-22 21:49:53,40000,1,1,2022-07-14 20:51:23,2022-07-14 20:51:23,21,2022-07-19 22:43:34,2022-07-22 21:49:11,1,3,1,0,2,2,0,0,1,5,Medium risk,"high credited campaign discount: 990000, high referral count: 21, reciprocal transfer loop with 1 partner(s), "
U052097,990000,21,21,21,2022-07-08 11:40:48,2022-07-16 11:30:02,0,0,0,,,23,2022-07-08 17:09:42,2022-07-16 11:11:37,1,4,1,0,2,2,0,0,1,5,Medium risk,"high credited campaign discount: 990000, high referral count: 23, reciprocal transfer loop with 1 partner(s), "
U074025,985000,23,23,23,2022-06-05 11:14:27,2022-07-05 12:30:00,0,0,0,,,21,2022-06-15 09:33:48,2022-07-05 11:56:02,1,18,1,0,2,2,0,0,1,5,Medium risk,"high credited campaign discount: 985000, high referral count: 21, reciprocal transfer loop with 1 partner(s), "
U005875,955000,20,20,20,2022-06-08 11:30:01,2022-06-27 13:45:01,50000,1,1,2022-06-08 11:30:01,2022-06-08 11:30:01,32,2022-06-08 10:54:34,2022-06-27 13:20:48,1,2,1,0,2,2,0,0,1,5,Medium risk,"high credited campaign discount: 955000, high referral count: 32, reciprocal transfer loop with 1 partner(s), "
U087535,955000,21,21,21,2022-06-21 12:55:24,2022-06-24 17:15:00,0,0,0,,,20,2022-06-21 22:02:19,2022-06-24 16:46:04,1,4,1,0,2,2,0,0,1,5,Medium risk,"high credited campaign discount: 955000, high referral count: 20, reciprocal transfer loop with 1 partner(s), "
U000227,950000,19,19,19,2022-06-18 17:38:26,2022-06-20 02:00:00,0,0,0,,,20,2022-06-18 17:36:44,2022-06-20 01:32:28,1,13,1,0,2,2,0,0,1,5,Medium risk,"high credited campaign discount: 950000, high referral count: 20, reciprocal transfer loop with 1 partner(s), "
U002183,950000,19,19,19,2022-06-26 19:30:00,2022-07-01 16:59:09,0,0,0,,,20,2022-06-26 18:54:21,2022-07-01 17:00:17,1,5,1,0,2,2,0,0,1,5,Medium risk,"high credited campaign discount: 950000, high referral count: 20, reciprocal transfer loop with 1 partner(s), "
U009419,950000,19,19,19,2022-07-05 17:52:02,2022-07-08 15:54:14,0,0,0,,,21,2022-07-05 17:24:33,2022-07-08 15:24:35,2,2,1,0,2,2,0,0,1,5,Medium risk,"high credited campaign discount: 950000, high referral count: 21, reciprocal transfer loop with 1 partner(s), "
U012229,950000,19,19,19,2022-06-02 19:00:00,2022-06-11 20:15:00,100000,2,2,2022-06-02 19:00:00,2022-06-02 20:15:00,21,2022-06-02 09:27:13,2022-06-19 12:30:10,1,4,1,0,2,2,0,0,1,5,Medium risk,"high credited campaign discount: 950000, high referral count: 21, reciprocal transfer loop with 1 partner(s), "
U017459,950000,19,19,19,2022-06-07 11:30:01,2022-06-15 12:00:00,0,0,0,,,22,2022-06-07 11:07:31,2022-06-15 11:29:30,1,3,1,0,2,2,0,0,1,5,Medium risk,"high credited campaign discount: 950000, high referral count: 22, reciprocal transfer loop with 1 partner(s), "
U019068,950000,19,19,19,2022-06-18 11:00:02,2022-06-23 10:00:00,0,0,0,,,22,2022-06-18 10:37:41,2022-06-23 13:44:27,1,2,1,0,2,2,0,0,1,5,Medium risk,"high credited campaign discount: 950000, high referral count: 22, reciprocal transfer loop with 1 partner(s), "
U031466,950000,19,19,19,2022-06-22 09:15:01,2022-06-26 10:30:01,0,0,0,,,24,2022-06-22 08:43:58,2022-06-26 10:02:45,1,6,2,0,2,2,0,0,1,5,Medium risk,"high credited campaign discount: 950000, high referral count: 24, reciprocal transfer loop with 2 partner(s), "
U036946,950000,19,19,19,2022-06-03 13:43:48,2022-06-12 22:15:01,0,0,0,,,20,2022-06-03 13:42:28,2022-06-12 22:02:13,2,15,2,0,2,2,0,0,1,5,Medium risk,"high credited campaign discount: 950000, high referral count: 20, reciprocal transfer loop with 2 partner(s), "
U038041,950000,19,19,19,2022-07-23 20:00:05,2022-07-28 21:14:00,350000,7,7,2022-07-23 20:00:05,2022-07-24 22:35:21,23,2022-07-23 19:22:58,2022-07-28 21:00:17,1,2,1,0,2,2,0,0,1,5,Medium risk,"high credited campaign discount: 950000, high referral count: 23, reciprocal transfer loop with 1 partner(s), "
U041290,950000,19,19,19,2022-06-10 18:15:01,2022-07-07 20:00:00,0,0,0,,,30,2022-06-10 17:52:53,2022-07-07 19:31:33,1,3,1,0,2,2,0,0,1,5,Medium risk,"high credited campaign discount: 950000, high referral count: 30, reciprocal transfer loop with 1 partner(s), "
U047938,950000,19,19,19,2022-07-07 15:23:45,2022-07-09 11:57:26,0,0,0,,,21,2022-07-07 15:16:19,2022-07-09 11:56:17,1,1,1,0,2,2,0,0,1,5,Medium risk,"high credited campaign discount: 950000, high referral count: 21, reciprocal transfer loop with 1 partner(s), "
U049487,950000,19,19,19,2022-06-02 08:10:21,2022-06-09 23:31:35,0,0,0,,,40,2022-06-01 17:44:51,2022-06-09 23:23:39,1,15,1,0,2,2,0,0,1,5,Medium risk,"high credited campaign discount: 950000, high referral count: 40, reciprocal transfer loop with 1 partner(s), "
U049907,950000,19,19,19,2022-06-03 13:15:00,2022-06-19 14:53:42,0,0,0,,,39,2022-06-03 06:29:33,2022-06-19 14:52:00,2,3,1,0,2,2,0,0,1,5,Medium risk,"high credited campaign discount: 950000, high referral count: 39, reciprocal transfer loop with 1 partner(s), "
U070643,950000,19,19,19,2022-06-05 14:47:29,2022-06-07 14:55:50,0,0,0,,,20,2022-06-05 14:45:47,2022-06-07 14:54:03,1,9,1,0,2,2,0,0,1,5,Medium risk,"high credited campaign discount: 950000, high referral count: 20, reciprocal transfer loop with 1 partner(s), "
U075169,950000,19,19,19,2022-06-20 11:00:00,2022-07-16 09:42:36,0,0,0,,,21,2022-06-20 10:24:46,2022-07-15 21:21:00,1,5,1,0,2,2,0,0,1,5,Medium risk,"high credited campaign discount: 950000, high referral count: 21, reciprocal transfer loop with 1 partner(s), "
U076657,950000,19,19,19,2022-06-30 19:03:50,2022-07-02 18:43:04,650000,13,13,2022-06-30 19:03:50,2022-06-30 23:00:01,19,2022-06-30 19:02:17,2022-07-02 18:42:49,1,15,1,2,2,0,0,0,1,5,Medium risk,"high immediate campaign discount within 0-1 day: 650000, high credited campaign discount: 950000, reciprocal transfer loop with 1 partner(s), "
U088043,950000,19,19,19,2022-06-04 20:10:02,2022-07-03 17:45:00,0,0,0,,,25,2022-06-03 20:46:37,2022-07-03 17:17:10,1,3,1,0,2,2,0,0,1,5,Medium risk,"high credited campaign discount: 950000, high referral count: 25, reciprocal transfer loop with 1 partner(s), "
U035359,940000,20,20,20,2022-06-02 01:01:27,2022-06-15 23:30:00,0,0,0,,,53,2022-06-07 07:04:26,2022-06-16 06:08:37,1,12,1,0,2,2,0,0,1,5,Medium risk,"high credited campaign discount: 940000, high referral count: 53, reciprocal transfer loop with 1 partner(s), "
U069682,940000,19,19,19,2022-07-29 14:22:08,2022-08-01 11:42:35,0,0,0,,,23,2022-07-29 15:58:57,2022-08-01 11:40:48,1,7,1,0,2,2,0,0,1,5,Medium risk,"high credited campaign discount: 940000, high referral count: 23, reciprocal transfer loop with 1 partner(s), "
U051352,905000,19,19,19,2022-06-21 12:17:16,2022-07-10 11:44:33,30000,1,1,2022-06-21 12:17:16,2022-06-21 12:17:16,33,2022-06-22 10:51:57,2022-06-22 21:00:59,1,8,1,0,2,2,0,0,1,5,Medium risk,"high credited campaign discount: 905000, high referral count: 33, reciprocal transfer loop with 1 partner(s), "
U001257,900000,18,18,18,2022-07-21 14:00:01,2022-07-28 16:15:00,0,0,0,,,20,2022-07-21 13:34:35,2022-07-28 15:42:05,1,2,1,0,2,2,0,0,1,5,Medium risk,"high credited campaign discount: 900000, high referral count: 20, reciprocal transfer loop with 1 partner(s), "
U002335,900000,18,18,18,2022-06-15 09:45:02,2022-07-25 15:15:03,0,0,0,,,32,2022-06-15 07:50:53,2022-07-25 14:51:15,1,1,1,0,2,2,0,0,1,5,Medium risk,"high credited campaign discount: 900000, high referral count: 32, reciprocal transfer loop with 1 partner(s), "
U008979,900000,18,18,18,2022-07-09 12:50:51,2022-08-01 14:15:01,0,0,0,,,30,2022-07-09 12:46:30,2022-08-01 13:47:58,1,1,1,0,2,2,0,0,1,5,Medium risk,"high credited campaign discount: 900000, high referral count: 30, reciprocal transfer loop with 1 partner(s), "
U009206,900000,18,18,18,2022-06-10 14:30:00,2022-06-23 18:30:00,0,0,0,,,22,2022-06-10 14:01:02,2022-06-23 17:56:53,0,0,1,0,2,2,0,0,1,5,Medium risk,"high credited campaign discount: 900000, high referral count: 22, reciprocal transfer loop with 1 partner(s), "
U010829,900000,18,18,18,2022-06-09 09:15:00,2022-06-12 11:45:02,350000,7,7,2022-06-09 09:15:00,2022-06-09 18:00:00,23,2022-06-09 08:59:17,2022-06-12 11:23:03,5,5,0,0,2,2,1,0,0,5,Medium risk,"high credited campaign discount: 900000, high referral count: 23, shared device used by 5 users, "
U016481,900000,18,18,18,2022-07-04 08:45:00,2022-07-07 11:15:00,0,0,0,,,21,2022-07-04 08:19:47,2022-07-07 10:44:11,1,1,1,0,2,2,0,0,1,5,Medium risk,"high credited campaign discount: 900000, high referral count: 21, reciprocal transfer loop with 1 partner(s), "
U019573,900000,18,18,18,2022-07-15 09:15:01,2022-07-17 17:30:01,200000,4,4,2022-07-15 09:15:01,2022-07-15 19:00:00,20,2022-07-15 08:47:43,2022-07-17 17:09:30,1,2,1,0,2,2,0,0,1,5,Medium risk,"high credited campaign discount: 900000, high referral count: 20, reciprocal transfer loop with 1 partner(s), "
U020323,900000,18,18,18,2022-07-21 10:30:01,2022-07-28 09:30:00,0,0,0,,,23,2022-07-21 10:08:00,2022-07-28 08:59:00,1,20,0,0,2,2,0,1,0,5,Medium risk,"high credited campaign discount: 900000, high referral count: 23, shared IP used by 20 users, "
U020849,900000,18,18,18,2022-06-30 22:30:00,2022-07-07 17:15:00,50000,1,1,2022-06-30 22:30:00,2022-06-30 22:30:00,22,2022-06-30 21:27:42,2022-07-07 16:37:39,1,13,1,0,2,2,0,0,1,5,Medium risk,"high credited campaign discount: 900000, high referral count: 22, reciprocal transfer loop with 1 partner(s), "
U025358,900000,18,18,18,2022-07-28 22:11:35,2022-08-01 15:16:09,100000,2,2,2022-07-28 22:11:35,2022-07-28 22:12:15,24,2022-07-28 21:45:15,2022-08-01 15:14:58,1,12,1,0,2,2,0,0,1,5,Medium risk,"high credited campaign discount: 900000, high referral count: 24, reciprocal transfer loop with 1 partner(s), "
U027948,900000,18,18,18,2022-06-30 03:25:53,2022-07-01 17:15:00,0,0,0,,,19,2022-06-30 03:14:19,2022-07-01 17:08:14,1,23,27,0,2,0,0,1,2,5,Medium risk,"high credited campaign discount: 900000, shared IP used by 23 users, reciprocal transfer loop with 27 partner(s), "
U030460,900000,18,18,18,2022-06-03 10:30:00,2022-06-08 12:45:00,0,0,0,,,21,2022-06-03 10:00:02,2022-06-08 13:49:54,0,0,1,0,2,2,0,0,1,5,Medium risk,"high credited campaign discount: 900000, high referral count: 21, reciprocal transfer loop with 1 partner(s), "
U056423,900000,19,19,19,2022-07-10 12:06:34,2022-07-22 15:30:02,30000,1,1,2022-07-10 12:06:34,2022-07-10 12:06:34,20,2022-07-20 11:36:30,2022-07-22 16:23:33,1,13,1,0,2,2,0,0,1,5,Medium risk,"high credited campaign discount: 900000, high referral count: 20, reciprocal transfer loop with 1 partner(s), "
U067387,900000,18,18,18,2022-06-11 17:00:01,2022-07-09 09:30:00,0,0,0,,,29,2022-06-04 17:45:20,2022-07-10 11:12:11,1,1,2,0,2,2,0,0,1,5,Medium risk,"high credited campaign discount: 900000, high referral count: 29, reciprocal transfer loop with 2 partner(s), "
U071480,900000,18,18,18,2022-07-01 09:15:00,2022-07-15 09:15:00,0,0,0,,,22,2022-07-01 08:41:48,2022-07-15 08:44:47,2,2,1,0,2,2,0,0,1,5,Medium risk,"high credited campaign discount: 900000, high referral count: 22, reciprocal transfer loop with 1 partner(s), "
U072413,900000,18,18,18,2022-07-06 13:45:01,2022-07-13 09:30:01,0,0,0,,,21,2022-07-06 13:16:57,2022-07-13 09:10:00,3,22,0,0,2,2,0,1,0,5,Medium risk,"high credited campaign discount: 900000, high referral count: 21, shared IP used by 22 users, "
U073598,900000,18,18,18,2022-06-25 05:00:00,2022-06-26 21:15:00,0,0,0,,,20,2022-06-25 04:18:56,2022-06-26 20:45:58,1,23,0,0,2,2,0,1,0,5,Medium risk,"high credited campaign discount: 900000, high referral count: 20, shared IP used by 23 users, "
U078675,900000,18,18,18,2022-07-18 16:15:02,2022-07-20 11:15:01,0,0,0,,,19,2022-07-18 15:48:53,2022-07-20 11:09:33,1,24,32,0,2,0,0,1,2,5,Medium risk,"high credited campaign discount: 900000, shared IP used by 24 users, reciprocal transfer loop with 32 partner(s), "
U084212,900000,18,18,18,2022-07-12 10:30:01,2022-07-24 09:00:00,50000,1,1,2022-07-12 10:30:01,2022-07-12 10:30:01,22,2022-07-12 10:04:14,2022-07-24 08:27:16,2,21,0,0,2,2,0,1,0,5,Medium risk,"high credited campaign discount: 900000, high referral count: 22, shared IP used by 21 users, "
U010599,885000,21,21,21,2022-06-20 21:26:32,2022-06-25 14:45:01,335000,7,7,2022-06-20 21:26:32,2022-06-21 15:45:01,23,2022-06-21 09:46:32,2022-06-25 14:19:32,2,4,1,0,2,2,0,0,1,5,Medium risk,"high credited campaign discount: 885000, high referral count: 23, reciprocal transfer loop with 1 partner(s), "
U037556,875000,20,20,20,2022-06-21 19:35:31,2022-07-03 12:59:24,445000,11,11,2022-06-21 19:35:31,2022-06-22 19:33:51,21,2022-06-22 09:16:49,2022-06-24 13:02:37,2,11,2,0,2,2,0,0,1,5,Medium risk,"high credited campaign discount: 875000, high referral count: 21, reciprocal transfer loop with 2 partner(s), "
U071234,870000,18,18,18,2022-07-01 12:09:58,2022-07-04 23:45:47,0,0,0,,,24,2022-07-02 10:43:33,2022-07-05 01:05:20,1,9,1,0,2,2,0,0,1,5,Medium risk,"high credited campaign discount: 870000, high referral count: 24, reciprocal transfer loop with 1 partner(s), "
U036683,865000,20,20,20,2022-06-22 13:50:55,2022-07-02 20:19:36,0,0,0,,,23,2022-06-22 14:53:56,2022-06-30 19:15:03,1,3,2,0,2,2,0,0,1,5,Medium risk,"high credited campaign discount: 865000, high referral count: 23, reciprocal transfer loop with 2 partner(s), "
U001066,850000,17,17,17,2022-06-01 14:16:52,2022-06-13 19:20:58,0,0,0,,,20,2022-06-01 13:53:24,2022-06-13 19:20:41,0,18,1,0,2,2,0,0,1,5,Medium risk,"high credited campaign discount: 850000, high referral count: 20, reciprocal transfer loop with 1 partner(s), "
U042493,850000,17,17,17,2022-07-11 10:15:01,2022-07-28 09:30:02,150000,3,3,2022-07-11 10:15:01,2022-07-11 17:30:00,22,2022-07-11 09:47:49,2022-07-28 09:10:51,1,1,1,0,2,2,0,0,1,5,Medium risk,"high credited campaign discount: 850000, high referral count: 22, reciprocal transfer loop with 1 partner(s), "
U064113,850000,17,17,17,2022-06-06 15:30:00,2022-06-12 08:15:00,400000,8,8,2022-06-06 15:30:00,2022-06-07 15:45:00,25,2022-06-06 13:40:26,2022-06-12 07:48:43,0,29,0,0,2,2,0,1,0,5,Medium risk,"high credited campaign discount: 850000, high referral count: 25, shared IP used by 29 users, "
U068026,850000,17,17,17,2022-06-25 19:45:00,2022-07-09 20:30:01,0,0,0,,,23,2022-06-25 19:15:27,2022-07-09 20:00:48,4,18,1,0,2,2,0,0,1,5,Medium risk,"high credited campaign discount: 850000, high referral count: 23, reciprocal transfer loop with 1 partner(s), "
U071407,850000,17,17,17,2022-06-12 14:00:00,2022-06-12 16:45:01,0,0,0,,,21,2022-06-12 13:08:35,2022-06-12 16:26:49,1,9,1,0,2,2,0,0,1,5,Medium risk,"high credited campaign discount: 850000, high referral count: 21, reciprocal transfer loop with 1 partner(s), "
U005242,845000,19,19,19,2022-06-13 21:00:00,2022-06-19 08:30:01,465000,10,10,2022-06-13 21:00:00,2022-06-14 17:32:56,22,2022-06-13 20:35:56,2022-06-15 10:11:35,1,3,1,0,2,2,0,0,1,5,Medium risk,"high credited campaign discount: 845000, high referral count: 22, reciprocal transfer loop with 1 partner(s), "
U048977,845000,19,19,19,2022-07-20 14:05:14,2022-07-25 12:15:01,0,0,0,,,20,2022-07-23 09:41:32,2022-07-25 11:48:39,1,4,2,0,2,2,0,0,1,5,Medium risk,"high credited campaign discount: 845000, high referral count: 20, reciprocal transfer loop with 2 partner(s), "
U063904,845000,18,18,18,2022-07-04 11:06:50,2022-07-20 11:15:02,35000,1,1,2022-07-04 11:06:50,2022-07-04 11:06:50,20,2022-07-18 09:19:43,2022-07-20 10:52:17,1,13,1,0,2,2,0,0,1,5,Medium risk,"high credited campaign discount: 845000, high referral count: 20, reciprocal transfer loop with 1 partner(s), "
U078240,845000,18,18,18,2022-07-08 14:26:31,2022-07-27 12:41:01,10000,1,1,2022-07-08 14:26:31,2022-07-08 14:26:31,23,2022-07-23 13:25:18,2022-07-27 12:40:32,1,1,1,0,2,2,0,0,1,5,Medium risk,"high credited campaign discount: 845000, high referral count: 23, reciprocal transfer loop with 1 partner(s), "
U006752,830000,17,17,17,2022-07-07 12:42:25,2022-07-16 21:30:15,80000,2,2,2022-07-07 12:42:25,2022-07-07 14:15:00,24,2022-07-07 13:43:16,2022-07-16 21:29:09,1,4,2,0,2,2,0,0,1,5,Medium risk,"high credited campaign discount: 830000, high referral count: 24, reciprocal transfer loop with 2 partner(s), "
U039861,825000,22,22,22,2022-06-06 00:00:16,2022-06-06 18:54:53,0,0,0,,,12,2022-06-06 10:20:19,2022-06-06 17:43:31,1,48,12,0,2,0,0,1,2,5,Medium risk,"high credited campaign discount: 825000, shared IP used by 48 users, reciprocal transfer loop with 12 partner(s), "
U011987,800000,16,16,16,2022-06-24 20:00:00,2022-06-27 10:30:02,0,0,0,,,25,2022-06-24 17:55:20,2022-06-27 10:09:15,0,0,1,0,2,2,0,0,1,5,Medium risk,"high credited campaign discount: 800000, high referral count: 25, reciprocal transfer loop with 1 partner(s), "
U012962,800000,16,16,16,2022-07-09 19:00:00,2022-07-12 22:00:00,0,0,0,,,20,2022-07-09 18:25:24,2022-07-12 21:29:16,1,18,1,0,2,2,0,0,1,5,Medium risk,"high credited campaign discount: 800000, high referral count: 20, reciprocal transfer loop with 1 partner(s), "
U036113,800000,16,16,16,2022-07-15 11:57:06,2022-07-23 22:15:02,0,0,0,,,20,2022-07-14 14:46:32,2022-07-29 10:03:59,1,17,1,0,2,2,0,0,1,5,Medium risk,"high credited campaign discount: 800000, high referral count: 20, reciprocal transfer loop with 1 partner(s), "
U055573,800000,16,16,16,2022-07-13 09:15:01,2022-07-16 16:00:01,400000,8,8,2022-07-13 09:15:01,2022-07-13 23:00:00,21,2022-07-13 08:46:44,2022-07-16 18:52:59,0,18,1,0,2,2,0,0,1,5,Medium risk,"high credited campaign discount: 800000, high referral count: 21, reciprocal transfer loop with 1 partner(s), "
U070321,800000,16,16,16,2022-07-18 16:45:03,2022-07-30 10:15:02,0,0,0,,,21,2022-07-18 14:28:28,2022-07-30 09:50:46,1,1,1,0,2,2,0,0,1,5,Medium risk,"high credited campaign discount: 800000, high referral count: 21, reciprocal transfer loop with 1 partner(s), "
U000728,790000,17,17,17,2022-06-29 16:35:23,2022-06-30 22:51:36,790000,17,17,2022-06-29 16:35:23,2022-06-30 22:51:36,16,2022-06-29 20:13:57,2022-07-01 12:02:02,3,6,1,2,2,0,0,0,1,5,Medium risk,"high immediate campaign discount within 0-1 day: 790000, high credited campaign discount: 790000, reciprocal transfer loop with 1 partner(s), "
U020741,765000,20,20,20,2022-07-03 22:38:32,2022-07-04 19:15:02,0,0,0,,,11,2022-07-03 22:43:12,2022-07-04 19:09:40,1,30,8,0,2,0,0,1,2,5,Medium risk,"high credited campaign discount: 765000, shared IP used by 30 users, reciprocal transfer loop with 8 partner(s), "
U004888,755000,20,20,20,2022-06-03 12:52:36,2022-06-10 16:50:23,0,0,0,,,11,2022-06-05 17:51:33,2022-06-10 16:48:44,1,27,8,0,2,0,0,1,2,5,Medium risk,"high credited campaign discount: 755000, shared IP used by 27 users, reciprocal transfer loop with 8 partner(s), "
U000366,750000,15,15,15,2022-07-12 10:42:51,2022-07-14 16:30:04,0,0,0,,,18,2022-07-12 10:18:13,2022-07-14 16:17:34,6,3,11,0,2,0,1,0,2,5,Medium risk,"high credited campaign discount: 750000, shared device used by 6 users, reciprocal transfer loop with 11 partner(s), "
U049323,750000,15,15,15,2022-06-04 11:45:00,2022-06-15 13:00:01,0,0,0,,,22,2022-06-04 11:18:02,2022-06-15 13:53:21,0,0,1,0,2,2,0,0,1,5,Medium risk,"high credited campaign discount: 750000, high referral count: 22, reciprocal transfer loop with 1 partner(s), "
U014465,730000,15,15,15,2022-07-06 13:15:47,2022-07-11 12:15:03,230000,5,5,2022-07-06 13:15:47,2022-07-07 13:45:04,23,2022-07-07 11:01:14,2022-07-12 15:46:26,2,13,2,0,2,2,0,0,1,5,Medium risk,"high credited campaign discount: 730000, high referral count: 23, reciprocal transfer loop with 2 partner(s), "
U006090,715000,17,17,17,2022-06-21 12:01:58,2022-06-28 19:25:34,70000,3,3,2022-06-21 12:01:58,2022-06-21 12:03:55,44,2022-06-22 21:25:04,2022-06-24 16:32:53,1,7,1,0,2,2,0,0,1,5,Medium risk,"high credited campaign discount: 715000, high referral count: 44, reciprocal transfer loop with 1 partner(s), "
U060786,715000,17,17,17,2022-06-23 23:15:54,2022-06-25 01:37:09,95000,4,4,2022-06-23 23:15:54,2022-06-23 23:29:26,32,2022-06-24 07:54:32,2022-06-24 21:55:48,1,9,1,0,2,2,0,0,1,5,Medium risk,"high credited campaign discount: 715000, high referral count: 32, reciprocal transfer loop with 1 partner(s), "
U061261,715000,15,15,15,2022-06-12 16:23:17,2022-06-19 09:25:39,35000,1,1,2022-06-12 16:23:17,2022-06-12 16:23:17,50,2022-06-14 08:08:12,2022-06-19 01:14:08,1,5,1,0,2,2,0,0,1,5,Medium risk,"high credited campaign discount: 715000, high referral count: 50, reciprocal transfer loop with 1 partner(s), "
U056820,705000,18,18,18,2022-07-05 10:47:47,2022-07-05 17:00:00,0,0,0,,,10,2022-07-05 13:38:11,2022-07-05 16:36:35,1,30,10,0,2,0,0,1,2,5,Medium risk,"high credited campaign discount: 705000, shared IP used by 30 users, reciprocal transfer loop with 10 partner(s), "
U021669,700000,14,14,14,2022-07-23 11:30:00,2022-07-30 12:45:00,0,0,0,,,20,2022-06-30 11:49:24,2022-07-30 12:16:30,2,4,1,0,2,2,0,0,1,5,Medium risk,"high credited campaign discount: 700000, high referral count: 20, reciprocal transfer loop with 1 partner(s), "
U043468,700000,14,14,14,2022-07-04 19:45:00,2022-07-10 18:00:00,0,0,0,,,22,2022-07-04 19:17:17,2022-07-10 17:29:09,1,14,1,0,2,2,0,0,1,5,Medium risk,"high credited campaign discount: 700000, high referral count: 22, reciprocal transfer loop with 1 partner(s), "
U044603,700000,14,14,14,2022-07-21 11:15:01,2022-07-25 10:00:01,0,0,0,,,25,2022-07-21 10:43:43,2022-07-25 09:37:22,1,3,1,0,2,2,0,0,1,5,Medium risk,"high credited campaign discount: 700000, high referral count: 25, reciprocal transfer loop with 1 partner(s), "
U062004,700000,14,14,14,2022-07-08 21:49:47,2022-07-11 10:30:05,0,0,0,,,17,2022-07-08 20:00:21,2022-07-11 10:10:31,6,13,11,0,2,0,1,0,2,5,Medium risk,"high credited campaign discount: 700000, shared device used by 6 users, reciprocal transfer loop with 11 partner(s), "
U088951,700000,14,14,14,2022-07-02 14:45:01,2022-07-07 10:07:37,0,0,0,,,20,2022-07-02 14:18:52,2022-07-07 10:06:58,1,16,1,0,2,2,0,0,1,5,Medium risk,"high credited campaign discount: 700000, high referral count: 20, reciprocal transfer loop with 1 partner(s), "
U089189,700000,14,14,14,2022-07-01 22:15:00,2022-07-24 18:45:01,0,0,0,,,45,2022-06-29 11:02:13,2022-07-27 14:54:02,0,0,1,0,2,2,0,0,1,5,Medium risk,"high credited campaign discount: 700000, high referral count: 45, reciprocal transfer loop with 1 partner(s), "
U041242,695000,19,19,19,2022-06-17 12:03:01,2022-06-18 14:00:01,0,0,0,,,9,2022-06-17 23:56:52,2022-06-18 13:39:05,1,72,1,0,2,0,0,2,1,5,Medium risk,"high credited campaign discount: 695000, shared IP used by 72 users, reciprocal transfer loop with 1 partner(s), "
U050952,695000,18,18,18,2022-07-03 18:20:09,2022-07-04 19:40:43,695000,18,18,2022-07-03 18:20:09,2022-07-04 19:40:43,10,2022-07-04 11:22:34,2022-07-04 19:39:06,2,11,1,2,2,0,0,0,1,5,Medium risk,"high immediate campaign discount within 0-1 day: 695000, high credited campaign discount: 695000, reciprocal transfer loop with 1 partner(s), "
U088978,695000,18,18,18,2022-06-30 19:30:35,2022-07-03 15:04:48,0,0,0,,,10,2022-07-02 13:38:02,2022-07-02 16:41:07,3,23,23,0,2,0,0,1,2,5,Medium risk,"high credited campaign discount: 695000, shared IP used by 23 users, reciprocal transfer loop with 23 partner(s), "
U008914,675000,18,18,18,2022-06-11 23:07:44,2022-06-13 01:59:36,0,0,0,,,9,2022-06-12 09:33:01,2022-06-12 19:30:50,1,23,14,0,2,0,0,1,2,5,Medium risk,"high credited campaign discount: 675000, shared IP used by 23 users, reciprocal transfer loop with 14 partner(s), "
U001403,670000,18,18,18,2022-06-04 17:39:03,2022-06-05 15:58:37,0,0,0,,,9,2022-06-04 17:51:21,2022-06-05 15:58:03,1,48,89,0,2,0,0,1,2,5,Medium risk,"high credited campaign discount: 670000, shared IP used by 48 users, reciprocal transfer loop with 89 partner(s), "
U065343,665000,17,17,17,2022-07-03 02:32:17,2022-07-04 20:41:54,0,0,0,,,12,2022-07-03 23:47:05,2022-07-04 20:41:35,1,23,39,0,2,0,0,1,2,5,Medium risk,"high credited campaign discount: 665000, shared IP used by 23 users, reciprocal transfer loop with 39 partner(s), "
U068148,660000,14,14,14,2022-06-01 21:00:00,2022-06-08 13:00:00,0,0,0,,,24,2022-06-01 12:17:39,2022-06-08 15:45:01,1,12,1,0,2,2,0,0,1,5,Medium risk,"high credited campaign discount: 660000, high referral count: 24, reciprocal transfer loop with 1 partner(s), "
U064489,655000,17,17,17,2022-06-19 23:09:15,2022-06-20 14:20:05,0,0,0,,,10,2022-06-19 23:52:37,2022-06-20 14:19:28,1,72,1,0,2,0,0,2,1,5,Medium risk,"high credited campaign discount: 655000, shared IP used by 72 users, reciprocal transfer loop with 1 partner(s), "
U069371,655000,15,15,15,2022-07-21 12:05:36,2022-07-26 17:43:22,255000,7,7,2022-07-21 12:05:36,2022-07-21 18:45:02,44,2022-07-20 20:43:53,2022-07-27 22:55:19,1,8,1,0,2,2,0,0,1,5,Medium risk,"high credited campaign discount: 655000, high referral count: 44, reciprocal transfer loop with 1 partner(s), "
U074125,635000,16,16,16,2022-07-08 20:54:26,2022-07-09 11:12:20,635000,16,16,2022-07-08 20:54:26,2022-07-09 11:12:20,10,2022-07-08 23:36:00,2022-07-08 23:39:33,1,5,1,2,2,0,0,0,1,5,Medium risk,"high immediate campaign discount within 0-1 day: 635000, high credited campaign discount: 635000, reciprocal transfer loop with 1 partner(s), "
U029588,615000,16,16,16,2022-06-15 16:36:51,2022-06-18 02:02:04,135000,5,5,2022-06-15 16:36:51,2022-06-15 23:13:44,8,2022-06-16 19:30:47,2022-06-16 22:59:39,1,57,1,0,2,0,0,2,1,5,Medium risk,"high credited campaign discount: 615000, shared IP used by 57 users, reciprocal transfer loop with 1 partner(s), "
U043198,605000,15,15,15,2022-07-26 14:09:03,2022-07-28 21:59:58,355000,10,10,2022-07-26 14:09:03,2022-07-27 23:00:05,15,2022-07-27 22:15:30,2022-07-29 16:40:41,6,9,13,0,2,0,1,0,2,5,Medium risk,"high credited campaign discount: 605000, shared device used by 6 users, reciprocal transfer loop with 13 partner(s), "
U011283,600000,12,12,12,2022-06-08 09:30:00,2022-06-16 14:45:00,0,0,0,,,26,2022-06-08 09:00:07,2022-06-16 16:07:28,1,1,1,0,2,2,0,0,1,5,Medium risk,"high credited campaign discount: 600000, high referral count: 26, reciprocal transfer loop with 1 partner(s), "
U019509,600000,12,12,12,2022-06-16 15:15:00,2022-06-16 17:15:00,0,0,0,,,20,2022-06-16 14:50:56,2022-06-16 17:07:48,2,8,1,0,2,2,0,0,1,5,Medium risk,"high credited campaign discount: 600000, high referral count: 20, reciprocal transfer loop with 1 partner(s), "
U031892,600000,12,12,12,2022-06-06 12:15:01,2022-06-18 13:30:00,150000,3,3,2022-06-06 12:15:01,2022-06-06 13:00:00,20,2022-06-06 11:52:55,2022-06-18 12:59:57,1,1,1,0,2,2,0,0,1,5,Medium risk,"high credited campaign discount: 600000, high referral count: 20, reciprocal transfer loop with 1 partner(s), "
U032850,600000,12,12,12,2022-07-07 10:51:29,2022-07-07 16:00:04,600000,12,12,2022-07-07 10:51:29,2022-07-07 16:00:04,12,2022-07-07 10:49:55,2022-07-07 15:51:32,3,7,1,2,2,0,0,0,1,5,Medium risk,"high immediate campaign discount within 0-1 day: 600000, high credited campaign discount: 600000, reciprocal transfer loop with 1 partner(s), "
U033672,600000,12,12,12,2022-07-09 17:30:05,2022-07-12 16:15:00,0,0,0,,,21,2022-07-09 16:46:27,2022-07-12 15:43:24,1,5,1,0,2,2,0,0,1,5,Medium risk,"high credited campaign discount: 600000, high referral count: 21, reciprocal transfer loop with 1 partner(s), "
U088055,600000,12,12,12,2022-06-08 16:45:00,2022-07-10 21:30:01,0,0,0,,,24,2022-06-08 16:04:24,2022-07-17 19:25:01,1,3,1,0,2,2,0,0,1,5,Medium risk,"high credited campaign discount: 600000, high referral count: 24, reciprocal transfer loop with 1 partner(s), "
U006487,555000,12,12,12,2022-07-01 22:31:51,2022-07-02 17:03:41,555000,12,12,2022-07-01 22:31:51,2022-07-02 17:03:41,10,2022-07-02 11:41:20,2022-07-02 17:01:59,1,21,0,2,2,0,0,1,0,5,Medium risk,"high immediate campaign discount within 0-1 day: 555000, high credited campaign discount: 555000, shared IP used by 21 users, "
U013797,550000,11,11,11,2022-06-02 23:15:00,2022-06-07 23:00:00,0,0,0,,,50,2022-06-02 22:38:15,2022-06-11 09:18:42,0,0,1,0,2,2,0,0,1,5,Medium risk,"high credited campaign discount: 550000, high referral count: 50, reciprocal transfer loop with 1 partner(s), "
U025360,550000,11,11,11,2022-06-22 16:14:24,2022-07-23 10:15:00,0,0,0,,,106,2022-06-21 13:14:48,2022-07-31 12:58:36,2,1,0,0,2,3,0,0,0,5,Medium risk,"high credited campaign discount: 550000, high referral count: 106, "
U054902,550000,11,11,11,2022-07-06 14:42:45,2022-07-08 22:15:01,0,0,0,,,20,2022-07-06 14:37:44,2022-07-27 09:47:00,0,0,1,0,2,2,0,0,1,5,Medium risk,"high credited campaign discount: 550000, high referral count: 20, reciprocal transfer loop with 1 partner(s), "
U087831,550000,11,11,11,2022-07-06 22:45:00,2022-07-07 12:00:00,0,0,0,,,12,2022-07-06 22:11:14,2022-07-07 11:39:58,1,30,21,0,2,0,0,1,2,5,Medium risk,"high credited campaign discount: 550000, shared IP used by 30 users, reciprocal transfer loop with 21 partner(s), "
U062423,540000,12,12,12,2022-06-02 00:46:45,2022-06-11 17:30:00,0,0,0,,,23,2022-06-07 08:57:05,2022-06-11 17:01:23,1,12,1,0,2,2,0,0,1,5,Medium risk,"high credited campaign discount: 540000, high referral count: 23, reciprocal transfer loop with 1 partner(s), "
U016656,525000,15,15,15,2022-06-24 16:37:49,2022-06-28 11:43:51,0,0,0,,,20,2022-06-25 13:46:18,2022-06-28 11:42:59,2,36,0,0,2,2,0,1,0,5,Medium risk,"high credited campaign discount: 525000, high referral count: 20, shared IP used by 36 users, "
U008591,500000,10,10,10,2022-06-15 10:37:36,2022-06-16 15:57:49,0,0,0,,,24,2022-06-15 10:11:44,2022-06-24 22:24:27,1,1,1,0,2,2,0,0,1,5,Medium risk,"high credited campaign discount: 500000, high referral count: 24, reciprocal transfer loop with 1 partner(s), "
U008737,500000,10,10,10,2022-06-18 22:45:00,2022-06-24 21:00:00,0,0,0,,,20,2022-06-18 22:19:01,2022-06-24 20:32:35,1,1,1,0,2,2,0,0,1,5,Medium risk,"high credited campaign discount: 500000, high referral count: 20, reciprocal transfer loop with 1 partner(s), "
U035510,500000,10,10,10,2022-06-10 22:49:12,2022-07-12 15:01:02,0,0,0,,,23,2022-06-10 21:45:27,2022-07-12 17:34:59,1,2,2,0,2,2,0,0,1,5,Medium risk,"high credited campaign discount: 500000, high referral count: 23, reciprocal transfer loop with 2 partner(s), "
U042131,500000,10,10,10,2022-07-07 15:00:00,2022-07-07 19:00:00,0,0,0,,,10,2022-07-07 14:27:39,2022-07-07 18:29:46,1,30,20,0,2,0,0,1,2,5,Medium risk,"high credited campaign discount: 500000, shared IP used by 30 users, reciprocal transfer loop with 20 partner(s), "
U042693,500000,10,10,10,2022-07-05 17:45:01,2022-07-06 00:00:00,0,0,0,,,11,2022-07-05 17:18:50,2022-07-05 23:40:51,1,30,9,0,2,0,0,1,2,5,Medium risk,"high credited campaign discount: 500000, shared IP used by 30 users, reciprocal transfer loop with 9 partner(s), "
U045867,500000,10,10,10,2022-06-30 10:42:02,2022-06-30 10:42:03,500000,10,10,2022-06-30 10:42:02,2022-06-30 10:42:03,10,2022-06-30 10:11:57,2022-06-30 10:41:12,0,0,1,2,2,0,0,0,1,5,Medium risk,"high immediate campaign discount within 0-1 day: 500000, high credited campaign discount: 500000, reciprocal transfer loop with 1 partner(s), "
U050862,500000,10,10,10,2022-06-17 19:00:00,2022-07-10 06:54:39,0,0,0,,,22,2022-06-17 17:50:53,2022-07-29 19:13:29,1,10,1,0,2,2,0,0,1,5,Medium risk,"high credited campaign discount: 500000, high referral count: 22, reciprocal transfer loop with 1 partner(s), "
U052894,500000,10,10,10,2022-06-07 13:00:00,2022-07-18 14:43:56,50000,1,1,2022-06-07 13:00:00,2022-06-07 13:00:00,163,2022-06-06 16:57:04,2022-07-15 18:58:32,0,0,0,0,2,3,0,0,0,5,Medium risk,"high credited campaign discount: 500000, high referral count: 163, "
U055115,450000,9,9,9,2022-06-15 22:23:44,2022-06-16 14:05:39,0,0,0,,,9,2022-06-15 22:21:09,2022-06-16 14:05:13,1,72,16,0,1,0,0,2,2,5,Medium risk,"elevated credited campaign discount: 450000, shared IP used by 72 users, reciprocal transfer loop with 16 partner(s), "
U069139,415000,9,9,9,2022-06-11 14:37:22,2022-06-11 19:33:30,0,0,0,,,9,2022-06-11 15:08:26,2022-06-11 19:33:19,1,72,29,0,1,0,0,2,2,5,Medium risk,"elevated credited campaign discount: 415000, shared IP used by 72 users, reciprocal transfer loop with 29 partner(s), "
U055841,400000,8,8,8,2022-07-22 15:00:03,2022-08-01 13:30:02,0,0,0,,,23,2022-06-15 16:43:38,2022-08-01 13:10:12,2,3,3,0,1,2,0,0,2,5,Medium risk,"elevated credited campaign discount: 400000, high referral count: 23, reciprocal transfer loop with 3 partner(s), "
U044549,350000,7,7,7,2022-06-30 18:45:00,2022-07-18 13:45:01,0,0,0,,,29,2022-06-30 12:49:53,2022-08-01 15:49:50,1,4,4,0,1,2,0,0,2,5,Medium risk,"elevated credited campaign discount: 350000, high referral count: 29, reciprocal transfer loop with 4 partner(s), "
U086464,350000,7,7,7,2022-06-01 15:00:00,2022-07-09 18:15:02,0,0,0,,,24,2022-06-01 14:34:11,2022-07-22 15:16:19,1,11,9,0,1,2,0,0,2,5,Medium risk,"elevated credited campaign discount: 350000, high referral count: 24, reciprocal transfer loop with 9 partner(s), "
U005326,285000,11,11,11,2022-06-06 16:37:19,2022-06-08 14:29:19,0,0,0,,,0,,,5,27,27,0,1,0,1,1,2,5,Medium risk,"elevated credited campaign discount: 285000, shared device used by 5 users, shared IP used by 27 users, reciprocal transfer loop with 27 partner(s), "
U013322,285000,11,11,11,2022-06-06 22:50:37,2022-06-09 18:21:25,0,0,0,,,0,,,5,27,9,0,1,0,1,1,2,5,Medium risk,"elevated credited campaign discount: 285000, shared device used by 5 users, shared IP used by 27 users, reciprocal transfer loop with 9 partner(s), "
U050448,285000,11,11,11,2022-06-06 16:36:07,2022-06-08 14:30:18,0,0,0,,,0,,,5,27,16,0,1,0,1,1,2,5,Medium risk,"elevated credited campaign discount: 285000, shared device used by 5 users, shared IP used by 27 users, reciprocal transfer loop with 16 partner(s), "
U054729,285000,11,11,11,2022-06-06 17:52:59,2022-06-08 14:35:13,0,0,0,,,0,,,5,27,9,0,1,0,1,1,2,5,Medium risk,"elevated credited campaign discount: 285000, shared device used by 5 users, shared IP used by 27 users, reciprocal transfer loop with 9 partner(s), "
U063987,285000,11,11,11,2022-06-06 22:56:36,2022-06-10 13:34:59,0,0,0,,,0,,,5,27,13,0,1,0,1,1,2,5,Medium risk,"elevated credited campaign discount: 285000, shared device used by 5 users, shared IP used by 27 users, reciprocal transfer loop with 13 partner(s), "
U006799,235000,9,9,9,2022-06-13 15:27:41,2022-06-15 15:53:30,155000,6,6,2022-06-13 15:27:41,2022-06-13 23:53:42,0,,,1,57,20,0,1,0,0,2,2,5,Medium risk,"elevated credited campaign discount: 235000, shared IP used by 57 users, reciprocal transfer loop with 20 partner(s), "
U015655,235000,9,9,9,2022-06-13 17:14:11,2022-06-15 15:32:26,145000,5,5,2022-06-13 17:14:11,2022-06-13 23:07:01,0,,,1,57,37,0,1,0,0,2,2,5,Medium risk,"elevated credited campaign discount: 235000, shared IP used by 57 users, reciprocal transfer loop with 37 partner(s), "
U065185,235000,9,9,9,2022-06-13 15:16:24,2022-06-15 15:36:48,155000,6,6,2022-06-13 15:16:24,2022-06-13 23:50:39,0,,,1,57,22,0,1,0,0,2,2,5,Medium risk,"elevated credited campaign discount: 235000, shared IP used by 57 users, reciprocal transfer loop with 22 partner(s), "
U068578,235000,9,9,9,2022-06-13 15:23:47,2022-06-15 15:49:05,145000,5,5,2022-06-13 15:23:47,2022-06-13 19:10:17,0,,,1,57,27,0,1,0,0,2,2,5,Medium risk,"elevated credited campaign discount: 235000, shared IP used by 57 users, reciprocal transfer loop with 27 partner(s), "
U002892,215000,8,8,8,2022-06-10 23:27:26,2022-06-15 02:27:28,155000,6,6,2022-06-10 23:27:26,2022-06-11 23:29:53,0,,,3,57,40,0,1,0,0,2,2,5,Medium risk,"elevated credited campaign discount: 215000, shared IP used by 57 users, reciprocal transfer loop with 40 partner(s), "
U018803,215000,8,8,8,2022-06-10 23:44:33,2022-06-15 02:17:01,40000,1,1,2022-06-10 23:44:33,2022-06-10 23:44:33,0,,,3,57,16,0,1,0,0,2,2,5,Medium risk,"elevated credited campaign discount: 215000, shared IP used by 57 users, reciprocal transfer loop with 16 partner(s), "
U020302,215000,8,8,8,2022-06-13 22:57:27,2022-06-15 15:52:28,135000,5,5,2022-06-13 22:57:27,2022-06-13 23:46:14,0,,,1,57,4,0,1,0,0,2,2,5,Medium risk,"elevated credited campaign discount: 215000, shared IP used by 57 users, reciprocal transfer loop with 4 partner(s), "
U067859,215000,8,8,8,2022-06-13 17:11:50,2022-06-14 20:10:54,0,0,0,,,0,,,1,57,46,0,1,0,0,2,2,5,Medium risk,"elevated credited campaign discount: 215000, shared IP used by 57 users, reciprocal transfer loop with 46 partner(s), "
U085406,215000,8,8,8,2022-06-13 23:21:56,2022-06-15 15:34:34,0,0,0,,,0,,,1,57,5,0,1,0,0,2,2,5,Medium risk,"elevated credited campaign discount: 215000, shared IP used by 57 users, reciprocal transfer loop with 5 partner(s), "
U085669,215000,8,8,8,2022-06-13 21:16:13,2022-06-15 15:41:25,165000,6,6,2022-06-13 21:16:13,2022-06-14 20:26:45,0,,,1,57,22,0,1,0,0,2,2,5,Medium risk,"elevated credited campaign discount: 215000, shared IP used by 57 users, reciprocal transfer loop with 22 partner(s), "
U084894,165000,6,6,6,2022-06-25 17:02:24,2022-06-25 18:40:55,165000,6,6,2022-06-25 17:02:24,2022-06-25 18:40:55,0,,,5,57,1,0,1,0,1,2,1,5,Medium risk,"elevated credited campaign discount: 165000, shared device used by 5 users, shared IP used by 57 users, reciprocal transfer loop with 1 partner(s), "
U028181,110000,3,3,3,2022-06-05 10:15:01,2022-06-11 16:37:14,0,0,0,,,100,2022-06-05 09:49:16,2022-06-30 07:45:57,1,6,1,0,1,3,0,0,1,5,Medium risk,"elevated credited campaign discount: 110000, high referral count: 100, reciprocal transfer loop with 1 partner(s), "
U046295,100000,2,2,2,2022-06-15 23:31:25,2022-06-17 19:15:00,0,0,0,,,26,2022-06-15 21:06:29,2022-07-09 20:32:40,1,3,3,0,1,2,0,0,2,5,Medium risk,"elevated credited campaign discount: 100000, high referral count: 26, reciprocal transfer loop with 3 partner(s), "
U039714,1155000,27,27,27,2022-07-04 14:11:20,2022-07-05 19:53:47,0,0,0,,,19,2022-07-05 17:11:29,2022-07-05 19:53:19,3,36,0,0,3,0,0,1,0,4,Review,"high credited campaign discount: 1155000, shared IP used by 36 users, "
U026389,1105000,25,25,25,2022-07-12 11:01:45,2022-08-01 01:56:10,0,0,0,,,19,2022-07-16 13:37:22,2022-08-01 01:54:01,1,3,1,0,3,0,0,0,1,4,Review,"high credited campaign discount: 1105000, reciprocal transfer loop with 1 partner(s), "
U046737,1095000,26,26,26,2022-06-19 16:06:54,2022-06-24 20:00:00,0,0,0,,,19,2022-06-22 17:47:20,2022-06-24 19:41:52,1,2,1,0,3,0,0,0,1,4,Review,"high credited campaign discount: 1095000, reciprocal transfer loop with 1 partner(s), "
U058470,1030000,23,23,23,2022-06-28 15:31:11,2022-07-13 11:38:53,0,0,0,,,19,2022-07-07 16:50:08,2022-07-13 11:38:00,1,10,1,0,3,0,0,0,1,4,Review,"high credited campaign discount: 1030000, reciprocal transfer loop with 1 partner(s), "
U000400,985000,20,20,20,2022-07-01 10:30:00,2022-08-01 17:45:00,0,0,0,,,29,2022-06-30 09:40:04,2022-08-01 17:16:53,1,2,0,0,2,2,0,0,0,4,Review,"high credited campaign discount: 985000, high referral count: 29, "
U039643,980000,20,20,20,2022-06-02 01:35:36,2022-06-10 19:15:00,0,0,0,,,25,2022-06-10 17:12:46,2022-06-10 18:49:55,1,12,0,0,2,2,0,0,0,4,Review,"high credited campaign discount: 980000, high referral count: 25, "
U001306,960000,20,20,20,2022-06-02 01:44:57,2022-06-13 10:45:00,0,0,0,,,22,2022-06-12 14:16:51,2022-06-13 10:18:59,1,12,0,0,2,2,0,0,0,4,Review,"high credited campaign discount: 960000, high referral count: 22, "
U013603,960000,20,20,20,2022-06-04 21:58:14,2022-06-10 14:00:01,0,0,0,,,19,2022-06-08 14:12:41,2022-06-10 13:41:59,1,3,23,0,2,0,0,0,2,4,Review,"high credited campaign discount: 960000, reciprocal transfer loop with 23 partner(s), "
U000357,950000,19,19,19,2022-06-19 10:30:01,2022-06-25 15:00:00,0,0,0,,,30,2022-06-19 10:02:40,2022-06-25 14:38:38,0,0,0,0,2,2,0,0,0,4,Review,"high credited campaign discount: 950000, high referral count: 30, "
U000374,950000,19,19,19,2022-06-17 11:15:00,2022-06-21 16:00:00,0,0,0,,,22,2022-06-17 10:46:13,2022-06-21 15:37:25,2,18,0,0,2,2,0,0,0,4,Review,"high credited campaign discount: 950000, high referral count: 22, "
U000695,950000,19,19,19,2022-07-25 22:00:00,2022-07-26 12:30:00,950000,19,19,2022-07-25 22:00:00,2022-07-26 12:30:00,19,2022-07-25 21:30:07,2022-07-26 12:01:53,0,0,0,2,2,0,0,0,0,4,Review,"high immediate campaign discount within 0-1 day: 950000, high credited campaign discount: 950000, "
U001823,950000,19,19,19,2022-07-07 17:00:00,2022-07-22 10:30:00,250000,5,5,2022-07-07 17:00:00,2022-07-08 15:15:00,22,2022-07-07 16:25:36,2022-07-22 10:00:49,0,0,0,0,2,2,0,0,0,4,Review,"high credited campaign discount: 950000, high referral count: 22, "
U002392,950000,19,19,19,2022-06-27 17:00:01,2022-06-30 21:45:00,0,0,0,,,49,2022-06-27 13:38:19,2022-07-01 16:09:42,1,1,0,0,2,2,0,0,0,4,Review,"high credited campaign discount: 950000, high referral count: 49, "
U002731,950000,19,19,19,2022-06-15 10:05:32,2022-06-17 21:24:54,0,0,0,,,37,2022-06-15 09:35:32,2022-06-23 13:16:02,0,0,0,0,2,2,0,0,0,4,Review,"high credited campaign discount: 950000, high referral count: 37, "
U003434,950000,19,19,19,2022-07-30 09:45:38,2022-07-30 11:28:19,950000,19,19,2022-07-30 09:45:38,2022-07-30 11:28:19,19,2022-07-30 09:19:12,2022-07-30 11:27:39,0,0,0,2,2,0,0,0,0,4,Review,"high immediate campaign discount within 0-1 day: 950000, high credited campaign discount: 950000, "
U003640,950000,19,19,19,2022-07-22 12:58:51,2022-07-22 15:50:58,950000,19,19,2022-07-22 12:58:51,2022-07-22 15:50:58,19,2022-07-22 12:50:19,2022-07-22 15:50:43,0,0,0,2,2,0,0,0,0,4,Review,"high immediate campaign discount within 0-1 day: 950000, high credited campaign discount: 950000, "
U006236,950000,19,19,19,2022-07-14 15:30:23,2022-07-16 09:42:34,700000,14,14,2022-07-14 15:30:23,2022-07-15 22:22:08,19,2022-07-14 15:24:52,2022-07-16 09:31:23,0,0,0,2,2,0,0,0,0,4,Review,"high immediate campaign discount within 0-1 day: 700000, high credited campaign discount: 950000, "
U006505,950000,19,19,19,2022-07-27 11:10:53,2022-07-27 17:56:59,950000,19,19,2022-07-27 11:10:53,2022-07-27 17:56:59,19,2022-07-27 11:08:56,2022-07-27 17:56:28,0,0,0,2,2,0,0,0,0,4,Review,"high immediate campaign discount within 0-1 day: 950000, high credited campaign discount: 950000, "
U006718,950000,19,19,19,2022-07-08 20:30:00,2022-07-09 10:30:05,950000,19,19,2022-07-08 20:30:00,2022-07-09 10:30:05,19,2022-07-08 19:57:07,2022-07-09 10:18:44,0,0,0,2,2,0,0,0,0,4,Review,"high immediate campaign discount within 0-1 day: 950000, high credited campaign discount: 950000, "
U007004,950000,19,19,19,2022-07-29 17:45:07,2022-08-01 13:15:01,0,0,0,,,27,2022-07-29 17:21:31,2022-08-01 12:50:28,1,1,0,0,2,2,0,0,0,4,Review,"high credited campaign discount: 950000, high referral count: 27, "
U008533,950000,19,19,19,2022-07-28 14:03:24,2022-07-28 17:47:13,950000,19,19,2022-07-28 14:03:24,2022-07-28 17:47:13,19,2022-07-28 14:02:40,2022-07-28 17:46:46,0,0,0,2,2,0,0,0,0,4,Review,"high immediate campaign discount within 0-1 day: 950000, high credited campaign discount: 950000, "
U009462,950000,19,19,19,2022-07-07 19:25:36,2022-07-08 13:45:01,950000,19,19,2022-07-07 19:25:36,2022-07-08 13:45:01,19,2022-07-07 19:17:21,2022-07-08 13:25:45,0,0,0,2,2,0,0,0,0,4,Review,"high immediate campaign discount within 0-1 day: 950000, high credited campaign discount: 950000, "
U010480,950000,19,19,19,2022-07-18 08:30:00,2022-07-18 14:10:09,950000,19,19,2022-07-18 08:30:00,2022-07-18 14:10:09,19,2022-07-18 08:12:14,2022-07-18 14:09:55,0,0,0,2,2,0,0,0,0,4,Review,"high immediate campaign discount within 0-1 day: 950000, high credited campaign discount: 950000, "
U010878,950000,19,19,19,2022-07-22 18:45:41,2022-07-22 21:10:18,950000,19,19,2022-07-22 18:45:41,2022-07-22 21:10:18,19,2022-07-22 18:27:32,2022-07-22 21:08:56,0,0,0,2,2,0,0,0,0,4,Review,"high immediate campaign discount within 0-1 day: 950000, high credited campaign discount: 950000, "
U011149,950000,19,19,19,2022-07-22 09:30:02,2022-07-31 12:15:01,0,0,0,,,25,2022-07-22 09:03:27,2022-07-31 11:51:28,1,1,0,0,2,2,0,0,0,4,Review,"high credited campaign discount: 950000, high referral count: 25, "
U011335,950000,19,19,19,2022-07-21 20:19:22,2022-07-21 22:56:39,950000,19,19,2022-07-21 20:19:22,2022-07-21 22:56:39,19,2022-07-21 20:18:17,2022-07-21 22:56:25,0,0,0,2,2,0,0,0,0,4,Review,"high immediate campaign discount within 0-1 day: 950000, high credited campaign discount: 950000, "
U011653,950000,19,19,19,2022-07-16 08:30:14,2022-07-16 17:35:28,950000,19,19,2022-07-16 08:30:14,2022-07-16 17:35:28,19,2022-07-16 08:04:51,2022-07-16 17:34:53,0,0,0,2,2,0,0,0,0,4,Review,"high immediate campaign discount within 0-1 day: 950000, high credited campaign discount: 950000, "
U011668,950000,19,19,19,2022-07-18 09:15:00,2022-07-18 13:00:01,950000,19,19,2022-07-18 09:15:00,2022-07-18 13:00:01,19,2022-07-18 08:53:58,2022-07-18 12:37:29,0,0,0,2,2,0,0,0,0,4,Review,"high immediate campaign discount within 0-1 day: 950000, high credited campaign discount: 950000, "
U011744,950000,19,19,19,2022-07-10 15:00:02,2022-07-10 18:15:00,950000,19,19,2022-07-10 15:00:02,2022-07-10 18:15:00,19,2022-07-10 14:40:31,2022-07-10 17:41:11,0,0,0,2,2,0,0,0,0,4,Review,"high immediate campaign discount within 0-1 day: 950000, high credited campaign discount: 950000, "
U012083,950000,19,19,19,2022-06-24 10:00:00,2022-07-11 17:15:03,50000,1,1,2022-06-24 10:00:00,2022-06-24 10:00:00,21,2022-06-24 08:16:40,2022-07-11 16:53:41,1,2,0,0,2,2,0,0,0,4,Review,"high credited campaign discount: 950000, high referral count: 21, "
U012665,950000,19,19,19,2022-07-22 09:15:00,2022-07-31 12:00:01,0,0,0,,,21,2022-07-22 08:40:07,2022-07-31 11:32:52,1,1,0,0,2,2,0,0,0,4,Review,"high credited campaign discount: 950000, high referral count: 21, "
U015045,950000,19,19,19,2022-06-25 16:45:00,2022-07-02 09:15:00,0,0,0,,,30,2022-06-25 16:12:02,2022-07-03 07:35:39,1,1,0,0,2,2,0,0,0,4,Review,"high credited campaign discount: 950000, high referral count: 30, "
U015061,950000,19,19,19,2022-07-20 21:15:03,2022-07-20 23:00:01,950000,19,19,2022-07-20 21:15:03,2022-07-20 23:00:01,19,2022-07-20 20:51:26,2022-07-20 22:37:47,0,0,0,2,2,0,0,0,0,4,Review,"high immediate campaign discount within 0-1 day: 950000, high credited campaign discount: 950000, "
U017548,950000,19,19,19,2022-07-27 21:50:51,2022-07-27 22:49:22,950000,19,19,2022-07-27 21:50:51,2022-07-27 22:49:22,19,2022-07-27 21:30:11,2022-07-27 22:45:56,0,0,0,2,2,0,0,0,0,4,Review,"high immediate campaign discount within 0-1 day: 950000, high credited campaign discount: 950000, "
U017569,950000,19,19,19,2022-07-23 17:04:16,2022-07-23 19:14:25,950000,19,19,2022-07-23 17:04:16,2022-07-23 19:14:25,19,2022-07-23 16:49:27,2022-07-23 19:13:22,0,0,0,2,2,0,0,0,0,4,Review,"high immediate campaign discount within 0-1 day: 950000, high credited campaign discount: 950000, "
U019387,950000,19,19,19,2022-06-24 09:15:00,2022-06-30 12:15:01,0,0,0,,,22,2022-06-24 08:42:10,2022-06-30 11:55:06,0,0,0,0,2,2,0,0,0,4,Review,"high credited campaign discount: 950000, high referral count: 22, "
U019796,950000,19,19,19,2022-07-22 11:45:00,2022-07-22 15:45:00,950000,19,19,2022-07-22 11:45:00,2022-07-22 15:45:00,19,2022-07-22 11:10:03,2022-07-22 15:13:05,0,0,0,2,2,0,0,0,0,4,Review,"high immediate campaign discount within 0-1 day: 950000, high credited campaign discount: 950000, "
U020198,950000,19,19,19,2022-07-27 17:45:02,2022-07-27 18:45:04,950000,19,19,2022-07-27 17:45:02,2022-07-27 18:45:04,19,2022-07-27 17:21:12,2022-07-27 18:17:50,0,0,0,2,2,0,0,0,0,4,Review,"high immediate campaign discount within 0-1 day: 950000, high credited campaign discount: 950000, "
U020964,950000,19,19,19,2022-06-27 12:45:00,2022-06-27 15:45:01,950000,19,19,2022-06-27 12:45:00,2022-06-27 15:45:01,19,2022-06-27 12:30:54,2022-06-27 15:15:11,0,0,0,2,2,0,0,0,0,4,Review,"high immediate campaign discount within 0-1 day: 950000, high credited campaign discount: 950000, "
U021047,950000,19,19,19,2022-07-23 21:45:01,2022-07-24 12:45:02,950000,19,19,2022-07-23 21:45:01,2022-07-24 12:45:02,19,2022-07-23 21:23:21,2022-07-24 12:14:31,0,0,0,2,2,0,0,0,0,4,Review,"high immediate campaign discount within 0-1 day: 950000, high credited campaign discount: 950000, "
U021398,950000,19,19,19,2022-07-27 20:00:49,2022-07-28 21:47:43,950000,19,19,2022-07-27 20:00:49,2022-07-28 21:47:43,19,2022-07-27 19:58:14,2022-07-28 21:47:02,0,0,0,2,2,0,0,0,0,4,Review,"high immediate campaign discount within 0-1 day: 950000, high credited campaign discount: 950000, "
U022729,950000,19,19,19,2022-06-08 07:46:38,2022-06-08 22:45:00,0,0,0,,,21,2022-06-07 22:08:50,2022-06-08 22:22:47,0,0,0,0,2,2,0,0,0,4,Review,"high credited campaign discount: 950000, high referral count: 21, "
U023297,950000,19,19,19,2022-06-22 10:19:32,2022-06-22 13:15:46,950000,19,19,2022-06-22 10:19:32,2022-06-22 13:15:46,19,2022-06-22 10:15:19,2022-06-22 13:15:33,0,0,0,2,2,0,0,0,0,4,Review,"high immediate campaign discount within 0-1 day: 950000, high credited campaign discount: 950000, "
U023308,950000,19,19,19,2022-06-25 10:45:00,2022-07-23 21:00:00,0,0,0,,,22,2022-06-25 10:10:50,2022-07-23 20:26:58,1,1,0,0,2,2,0,0,0,4,Review,"high credited campaign discount: 950000, high referral count: 22, "
U023599,950000,19,19,19,2022-07-18 09:30:00,2022-07-23 09:15:00,0,0,0,,,20,2022-07-18 08:48:55,2022-07-23 08:45:56,0,0,0,0,2,2,0,0,0,4,Review,"high credited campaign discount: 950000, high referral count: 20, "
U025915,950000,19,19,19,2022-07-21 08:30:00,2022-07-21 14:30:02,950000,19,19,2022-07-21 08:30:00,2022-07-21 14:30:02,19,2022-07-21 08:00:17,2022-07-21 14:13:27,0,0,0,2,2,0,0,0,0,4,Review,"high immediate campaign discount within 0-1 day: 950000, high credited campaign discount: 950000, "
U027841,950000,19,19,19,2022-07-21 11:15:01,2022-07-21 15:45:02,950000,19,19,2022-07-21 11:15:01,2022-07-21 15:45:02,19,2022-07-21 10:36:32,2022-07-21 15:21:17,0,0,0,2,2,0,0,0,0,4,Review,"high immediate campaign discount within 0-1 day: 950000, high credited campaign discount: 950000, "
U028270,950000,20,20,20,2022-06-03 16:20:34,2022-06-20 13:12:39,0,0,0,,,20,2022-06-10 21:37:02,2022-06-20 13:12:22,1,8,0,0,2,2,0,0,0,4,Review,"high credited campaign discount: 950000, high referral count: 20, "
U029076,950000,19,19,19,2022-07-04 15:15:01,2022-07-04 19:15:01,950000,19,19,2022-07-04 15:15:01,2022-07-04 19:15:01,19,2022-07-04 14:48:22,2022-07-04 18:53:51,0,0,0,2,2,0,0,0,0,4,Review,"high immediate campaign discount within 0-1 day: 950000, high credited campaign discount: 950000, "
U031023,950000,19,19,19,2022-07-15 16:46:00,2022-07-18 17:30:01,450000,9,9,2022-07-15 16:46:00,2022-07-16 10:42:03,21,2022-07-15 16:22:48,2022-07-18 17:27:25,0,0,0,0,2,2,0,0,0,4,Review,"high credited campaign discount: 950000, high referral count: 21, "
U031432,950000,19,19,19,2022-07-02 14:45:00,2022-07-06 10:45:01,0,0,0,,,20,2022-07-02 14:09:47,2022-07-06 10:18:11,3,6,0,0,2,2,0,0,0,4,Review,"high credited campaign discount: 950000, high referral count: 20, "
U031571,950000,19,19,19,2022-07-17 12:00:00,2022-07-31 13:15:01,0,0,0,,,23,2022-07-17 11:25:55,2022-07-31 13:21:44,1,3,0,0,2,2,0,0,0,4,Review,"high credited campaign discount: 950000, high referral count: 23, "
U031605,950000,19,19,19,2022-07-12 08:30:00,2022-07-12 15:45:02,950000,19,19,2022-07-12 08:30:00,2022-07-12 15:45:02,19,2022-07-12 08:06:56,2022-07-12 15:22:43,0,0,0,2,2,0,0,0,0,4,Review,"high immediate campaign discount within 0-1 day: 950000, high credited campaign discount: 950000, "
U032289,950000,19,19,19,2022-07-01 16:45:02,2022-07-12 10:00:01,0,0,0,,,53,2022-07-01 16:18:13,2022-07-13 18:58:34,0,0,0,0,2,2,0,0,0,4,Review,"high credited campaign discount: 950000, high referral count: 53, "
U032654,950000,19,19,19,2022-06-10 09:00:00,2022-06-15 17:15:01,0,0,0,,,20,2022-06-10 08:29:00,2022-06-15 16:55:48,0,0,0,0,2,2,0,0,0,4,Review,"high credited campaign discount: 950000, high referral count: 20, "
U032722,950000,19,19,19,2022-07-26 16:00:00,2022-08-01 15:15:00,0,0,0,,,22,2022-07-26 15:24:56,2022-08-01 14:41:48,1,1,0,0,2,2,0,0,0,4,Review,"high credited campaign discount: 950000, high referral count: 22, "
U032775,950000,19,19,19,2022-07-22 18:30:03,2022-07-22 20:15:02,950000,19,19,2022-07-22 18:30:03,2022-07-22 20:15:02,19,2022-07-22 18:11:34,2022-07-22 19:49:23,0,0,0,2,2,0,0,0,0,4,Review,"high immediate campaign discount within 0-1 day: 950000, high credited campaign discount: 950000, "
U032943,950000,19,19,19,2022-07-17 12:00:01,2022-07-27 11:00:01,0,0,0,,,20,2022-07-17 11:38:02,2022-07-27 10:39:28,1,3,0,0,2,2,0,0,0,4,Review,"high credited campaign discount: 950000, high referral count: 20, "
U034226,950000,19,19,19,2022-06-08 17:30:00,2022-07-23 19:00:01,0,0,0,,,33,2022-06-08 16:57:49,2022-08-01 18:00:12,1,2,0,0,2,2,0,0,0,4,Review,"high credited campaign discount: 950000, high referral count: 33, "
U034359,950000,19,19,19,2022-07-24 22:23:27,2022-07-25 15:00:52,950000,19,19,2022-07-24 22:23:27,2022-07-25 15:00:52,19,2022-07-24 22:10:18,2022-07-25 14:59:40,0,0,0,2,2,0,0,0,0,4,Review,"high immediate campaign discount within 0-1 day: 950000, high credited campaign discount: 950000, "
U035666,950000,19,19,19,2022-07-26 15:53:58,2022-07-28 09:22:51,350000,7,7,2022-07-26 15:53:58,2022-07-26 17:24:07,39,2022-07-26 15:29:17,2022-07-27 22:47:41,0,0,0,0,2,2,0,0,0,4,Review,"high credited campaign discount: 950000, high referral count: 39, "
U036100,950000,19,19,19,2022-07-21 23:00:03,2022-07-22 00:47:59,950000,19,19,2022-07-21 23:00:03,2022-07-22 00:47:59,19,2022-07-21 22:48:41,2022-07-22 00:47:34,0,0,0,2,2,0,0,0,0,4,Review,"high immediate campaign discount within 0-1 day: 950000, high credited campaign discount: 950000, "
U036680,950000,19,19,19,2022-06-07 18:00:00,2022-06-08 14:00:00,0,0,0,,,20,2022-06-07 17:30:44,2022-06-08 13:35:55,0,0,0,0,2,2,0,0,0,4,Review,"high credited campaign discount: 950000, high referral count: 20, "
U036740,950000,19,19,19,2022-06-27 14:30:03,2022-06-30 09:45:00,0,0,0,,,25,2022-06-27 14:07:03,2022-06-30 10:51:01,0,0,0,0,2,2,0,0,0,4,Review,"high credited campaign discount: 950000, high referral count: 25, "
U036769,950000,19,19,19,2022-07-18 18:22:11,2022-07-19 16:48:18,950000,19,19,2022-07-18 18:22:11,2022-07-19 16:48:18,19,2022-07-18 17:50:30,2022-07-19 16:47:54,0,0,0,2,2,0,0,0,0,4,Review,"high immediate campaign discount within 0-1 day: 950000, high credited campaign discount: 950000, "
U036836,950000,19,19,19,2022-06-08 10:15:00,2022-06-17 14:30:01,0,0,0,,,22,2022-06-07 19:25:45,2022-06-17 14:04:01,1,1,0,0,2,2,0,0,0,4,Review,"high credited campaign discount: 950000, high referral count: 22, "
U037019,950000,19,19,19,2022-06-06 21:38:55,2022-06-13 14:08:31,0,0,0,,,20,2022-06-06 20:21:49,2022-06-13 14:08:07,0,3,0,0,2,2,0,0,0,4,Review,"high credited campaign discount: 950000, high referral count: 20, "
U037208,950000,19,19,19,2022-07-29 11:15:02,2022-07-29 21:17:49,950000,19,19,2022-07-29 11:15:02,2022-07-29 21:17:49,19,2022-07-29 10:50:22,2022-07-29 21:13:53,0,0,0,2,2,0,0,0,0,4,Review,"high immediate campaign discount within 0-1 day: 950000, high credited campaign discount: 950000, "
U037809,950000,19,19,19,2022-07-03 15:30:00,2022-07-11 17:15:01,0,0,0,,,21,2022-07-03 15:01:35,2022-07-11 16:46:15,1,2,0,0,2,2,0,0,0,4,Review,"high credited campaign discount: 950000, high referral count: 21, "
U038201,950000,19,19,19,2022-06-11 14:30:00,2022-07-01 11:45:01,150000,3,3,2022-06-11 14:30:00,2022-06-11 16:30:00,21,2022-06-11 13:50:07,2022-07-01 11:20:52,1,3,0,0,2,2,0,0,0,4,Review,"high credited campaign discount: 950000, high referral count: 21, "
U038815,950000,19,19,19,2022-07-02 10:28:50,2022-07-02 12:30:01,950000,19,19,2022-07-02 10:28:50,2022-07-02 12:30:01,19,2022-07-02 10:26:34,2022-07-02 12:11:49,0,0,0,2,2,0,0,0,0,4,Review,"high immediate campaign discount within 0-1 day: 950000, high credited campaign discount: 950000, "
U039017,950000,19,19,19,2022-07-24 16:45:02,2022-07-24 18:30:01,950000,19,19,2022-07-24 16:45:02,2022-07-24 18:30:01,19,2022-07-24 16:19:14,2022-07-24 18:05:50,0,0,0,2,2,0,0,0,0,4,Review,"high immediate campaign discount within 0-1 day: 950000, high credited campaign discount: 950000, "
U039442,950000,19,19,19,2022-07-05 12:30:01,2022-07-15 12:15:01,50000,1,1,2022-07-05 12:30:01,2022-07-05 12:30:01,24,2022-07-05 11:32:46,2022-07-15 11:46:18,1,3,0,0,2,2,0,0,0,4,Review,"high credited campaign discount: 950000, high referral count: 24, "
U039738,950000,19,19,19,2022-07-09 00:45:00,2022-07-11 13:30:00,0,0,0,,,19,2022-07-09 00:20:11,2022-07-11 13:05:24,1,17,19,0,2,0,0,0,2,4,Review,"high credited campaign discount: 950000, reciprocal transfer loop with 19 partner(s), "
U039937,950000,19,19,19,2022-07-29 09:00:02,2022-07-29 10:00:04,950000,19,19,2022-07-29 09:00:02,2022-07-29 10:00:04,19,2022-07-29 08:45:50,2022-07-29 09:39:51,0,0,0,2,2,0,0,0,0,4,Review,"high immediate campaign discount within 0-1 day: 950000, high credited campaign discount: 950000, "
U040282,950000,19,19,19,2022-06-28 10:15:00,2022-07-02 15:00:02,0,0,0,,,22,2022-06-26 16:52:02,2022-07-02 14:33:46,0,0,0,0,2,2,0,0,0,4,Review,"high credited campaign discount: 950000, high referral count: 22, "
U041169,950000,19,19,19,2022-06-28 16:17:21,2022-06-28 21:21:57,950000,19,19,2022-06-28 16:17:21,2022-06-28 21:21:57,19,2022-06-28 16:16:21,2022-06-28 21:21:41,0,0,0,2,2,0,0,0,0,4,Review,"high immediate campaign discount within 0-1 day: 950000, high credited campaign discount: 950000, "
U042460,950000,19,19,19,2022-07-14 21:00:57,2022-07-14 23:15:02,950000,19,19,2022-07-14 21:00:57,2022-07-14 23:15:02,19,2022-07-14 20:59:51,2022-07-14 22:53:09,0,0,0,2,2,0,0,0,0,4,Review,"high immediate campaign discount within 0-1 day: 950000, high credited campaign discount: 950000, "
U042919,950000,19,19,19,2022-07-26 15:02:42,2022-07-30 10:26:15,0,0,0,,,30,2022-07-26 15:00:25,2022-07-30 10:25:06,0,0,0,0,2,2,0,0,0,4,Review,"high credited campaign discount: 950000, high referral count: 30, "
U043384,950000,19,19,19,2022-06-10 09:45:00,2022-06-17 10:21:18,0,0,0,,,22,2022-06-10 09:14:15,2022-06-17 09:58:22,0,0,0,0,2,2,0,0,0,4,Review,"high credited campaign discount: 950000, high referral count: 22, "
U043607,950000,19,19,19,2022-06-03 11:45:01,2022-06-10 12:45:12,0,0,0,,,21,2022-06-03 11:22:21,2022-06-10 12:44:59,0,0,0,0,2,2,0,0,0,4,Review,"high credited campaign discount: 950000, high referral count: 21, "
U044046,950000,19,19,19,2022-06-29 17:45:01,2022-07-05 16:00:00,0,0,0,,,26,2022-06-29 16:05:14,2022-07-05 15:30:44,0,0,0,0,2,2,0,0,0,4,Review,"high credited campaign discount: 950000, high referral count: 26, "
U044694,950000,19,19,19,2022-07-02 15:15:00,2022-07-08 10:30:02,300000,6,6,2022-07-02 15:15:00,2022-07-03 13:45:01,21,2022-07-02 14:45:43,2022-07-08 10:12:14,1,3,0,0,2,2,0,0,0,4,Review,"high credited campaign discount: 950000, high referral count: 21, "
U045972,950000,19,19,19,2022-07-14 17:45:03,2022-07-14 17:50:16,950000,19,19,2022-07-14 17:45:03,2022-07-14 17:50:16,19,2022-07-14 17:33:42,2022-07-14 17:49:30,0,0,0,2,2,0,0,0,0,4,Review,"high immediate campaign discount within 0-1 day: 950000, high credited campaign discount: 950000, "
U047503,950000,19,19,19,2022-06-20 13:00:01,2022-06-26 17:00:00,0,0,0,,,26,2022-06-18 14:02:02,2022-06-26 16:29:45,1,4,0,0,2,2,0,0,0,4,Review,"high credited campaign discount: 950000, high referral count: 26, "
U047682,950000,19,19,19,2022-06-05 09:15:00,2022-07-25 09:45:03,0,0,0,,,26,2022-06-05 08:52:44,2022-07-25 09:23:30,0,0,0,0,2,2,0,0,0,4,Review,"high credited campaign discount: 950000, high referral count: 26, "
U047850,950000,19,19,19,2022-07-28 21:41:41,2022-07-28 23:15:01,950000,19,19,2022-07-28 21:41:41,2022-07-28 23:15:01,19,2022-07-28 21:39:52,2022-07-28 22:53:14,0,0,0,2,2,0,0,0,0,4,Review,"high immediate campaign discount within 0-1 day: 950000, high credited campaign discount: 950000, "
U048538,950000,19,19,19,2022-07-02 10:15:00,2022-07-05 15:45:01,0,0,0,,,25,2022-07-02 09:41:43,2022-07-05 15:17:21,0,0,0,0,2,2,0,0,0,4,Review,"high credited campaign discount: 950000, high referral count: 25, "
U048702,950000,19,19,19,2022-07-21 12:04:05,2022-07-25 20:47:01,0,0,0,,,23,2022-07-21 11:50:45,2022-07-25 20:45:29,1,3,0,0,2,2,0,0,0,4,Review,"high credited campaign discount: 950000, high referral count: 23, "
U048917,950000,19,19,19,2022-06-15 14:15:01,2022-07-20 12:30:00,0,0,0,,,21,2022-06-15 13:51:53,2022-07-20 12:00:37,1,2,0,0,2,2,0,0,0,4,Review,"high credited campaign discount: 950000, high referral count: 21, "
U049370,950000,19,19,19,2022-06-22 23:15:00,2022-06-24 11:45:01,0,0,0,,,20,2022-06-22 22:49:47,2022-06-24 11:29:38,1,10,0,0,2,2,0,0,0,4,Review,"high credited campaign discount: 950000, high referral count: 20, "
U049423,950000,19,19,19,2022-07-06 12:45:01,2022-07-10 10:45:02,200000,4,4,2022-07-06 12:45:01,2022-07-07 14:00:01,20,2022-07-06 12:17:57,2022-07-10 10:23:27,1,1,0,0,2,2,0,0,0,4,Review,"high credited campaign discount: 950000, high referral count: 20, "
U050932,950000,19,19,19,2022-07-18 17:18:23,2022-07-19 12:10:00,950000,19,19,2022-07-18 17:18:23,2022-07-19 12:10:00,19,2022-07-18 16:58:12,2022-07-19 12:09:30,0,0,0,2,2,0,0,0,0,4,Review,"high immediate campaign discount within 0-1 day: 950000, high credited campaign discount: 950000, "
U051401,950000,19,19,19,2022-07-19 16:09:08,2022-07-19 17:55:00,950000,19,19,2022-07-19 16:09:08,2022-07-19 17:55:00,19,2022-07-19 15:55:17,2022-07-19 17:54:17,0,0,0,2,2,0,0,0,0,4,Review,"high immediate campaign discount within 0-1 day: 950000, high credited campaign discount: 950000, "
U053180,950000,19,19,19,2022-07-17 16:26:54,2022-07-17 21:59:25,950000,19,19,2022-07-17 16:26:54,2022-07-17 21:59:25,19,2022-07-17 15:54:18,2022-07-17 21:59:10,0,0,0,2,2,0,0,0,0,4,Review,"high immediate campaign discount within 0-1 day: 950000, high credited campaign discount: 950000, "
U054855,950000,19,19,19,2022-07-06 15:09:56,2022-07-12 07:32:15,150000,3,3,2022-07-06 15:09:56,2022-07-06 15:17:53,20,2022-07-05 22:58:39,2022-07-11 22:36:10,0,0,0,0,2,2,0,0,0,4,Review,"high credited campaign discount: 950000, high referral count: 20, "
U056194,950000,19,19,19,2022-06-26 16:07:03,2022-07-12 16:15:06,0,0,0,,,22,2022-06-26 15:41:40,2022-07-12 16:13:32,1,2,0,0,2,2,0,0,0,4,Review,"high credited campaign discount: 950000, high referral count: 22, "
U056421,950000,19,19,19,2022-06-30 12:15:01,2022-07-06 11:15:00,250000,5,5,2022-06-30 12:15:01,2022-06-30 18:30:02,20,2022-06-30 10:41:03,2022-07-06 10:42:11,0,0,0,0,2,2,0,0,0,4,Review,"high credited campaign discount: 950000, high referral count: 20, "
U057342,950000,19,19,19,2022-07-04 22:45:00,2022-07-14 22:47:36,0,0,0,,,20,2022-07-04 22:13:17,2022-07-14 22:26:26,0,0,0,0,2,2,0,0,0,4,Review,"high credited campaign discount: 950000, high referral count: 20, "
U057711,950000,19,19,19,2022-06-14 12:45:01,2022-06-23 12:30:00,0,0,0,,,22,2022-06-14 12:15:08,2022-06-23 11:58:01,1,3,0,0,2,2,0,0,0,4,Review,"high credited campaign discount: 950000, high referral count: 22, "
U058093,950000,19,19,19,2022-07-15 15:00:00,2022-07-18 08:45:01,0,0,0,,,21,2022-07-15 14:29:30,2022-07-18 08:24:43,0,0,0,0,2,2,0,0,0,4,Review,"high credited campaign discount: 950000, high referral count: 21, "
U059822,950000,19,19,19,2022-06-18 09:45:00,2022-06-30 17:30:01,0,0,0,,,30,2022-06-18 09:10:20,2022-06-30 17:09:08,0,0,0,0,2,2,0,0,0,4,Review,"high credited campaign discount: 950000, high referral count: 30, "
U059847,950000,19,19,19,2022-07-25 19:29:47,2022-07-25 21:45:02,950000,19,19,2022-07-25 19:29:47,2022-07-25 21:45:02,19,2022-07-25 19:12:55,2022-07-25 21:23:37,0,0,0,2,2,0,0,0,0,4,Review,"high immediate campaign discount within 0-1 day: 950000, high credited campaign discount: 950000, "
U059891,950000,19,19,19,2022-06-14 08:45:00,2022-07-23 07:45:00,0,0,0,,,22,2022-06-13 08:36:47,2022-07-23 07:16:57,0,0,0,0,2,2,0,0,0,4,Review,"high credited campaign discount: 950000, high referral count: 22, "
U060295,950000,19,19,19,2022-07-24 10:00:02,2022-07-24 17:45:02,950000,19,19,2022-07-24 10:00:02,2022-07-24 17:45:02,19,2022-07-24 09:40:10,2022-07-24 17:21:46,0,0,0,2,2,0,0,0,0,4,Review,"high immediate campaign discount within 0-1 day: 950000, high credited campaign discount: 950000, "
U060682,950000,19,19,19,2022-06-10 18:15:01,2022-06-28 18:15:01,0,0,0,,,36,2022-06-10 17:49:48,2022-06-28 17:49:54,1,1,0,0,2,2,0,0,0,4,Review,"high credited campaign discount: 950000, high referral count: 36, "
U060907,950000,19,19,19,2022-06-21 10:45:00,2022-07-23 16:30:02,0,0,0,,,20,2022-06-21 09:59:59,2022-07-23 16:05:26,0,0,0,0,2,2,0,0,0,4,Review,"high credited campaign discount: 950000, high referral count: 20, "
U061397,950000,19,19,19,2022-07-19 17:10:55,2022-07-22 11:30:05,0,0,0,,,22,2022-07-19 16:47:20,2022-07-22 11:08:28,1,13,0,0,2,2,0,0,0,4,Review,"high credited campaign discount: 950000, high referral count: 22, "
U063024,950000,19,19,19,2022-06-04 17:30:41,2022-06-05 20:03:19,0,0,0,,,20,2022-06-04 17:29:16,2022-06-05 20:03:06,0,0,0,0,2,2,0,0,0,4,Review,"high credited campaign discount: 950000, high referral count: 20, "
U063041,950000,19,19,19,2022-06-08 18:15:00,2022-06-13 10:00:00,0,0,0,,,23,2022-06-08 13:20:07,2022-06-13 09:30:59,1,1,0,0,2,2,0,0,0,4,Review,"high credited campaign discount: 950000, high referral count: 23, "
U063543,950000,19,19,19,2022-07-17 19:15:03,2022-07-17 23:44:01,950000,19,19,2022-07-17 19:15:03,2022-07-17 23:44:01,19,2022-07-17 18:57:38,2022-07-17 23:43:48,0,0,0,2,2,0,0,0,0,4,Review,"high immediate campaign discount within 0-1 day: 950000, high credited campaign discount: 950000, "
U063920,950000,19,19,19,2022-07-31 17:29:32,2022-07-31 22:22:18,950000,19,19,2022-07-31 17:29:32,2022-07-31 22:22:18,19,2022-07-31 17:26:26,2022-07-31 22:22:04,0,0,0,2,2,0,0,0,0,4,Review,"high immediate campaign discount within 0-1 day: 950000, high credited campaign discount: 950000, "
U064117,950000,19,19,19,2022-06-14 15:45:00,2022-06-30 16:45:00,0,0,0,,,21,2022-06-14 15:11:44,2022-06-30 16:13:30,1,1,0,0,2,2,0,0,0,4,Review,"high credited campaign discount: 950000, high referral count: 21, "
U065055,950000,19,19,19,2022-07-22 10:45:01,2022-07-30 13:30:00,0,0,0,,,22,2022-07-22 09:06:25,2022-07-30 13:05:16,2,3,0,0,2,2,0,0,0,4,Review,"high credited campaign discount: 950000, high referral count: 22, "
U065498,950000,19,19,19,2022-06-10 10:00:00,2022-06-13 12:30:00,300000,6,6,2022-06-10 10:00:00,2022-06-10 17:30:00,27,2022-06-10 09:29:00,2022-06-13 12:01:03,1,1,0,0,2,2,0,0,0,4,Review,"high credited campaign discount: 950000, high referral count: 27, "
U066002,950000,19,19,19,2022-07-12 10:45:02,2022-07-13 00:30:00,950000,19,19,2022-07-12 10:45:02,2022-07-13 00:30:00,19,2022-07-12 10:20:35,2022-07-12 23:58:46,0,0,0,2,2,0,0,0,0,4,Review,"high immediate campaign discount within 0-1 day: 950000, high credited campaign discount: 950000, "
U066168,950000,19,19,19,2022-06-22 08:00:01,2022-07-09 16:45:01,100000,2,2,2022-06-22 08:00:01,2022-06-22 11:00:00,27,2022-06-22 07:34:26,2022-07-09 16:26:50,1,2,0,0,2,2,0,0,0,4,Review,"high credited campaign discount: 950000, high referral count: 27, "
U066414,950000,19,19,19,2022-06-02 11:00:00,2022-06-08 09:15:00,0,0,0,,,21,2022-06-02 10:35:58,2022-06-08 08:45:31,0,0,0,0,2,2,0,0,0,4,Review,"high credited campaign discount: 950000, high referral count: 21, "
U066557,950000,19,19,19,2022-06-24 10:00:01,2022-07-03 17:30:00,0,0,0,,,23,2022-06-24 09:31:46,2022-07-03 17:03:24,0,0,0,0,2,2,0,0,0,4,Review,"high credited campaign discount: 950000, high referral count: 23, "
U068061,950000,19,19,19,2022-07-24 22:15:01,2022-07-25 12:30:00,950000,19,19,2022-07-24 22:15:01,2022-07-25 12:30:00,19,2022-07-24 21:48:06,2022-07-25 11:56:50,0,0,0,2,2,0,0,0,0,4,Review,"high immediate campaign discount within 0-1 day: 950000, high credited campaign discount: 950000, "
U068129,950000,19,19,19,2022-08-01 15:30:01,2022-08-01 18:45:02,950000,19,19,2022-08-01 15:30:01,2022-08-01 18:45:02,19,2022-08-01 14:57:37,2022-08-01 18:27:51,0,0,0,2,2,0,0,0,0,4,Review,"high immediate campaign discount within 0-1 day: 950000, high credited campaign discount: 950000, "
U068211,950000,19,19,19,2022-08-01 08:45:01,2022-08-01 11:15:02,950000,19,19,2022-08-01 08:45:01,2022-08-01 11:15:02,19,2022-08-01 08:25:36,2022-08-01 10:48:44,0,0,0,2,2,0,0,0,0,4,Review,"high immediate campaign discount within 0-1 day: 950000, high credited campaign discount: 950000, "
U068244,950000,19,19,19,2022-07-03 12:00:01,2022-07-04 16:15:02,950000,19,19,2022-07-03 12:00:01,2022-07-04 16:15:02,19,2022-07-03 11:37:23,2022-07-04 15:58:02,0,0,0,2,2,0,0,0,0,4,Review,"high immediate campaign discount within 0-1 day: 950000, high credited campaign discount: 950000, "
U068708,950000,19,19,19,2022-06-11 12:30:00,2022-07-02 14:15:00,0,0,0,,,20,2022-06-11 11:56:17,2022-07-02 13:50:03,1,3,0,0,2,2,0,0,0,4,Review,"high credited campaign discount: 950000, high referral count: 20, "
U070393,950000,19,19,19,2022-07-11 09:30:01,2022-07-11 15:34:44,950000,19,19,2022-07-11 09:30:01,2022-07-11 15:34:44,19,2022-07-11 09:03:29,2022-07-11 15:34:30,0,0,0,2,2,0,0,0,0,4,Review,"high immediate campaign discount within 0-1 day: 950000, high credited campaign discount: 950000, "
U070912,950000,19,19,19,2022-07-21 16:45:01,2022-07-22 13:15:03,950000,19,19,2022-07-21 16:45:01,2022-07-22 13:15:03,19,2022-07-21 16:26:50,2022-07-22 13:00:37,0,0,0,2,2,0,0,0,0,4,Review,"high immediate campaign discount within 0-1 day: 950000, high credited campaign discount: 950000, "
U071683,950000,19,19,19,2022-07-29 19:45:01,2022-07-29 20:30:04,950000,19,19,2022-07-29 19:45:01,2022-07-29 20:30:04,19,2022-07-29 19:29:43,2022-07-29 20:12:01,0,0,0,2,2,0,0,0,0,4,Review,"high immediate campaign discount within 0-1 day: 950000, high credited campaign discount: 950000, "
U071800,950000,19,19,19,2022-06-02 02:00:00,2022-06-23 14:30:01,0,0,0,,,37,2022-06-01 18:07:22,2022-06-23 14:12:52,1,2,0,0,2,2,0,0,0,4,Review,"high credited campaign discount: 950000, high referral count: 37, "
U072744,950000,19,19,19,2022-06-09 12:00:00,2022-06-14 17:30:01,0,0,0,,,28,2022-06-09 11:33:11,2022-06-14 17:02:05,1,2,0,0,2,2,0,0,0,4,Review,"high credited campaign discount: 950000, high referral count: 28, "
U072969,950000,19,19,19,2022-07-05 17:30:01,2022-07-09 16:30:00,0,0,0,,,23,2022-07-05 15:58:15,2022-07-09 15:58:45,1,1,0,0,2,2,0,0,0,4,Review,"high credited campaign discount: 950000, high referral count: 23, "
U074306,950000,19,19,19,2022-07-05 20:00:02,2022-07-09 11:45:04,250000,5,5,2022-07-05 20:00:02,2022-07-05 23:15:01,50,2022-07-05 19:32:48,2022-07-09 19:58:41,0,0,0,0,2,2,0,0,0,4,Review,"high credited campaign discount: 950000, high referral count: 50, "
U074975,950000,19,19,19,2022-07-27 20:33:53,2022-07-27 22:15:01,950000,19,19,2022-07-27 20:33:53,2022-07-27 22:15:01,19,2022-07-27 20:32:12,2022-07-27 21:50:14,0,0,0,2,2,0,0,0,0,4,Review,"high immediate campaign discount within 0-1 day: 950000, high credited campaign discount: 950000, "
U075799,950000,19,19,19,2022-07-06 08:30:00,2022-07-07 14:30:00,950000,19,19,2022-07-06 08:30:00,2022-07-07 14:30:00,19,2022-07-06 08:08:59,2022-07-07 14:03:24,0,0,0,2,2,0,0,0,0,4,Review,"high immediate campaign discount within 0-1 day: 950000, high credited campaign discount: 950000, "
U076176,950000,19,19,19,2022-08-01 12:04:45,2022-08-01 19:10:08,950000,19,19,2022-08-01 12:04:45,2022-08-01 19:10:08,19,2022-08-01 12:03:49,2022-08-01 19:09:52,0,0,0,2,2,0,0,0,0,4,Review,"high immediate campaign discount within 0-1 day: 950000, high credited campaign discount: 950000, "
U076200,950000,19,19,19,2022-06-04 15:00:00,2022-06-11 12:30:01,0,0,0,,,20,2022-06-04 14:30:01,2022-06-11 11:57:11,0,0,0,0,2,2,0,0,0,4,Review,"high credited campaign discount: 950000, high referral count: 20, "
U076580,950000,19,19,19,2022-07-29 16:01:48,2022-07-31 16:30:05,400000,8,8,2022-07-29 16:01:48,2022-07-30 00:31:05,20,2022-07-29 15:34:30,2022-07-31 16:20:29,0,0,0,0,2,2,0,0,0,4,Review,"high credited campaign discount: 950000, high referral count: 20, "
U077341,950000,19,19,19,2022-07-26 19:00:00,2022-07-26 22:45:00,950000,19,19,2022-07-26 19:00:00,2022-07-26 22:45:00,19,2022-07-26 18:28:20,2022-07-26 22:14:18,0,0,0,2,2,0,0,0,0,4,Review,"high immediate campaign discount within 0-1 day: 950000, high credited campaign discount: 950000, "
U077919,950000,19,19,19,2022-07-03 14:45:00,2022-07-09 11:00:01,350000,7,7,2022-07-03 14:45:00,2022-07-04 12:45:01,25,2022-07-03 14:09:36,2022-07-09 10:37:55,1,2,0,0,2,2,0,0,0,4,Review,"high credited campaign discount: 950000, high referral count: 25, "
U079449,950000,19,19,19,2022-07-25 15:00:01,2022-07-26 22:15:02,0,0,0,,,20,2022-07-25 14:24:03,2022-07-26 21:50:53,1,9,0,0,2,2,0,0,0,4,Review,"high credited campaign discount: 950000, high referral count: 20, "
U079516,950000,19,19,19,2022-07-15 16:15:02,2022-07-19 12:00:02,200000,4,4,2022-07-15 16:15:02,2022-07-16 15:45:01,22,2022-07-15 15:46:49,2022-07-19 11:39:22,0,0,0,0,2,2,0,0,0,4,Review,"high credited campaign discount: 950000, high referral count: 22, "
U079976,950000,19,19,19,2022-07-08 15:15:02,2022-07-16 10:00:01,0,0,0,,,21,2022-07-08 14:48:33,2022-07-16 09:35:01,1,1,0,0,2,2,0,0,0,4,Review,"high credited campaign discount: 950000, high referral count: 21, "
U080201,950000,19,19,19,2022-07-23 17:26:57,2022-07-24 19:43:16,950000,19,19,2022-07-23 17:26:57,2022-07-24 19:43:16,19,2022-07-23 17:07:46,2022-07-24 19:31:07,0,0,0,2,2,0,0,0,0,4,Review,"high immediate campaign discount within 0-1 day: 950000, high credited campaign discount: 950000, "
U081207,950000,19,19,19,2022-07-08 14:15:00,2022-07-08 18:00:00,950000,19,19,2022-07-08 14:15:00,2022-07-08 18:00:00,19,2022-07-08 13:42:42,2022-07-08 17:44:19,0,0,0,2,2,0,0,0,0,4,Review,"high immediate campaign discount within 0-1 day: 950000, high credited campaign discount: 950000, "
U081380,950000,19,19,19,2022-06-12 09:30:00,2022-07-03 13:15:00,50000,1,1,2022-06-12 09:30:00,2022-06-12 09:30:00,21,2022-06-12 09:01:57,2022-07-03 12:50:51,1,6,0,0,2,2,0,0,0,4,Review,"high credited campaign discount: 950000, high referral count: 21, "
U081912,950000,19,19,19,2022-07-01 12:30:01,2022-07-08 12:00:01,200000,4,4,2022-07-01 12:30:01,2022-07-01 16:15:01,24,2022-07-01 12:05:50,2022-07-08 11:38:41,1,2,0,0,2,2,0,0,0,4,Review,"high credited campaign discount: 950000, high referral count: 24, "
U082638,950000,19,19,19,2022-07-31 23:00:02,2022-08-01 11:15:00,950000,19,19,2022-07-31 23:00:02,2022-08-01 11:15:00,19,2022-07-31 22:30:39,2022-08-01 10:45:10,0,0,0,2,2,0,0,0,0,4,Review,"high immediate campaign discount within 0-1 day: 950000, high credited campaign discount: 950000, "
U082732,950000,19,19,19,2022-07-02 16:45:01,2022-07-06 12:30:00,250000,5,5,2022-07-02 16:45:01,2022-07-03 10:00:00,22,2022-07-02 16:20:52,2022-07-06 16:53:49,0,0,0,0,2,2,0,0,0,4,Review,"high credited campaign discount: 950000, high referral count: 22, "
U084188,950000,19,19,19,2022-07-19 22:05:33,2022-07-26 11:57:20,0,0,0,,,21,2022-07-19 22:01:51,2022-07-27 10:01:55,0,0,0,0,2,2,0,0,0,4,Review,"high credited campaign discount: 950000, high referral count: 21, "
U084328,950000,19,19,19,2022-07-14 16:45:01,2022-07-21 12:45:00,150000,3,3,2022-07-14 16:45:01,2022-07-14 20:15:02,23,2022-07-14 16:13:43,2022-07-21 12:26:55,0,0,0,0,2,2,0,0,0,4,Review,"high credited campaign discount: 950000, high referral count: 23, "
U084481,950000,19,19,19,2022-07-29 13:30:01,2022-07-29 16:15:01,950000,19,19,2022-07-29 13:30:01,2022-07-29 16:15:01,19,2022-07-29 13:03:41,2022-07-29 15:51:43,0,0,0,2,2,0,0,0,0,4,Review,"high immediate campaign discount within 0-1 day: 950000, high credited campaign discount: 950000, "
U085733,950000,19,19,19,2022-07-06 11:45:00,2022-07-13 09:15:00,300000,6,6,2022-07-06 11:45:00,2022-07-06 16:46:07,21,2022-07-06 11:11:01,2022-07-13 08:43:03,0,0,0,0,2,2,0,0,0,4,Review,"high credited campaign discount: 950000, high referral count: 21, "
U085749,950000,19,19,19,2022-07-14 11:45:00,2022-07-17 13:15:00,0,0,0,,,22,2022-07-14 11:13:48,2022-07-17 12:41:56,1,2,0,0,2,2,0,0,0,4,Review,"high credited campaign discount: 950000, high referral count: 22, "
U087191,950000,19,19,19,2022-06-26 17:36:27,2022-07-02 15:15:00,0,0,0,,,22,2022-06-26 17:33:42,2022-07-02 14:46:27,2,1,0,0,2,2,0,0,0,4,Review,"high credited campaign discount: 950000, high referral count: 22, "
U087326,950000,19,19,19,2022-06-11 08:15:00,2022-06-16 10:15:00,0,0,0,,,23,2022-06-11 07:40:57,2022-06-16 09:40:05,1,3,0,0,2,2,0,0,0,4,Review,"high credited campaign discount: 950000, high referral count: 23, "
U088385,950000,19,19,19,2022-07-09 16:45:00,2022-07-16 16:20:50,0,0,0,,,47,2022-07-01 10:38:50,2022-07-30 12:14:12,1,2,0,0,2,2,0,0,0,4,Review,"high credited campaign discount: 950000, high referral count: 47, "
U088552,950000,19,19,19,2022-06-26 16:26:06,2022-06-26 23:00:00,950000,19,19,2022-06-26 16:26:06,2022-06-26 23:00:00,19,2022-06-26 16:25:06,2022-06-26 22:32:01,0,0,0,2,2,0,0,0,0,4,Review,"high immediate campaign discount within 0-1 day: 950000, high credited campaign discount: 950000, "
U088825,950000,19,19,19,2022-06-12 15:45:02,2022-06-15 14:15:02,0,0,0,,,20,2022-06-12 15:23:59,2022-06-15 13:56:34,2,1,0,0,2,2,0,0,0,4,Review,"high credited campaign discount: 950000, high referral count: 20, "
U089237,950000,19,19,19,2022-06-08 13:00:00,2022-06-14 11:15:01,0,0,0,,,23,2022-06-08 12:25:26,2022-06-14 10:56:05,1,15,0,0,2,2,0,0,0,4,Review,"high credited campaign discount: 950000, high referral count: 23, "
U090185,950000,19,19,19,2022-07-02 09:45:00,2022-07-06 10:30:00,0,0,0,,,25,2022-07-02 09:11:00,2022-07-06 09:58:30,1,3,0,0,2,2,0,0,0,4,Review,"high credited campaign discount: 950000, high referral count: 25, "
U090448,950000,19,19,19,2022-06-26 16:51:28,2022-06-27 15:08:10,950000,19,19,2022-06-26 16:51:28,2022-06-27 15:08:10,19,2022-06-26 16:32:25,2022-06-27 15:07:34,0,0,0,2,2,0,0,0,0,4,Review,"high immediate campaign discount within 0-1 day: 950000, high credited campaign discount: 950000, "
U033159,945000,21,21,21,2022-06-17 09:52:45,2022-06-22 14:30:02,0,0,0,,,20,2022-06-20 13:28:12,2022-06-22 14:21:06,1,8,0,0,2,2,0,0,0,4,Review,"high credited campaign discount: 945000, high referral count: 20, "
U042350,945000,21,21,21,2022-06-12 11:14:00,2022-06-14 14:45:00,345000,9,9,2022-06-12 11:14:00,2022-06-12 18:45:00,17,2022-06-12 15:01:53,2022-06-14 14:13:40,1,13,73,0,2,0,0,0,2,4,Review,"high credited campaign discount: 945000, reciprocal transfer loop with 73 partner(s), "
U082647,930000,20,20,20,2022-06-02 01:40:22,2022-06-20 21:15:00,0,0,0,,,41,2022-06-10 12:07:09,2022-06-20 19:26:20,1,15,0,0,2,2,0,0,0,4,Review,"high credited campaign discount: 930000, high referral count: 41, "
U009024,920000,19,19,19,2022-06-05 10:09:20,2022-06-19 19:27:18,0,0,0,,,20,2022-06-15 14:01:35,2022-06-19 19:26:50,1,7,0,0,2,2,0,0,0,4,Review,"high credited campaign discount: 920000, high referral count: 20, "
U081890,915000,22,22,22,2022-07-15 13:40:33,2022-07-17 14:37:44,0,0,0,,,17,2022-07-15 14:48:45,2022-07-15 18:31:53,1,19,10,0,2,0,0,0,2,4,Review,"high credited campaign discount: 915000, reciprocal transfer loop with 10 partner(s), "
U022411,910000,19,19,19,2022-07-03 09:15:00,2022-07-11 15:15:01,0,0,0,,,23,2022-07-03 08:44:37,2022-07-11 14:47:56,1,3,0,0,2,2,0,0,0,4,Review,"high credited campaign discount: 910000, high referral count: 23, "
U079614,910000,19,19,19,2022-06-11 14:57:57,2022-06-18 17:30:00,0,0,0,,,23,2022-06-14 11:35:30,2022-06-18 17:34:55,1,1,0,0,2,2,0,0,0,4,Review,"high credited campaign discount: 910000, high referral count: 23, "
U000052,900000,18,18,18,2022-07-25 16:30:03,2022-07-25 18:30:00,900000,18,18,2022-07-25 16:30:03,2022-07-25 18:30:00,18,2022-07-25 16:13:02,2022-07-25 18:07:46,0,0,0,2,2,0,0,0,0,4,Review,"high immediate campaign discount within 0-1 day: 900000, high credited campaign discount: 900000, "
U000724,900000,18,18,18,2022-07-25 14:45:01,2022-07-25 18:00:02,900000,18,18,2022-07-25 14:45:01,2022-07-25 18:00:02,18,2022-07-25 14:18:42,2022-07-25 17:38:08,0,0,0,2,2,0,0,0,0,4,Review,"high immediate campaign discount within 0-1 day: 900000, high credited campaign discount: 900000, "
U000882,900000,18,18,18,2022-06-22 18:00:01,2022-07-09 15:00:03,0,0,0,,,23,2022-06-22 17:38:03,2022-07-09 14:41:09,0,0,0,0,2,2,0,0,0,4,Review,"high credited campaign discount: 900000, high referral count: 23, "
U001069,900000,18,18,18,2022-07-22 15:58:04,2022-07-22 19:00:01,900000,18,18,2022-07-22 15:58:04,2022-07-22 19:00:01,18,2022-07-22 15:30:47,2022-07-22 18:33:26,0,0,0,2,2,0,0,0,0,4,Review,"high immediate campaign discount within 0-1 day: 900000, high credited campaign discount: 900000, "
U001326,900000,18,18,18,2022-07-26 16:45:02,2022-07-26 22:30:00,900000,18,18,2022-07-26 16:45:02,2022-07-26 22:30:00,19,2022-07-26 16:17:12,2022-07-26 21:57:08,0,0,0,2,2,0,0,0,0,4,Review,"high immediate campaign discount within 0-1 day: 900000, high credited campaign discount: 900000, "
U001348,900000,18,18,18,2022-06-11 10:15:01,2022-06-20 16:15:00,0,0,0,,,20,2022-06-11 09:48:45,2022-06-20 15:44:38,0,0,0,0,2,2,0,0,0,4,Review,"high credited campaign discount: 900000, high referral count: 20, "
U001734,900000,18,18,18,2022-07-24 11:07:09,2022-07-24 12:20:50,900000,18,18,2022-07-24 11:07:09,2022-07-24 12:20:50,18,2022-07-24 11:05:15,2022-07-24 12:20:37,0,0,0,2,2,0,0,0,0,4,Review,"high immediate campaign discount within 0-1 day: 900000, high credited campaign discount: 900000, "
U001874,900000,18,18,18,2022-07-24 17:30:00,2022-07-24 20:15:00,900000,18,18,2022-07-24 17:30:00,2022-07-24 20:15:00,18,2022-07-24 16:56:05,2022-07-24 19:44:54,0,0,0,2,2,0,0,0,0,4,Review,"high immediate campaign discount within 0-1 day: 900000, high credited campaign discount: 900000, "
U001937,900000,18,18,18,2022-07-28 23:00:01,2022-07-29 00:30:02,900000,18,18,2022-07-28 23:00:01,2022-07-29 00:30:02,18,2022-07-28 22:33:52,2022-07-29 00:08:56,0,0,0,2,2,0,0,0,0,4,Review,"high immediate campaign discount within 0-1 day: 900000, high credited campaign discount: 900000, "
U002366,900000,18,18,18,2022-07-24 17:30:01,2022-07-24 18:30:04,900000,18,18,2022-07-24 17:30:01,2022-07-24 18:30:04,18,2022-07-24 16:59:18,2022-07-24 18:16:34,0,0,0,2,2,0,0,0,0,4,Review,"high immediate campaign discount within 0-1 day: 900000, high credited campaign discount: 900000, "
U002485,900000,18,18,18,2022-07-08 22:30:02,2022-07-09 14:15:02,0,0,0,,,20,2022-07-08 22:15:00,2022-07-09 14:01:01,2,5,0,0,2,2,0,0,0,4,Review,"high credited campaign discount: 900000, high referral count: 20, "
U003147,900000,18,18,18,2022-07-17 18:30:02,2022-07-17 21:30:01,900000,18,18,2022-07-17 18:30:02,2022-07-17 21:30:01,19,2022-07-17 18:06:05,2022-07-17 21:08:18,0,0,0,2,2,0,0,0,0,4,Review,"high immediate campaign discount within 0-1 day: 900000, high credited campaign discount: 900000, "
U003736,900000,18,18,18,2022-07-20 14:56:44,2022-07-20 16:46:51,900000,18,18,2022-07-20 14:56:44,2022-07-20 16:46:51,18,2022-07-20 14:54:50,2022-07-20 16:46:38,0,0,0,2,2,0,0,0,0,4,Review,"high immediate campaign discount within 0-1 day: 900000, high credited campaign discount: 900000, "
U004772,900000,18,18,18,2022-07-20 13:22:22,2022-07-20 23:19:25,900000,18,18,2022-07-20 13:22:22,2022-07-20 23:19:25,18,2022-07-20 13:02:08,2022-07-20 23:16:23,0,0,0,2,2,0,0,0,0,4,Review,"high immediate campaign discount within 0-1 day: 900000, high credited campaign discount: 900000, "
U005503,900000,18,18,18,2022-07-17 17:15:02,2022-07-29 10:00:01,0,0,0,,,21,2022-07-17 16:50:56,2022-07-29 09:30:08,1,2,0,0,2,2,0,0,0,4,Review,"high credited campaign discount: 900000, high referral count: 21, "
U005587,900000,18,18,18,2022-07-22 17:15:01,2022-07-22 19:45:01,900000,18,18,2022-07-22 17:15:01,2022-07-22 19:45:01,19,2022-07-22 16:44:23,2022-07-22 21:01:57,0,0,0,2,2,0,0,0,0,4,Review,"high immediate campaign discount within 0-1 day: 900000, high credited campaign discount: 900000, "
U006192,900000,18,18,18,2022-07-18 19:06:00,2022-07-18 20:00:04,900000,18,18,2022-07-18 19:06:00,2022-07-18 20:00:04,18,2022-07-18 19:03:25,2022-07-18 19:51:28,0,0,0,2,2,0,0,0,0,4,Review,"high immediate campaign discount within 0-1 day: 900000, high credited campaign discount: 900000, "
U007554,900000,18,18,18,2022-06-11 09:00:01,2022-06-15 11:30:04,0,0,0,,,23,2022-06-11 08:38:53,2022-06-15 12:01:09,1,3,0,0,2,2,0,0,0,4,Review,"high credited campaign discount: 900000, high referral count: 23, "
U009377,900000,18,18,18,2022-07-06 17:11:45,2022-07-12 12:53:55,250000,5,5,2022-07-06 17:11:45,2022-07-06 20:29:15,26,2022-07-06 17:07:24,2022-07-12 16:43:04,0,0,0,0,2,2,0,0,0,4,Review,"high credited campaign discount: 900000, high referral count: 26, "
U009381,900000,18,18,18,2022-06-03 17:14:37,2022-06-07 10:30:00,0,0,0,,,23,2022-06-03 16:48:33,2022-06-07 10:03:29,0,0,0,0,2,2,0,0,0,4,Review,"high credited campaign discount: 900000, high referral count: 23, "
U009459,900000,18,18,18,2022-07-21 13:45:02,2022-07-21 16:00:02,900000,18,18,2022-07-21 13:45:02,2022-07-21 16:00:02,18,2022-07-21 13:21:17,2022-07-21 15:38:48,0,0,0,2,2,0,0,0,0,4,Review,"high immediate campaign discount within 0-1 day: 900000, high credited campaign discount: 900000, "
U010030,900000,18,18,18,2022-07-28 18:00:03,2022-07-28 21:45:55,900000,18,18,2022-07-28 18:00:03,2022-07-28 21:45:55,18,2022-07-28 17:35:58,2022-07-28 21:45:42,0,0,0,2,2,0,0,0,0,4,Review,"high immediate campaign discount within 0-1 day: 900000, high credited campaign discount: 900000, "
U011153,900000,18,18,18,2022-07-25 23:30:00,2022-07-26 01:00:01,900000,18,18,2022-07-25 23:30:00,2022-07-26 01:00:01,18,2022-07-25 22:54:59,2022-07-26 00:34:03,0,0,0,2,2,0,0,0,0,4,Review,"high immediate campaign discount within 0-1 day: 900000, high credited campaign discount: 900000, "
U011237,900000,18,18,18,2022-07-25 11:02:37,2022-07-25 12:09:15,900000,18,18,2022-07-25 11:02:37,2022-07-25 12:09:15,18,2022-07-25 11:00:43,2022-07-25 12:09:03,0,0,0,2,2,0,0,0,0,4,Review,"high immediate campaign discount within 0-1 day: 900000, high credited campaign discount: 900000, "
U011326,900000,18,18,18,2022-07-09 15:30:01,2022-07-17 16:30:00,0,0,0,,,22,2022-07-09 14:20:08,2022-07-19 09:55:21,0,0,0,0,2,2,0,0,0,4,Review,"high credited campaign discount: 900000, high referral count: 22, "
U011808,900000,18,18,18,2022-07-27 17:45:05,2022-07-27 20:30:01,900000,18,18,2022-07-27 17:45:05,2022-07-27 20:30:01,18,2022-07-27 17:30:16,2022-07-27 20:00:06,0,0,0,2,2,0,0,0,0,4,Review,"high immediate campaign discount within 0-1 day: 900000, high credited campaign discount: 900000, "
U011853,900000,18,18,18,2022-07-22 12:29:29,2022-07-22 14:04:09,900000,18,18,2022-07-22 12:29:29,2022-07-22 14:04:09,18,2022-07-22 12:27:33,2022-07-22 14:03:56,0,0,0,2,2,0,0,0,0,4,Review,"high immediate campaign discount within 0-1 day: 900000, high credited campaign discount: 900000, "
U012828,900000,18,18,18,2022-07-16 17:29:18,2022-07-16 19:30:00,900000,18,18,2022-07-16 17:29:18,2022-07-16 19:30:00,18,2022-07-16 17:27:32,2022-07-16 19:14:54,0,0,0,2,2,0,0,0,0,4,Review,"high immediate campaign discount within 0-1 day: 900000, high credited campaign discount: 900000, "
U012857,900000,18,18,18,2022-07-18 16:36:36,2022-07-18 18:13:43,900000,18,18,2022-07-18 16:36:36,2022-07-18 18:13:43,18,2022-07-18 16:34:55,2022-07-18 18:13:31,0,0,0,2,2,0,0,0,0,4,Review,"high immediate campaign discount within 0-1 day: 900000, high credited campaign discount: 900000, "
U013215,900000,18,18,18,2022-06-18 14:37:27,2022-06-26 10:38:24,0,0,0,,,42,2022-06-18 13:59:44,2022-06-26 10:42:49,0,0,0,0,2,2,0,0,0,4,Review,"high credited campaign discount: 900000, high referral count: 42, "
U013395,900000,18,18,18,2022-06-12 09:27:56,2022-06-12 20:37:58,900000,18,18,2022-06-12 09:27:56,2022-06-12 20:37:58,18,2022-06-12 09:25:08,2022-06-12 20:36:11,0,0,0,2,2,0,0,0,0,4,Review,"high immediate campaign discount within 0-1 day: 900000, high credited campaign discount: 900000, "
U013406,900000,18,18,18,2022-06-12 09:30:00,2022-06-14 15:45:01,0,0,0,,,22,2022-06-12 06:29:47,2022-06-14 15:20:52,1,3,0,0,2,2,0,0,0,4,Review,"high credited campaign discount: 900000, high referral count: 22, "
U013441,900000,18,18,18,2022-07-16 15:26:34,2022-07-16 17:00:01,900000,18,18,2022-07-16 15:26:34,2022-07-16 17:00:01,18,2022-07-16 15:19:14,2022-07-16 16:30:55,0,0,0,2,2,0,0,0,0,4,Review,"high immediate campaign discount within 0-1 day: 900000, high credited campaign discount: 900000, "
U013452,900000,18,18,18,2022-07-29 15:30:01,2022-07-29 21:30:00,900000,18,18,2022-07-29 15:30:01,2022-07-29 21:30:00,18,2022-07-29 15:00:17,2022-07-29 21:01:35,0,0,0,2,2,0,0,0,0,4,Review,"high immediate campaign discount within 0-1 day: 900000, high credited campaign discount: 900000, "
U013533,900000,18,18,18,2022-07-13 17:10:50,2022-07-15 12:06:35,800000,16,16,2022-07-13 17:10:50,2022-07-14 20:31:32,19,2022-07-13 16:41:02,2022-07-15 11:37:31,0,0,0,2,2,0,0,0,0,4,Review,"high immediate campaign discount within 0-1 day: 800000, high credited campaign discount: 900000, "
U014188,900000,18,18,18,2022-07-17 18:53:31,2022-07-17 20:45:01,900000,18,18,2022-07-17 18:53:31,2022-07-17 20:45:01,18,2022-07-17 18:50:11,2022-07-17 20:33:04,0,0,0,2,2,0,0,0,0,4,Review,"high immediate campaign discount within 0-1 day: 900000, high credited campaign discount: 900000, "
U014667,900000,18,18,18,2022-07-29 12:30:01,2022-07-29 15:45:02,900000,18,18,2022-07-29 12:30:01,2022-07-29 15:45:02,18,2022-07-29 12:02:28,2022-07-29 15:15:20,0,0,0,2,2,0,0,0,0,4,Review,"high immediate campaign discount within 0-1 day: 900000, high credited campaign discount: 900000, "
U014685,900000,18,18,18,2022-06-09 15:30:00,2022-07-12 13:30:00,0,0,0,,,21,2022-06-09 15:00:05,2022-07-12 12:58:41,0,0,0,0,2,2,0,0,0,4,Review,"high credited campaign discount: 900000, high referral count: 21, "
U015719,900000,18,18,18,2022-07-10 16:30:01,2022-07-16 11:45:01,0,0,0,,,22,2022-07-10 16:07:09,2022-07-16 11:21:50,0,0,0,0,2,2,0,0,0,4,Review,"high credited campaign discount: 900000, high referral count: 22, "
U015983,900000,18,18,18,2022-07-26 15:30:03,2022-07-26 22:15:03,900000,18,18,2022-07-26 15:30:03,2022-07-26 22:15:03,18,2022-07-26 15:02:12,2022-07-26 21:54:04,0,0,0,2,2,0,0,0,0,4,Review,"high immediate campaign discount within 0-1 day: 900000, high credited campaign discount: 900000, "
U016422,900000,18,18,18,2022-07-19 13:48:44,2022-07-19 17:38:46,900000,18,18,2022-07-19 13:48:44,2022-07-19 17:38:46,18,2022-07-19 13:14:24,2022-07-19 17:37:54,0,0,0,2,2,0,0,0,0,4,Review,"high immediate campaign discount within 0-1 day: 900000, high credited campaign discount: 900000, "
U016988,900000,18,18,18,2022-07-22 13:32:39,2022-07-22 17:47:09,900000,18,18,2022-07-22 13:32:39,2022-07-22 17:47:09,18,2022-07-22 13:25:47,2022-07-22 17:46:44,0,0,0,2,2,0,0,0,0,4,Review,"high immediate campaign discount within 0-1 day: 900000, high credited campaign discount: 900000, "
U017822,900000,18,18,18,2022-07-28 13:45:02,2022-07-28 16:15:02,900000,18,18,2022-07-28 13:45:02,2022-07-28 16:15:02,19,2022-07-28 13:17:41,2022-07-28 15:48:22,0,0,0,2,2,0,0,0,0,4,Review,"high immediate campaign discount within 0-1 day: 900000, high credited campaign discount: 900000, "
U017903,900000,18,18,18,2022-07-28 08:15:00,2022-07-28 10:30:01,900000,18,18,2022-07-28 08:15:00,2022-07-28 10:30:01,18,2022-07-28 07:47:51,2022-07-28 10:04:15,0,0,0,2,2,0,0,0,0,4,Review,"high immediate campaign discount within 0-1 day: 900000, high credited campaign discount: 900000, "
U018075,900000,18,18,18,2022-07-16 13:04:40,2022-07-16 14:39:16,900000,18,18,2022-07-16 13:04:40,2022-07-16 14:39:16,18,2022-07-16 13:03:35,2022-07-16 14:39:03,0,0,0,2,2,0,0,0,0,4,Review,"high immediate campaign discount within 0-1 day: 900000, high credited campaign discount: 900000, "
U018542,900000,18,18,18,2022-07-23 13:45:03,2022-07-23 20:51:23,900000,18,18,2022-07-23 13:45:03,2022-07-23 20:51:23,19,2022-07-23 13:23:33,2022-07-23 20:50:44,0,0,0,2,2,0,0,0,0,4,Review,"high immediate campaign discount within 0-1 day: 900000, high credited campaign discount: 900000, "
U018881,900000,18,18,18,2022-07-23 11:30:01,2022-07-23 13:15:01,900000,18,18,2022-07-23 11:30:01,2022-07-23 13:15:01,19,2022-07-23 11:03:28,2022-07-23 12:53:15,0,0,0,2,2,0,0,0,0,4,Review,"high immediate campaign discount within 0-1 day: 900000, high credited campaign discount: 900000, "
U019626,900000,18,18,18,2022-07-24 09:45:03,2022-07-24 12:45:04,900000,18,18,2022-07-24 09:45:03,2022-07-24 12:45:04,18,2022-07-24 09:23:43,2022-07-24 12:22:53,0,0,0,2,2,0,0,0,0,4,Review,"high immediate campaign discount within 0-1 day: 900000, high credited campaign discount: 900000, "
U019638,900000,18,18,18,2022-07-29 14:30:01,2022-07-29 17:30:01,900000,18,18,2022-07-29 14:30:01,2022-07-29 17:30:01,18,2022-07-29 14:03:44,2022-07-29 17:03:51,0,0,0,2,2,0,0,0,0,4,Review,"high immediate campaign discount within 0-1 day: 900000, high credited campaign discount: 900000, "
U020532,900000,18,18,18,2022-07-08 14:45:01,2022-07-15 12:00:03,0,0,0,,,21,2022-07-08 14:14:20,2022-07-15 11:34:48,1,1,0,0,2,2,0,0,0,4,Review,"high credited campaign discount: 900000, high referral count: 21, "
U020668,900000,18,18,18,2022-07-20 14:45:01,2022-07-20 16:45:00,900000,18,18,2022-07-20 14:45:01,2022-07-20 16:45:00,19,2022-07-20 14:17:03,2022-07-20 16:18:15,0,0,0,2,2,0,0,0,0,4,Review,"high immediate campaign discount within 0-1 day: 900000, high credited campaign discount: 900000, "
U021134,900000,18,18,18,2022-07-12 09:15:00,2022-07-15 14:45:00,600000,12,12,2022-07-12 09:15:00,2022-07-12 17:30:02,19,2022-07-12 08:42:47,2022-07-15 14:15:32,0,0,0,2,2,0,0,0,0,4,Review,"high immediate campaign discount within 0-1 day: 600000, high credited campaign discount: 900000, "
U021724,900000,18,18,18,2022-06-26 13:45:00,2022-07-05 09:45:01,0,0,0,,,21,2022-06-26 13:11:27,2022-07-05 09:59:22,0,0,0,0,2,2,0,0,0,4,Review,"high credited campaign discount: 900000, high referral count: 21, "
U022498,900000,18,18,18,2022-07-17 14:30:00,2022-07-23 16:15:03,0,0,0,,,21,2022-07-17 13:54:22,2022-07-23 15:48:42,0,0,0,0,2,2,0,0,0,4,Review,"high credited campaign discount: 900000, high referral count: 21, "
U023059,900000,18,18,18,2022-07-23 16:15:05,2022-07-23 20:30:01,900000,18,18,2022-07-23 16:15:05,2022-07-23 20:30:01,19,2022-07-23 15:54:33,2022-07-23 20:09:02,0,0,0,2,2,0,0,0,0,4,Review,"high immediate campaign discount within 0-1 day: 900000, high credited campaign discount: 900000, "
U023457,900000,18,18,18,2022-07-14 16:05:30,2022-07-14 19:15:00,900000,18,18,2022-07-14 16:05:30,2022-07-14 19:15:00,19,2022-07-14 16:02:42,2022-07-14 18:45:20,0,0,0,2,2,0,0,0,0,4,Review,"high immediate campaign discount within 0-1 day: 900000, high credited campaign discount: 900000, "
U023919,900000,18,18,18,2022-07-09 19:30:00,2022-07-10 00:00:01,900000,18,18,2022-07-09 19:30:00,2022-07-10 00:00:01,19,2022-07-09 19:07:10,2022-07-10 19:13:01,0,0,0,2,2,0,0,0,0,4,Review,"high immediate campaign discount within 0-1 day: 900000, high credited campaign discount: 900000, "
U024948,900000,18,18,18,2022-07-09 14:30:01,2022-07-17 11:30:00,0,0,0,,,20,2022-07-09 14:03:27,2022-07-17 10:59:25,1,2,0,0,2,2,0,0,0,4,Review,"high credited campaign discount: 900000, high referral count: 20, "
U025663,900000,18,18,18,2022-07-27 22:22:20,2022-07-28 00:15:00,900000,18,18,2022-07-27 22:22:20,2022-07-28 00:15:00,19,2022-07-27 21:48:15,2022-07-27 23:50:02,0,0,0,2,2,0,0,0,0,4,Review,"high immediate campaign discount within 0-1 day: 900000, high credited campaign discount: 900000, "
U025702,900000,18,18,18,2022-07-13 06:58:42,2022-07-13 15:31:29,900000,18,18,2022-07-13 06:58:42,2022-07-13 15:31:29,18,2022-07-13 06:47:00,2022-07-13 14:51:32,0,0,0,2,2,0,0,0,0,4,Review,"high immediate campaign discount within 0-1 day: 900000, high credited campaign discount: 900000, "
U025836,900000,18,18,18,2022-07-21 14:31:29,2022-07-21 16:42:44,900000,18,18,2022-07-21 14:31:29,2022-07-21 16:42:44,18,2022-07-21 14:29:43,2022-07-21 16:40:47,0,0,0,2,2,0,0,0,0,4,Review,"high immediate campaign discount within 0-1 day: 900000, high credited campaign discount: 900000, "
U025953,900000,18,18,18,2022-07-11 15:15:01,2022-07-15 10:30:01,0,0,0,,,22,2022-07-10 09:43:44,2022-07-15 10:00:45,1,8,0,0,2,2,0,0,0,4,Review,"high credited campaign discount: 900000, high referral count: 22, "
U026194,900000,18,18,18,2022-07-12 22:15:02,2022-07-18 17:00:04,0,0,0,,,22,2022-07-12 21:46:47,2022-07-19 08:08:56,1,4,0,0,2,2,0,0,0,4,Review,"high credited campaign discount: 900000, high referral count: 22, "
U026287,900000,18,18,18,2022-07-23 11:47:00,2022-07-23 21:30:00,900000,18,18,2022-07-23 11:47:00,2022-07-23 21:30:00,19,2022-07-23 11:18:21,2022-07-23 21:29:17,0,0,0,2,2,0,0,0,0,4,Review,"high immediate campaign discount within 0-1 day: 900000, high credited campaign discount: 900000, "
U026384,900000,18,18,18,2022-07-28 20:28:15,2022-07-28 22:15:02,900000,18,18,2022-07-28 20:28:15,2022-07-28 22:15:02,18,2022-07-28 19:57:12,2022-07-28 21:53:07,0,0,0,2,2,0,0,0,0,4,Review,"high immediate campaign discount within 0-1 day: 900000, high credited campaign discount: 900000, "
U027286,900000,18,18,18,2022-07-25 19:45:01,2022-07-25 22:30:02,900000,18,18,2022-07-25 19:45:01,2022-07-25 22:30:02,18,2022-07-25 19:18:58,2022-07-25 22:08:54,0,0,0,2,2,0,0,0,0,4,Review,"high immediate campaign discount within 0-1 day: 900000, high credited campaign discount: 900000, "
U027409,900000,18,18,18,2022-07-25 13:55:41,2022-07-26 08:45:01,900000,18,18,2022-07-25 13:55:41,2022-07-26 08:45:01,19,2022-07-25 13:31:39,2022-07-26 08:24:37,0,0,0,2,2,0,0,0,0,4,Review,"high immediate campaign discount within 0-1 day: 900000, high credited campaign discount: 900000, "
U028146,900000,18,18,18,2022-07-17 17:45:01,2022-07-17 21:10:30,900000,18,18,2022-07-17 17:45:01,2022-07-17 21:10:30,18,2022-07-17 17:21:12,2022-07-17 21:10:17,0,0,0,2,2,0,0,0,0,4,Review,"high immediate campaign discount within 0-1 day: 900000, high credited campaign discount: 900000, "
U028436,900000,18,18,18,2022-07-12 13:45:00,2022-07-12 17:00:01,900000,18,18,2022-07-12 13:45:00,2022-07-12 17:00:01,19,2022-07-12 13:10:50,2022-07-12 16:38:03,0,0,0,2,2,0,0,0,0,4,Review,"high immediate campaign discount within 0-1 day: 900000, high credited campaign discount: 900000, "
U029023,900000,18,18,18,2022-07-24 10:15:02,2022-07-25 12:00:02,900000,18,18,2022-07-24 10:15:02,2022-07-25 12:00:02,19,2022-07-24 09:46:58,2022-07-25 11:40:27,1,3,0,2,2,0,0,0,0,4,Review,"high immediate campaign discount within 0-1 day: 900000, high credited campaign discount: 900000, "
U030142,900000,18,18,18,2022-06-28 09:15:01,2022-06-28 16:15:17,900000,18,18,2022-06-28 09:15:01,2022-06-28 16:15:17,18,2022-06-28 08:54:56,2022-06-28 16:15:02,0,0,0,2,2,0,0,0,0,4,Review,"high immediate campaign discount within 0-1 day: 900000, high credited campaign discount: 900000, "
U030721,900000,18,18,18,2022-06-04 15:15:00,2022-06-11 08:30:00,100000,2,2,2022-06-04 15:15:00,2022-06-05 10:45:00,22,2022-06-04 14:39:43,2022-06-11 07:59:01,0,0,0,0,2,2,0,0,0,4,Review,"high credited campaign discount: 900000, high referral count: 22, "
U030910,900000,18,18,18,2022-07-09 13:45:02,2022-07-09 18:00:00,900000,18,18,2022-07-09 13:45:02,2022-07-09 18:00:00,18,2022-07-09 13:24:12,2022-07-09 17:34:22,0,0,0,2,2,0,0,0,0,4,Review,"high immediate campaign discount within 0-1 day: 900000, high credited campaign discount: 900000, "
U031087,900000,18,18,18,2022-07-27 16:02:12,2022-07-27 17:06:53,900000,18,18,2022-07-27 16:02:12,2022-07-27 17:06:53,18,2022-07-27 16:00:20,2022-07-27 17:06:42,0,0,0,2,2,0,0,0,0,4,Review,"high immediate campaign discount within 0-1 day: 900000, high credited campaign discount: 900000, "
U031141,900000,18,18,18,2022-07-17 21:45:01,2022-07-18 09:15:00,900000,18,18,2022-07-17 21:45:01,2022-07-18 09:15:00,18,2022-07-17 21:21:45,2022-07-18 08:49:00,0,0,0,2,2,0,0,0,0,4,Review,"high immediate campaign discount within 0-1 day: 900000, high credited campaign discount: 900000, "
U031526,900000,18,18,18,2022-06-17 16:15:01,2022-06-23 11:00:00,200000,4,4,2022-06-17 16:15:01,2022-06-18 10:45:00,23,2022-06-17 15:24:03,2022-06-23 10:39:46,1,1,0,0,2,2,0,0,0,4,Review,"high credited campaign discount: 900000, high referral count: 23, "
U031914,900000,18,18,18,2022-07-07 13:09:30,2022-07-07 13:45:00,900000,18,18,2022-07-07 13:09:30,2022-07-07 13:45:00,18,2022-07-07 12:49:32,2022-07-07 13:15:52,0,0,0,2,2,0,0,0,0,4,Review,"high immediate campaign discount within 0-1 day: 900000, high credited campaign discount: 900000, "
U031957,900000,18,18,18,2022-06-05 18:00:00,2022-06-13 16:00:01,0,0,0,,,21,2022-06-05 17:26:01,2022-06-13 15:40:30,0,0,0,0,2,2,0,0,0,4,Review,"high credited campaign discount: 900000, high referral count: 21, "
U034098,900000,18,18,18,2022-07-20 11:16:36,2022-07-20 13:34:21,900000,18,18,2022-07-20 11:16:36,2022-07-20 13:34:21,18,2022-07-20 11:14:47,2022-07-20 13:34:06,0,0,0,2,2,0,0,0,0,4,Review,"high immediate campaign discount within 0-1 day: 900000, high credited campaign discount: 900000, "
U034450,900000,18,18,18,2022-07-09 09:45:00,2022-07-16 08:45:00,0,0,0,,,20,2022-07-09 09:24:07,2022-07-16 15:29:04,0,0,0,0,2,2,0,0,0,4,Review,"high credited campaign discount: 900000, high referral count: 20, "
U034615,900000,18,18,18,2022-07-15 10:00:01,2022-07-23 11:15:01,200000,4,4,2022-07-15 10:00:01,2022-07-16 15:30:00,22,2022-07-15 09:30:41,2022-07-23 10:47:27,0,2,0,0,2,2,0,0,0,4,Review,"high credited campaign discount: 900000, high referral count: 22, "
U036128,900000,18,18,18,2022-07-26 11:55:59,2022-07-26 13:29:49,900000,18,18,2022-07-26 11:55:59,2022-07-26 13:29:49,18,2022-07-26 11:54:13,2022-07-26 13:29:38,0,0,0,2,2,0,0,0,0,4,Review,"high immediate campaign discount within 0-1 day: 900000, high credited campaign discount: 900000, "
U036472,900000,18,18,18,2022-07-29 07:45:00,2022-07-29 13:30:02,900000,18,18,2022-07-29 07:45:00,2022-07-29 13:30:02,18,2022-07-29 07:15:45,2022-07-29 13:06:56,0,0,0,2,2,0,0,0,0,4,Review,"high immediate campaign discount within 0-1 day: 900000, high credited campaign discount: 900000, "
U036549,900000,18,18,18,2022-06-28 09:45:02,2022-07-08 19:00:00,0,0,0,,,20,2022-06-28 09:17:36,2022-07-08 18:28:32,1,4,0,0,2,2,0,0,0,4,Review,"high credited campaign discount: 900000, high referral count: 20, "
U037079,900000,18,18,18,2022-07-13 13:02:54,2022-07-13 15:15:00,900000,18,18,2022-07-13 13:02:54,2022-07-13 15:15:00,18,2022-07-13 12:59:39,2022-07-13 14:46:19,0,0,0,2,2,0,0,0,0,4,Review,"high immediate campaign discount within 0-1 day: 900000, high credited campaign discount: 900000, "
U037267,900000,18,18,18,2022-07-28 14:39:40,2022-07-28 15:51:37,900000,18,18,2022-07-28 14:39:40,2022-07-28 15:51:37,18,2022-07-28 14:37:07,2022-07-28 15:49:38,0,0,0,2,2,0,0,0,0,4,Review,"high immediate campaign discount within 0-1 day: 900000, high credited campaign discount: 900000, "
U037329,900000,18,18,18,2022-06-04 11:45:00,2022-06-09 15:45:00,0,0,0,,,24,2022-06-04 11:15:13,2022-06-09 15:26:09,0,0,0,0,2,2,0,0,0,4,Review,"high credited campaign discount: 900000, high referral count: 24, "
U038834,900000,18,18,18,2022-07-25 20:45:02,2022-07-25 23:00:01,900000,18,18,2022-07-25 20:45:02,2022-07-25 23:00:01,18,2022-07-25 20:19:15,2022-07-25 22:32:54,0,0,0,2,2,0,0,0,0,4,Review,"high immediate campaign discount within 0-1 day: 900000, high credited campaign discount: 900000, "
U038842,900000,18,18,18,2022-07-25 14:20:27,2022-07-25 15:50:35,900000,18,18,2022-07-25 14:20:27,2022-07-25 15:50:35,18,2022-07-25 14:18:49,2022-07-25 15:50:12,0,0,0,2,2,0,0,0,0,4,Review,"high immediate campaign discount within 0-1 day: 900000, high credited campaign discount: 900000, "
U039232,900000,18,18,18,2022-06-10 15:15:01,2022-07-26 18:15:01,0,0,0,,,22,2022-06-04 15:52:36,2022-07-26 17:50:50,0,0,0,0,2,2,0,0,0,4,Review,"high credited campaign discount: 900000, high referral count: 22, "
U039818,900000,18,18,18,2022-06-11 15:30:02,2022-06-23 17:30:01,300000,6,6,2022-06-11 15:30:02,2022-06-12 20:15:00,21,2022-06-11 15:08:20,2022-06-27 13:59:34,0,0,0,0,2,2,0,0,0,4,Review,"high credited campaign discount: 900000, high referral count: 21, "
U040639,900000,18,18,18,2022-07-28 16:30:01,2022-07-28 19:00:00,900000,18,18,2022-07-28 16:30:01,2022-07-28 19:00:00,18,2022-07-28 16:00:33,2022-07-28 18:26:09,0,0,0,2,2,0,0,0,0,4,Review,"high immediate campaign discount within 0-1 day: 900000, high credited campaign discount: 900000, "
U040675,900000,18,18,18,2022-07-20 18:07:25,2022-07-20 20:30:00,900000,18,18,2022-07-20 18:07:25,2022-07-20 20:30:00,18,2022-07-20 18:05:19,2022-07-20 20:14:45,0,0,0,2,2,0,0,0,0,4,Review,"high immediate campaign discount within 0-1 day: 900000, high credited campaign discount: 900000, "
U040852,900000,18,18,18,2022-06-22 20:15:00,2022-07-02 17:45:00,0,0,0,,,21,2022-06-12 07:16:13,2022-07-02 17:12:56,1,1,0,0,2,2,0,0,0,4,Review,"high credited campaign discount: 900000, high referral count: 21, "
U041096,900000,18,18,18,2022-07-26 18:15:03,2022-07-26 23:00:01,900000,18,18,2022-07-26 18:15:03,2022-07-26 23:00:01,18,2022-07-26 17:42:32,2022-07-26 22:32:37,0,0,0,2,2,0,0,0,0,4,Review,"high immediate campaign discount within 0-1 day: 900000, high credited campaign discount: 900000, "
U041340,900000,18,18,18,2022-07-28 14:00:02,2022-07-28 16:00:02,900000,18,18,2022-07-28 14:00:02,2022-07-28 16:00:02,18,2022-07-28 13:36:19,2022-07-28 15:32:56,0,0,0,2,2,0,0,0,0,4,Review,"high immediate campaign discount within 0-1 day: 900000, high credited campaign discount: 900000, "
U042185,900000,18,18,18,2022-07-25 11:32:47,2022-07-26 06:59:40,650000,13,13,2022-07-25 11:32:47,2022-07-25 18:55:28,18,2022-07-25 11:18:30,2022-07-26 06:48:17,0,0,0,2,2,0,0,0,0,4,Review,"high immediate campaign discount within 0-1 day: 650000, high credited campaign discount: 900000, "
U042326,900000,18,18,18,2022-07-08 10:30:00,2022-07-12 13:15:00,0,0,0,,,20,2022-07-08 09:57:44,2022-07-12 12:49:31,1,2,0,0,2,2,0,0,0,4,Review,"high credited campaign discount: 900000, high referral count: 20, "
U044782,900000,18,18,18,2022-06-23 12:30:00,2022-06-28 11:30:00,0,0,0,,,21,2022-06-23 12:00:25,2022-06-28 10:54:39,1,7,0,0,2,2,0,0,0,4,Review,"high credited campaign discount: 900000, high referral count: 21, "
U046121,900000,18,18,18,2022-06-16 11:30:01,2022-06-18 09:45:00,0,0,0,,,20,2022-06-16 11:06:27,2022-06-18 09:14:17,1,2,0,0,2,2,0,0,0,4,Review,"high credited campaign discount: 900000, high referral count: 20, "
U047269,900000,18,18,18,2022-06-11 09:15:00,2022-06-15 10:00:02,0,0,0,,,23,2022-06-11 08:43:21,2022-06-15 09:40:37,1,1,0,0,2,2,0,0,0,4,Review,"high credited campaign discount: 900000, high referral count: 23, "
U048674,900000,18,18,18,2022-07-17 20:26:02,2022-07-17 21:46:49,900000,18,18,2022-07-17 20:26:02,2022-07-17 21:46:49,18,2022-07-17 20:23:32,2022-07-17 21:46:37,0,0,0,2,2,0,0,0,0,4,Review,"high immediate campaign discount within 0-1 day: 900000, high credited campaign discount: 900000, "
U049545,900000,18,18,18,2022-07-08 08:30:00,2022-07-11 15:30:00,0,0,0,,,25,2022-07-08 08:04:33,2022-07-12 08:55:00,0,0,0,0,2,2,0,0,0,4,Review,"high credited campaign discount: 900000, high referral count: 25, "
U049552,900000,18,18,18,2022-07-24 23:23:17,2022-07-25 12:25:12,900000,18,18,2022-07-24 23:23:17,2022-07-25 12:25:12,19,2022-07-24 23:02:15,2022-07-25 12:24:36,0,0,0,2,2,0,0,0,0,4,Review,"high immediate campaign discount within 0-1 day: 900000, high credited campaign discount: 900000, "
U049615,900000,18,18,18,2022-07-25 19:15:01,2022-07-26 00:00:01,900000,18,18,2022-07-25 19:15:01,2022-07-26 00:00:01,18,2022-07-25 18:51:08,2022-07-25 23:39:38,0,0,0,2,2,0,0,0,0,4,Review,"high immediate campaign discount within 0-1 day: 900000, high credited campaign discount: 900000, "
U049712,900000,18,18,18,2022-06-23 14:30:00,2022-07-01 15:45:00,0,0,0,,,23,2022-06-23 12:26:48,2022-07-01 15:19:37,1,1,0,0,2,2,0,0,0,4,Review,"high credited campaign discount: 900000, high referral count: 23, "
U050057,900000,18,18,18,2022-07-03 15:45:00,2022-07-10 14:00:00,0,0,0,,,28,2022-07-03 15:11:33,2022-07-10 13:32:01,1,2,0,0,2,2,0,0,0,4,Review,"high credited campaign discount: 900000, high referral count: 28, "
U050472,900000,18,18,18,2022-07-03 10:30:00,2022-07-06 09:45:01,0,0,0,,,22,2022-07-03 09:57:40,2022-07-06 09:20:14,0,0,0,0,2,2,0,0,0,4,Review,"high credited campaign discount: 900000, high referral count: 22, "
U051747,900000,18,18,18,2022-07-01 13:00:00,2022-07-05 11:00:01,0,0,0,,,21,2022-06-30 14:48:06,2022-07-05 10:40:03,1,1,0,0,2,2,0,0,0,4,Review,"high credited campaign discount: 900000, high referral count: 21, "
U051853,900000,18,18,18,2022-06-18 13:30:01,2022-06-22 09:45:01,0,0,0,,,24,2022-06-18 13:07:21,2022-06-22 09:25:51,1,2,0,0,2,2,0,0,0,4,Review,"high credited campaign discount: 900000, high referral count: 24, "
U053492,900000,18,18,18,2022-07-15 16:02:36,2022-07-15 18:30:02,900000,18,18,2022-07-15 16:02:36,2022-07-15 18:30:02,18,2022-07-15 15:59:47,2022-07-15 18:22:06,0,0,0,2,2,0,0,0,0,4,Review,"high immediate campaign discount within 0-1 day: 900000, high credited campaign discount: 900000, "
U053589,900000,18,18,18,2022-07-22 16:21:14,2022-07-22 18:15:00,900000,18,18,2022-07-22 16:21:14,2022-07-22 18:15:00,18,2022-07-22 16:19:36,2022-07-22 17:35:50,0,0,0,2,2,0,0,0,0,4,Review,"high immediate campaign discount within 0-1 day: 900000, high credited campaign discount: 900000, "
U054407,900000,18,18,18,2022-07-15 12:41:31,2022-07-30 14:45:02,0,0,0,,,26,2022-07-15 11:37:09,2022-07-30 14:18:12,0,0,0,0,2,2,0,0,0,4,Review,"high credited campaign discount: 900000, high referral count: 26, "
U055172,900000,18,18,18,2022-07-26 15:30:04,2022-07-26 21:15:03,900000,18,18,2022-07-26 15:30:04,2022-07-26 21:15:03,18,2022-07-26 15:04:58,2022-07-26 20:52:19,0,0,0,2,2,0,0,0,0,4,Review,"high immediate campaign discount within 0-1 day: 900000, high credited campaign discount: 900000, "
U055741,900000,18,18,18,2022-07-23 18:00:02,2022-07-23 21:45:00,900000,18,18,2022-07-23 18:00:02,2022-07-23 21:45:00,18,2022-07-23 17:38:38,2022-07-23 21:12:46,0,0,0,2,2,0,0,0,0,4,Review,"high immediate campaign discount within 0-1 day: 900000, high credited campaign discount: 900000, "
U055843,900000,18,18,18,2022-07-28 12:21:25,2022-07-28 13:26:37,900000,18,18,2022-07-28 12:21:25,2022-07-28 13:26:37,18,2022-07-28 11:56:11,2022-07-28 13:13:44,0,0,0,2,2,0,0,0,0,4,Review,"high immediate campaign discount within 0-1 day: 900000, high credited campaign discount: 900000, "
U057178,900000,18,18,18,2022-06-29 13:11:40,2022-06-30 11:45:01,900000,18,18,2022-06-29 13:11:40,2022-06-30 11:45:01,18,2022-06-29 13:04:16,2022-06-30 11:14:19,0,0,0,2,2,0,0,0,0,4,Review,"high immediate campaign discount within 0-1 day: 900000, high credited campaign discount: 900000, "
U057445,900000,18,18,18,2022-07-08 19:15:00,2022-07-08 23:15:00,900000,18,18,2022-07-08 19:15:00,2022-07-08 23:15:00,19,2022-07-08 16:50:30,2022-07-08 22:45:08,0,0,0,2,2,0,0,0,0,4,Review,"high immediate campaign discount within 0-1 day: 900000, high credited campaign discount: 900000, "
U057505,900000,18,18,18,2022-07-22 10:30:09,2022-07-22 18:05:55,900000,18,18,2022-07-22 10:30:09,2022-07-22 18:05:55,19,2022-07-22 10:15:33,2022-07-22 17:53:51,0,0,0,2,2,0,0,0,0,4,Review,"high immediate campaign discount within 0-1 day: 900000, high credited campaign discount: 900000, "
U057872,900000,18,18,18,2022-06-18 09:45:01,2022-06-20 14:00:00,0,0,0,,,22,2022-06-18 09:14:40,2022-06-20 13:30:15,1,5,0,0,2,2,0,0,0,4,Review,"high credited campaign discount: 900000, high referral count: 22, "
U058520,900000,18,18,18,2022-07-09 13:45:01,2022-07-15 14:30:00,0,0,0,,,21,2022-07-09 13:14:40,2022-07-15 14:01:02,1,1,0,0,2,2,0,0,0,4,Review,"high credited campaign discount: 900000, high referral count: 21, "
U058703,900000,18,18,18,2022-07-19 08:59:52,2022-07-20 10:33:22,850000,17,17,2022-07-19 08:59:52,2022-07-19 16:08:43,19,2022-07-19 08:41:23,2022-07-20 10:21:28,0,0,0,2,2,0,0,0,0,4,Review,"high immediate campaign discount within 0-1 day: 850000, high credited campaign discount: 900000, "
U058733,900000,18,18,18,2022-07-27 21:30:00,2022-07-27 22:30:00,900000,18,18,2022-07-27 21:30:00,2022-07-27 22:30:00,18,2022-07-27 20:52:12,2022-07-27 22:27:06,0,0,0,2,2,0,0,0,0,4,Review,"high immediate campaign discount within 0-1 day: 900000, high credited campaign discount: 900000, "
U059293,900000,18,18,18,2022-07-25 14:00:03,2022-07-25 18:00:00,900000,18,18,2022-07-25 14:00:03,2022-07-25 18:00:00,18,2022-07-25 13:38:58,2022-07-25 17:29:20,0,0,0,2,2,0,0,0,0,4,Review,"high immediate campaign discount within 0-1 day: 900000, high credited campaign discount: 900000, "
U059418,900000,18,18,18,2022-07-28 21:45:02,2022-07-29 00:15:00,900000,18,18,2022-07-28 21:45:02,2022-07-29 00:15:00,18,2022-07-28 21:23:41,2022-07-28 23:46:42,0,0,0,2,2,0,0,0,0,4,Review,"high immediate campaign discount within 0-1 day: 900000, high credited campaign discount: 900000, "
U060194,900000,18,18,18,2022-06-18 10:00:01,2022-06-26 10:15:00,50000,1,1,2022-06-18 10:00:01,2022-06-18 10:00:01,22,2022-06-18 09:35:57,2022-06-26 09:43:26,1,19,0,0,2,2,0,0,0,4,Review,"high credited campaign discount: 900000, high referral count: 22, "
U061195,900000,18,18,18,2022-07-10 19:15:00,2022-07-11 00:51:22,900000,18,18,2022-07-10 19:15:00,2022-07-11 00:51:22,19,2022-07-10 18:45:07,2022-07-11 00:03:24,0,0,0,2,2,0,0,0,0,4,Review,"high immediate campaign discount within 0-1 day: 900000, high credited campaign discount: 900000, "
U061260,900000,18,18,18,2022-07-11 18:30:01,2022-07-11 20:30:00,900000,18,18,2022-07-11 18:30:01,2022-07-11 20:30:00,18,2022-07-11 18:03:55,2022-07-11 19:57:14,0,0,0,2,2,0,0,0,0,4,Review,"high immediate campaign discount within 0-1 day: 900000, high credited campaign discount: 900000, "
U061865,900000,18,18,18,2022-07-24 14:34:36,2022-07-24 16:00:55,900000,18,18,2022-07-24 14:34:36,2022-07-24 16:00:55,18,2022-07-24 14:32:49,2022-07-24 16:00:43,0,0,0,2,2,0,0,0,0,4,Review,"high immediate campaign discount within 0-1 day: 900000, high credited campaign discount: 900000, "
U062212,900000,18,18,18,2022-07-28 17:30:06,2022-07-28 18:45:04,900000,18,18,2022-07-28 17:30:06,2022-07-28 18:45:04,18,2022-07-28 17:13:14,2022-07-28 18:32:50,0,0,0,2,2,0,0,0,0,4,Review,"high immediate campaign discount within 0-1 day: 900000, high credited campaign discount: 900000, "
U063476,900000,18,18,18,2022-07-26 17:30:08,2022-07-26 23:30:03,900000,18,18,2022-07-26 17:30:08,2022-07-26 23:30:03,18,2022-07-26 16:55:12,2022-07-26 23:06:08,0,0,0,2,2,0,0,0,0,4,Review,"high immediate campaign discount within 0-1 day: 900000, high credited campaign discount: 900000, "
U064183,900000,18,18,18,2022-07-17 10:45:01,2022-08-01 14:11:35,0,0,0,,,20,2022-07-17 10:14:57,2022-07-30 09:23:06,1,1,0,0,2,2,0,0,0,4,Review,"high credited campaign discount: 900000, high referral count: 20, "
U064602,900000,18,18,18,2022-07-28 23:33:57,2022-07-31 02:53:26,0,0,0,,,24,2022-07-28 22:35:22,2022-08-01 08:22:04,1,1,0,0,2,2,0,0,0,4,Review,"high credited campaign discount: 900000, high referral count: 24, "
U064783,900000,18,18,18,2022-06-25 15:00:00,2022-07-02 10:45:00,250000,5,5,2022-06-25 15:00:00,2022-06-26 15:45:00,22,2022-06-25 14:31:57,2022-07-02 10:12:56,3,4,0,0,2,2,0,0,0,4,Review,"high credited campaign discount: 900000, high referral count: 22, "
U064900,900000,18,18,18,2022-07-21 21:44:34,2022-07-21 22:54:32,900000,18,18,2022-07-21 21:44:34,2022-07-21 22:54:32,18,2022-07-21 21:29:26,2022-07-21 22:54:13,0,0,0,2,2,0,0,0,0,4,Review,"high immediate campaign discount within 0-1 day: 900000, high credited campaign discount: 900000, "
U064922,900000,18,18,18,2022-07-27 12:36:28,2022-07-27 15:15:00,900000,18,18,2022-07-27 12:36:28,2022-07-27 15:15:00,18,2022-07-27 12:12:11,2022-07-27 14:42:25,0,0,0,2,2,0,0,0,0,4,Review,"high immediate campaign discount within 0-1 day: 900000, high credited campaign discount: 900000, "
U065330,900000,18,18,18,2022-07-28 10:30:02,2022-07-28 16:15:01,900000,18,18,2022-07-28 10:30:02,2022-07-28 16:15:01,18,2022-07-28 10:10:29,2022-07-28 15:44:29,0,0,0,2,2,0,0,0,0,4,Review,"high immediate campaign discount within 0-1 day: 900000, high credited campaign discount: 900000, "
U066289,900000,18,18,18,2022-07-13 09:15:00,2022-07-20 09:00:00,0,0,0,,,20,2022-07-13 08:44:47,2022-07-20 08:29:41,2,3,0,0,2,2,0,0,0,4,Review,"high credited campaign discount: 900000, high referral count: 20, "
U068043,900000,18,18,18,2022-07-28 13:00:02,2022-07-28 15:45:00,900000,18,18,2022-07-28 13:00:02,2022-07-28 15:45:00,18,2022-07-28 12:36:34,2022-07-28 15:10:53,0,0,0,2,2,0,0,0,0,4,Review,"high immediate campaign discount within 0-1 day: 900000, high credited campaign discount: 900000, "
U069292,900000,18,18,18,2022-07-21 10:45:00,2022-07-21 13:45:00,900000,18,18,2022-07-21 10:45:00,2022-07-21 13:45:00,18,2022-07-21 10:12:02,2022-07-21 13:13:45,0,0,0,2,2,0,0,0,0,4,Review,"high immediate campaign discount within 0-1 day: 900000, high credited campaign discount: 900000, "
U069653,900000,18,18,18,2022-06-11 10:53:50,2022-06-12 16:41:50,850000,17,17,2022-06-11 10:53:50,2022-06-11 23:02:15,18,2022-06-11 10:51:27,2022-06-12 16:41:23,0,0,0,2,2,0,0,0,0,4,Review,"high immediate campaign discount within 0-1 day: 850000, high credited campaign discount: 900000, "
U070229,900000,18,18,18,2022-07-27 08:30:00,2022-07-27 14:45:02,900000,18,18,2022-07-27 08:30:00,2022-07-27 14:45:02,18,2022-07-27 07:56:52,2022-07-27 14:22:13,0,0,0,2,2,0,0,0,0,4,Review,"high immediate campaign discount within 0-1 day: 900000, high credited campaign discount: 900000, "
U071451,900000,18,18,18,2022-07-25 11:45:02,2022-07-25 15:30:02,900000,18,18,2022-07-25 11:45:02,2022-07-25 15:30:02,18,2022-07-25 11:21:24,2022-07-25 15:03:31,0,0,0,2,2,0,0,0,0,4,Review,"high immediate campaign discount within 0-1 day: 900000, high credited campaign discount: 900000, "
U071697,900000,18,18,18,2022-07-03 11:00:01,2022-07-09 16:15:02,0,0,0,,,21,2022-07-02 17:26:53,2022-07-09 15:54:57,1,1,0,0,2,2,0,0,0,4,Review,"high credited campaign discount: 900000, high referral count: 21, "
U071855,900000,18,18,18,2022-07-19 12:01:45,2022-07-19 20:45:01,900000,18,18,2022-07-19 12:01:45,2022-07-19 20:45:01,19,2022-07-19 12:00:27,2022-07-19 20:20:38,0,0,0,2,2,0,0,0,0,4,Review,"high immediate campaign discount within 0-1 day: 900000, high credited campaign discount: 900000, "
U072433,900000,18,18,18,2022-06-04 17:15:00,2022-07-11 20:30:01,0,0,0,,,23,2022-06-04 16:48:41,2022-07-11 20:07:55,0,0,0,0,2,2,0,0,0,4,Review,"high credited campaign discount: 900000, high referral count: 23, "
U072864,900000,18,18,18,2022-07-25 22:30:03,2022-07-26 15:00:01,900000,18,18,2022-07-25 22:30:03,2022-07-26 15:00:01,18,2022-07-25 21:54:56,2022-07-26 14:31:33,0,0,0,2,2,0,0,0,0,4,Review,"high immediate campaign discount within 0-1 day: 900000, high credited campaign discount: 900000, "
U072883,900000,18,18,18,2022-07-13 10:45:00,2022-07-13 12:30:03,900000,18,18,2022-07-13 10:45:00,2022-07-13 12:30:03,18,2022-07-13 10:27:32,2022-07-13 12:16:08,0,0,0,2,2,0,0,0,0,4,Review,"high immediate campaign discount within 0-1 day: 900000, high credited campaign discount: 900000, "
U073111,900000,18,18,18,2022-06-12 10:15:02,2022-06-15 17:15:00,0,0,0,,,20,2022-06-12 09:53:14,2022-06-15 16:51:53,0,0,0,0,2,2,0,0,0,4,Review,"high credited campaign discount: 900000, high referral count: 20, "
U073580,900000,18,18,18,2022-06-19 10:45:00,2022-07-17 13:45:00,0,0,0,,,28,2022-06-19 10:04:26,2022-07-17 13:15:54,0,0,0,0,2,2,0,0,0,4,Review,"high credited campaign discount: 900000, high referral count: 28, "
U077224,900000,18,18,18,2022-07-07 16:30:00,2022-07-07 19:30:02,900000,18,18,2022-07-07 16:30:00,2022-07-07 19:30:02,18,2022-07-07 15:58:54,2022-07-07 19:16:07,0,0,0,2,2,0,0,0,0,4,Review,"high immediate campaign discount within 0-1 day: 900000, high credited campaign discount: 900000, "
U077270,900000,18,18,18,2022-07-17 16:45:40,2022-07-17 19:00:00,900000,18,18,2022-07-17 16:45:40,2022-07-17 19:00:00,18,2022-07-17 16:43:17,2022-07-17 18:33:42,0,0,0,2,2,0,0,0,0,4,Review,"high immediate campaign discount within 0-1 day: 900000, high credited campaign discount: 900000, "
U077497,900000,18,18,18,2022-06-24 14:45:00,2022-07-08 11:45:00,0,0,0,,,20,2022-06-24 14:17:18,2022-07-08 11:19:48,1,6,0,0,2,2,0,0,0,4,Review,"high credited campaign discount: 900000, high referral count: 20, "
U078741,900000,18,18,18,2022-07-24 09:00:02,2022-07-24 12:00:02,900000,18,18,2022-07-24 09:00:02,2022-07-24 12:00:02,18,2022-07-24 08:32:40,2022-07-24 11:34:40,0,0,0,2,2,0,0,0,0,4,Review,"high immediate campaign discount within 0-1 day: 900000, high credited campaign discount: 900000, "
U078747,900000,18,18,18,2022-07-26 22:30:00,2022-07-27 00:30:01,900000,18,18,2022-07-26 22:30:00,2022-07-27 00:30:01,18,2022-07-26 21:57:06,2022-07-27 00:02:01,0,0,0,2,2,0,0,0,0,4,Review,"high immediate campaign discount within 0-1 day: 900000, high credited campaign discount: 900000, "
U079087,900000,18,18,18,2022-07-29 20:15:00,2022-07-29 23:30:00,900000,18,18,2022-07-29 20:15:00,2022-07-29 23:30:00,18,2022-07-29 19:39:14,2022-07-29 22:59:03,0,0,0,2,2,0,0,0,0,4,Review,"high immediate campaign discount within 0-1 day: 900000, high credited campaign discount: 900000, "
U079135,900000,18,18,18,2022-07-26 13:30:04,2022-07-26 15:30:07,900000,18,18,2022-07-26 13:30:04,2022-07-26 15:30:07,18,2022-07-26 13:06:55,2022-07-26 15:10:42,0,0,0,2,2,0,0,0,0,4,Review,"high immediate campaign discount within 0-1 day: 900000, high credited campaign discount: 900000, "
U081626,900000,18,18,18,2022-07-27 12:24:13,2022-07-27 14:15:01,900000,18,18,2022-07-27 12:24:13,2022-07-27 14:15:01,18,2022-07-27 12:22:51,2022-07-27 13:53:21,0,0,0,2,2,0,0,0,0,4,Review,"high immediate campaign discount within 0-1 day: 900000, high credited campaign discount: 900000, "
U081762,900000,18,18,18,2022-07-18 08:44:05,2022-07-20 10:51:48,0,0,0,,,20,2022-07-18 08:20:35,2022-07-20 10:50:42,0,0,0,0,2,2,0,0,0,4,Review,"high credited campaign discount: 900000, high referral count: 20, "
U082433,900000,18,18,18,2022-07-20 17:15:02,2022-07-20 20:35:02,900000,18,18,2022-07-20 17:15:02,2022-07-20 20:35:02,18,2022-07-20 16:54:59,2022-07-20 20:34:48,0,0,0,2,2,0,0,0,0,4,Review,"high immediate campaign discount within 0-1 day: 900000, high credited campaign discount: 900000, "
U082823,900000,18,18,18,2022-07-26 00:18:06,2022-07-26 12:31:54,900000,18,18,2022-07-26 00:18:06,2022-07-26 12:31:54,19,2022-07-25 23:20:48,2022-07-26 12:31:35,0,0,0,2,2,0,0,0,0,4,Review,"high immediate campaign discount within 0-1 day: 900000, high credited campaign discount: 900000, "
U082905,900000,18,18,18,2022-07-13 14:15:01,2022-07-13 19:30:01,900000,18,18,2022-07-13 14:15:01,2022-07-13 19:30:01,18,2022-07-13 13:51:10,2022-07-13 19:01:03,0,0,0,2,2,0,0,0,0,4,Review,"high immediate campaign discount within 0-1 day: 900000, high credited campaign discount: 900000, "
U082935,900000,18,18,18,2022-07-10 18:00:07,2022-07-10 20:00:00,900000,18,18,2022-07-10 18:00:07,2022-07-10 20:00:00,19,2022-07-10 17:40:53,2022-07-10 19:27:18,0,0,0,2,2,0,0,0,0,4,Review,"high immediate campaign discount within 0-1 day: 900000, high credited campaign discount: 900000, "
U083883,900000,18,18,18,2022-07-25 21:00:36,2022-07-25 22:30:02,900000,18,18,2022-07-25 21:00:36,2022-07-25 22:30:02,18,2022-07-25 20:58:37,2022-07-25 22:06:12,0,0,0,2,2,0,0,0,0,4,Review,"high immediate campaign discount within 0-1 day: 900000, high credited campaign discount: 900000, "
U083968,900000,18,18,18,2022-07-26 08:30:00,2022-07-26 13:30:00,900000,18,18,2022-07-26 08:30:00,2022-07-26 13:30:00,18,2022-07-26 07:55:47,2022-07-26 12:55:53,0,0,0,2,2,0,0,0,0,4,Review,"high immediate campaign discount within 0-1 day: 900000, high credited campaign discount: 900000, "
U084628,900000,18,18,18,2022-07-31 14:30:01,2022-08-01 15:15:03,900000,18,18,2022-07-31 14:30:01,2022-08-01 15:15:03,19,2022-07-31 14:02:59,2022-08-01 14:55:48,1,1,0,2,2,0,0,0,0,4,Review,"high immediate campaign discount within 0-1 day: 900000, high credited campaign discount: 900000, "
U084993,900000,18,18,18,2022-07-25 18:48:28,2022-07-25 20:45:03,900000,18,18,2022-07-25 18:48:28,2022-07-25 20:45:03,19,2022-07-25 18:46:56,2022-07-25 20:29:45,0,0,0,2,2,0,0,0,0,4,Review,"high immediate campaign discount within 0-1 day: 900000, high credited campaign discount: 900000, "
U086077,900000,18,18,18,2022-07-04 15:09:16,2022-07-04 17:30:01,900000,18,18,2022-07-04 15:09:16,2022-07-04 17:30:01,18,2022-07-04 15:08:32,2022-07-04 17:07:25,0,0,0,2,2,0,0,0,0,4,Review,"high immediate campaign discount within 0-1 day: 900000, high credited campaign discount: 900000, "
U086422,900000,18,18,18,2022-06-10 08:45:00,2022-06-19 18:00:01,0,0,0,,,25,2022-06-10 08:19:58,2022-06-19 17:40:23,0,0,0,0,2,2,0,0,0,4,Review,"high credited campaign discount: 900000, high referral count: 25, "
U086472,900000,18,18,18,2022-07-19 15:55:59,2022-07-20 10:31:12,900000,18,18,2022-07-19 15:55:59,2022-07-20 10:31:12,19,2022-07-19 15:24:50,2022-07-20 10:18:36,0,0,0,2,2,0,0,0,0,4,Review,"high immediate campaign discount within 0-1 day: 900000, high credited campaign discount: 900000, "
U086537,900000,18,18,18,2022-07-21 14:45:01,2022-07-21 17:30:01,900000,18,18,2022-07-21 14:45:01,2022-07-21 17:30:01,18,2022-07-21 14:16:46,2022-07-21 16:59:58,0,0,0,2,2,0,0,0,0,4,Review,"high immediate campaign discount within 0-1 day: 900000, high credited campaign discount: 900000, "
U086927,900000,18,18,18,2022-07-24 21:30:01,2022-07-25 00:00:01,900000,18,18,2022-07-24 21:30:01,2022-07-25 00:00:01,18,2022-07-24 20:59:12,2022-07-24 23:37:26,0,0,0,2,2,0,0,0,0,4,Review,"high immediate campaign discount within 0-1 day: 900000, high credited campaign discount: 900000, "
U087284,900000,18,18,18,2022-07-22 20:30:01,2022-07-22 22:30:01,900000,18,18,2022-07-22 20:30:01,2022-07-22 22:30:01,18,2022-07-22 20:02:09,2022-07-22 22:04:27,0,0,0,2,2,0,0,0,0,4,Review,"high immediate campaign discount within 0-1 day: 900000, high credited campaign discount: 900000, "
U087366,900000,18,18,18,2022-06-04 10:30:00,2022-06-10 09:00:00,0,0,0,,,20,2022-06-04 10:02:09,2022-06-10 08:30:06,0,0,0,0,2,2,0,0,0,4,Review,"high credited campaign discount: 900000, high referral count: 20, "
U087601,900000,18,18,18,2022-07-28 21:00:02,2022-07-29 10:00:01,900000,18,18,2022-07-28 21:00:02,2022-07-29 10:00:01,18,2022-07-28 20:35:23,2022-07-29 09:32:39,0,0,0,2,2,0,0,0,0,4,Review,"high immediate campaign discount within 0-1 day: 900000, high credited campaign discount: 900000, "
U087751,900000,18,18,18,2022-07-24 12:54:13,2022-07-24 14:15:01,900000,18,18,2022-07-24 12:54:13,2022-07-24 14:15:01,18,2022-07-24 12:53:21,2022-07-24 13:49:07,0,0,0,2,2,0,0,0,0,4,Review,"high immediate campaign discount within 0-1 day: 900000, high credited campaign discount: 900000, "
U088021,900000,18,18,18,2022-07-18 12:45:01,2022-07-18 17:47:34,900000,18,18,2022-07-18 12:45:01,2022-07-18 17:47:34,18,2022-07-18 12:21:04,2022-07-18 17:47:21,0,0,0,2,2,0,0,0,0,4,Review,"high immediate campaign discount within 0-1 day: 900000, high credited campaign discount: 900000, "
U088203,900000,18,18,18,2022-07-23 21:08:29,2022-07-23 22:28:33,900000,18,18,2022-07-23 21:08:29,2022-07-23 22:28:33,18,2022-07-23 21:06:48,2022-07-23 22:28:20,0,0,0,2,2,0,0,0,0,4,Review,"high immediate campaign discount within 0-1 day: 900000, high credited campaign discount: 900000, "
U088263,900000,18,18,18,2022-07-02 11:15:00,2022-07-20 09:30:00,0,0,0,,,23,2022-07-02 10:47:08,2022-07-20 09:02:48,1,3,0,0,2,2,0,0,0,4,Review,"high credited campaign discount: 900000, high referral count: 23, "
U088347,900000,18,18,18,2022-07-29 16:45:01,2022-07-29 22:00:01,900000,18,18,2022-07-29 16:45:01,2022-07-29 22:00:01,18,2022-07-29 16:13:16,2022-07-29 21:38:06,0,0,0,2,2,0,0,0,0,4,Review,"high immediate campaign discount within 0-1 day: 900000, high credited campaign discount: 900000, "
U088697,900000,18,18,18,2022-07-24 19:11:02,2022-07-25 10:36:40,900000,18,18,2022-07-24 19:11:02,2022-07-25 10:36:40,18,2022-07-24 18:49:50,2022-07-25 10:22:49,0,0,0,2,2,0,0,0,0,4,Review,"high immediate campaign discount within 0-1 day: 900000, high credited campaign discount: 900000, "
U089534,900000,18,18,18,2022-07-16 14:42:54,2022-07-16 15:42:19,900000,18,18,2022-07-16 14:42:54,2022-07-16 15:42:19,18,2022-07-16 14:16:50,2022-07-16 15:41:48,0,0,0,2,2,0,0,0,0,4,Review,"high immediate campaign discount within 0-1 day: 900000, high credited campaign discount: 900000, "
U089974,900000,18,18,18,2022-07-22 19:00:00,2022-07-22 22:00:02,900000,18,18,2022-07-22 19:00:00,2022-07-22 22:00:02,18,2022-07-22 18:26:06,2022-07-22 21:40:31,0,0,0,2,2,0,0,0,0,4,Review,"high immediate campaign discount within 0-1 day: 900000, high credited campaign discount: 900000, "
U057556,885000,19,19,19,2022-07-03 16:19:23,2022-07-17 19:00:01,20000,1,1,2022-07-03 16:19:23,2022-07-03 16:19:23,19,2022-07-15 16:04:51,2022-07-17 18:35:00,1,29,1,0,2,0,0,1,1,4,Review,"high credited campaign discount: 885000, shared IP used by 29 users, reciprocal transfer loop with 1 partner(s), "
U059420,880000,18,18,18,2022-06-04 12:38:45,2022-06-08 13:15:00,0,0,0,,,18,2022-06-04 12:28:18,2022-06-08 12:56:58,1,1,31,0,2,0,0,0,2,4,Review,"high credited campaign discount: 880000, reciprocal transfer loop with 31 partner(s), "
U000859,850000,17,17,17,2022-06-30 12:47:48,2022-06-30 19:00:00,850000,17,17,2022-06-30 12:47:48,2022-06-30 19:00:00,17,2022-06-30 12:46:12,2022-06-30 18:32:34,0,0,0,2,2,0,0,0,0,4,Review,"high immediate campaign discount within 0-1 day: 850000, high credited campaign discount: 850000, "
U001878,850000,17,17,17,2022-06-27 06:38:03,2022-06-27 17:27:12,850000,17,17,2022-06-27 06:38:03,2022-06-27 17:27:12,17,2022-06-27 06:36:01,2022-06-27 17:26:46,0,0,0,2,2,0,0,0,0,4,Review,"high immediate campaign discount within 0-1 day: 850000, high credited campaign discount: 850000, "
U002612,850000,17,17,17,2022-07-28 14:36:52,2022-07-28 15:32:14,850000,17,17,2022-07-28 14:36:52,2022-07-28 15:32:14,18,2022-07-28 14:18:44,2022-07-28 15:20:18,0,0,0,2,2,0,0,0,0,4,Review,"high immediate campaign discount within 0-1 day: 850000, high credited campaign discount: 850000, "
U002982,850000,17,17,17,2022-06-11 10:30:01,2022-06-11 16:45:00,0,0,0,,,23,2022-06-11 10:02:48,2022-06-11 16:17:51,0,0,0,0,2,2,0,0,0,4,Review,"high credited campaign discount: 850000, high referral count: 23, "
U003043,850000,17,17,17,2022-07-27 15:15:57,2022-07-27 18:45:06,850000,17,17,2022-07-27 15:15:57,2022-07-27 18:45:06,17,2022-07-27 15:11:44,2022-07-27 18:24:33,0,0,0,2,2,0,0,0,0,4,Review,"high immediate campaign discount within 0-1 day: 850000, high credited campaign discount: 850000, "
U004977,850000,17,17,17,2022-07-17 12:50:55,2022-07-17 17:38:01,850000,17,17,2022-07-17 12:50:55,2022-07-17 17:38:01,17,2022-07-17 12:26:36,2022-07-17 17:37:40,0,0,0,2,2,0,0,0,0,4,Review,"high immediate campaign discount within 0-1 day: 850000, high credited campaign discount: 850000, "
U006759,850000,17,17,17,2022-07-23 11:43:05,2022-07-23 13:27:19,850000,17,17,2022-07-23 11:43:05,2022-07-23 13:27:19,17,2022-07-23 11:40:54,2022-07-23 13:27:08,0,0,0,2,2,0,0,0,0,4,Review,"high immediate campaign discount within 0-1 day: 850000, high credited campaign discount: 850000, "
U007149,850000,17,17,17,2022-07-19 18:43:16,2022-07-19 19:25:37,850000,17,17,2022-07-19 18:43:16,2022-07-19 19:25:37,18,2022-07-19 18:26:14,2022-07-19 19:24:52,0,0,0,2,2,0,0,0,0,4,Review,"high immediate campaign discount within 0-1 day: 850000, high credited campaign discount: 850000, "
U007609,850000,17,17,17,2022-07-28 15:45:00,2022-07-29 16:45:02,0,0,0,,,20,2022-07-28 15:09:38,2022-07-29 16:17:32,1,3,0,0,2,2,0,0,0,4,Review,"high credited campaign discount: 850000, high referral count: 20, "
U007700,850000,17,17,17,2022-06-10 10:30:00,2022-06-12 23:30:00,0,0,0,,,20,2022-06-09 22:34:20,2022-06-12 23:05:43,0,0,0,0,2,2,0,0,0,4,Review,"high credited campaign discount: 850000, high referral count: 20, "
U010129,850000,17,17,17,2022-07-18 15:00:02,2022-07-30 11:15:02,0,0,0,,,24,2022-07-18 14:38:37,2022-07-30 10:54:02,1,1,0,0,2,2,0,0,0,4,Review,"high credited campaign discount: 850000, high referral count: 24, "
U010712,850000,17,17,17,2022-07-18 17:00:18,2022-07-19 21:48:21,550000,11,11,2022-07-18 17:00:18,2022-07-18 23:55:51,19,2022-07-18 16:31:23,2022-07-19 21:27:06,0,0,0,2,2,0,0,0,0,4,Review,"high immediate campaign discount within 0-1 day: 550000, high credited campaign discount: 850000, "
U011663,850000,17,17,17,2022-06-14 14:15:01,2022-06-23 10:45:02,0,0,0,,,20,2022-06-14 13:51:21,2022-06-23 10:38:46,1,2,0,0,2,2,0,0,0,4,Review,"high credited campaign discount: 850000, high referral count: 20, "
U012517,850000,17,17,17,2022-07-22 16:30:03,2022-07-26 18:30:02,0,0,0,,,21,2022-07-22 16:06:03,2022-07-26 18:09:09,0,0,0,0,2,2,0,0,0,4,Review,"high credited campaign discount: 850000, high referral count: 21, "
U013361,850000,17,17,17,2022-08-01 19:02:59,2022-08-01 20:46:17,850000,17,17,2022-08-01 19:02:59,2022-08-01 20:46:17,19,2022-08-01 18:30:20,2022-08-01 20:45:58,0,0,0,2,2,0,0,0,0,4,Review,"high immediate campaign discount within 0-1 day: 850000, high credited campaign discount: 850000, "
U013707,850000,17,17,17,2022-07-31 14:45:00,2022-07-31 16:30:05,850000,17,17,2022-07-31 14:45:00,2022-07-31 16:30:05,17,2022-07-31 13:40:18,2022-07-31 16:26:15,0,0,0,2,2,0,0,0,0,4,Review,"high immediate campaign discount within 0-1 day: 850000, high credited campaign discount: 850000, "
U013815,850000,17,17,17,2022-07-27 16:45:00,2022-07-27 19:30:01,850000,17,17,2022-07-27 16:45:00,2022-07-27 19:30:01,17,2022-07-27 16:11:57,2022-07-27 19:03:07,0,0,0,2,2,0,0,0,0,4,Review,"high immediate campaign discount within 0-1 day: 850000, high credited campaign discount: 850000, "
U014555,850000,17,17,17,2022-07-18 12:57:24,2022-07-18 15:54:31,850000,17,17,2022-07-18 12:57:24,2022-07-18 15:54:31,17,2022-07-18 12:43:21,2022-07-18 15:53:43,0,0,0,2,2,0,0,0,0,4,Review,"high immediate campaign discount within 0-1 day: 850000, high credited campaign discount: 850000, "
U014810,850000,17,17,17,2022-07-22 19:29:25,2022-07-23 11:00:04,850000,17,17,2022-07-22 19:29:25,2022-07-23 11:00:04,18,2022-07-22 19:16:04,2022-07-23 10:38:16,0,0,0,2,2,0,0,0,0,4,Review,"high immediate campaign discount within 0-1 day: 850000, high credited campaign discount: 850000, "
U015704,850000,17,17,17,2022-07-16 09:42:34,2022-07-16 15:15:00,850000,17,17,2022-07-16 09:42:34,2022-07-16 15:15:00,18,2022-07-15 19:03:28,2022-07-16 14:44:00,0,0,0,2,2,0,0,0,0,4,Review,"high immediate campaign discount within 0-1 day: 850000, high credited campaign discount: 850000, "
U016319,850000,17,17,17,2022-07-14 09:15:02,2022-07-14 15:30:00,850000,17,17,2022-07-14 09:15:02,2022-07-14 15:30:00,17,2022-07-14 09:00:34,2022-07-14 14:58:42,0,0,0,2,2,0,0,0,0,4,Review,"high immediate campaign discount within 0-1 day: 850000, high credited campaign discount: 850000, "
U016323,850000,17,17,17,2022-07-20 01:29:35,2022-07-20 18:00:02,850000,17,17,2022-07-20 01:29:35,2022-07-20 18:00:02,17,2022-07-20 00:58:42,2022-07-20 17:37:52,0,0,0,2,2,0,0,0,0,4,Review,"high immediate campaign discount within 0-1 day: 850000, high credited campaign discount: 850000, "
U016952,850000,17,17,17,2022-07-26 13:15:01,2022-07-26 17:30:15,850000,17,17,2022-07-26 13:15:01,2022-07-26 17:30:15,17,2022-07-26 12:45:37,2022-07-26 17:08:07,0,0,0,2,2,0,0,0,0,4,Review,"high immediate campaign discount within 0-1 day: 850000, high credited campaign discount: 850000, "
U017802,850000,17,17,17,2022-07-30 13:04:34,2022-07-31 13:24:10,850000,17,17,2022-07-30 13:04:34,2022-07-31 13:24:10,17,2022-07-30 12:54:08,2022-07-31 13:20:46,0,0,0,2,2,0,0,0,0,4,Review,"high immediate campaign discount within 0-1 day: 850000, high credited campaign discount: 850000, "
U018250,850000,17,17,17,2022-07-05 22:45:00,2022-07-07 21:30:00,0,0,0,,,19,2022-07-05 22:08:38,2022-07-07 20:58:29,1,5,48,0,2,0,0,0,2,4,Review,"high credited campaign discount: 850000, reciprocal transfer loop with 48 partner(s), "
U019041,850000,17,17,17,2022-06-08 12:15:00,2022-07-10 12:30:00,0,0,0,,,34,2022-06-08 11:44:20,2022-07-16 16:26:16,0,0,0,0,2,2,0,0,0,4,Review,"high credited campaign discount: 850000, high referral count: 34, "
U019821,850000,17,17,17,2022-06-27 14:30:02,2022-07-04 16:45:02,0,0,0,,,19,2022-06-27 14:08:30,2022-07-04 16:24:10,1,24,1,0,2,0,0,1,1,4,Review,"high credited campaign discount: 850000, shared IP used by 24 users, reciprocal transfer loop with 1 partner(s), "
U020089,850000,17,17,17,2022-07-19 20:42:30,2022-07-19 23:44:38,850000,17,17,2022-07-19 20:42:30,2022-07-19 23:44:38,18,2022-07-19 20:41:03,2022-07-19 23:44:02,0,0,0,2,2,0,0,0,0,4,Review,"high immediate campaign discount within 0-1 day: 850000, high credited campaign discount: 850000, "
U020159,850000,17,17,17,2022-07-15 18:00:01,2022-07-21 09:00:00,300000,6,6,2022-07-15 18:00:01,2022-07-16 16:30:00,20,2022-07-15 17:36:19,2022-07-21 08:32:31,1,5,0,0,2,2,0,0,0,4,Review,"high credited campaign discount: 850000, high referral count: 20, "
U021002,850000,17,17,17,2022-07-21 14:48:02,2022-07-22 11:45:03,850000,17,17,2022-07-21 14:48:02,2022-07-22 11:45:03,17,2022-07-21 14:25:33,2022-07-22 11:30:17,0,0,0,2,2,0,0,0,0,4,Review,"high immediate campaign discount within 0-1 day: 850000, high credited campaign discount: 850000, "
U021004,850000,17,17,17,2022-07-04 10:49:36,2022-07-04 18:33:24,850000,17,17,2022-07-04 10:49:36,2022-07-04 18:33:24,17,2022-07-04 10:47:38,2022-07-04 18:32:41,0,0,0,2,2,0,0,0,0,4,Review,"high immediate campaign discount within 0-1 day: 850000, high credited campaign discount: 850000, "
U021663,850000,17,17,17,2022-07-22 17:30:00,2022-07-22 19:45:01,850000,17,17,2022-07-22 17:30:00,2022-07-22 19:45:01,18,2022-07-22 17:01:41,2022-07-22 19:16:17,0,0,0,2,2,0,0,0,0,4,Review,"high immediate campaign discount within 0-1 day: 850000, high credited campaign discount: 850000, "
U023642,850000,17,17,17,2022-06-13 14:00:00,2022-06-27 14:00:00,0,0,0,,,27,2022-06-13 13:29:05,2022-06-27 13:37:08,0,0,0,0,2,2,0,0,0,4,Review,"high credited campaign discount: 850000, high referral count: 27, "
U026020,850000,17,17,17,2022-07-12 12:02:02,2022-07-16 15:30:01,0,0,0,,,23,2022-07-12 10:38:41,2022-07-16 17:19:58,1,2,0,0,2,2,0,0,0,4,Review,"high credited campaign discount: 850000, high referral count: 23, "
U026753,850000,17,17,17,2022-07-26 09:05:52,2022-08-01 17:55:37,400000,8,8,2022-07-26 09:05:52,2022-07-26 14:58:37,25,2022-07-26 08:49:51,2022-08-01 17:51:56,0,0,0,0,2,2,0,0,0,4,Review,"high credited campaign discount: 850000, high referral count: 25, "
U027603,850000,17,17,17,2022-06-08 09:15:01,2022-06-11 15:30:00,0,0,0,,,20,2022-06-08 08:54:26,2022-06-11 15:05:43,1,2,0,0,2,2,0,0,0,4,Review,"high credited campaign discount: 850000, high referral count: 20, "
U028328,850000,17,17,17,2022-06-26 10:48:08,2022-06-27 14:30:03,850000,17,17,2022-06-26 10:48:08,2022-06-27 14:30:03,17,2022-06-26 10:45:41,2022-06-27 14:16:07,0,0,0,2,2,0,0,0,0,4,Review,"high immediate campaign discount within 0-1 day: 850000, high credited campaign discount: 850000, "
U029331,850000,17,17,17,2022-07-04 15:43:15,2022-07-10 16:11:09,450000,9,9,2022-07-04 15:43:15,2022-07-05 17:00:01,27,2022-07-04 14:59:01,2022-07-10 15:47:03,1,1,0,0,2,2,0,0,0,4,Review,"high credited campaign discount: 850000, high referral count: 27, "
U029704,850000,17,17,17,2022-07-21 18:45:00,2022-07-21 22:15:01,850000,17,17,2022-07-21 18:45:00,2022-07-21 22:15:01,18,2022-07-21 18:18:27,2022-07-21 21:52:42,0,0,0,2,2,0,0,0,0,4,Review,"high immediate campaign discount within 0-1 day: 850000, high credited campaign discount: 850000, "
U029981,850000,17,17,17,2022-07-21 22:15:02,2022-07-23 01:06:30,500000,10,10,2022-07-21 22:15:02,2022-07-22 23:15:03,17,2022-07-21 21:54:08,2022-07-23 01:06:15,0,0,0,2,2,0,0,0,0,4,Review,"high immediate campaign discount within 0-1 day: 500000, high credited campaign discount: 850000, "
U031034,850000,17,17,17,2022-07-04 10:15:00,2022-07-04 15:30:02,850000,17,17,2022-07-04 10:15:00,2022-07-04 15:30:02,18,2022-07-04 09:46:01,2022-07-04 15:12:51,0,0,0,2,2,0,0,0,0,4,Review,"high immediate campaign discount within 0-1 day: 850000, high credited campaign discount: 850000, "
U031067,850000,17,17,17,2022-06-28 19:30:01,2022-06-28 23:15:00,850000,17,17,2022-06-28 19:30:01,2022-06-28 23:15:00,17,2022-06-28 19:17:05,2022-06-28 22:59:33,0,0,0,2,2,0,0,0,0,4,Review,"high immediate campaign discount within 0-1 day: 850000, high credited campaign discount: 850000, "
U031233,850000,17,17,17,2022-07-10 18:15:00,2022-07-10 22:00:00,850000,17,17,2022-07-10 18:15:00,2022-07-10 22:00:00,17,2022-07-10 17:45:49,2022-07-10 21:28:59,0,0,0,2,2,0,0,0,0,4,Review,"high immediate campaign discount within 0-1 day: 850000, high credited campaign discount: 850000, "
U032356,850000,17,17,17,2022-07-03 06:38:35,2022-07-03 19:33:55,850000,17,17,2022-07-03 06:38:35,2022-07-03 19:33:55,17,2022-07-03 06:36:34,2022-07-03 19:33:38,0,0,0,2,2,0,0,0,0,4,Review,"high immediate campaign discount within 0-1 day: 850000, high credited campaign discount: 850000, "
U033471,850000,17,17,17,2022-06-14 09:30:00,2022-06-24 15:45:01,150000,3,3,2022-06-14 09:30:00,2022-06-14 16:30:00,21,2022-06-13 09:41:55,2022-06-24 15:21:10,0,0,0,0,2,2,0,0,0,4,Review,"high credited campaign discount: 850000, high referral count: 21, "
U033831,850000,17,17,17,2022-07-09 10:12:58,2022-07-09 13:00:02,850000,17,17,2022-07-09 10:12:58,2022-07-09 13:00:02,19,2022-07-09 10:11:40,2022-07-09 12:37:11,0,0,0,2,2,0,0,0,0,4,Review,"high immediate campaign discount within 0-1 day: 850000, high credited campaign discount: 850000, "
U034817,850000,17,17,17,2022-06-23 12:15:00,2022-06-28 14:30:00,0,0,0,,,25,2022-06-23 11:44:18,2022-06-28 13:59:19,1,7,0,0,2,2,0,0,0,4,Review,"high credited campaign discount: 850000, high referral count: 25, "
U035156,850000,17,17,17,2022-06-01 14:45:00,2022-07-03 15:13:11,0,0,0,,,23,2022-06-01 14:22:59,2022-07-03 15:06:39,0,0,0,0,2,2,0,0,0,4,Review,"high credited campaign discount: 850000, high referral count: 23, "
U035676,850000,17,17,17,2022-06-10 12:00:00,2022-08-01 12:15:03,0,0,0,,,20,2022-06-10 11:29:07,2022-08-01 11:55:35,1,1,0,0,2,2,0,0,0,4,Review,"high credited campaign discount: 850000, high referral count: 20, "
U035787,850000,17,17,17,2022-07-15 14:15:00,2022-07-20 09:00:01,250000,5,5,2022-07-15 14:15:00,2022-07-16 10:15:00,22,2022-07-15 13:43:19,2022-07-20 08:36:27,0,0,0,0,2,2,0,0,0,4,Review,"high credited campaign discount: 850000, high referral count: 22, "
U036639,850000,17,17,17,2022-07-16 15:15:02,2022-07-16 18:45:00,850000,17,17,2022-07-16 15:15:02,2022-07-16 18:45:00,18,2022-07-16 14:51:27,2022-07-16 18:15:01,0,0,0,2,2,0,0,0,0,4,Review,"high immediate campaign discount within 0-1 day: 850000, high credited campaign discount: 850000, "
U036970,850000,17,17,17,2022-07-08 09:45:01,2022-07-12 09:45:01,0,0,0,,,20,2022-07-08 09:20:30,2022-07-12 09:22:17,0,0,0,0,2,2,0,0,0,4,Review,"high credited campaign discount: 850000, high referral count: 20, "
U037486,850000,17,17,17,2022-07-09 18:45:02,2022-07-09 21:00:01,850000,17,17,2022-07-09 18:45:02,2022-07-09 21:00:01,17,2022-07-09 18:29:33,2022-07-09 20:33:25,0,0,0,2,2,0,0,0,0,4,Review,"high immediate campaign discount within 0-1 day: 850000, high credited campaign discount: 850000, "
U037841,850000,17,17,17,2022-07-21 16:30:00,2022-07-21 19:15:00,850000,17,17,2022-07-21 16:30:00,2022-07-21 19:15:00,18,2022-07-21 15:56:01,2022-07-21 18:45:52,0,0,0,2,2,0,0,0,0,4,Review,"high immediate campaign discount within 0-1 day: 850000, high credited campaign discount: 850000, "
U038350,850000,17,17,17,2022-07-24 09:14:06,2022-07-24 16:44:10,850000,17,17,2022-07-24 09:14:06,2022-07-24 16:44:10,18,2022-07-24 09:01:07,2022-07-24 16:32:31,0,0,0,2,2,0,0,0,0,4,Review,"high immediate campaign discount within 0-1 day: 850000, high credited campaign discount: 850000, "
U039121,850000,17,17,17,2022-07-20 17:30:49,2022-07-21 09:20:21,850000,17,17,2022-07-20 17:30:49,2022-07-21 09:20:21,18,2022-07-20 17:28:27,2022-07-21 09:03:53,0,0,0,2,2,0,0,0,0,4,Review,"high immediate campaign discount within 0-1 day: 850000, high credited campaign discount: 850000, "
U039443,850000,17,17,17,2022-07-18 15:45:00,2022-07-29 12:22:01,0,0,0,,,62,2022-07-18 05:39:38,2022-07-30 23:26:58,1,2,0,0,2,2,0,0,0,4,Review,"high credited campaign discount: 850000, high referral count: 62, "
U039866,850000,17,17,17,2022-07-05 20:00:01,2022-07-05 22:00:01,850000,17,17,2022-07-05 20:00:01,2022-07-05 22:00:01,17,2022-07-05 19:36:27,2022-07-05 21:37:53,0,0,0,2,2,0,0,0,0,4,Review,"high immediate campaign discount within 0-1 day: 850000, high credited campaign discount: 850000, "
U040260,850000,17,17,17,2022-07-28 15:38:35,2022-07-28 16:54:53,850000,17,17,2022-07-28 15:38:35,2022-07-28 16:54:53,18,2022-07-28 15:37:05,2022-07-28 16:54:41,0,0,0,2,2,0,0,0,0,4,Review,"high immediate campaign discount within 0-1 day: 850000, high credited campaign discount: 850000, "
U041136,850000,17,17,17,2022-07-13 15:15:02,2022-07-17 16:00:00,0,0,0,,,21,2022-07-13 11:38:24,2022-07-17 15:29:27,1,2,0,0,2,2,0,0,0,4,Review,"high credited campaign discount: 850000, high referral count: 21, "
U041277,850000,17,17,17,2022-07-11 09:45:03,2022-07-13 21:30:01,0,0,0,,,20,2022-07-11 09:22:02,2022-07-13 21:05:24,1,4,0,0,2,2,0,0,0,4,Review,"high credited campaign discount: 850000, high referral count: 20, "
U041369,850000,17,17,17,2022-07-19 18:30:01,2022-07-19 19:45:04,850000,17,17,2022-07-19 18:30:01,2022-07-19 19:45:04,18,2022-07-19 18:11:23,2022-07-19 19:36:10,0,0,0,2,2,0,0,0,0,4,Review,"high immediate campaign discount within 0-1 day: 850000, high credited campaign discount: 850000, "
U041578,850000,17,17,17,2022-07-15 11:56:42,2022-07-15 13:31:02,850000,17,17,2022-07-15 11:56:42,2022-07-15 13:31:02,17,2022-07-15 11:55:40,2022-07-15 13:30:45,0,0,0,2,2,0,0,0,0,4,Review,"high immediate campaign discount within 0-1 day: 850000, high credited campaign discount: 850000, "
U041805,850000,17,17,17,2022-07-16 19:56:41,2022-07-16 21:28:36,850000,17,17,2022-07-16 19:56:41,2022-07-16 21:28:36,17,2022-07-16 19:54:44,2022-07-16 21:28:25,0,0,0,2,2,0,0,0,0,4,Review,"high immediate campaign discount within 0-1 day: 850000, high credited campaign discount: 850000, "
U041842,850000,17,17,17,2022-06-11 15:30:01,2022-06-16 09:30:00,0,0,0,,,26,2022-06-11 15:07:27,2022-06-16 09:08:21,1,1,0,0,2,2,0,0,0,4,Review,"high credited campaign discount: 850000, high referral count: 26, "
U042974,850000,17,17,17,2022-06-26 14:00:01,2022-07-01 12:00:00,0,0,0,,,20,2022-06-26 13:38:16,2022-07-01 11:35:53,0,0,0,0,2,2,0,0,0,4,Review,"high credited campaign discount: 850000, high referral count: 20, "
U042975,850000,17,17,17,2022-07-17 15:03:58,2022-07-17 17:45:01,850000,17,17,2022-07-17 15:03:58,2022-07-17 17:45:01,17,2022-07-17 15:03:12,2022-07-17 17:24:27,0,0,0,2,2,0,0,0,0,4,Review,"high immediate campaign discount within 0-1 day: 850000, high credited campaign discount: 850000, "
U043512,850000,17,17,17,2022-07-22 15:15:51,2022-07-24 00:00:00,0,0,0,,,17,2022-07-22 15:14:36,2022-07-23 23:36:51,1,2,24,0,2,0,0,0,2,4,Review,"high credited campaign discount: 850000, reciprocal transfer loop with 24 partner(s), "
U044973,850000,17,17,17,2022-07-20 12:13:43,2022-07-20 13:22:11,850000,17,17,2022-07-20 12:13:43,2022-07-20 13:22:11,17,2022-07-20 11:58:25,2022-07-20 13:21:28,0,0,0,2,2,0,0,0,0,4,Review,"high immediate campaign discount within 0-1 day: 850000, high credited campaign discount: 850000, "
U046518,850000,17,17,17,2022-07-25 13:00:00,2022-07-25 15:30:01,850000,17,17,2022-07-25 13:00:00,2022-07-25 15:30:01,18,2022-07-25 12:26:12,2022-07-25 15:02:50,0,0,0,2,2,0,0,0,0,4,Review,"high immediate campaign discount within 0-1 day: 850000, high credited campaign discount: 850000, "
U047240,850000,17,17,17,2022-06-05 15:00:00,2022-06-14 09:00:00,0,0,0,,,20,2022-06-05 14:24:10,2022-06-14 11:02:45,1,1,0,0,2,2,0,0,0,4,Review,"high credited campaign discount: 850000, high referral count: 20, "
U047304,850000,17,17,17,2022-07-20 19:57:29,2022-07-20 21:56:18,850000,17,17,2022-07-20 19:57:29,2022-07-20 21:56:18,18,2022-07-20 19:54:58,2022-07-20 21:56:05,0,0,0,2,2,0,0,0,0,4,Review,"high immediate campaign discount within 0-1 day: 850000, high credited campaign discount: 850000, "
U047411,850000,17,17,17,2022-07-11 12:15:01,2022-07-11 16:45:02,850000,17,17,2022-07-11 12:15:01,2022-07-11 16:45:02,17,2022-07-11 11:51:21,2022-07-11 16:20:40,0,0,0,2,2,0,0,0,0,4,Review,"high immediate campaign discount within 0-1 day: 850000, high credited campaign discount: 850000, "
U048856,850000,17,17,17,2022-07-15 14:00:05,2022-07-15 15:30:03,850000,17,17,2022-07-15 14:00:05,2022-07-15 15:30:03,17,2022-07-15 13:45:49,2022-07-15 15:15:47,0,0,0,2,2,0,0,0,0,4,Review,"high immediate campaign discount within 0-1 day: 850000, high credited campaign discount: 850000, "
U050152,850000,17,17,17,2022-07-09 16:15:01,2022-07-09 19:45:01,850000,17,17,2022-07-09 16:15:01,2022-07-09 19:45:01,18,2022-07-09 15:50:26,2022-07-09 19:23:04,0,0,0,2,2,0,0,0,0,4,Review,"high immediate campaign discount within 0-1 day: 850000, high credited campaign discount: 850000, "
U050257,850000,17,17,17,2022-07-22 20:54:19,2022-07-22 21:38:40,850000,17,17,2022-07-22 20:54:19,2022-07-22 21:38:40,17,2022-07-22 20:43:16,2022-07-22 21:37:48,0,0,0,2,2,0,0,0,0,4,Review,"high immediate campaign discount within 0-1 day: 850000, high credited campaign discount: 850000, "
U050317,850000,17,17,17,2022-07-19 18:05:51,2022-07-19 19:26:56,850000,17,17,2022-07-19 18:05:51,2022-07-19 19:26:56,19,2022-07-19 18:04:05,2022-07-20 10:01:23,0,0,0,2,2,0,0,0,0,4,Review,"high immediate campaign discount within 0-1 day: 850000, high credited campaign discount: 850000, "
U051408,850000,17,17,17,2022-07-03 10:37:46,2022-07-13 13:45:00,0,0,0,,,20,2022-07-03 10:33:18,2022-07-13 13:17:21,1,6,0,0,2,2,0,0,0,4,Review,"high credited campaign discount: 850000, high referral count: 20, "
U051781,850000,17,17,17,2022-07-20 10:45:00,2022-07-20 22:45:02,850000,17,17,2022-07-20 10:45:00,2022-07-20 22:45:02,17,2022-07-20 10:09:18,2022-07-20 22:21:21,0,0,0,2,2,0,0,0,0,4,Review,"high immediate campaign discount within 0-1 day: 850000, high credited campaign discount: 850000, "
U053780,850000,17,17,17,2022-06-10 09:30:01,2022-06-16 11:45:00,0,0,0,,,23,2022-06-10 09:07:17,2022-06-16 11:17:30,1,1,0,0,2,2,0,0,0,4,Review,"high credited campaign discount: 850000, high referral count: 23, "
U054778,850000,17,17,17,2022-08-01 08:45:00,2022-08-01 15:00:04,850000,17,17,2022-08-01 08:45:00,2022-08-01 15:00:04,18,2022-08-01 08:11:52,2022-08-01 14:41:40,0,0,0,2,2,0,0,0,0,4,Review,"high immediate campaign discount within 0-1 day: 850000, high credited campaign discount: 850000, "
U057800,850000,17,17,17,2022-07-23 13:57:53,2022-07-23 15:00:01,850000,17,17,2022-07-23 13:57:53,2022-07-23 15:00:01,17,2022-07-23 13:54:43,2022-07-23 14:46:32,0,0,0,2,2,0,0,0,0,4,Review,"high immediate campaign discount within 0-1 day: 850000, high credited campaign discount: 850000, "
U058202,850000,17,17,17,2022-07-16 18:45:02,2022-07-17 09:00:00,850000,17,17,2022-07-16 18:45:02,2022-07-17 09:00:00,18,2022-07-16 18:26:56,2022-07-17 08:58:18,0,0,0,2,2,0,0,0,0,4,Review,"high immediate campaign discount within 0-1 day: 850000, high credited campaign discount: 850000, "
U058716,850000,17,17,17,2022-06-19 00:45:00,2022-06-21 22:00:00,0,0,0,,,21,2022-06-18 23:46:30,2022-06-30 04:25:52,1,11,0,0,2,2,0,0,0,4,Review,"high credited campaign discount: 850000, high referral count: 21, "
U061392,850000,17,17,17,2022-07-16 13:51:31,2022-07-18 14:10:45,300000,6,6,2022-07-16 13:51:31,2022-07-16 22:43:18,40,2022-07-16 13:45:37,2022-07-18 14:11:56,1,3,0,0,2,2,0,0,0,4,Review,"high credited campaign discount: 850000, high referral count: 40, "
U061548,850000,17,17,17,2022-07-26 07:51:25,2022-07-26 13:08:21,850000,17,17,2022-07-26 07:51:25,2022-07-26 13:08:21,17,2022-07-26 07:39:10,2022-07-26 12:55:45,0,0,0,2,2,0,0,0,0,4,Review,"high immediate campaign discount within 0-1 day: 850000, high credited campaign discount: 850000, "
U063391,850000,17,17,17,2022-07-22 13:30:03,2022-07-22 20:00:00,850000,17,17,2022-07-22 13:30:03,2022-07-22 20:00:00,19,2022-07-22 13:06:23,2022-07-22 19:28:03,0,0,0,2,2,0,0,0,0,4,Review,"high immediate campaign discount within 0-1 day: 850000, high credited campaign discount: 850000, "
U063685,850000,17,17,17,2022-06-09 21:15:00,2022-07-10 17:15:01,0,0,0,,,29,2022-06-09 16:10:40,2022-07-10 16:52:04,0,0,0,0,2,2,0,0,0,4,Review,"high credited campaign discount: 850000, high referral count: 29, "
U064817,850000,17,17,17,2022-07-11 17:05:05,2022-07-12 16:29:16,850000,17,17,2022-07-11 17:05:05,2022-07-12 16:29:16,18,2022-07-11 17:03:05,2022-07-12 16:09:19,0,0,0,2,2,0,0,0,0,4,Review,"high immediate campaign discount within 0-1 day: 850000, high credited campaign discount: 850000, "
U065496,850000,17,17,17,2022-07-16 10:15:03,2022-08-01 09:45:01,0,0,0,,,25,2022-07-16 09:44:38,2022-08-01 09:22:56,1,2,0,0,2,2,0,0,0,4,Review,"high credited campaign discount: 850000, high referral count: 25, "
U066499,850000,17,17,17,2022-07-24 09:15:02,2022-07-29 08:30:00,0,0,0,,,21,2022-07-24 08:50:28,2022-07-29 08:56:39,0,0,0,0,2,2,0,0,0,4,Review,"high credited campaign discount: 850000, high referral count: 21, "
U068670,850000,17,17,17,2022-07-19 11:52:47,2022-07-19 13:37:27,850000,17,17,2022-07-19 11:52:47,2022-07-19 13:37:27,17,2022-07-19 11:51:57,2022-07-19 13:37:14,0,0,0,2,2,0,0,0,0,4,Review,"high immediate campaign discount within 0-1 day: 850000, high credited campaign discount: 850000, "
U070900,850000,17,17,17,2022-07-20 09:24:31,2022-07-20 16:46:34,850000,17,17,2022-07-20 09:24:31,2022-07-20 16:46:34,19,2022-07-20 09:00:11,2022-07-20 16:43:19,0,0,0,2,2,0,0,0,0,4,Review,"high immediate campaign discount within 0-1 day: 850000, high credited campaign discount: 850000, "
U074436,850000,17,17,17,2022-06-18 17:30:01,2022-07-11 16:45:01,50000,1,1,2022-06-18 17:30:01,2022-06-18 17:30:01,22,2022-06-18 17:05:17,2022-07-11 16:16:42,1,1,0,0,2,2,0,0,0,4,Review,"high credited campaign discount: 850000, high referral count: 22, "
U074819,850000,17,17,17,2022-07-17 18:56:58,2022-07-17 22:23:22,850000,17,17,2022-07-17 18:56:58,2022-07-17 22:23:22,18,2022-07-17 18:48:55,2022-07-17 22:23:03,0,0,0,2,2,0,0,0,0,4,Review,"high immediate campaign discount within 0-1 day: 850000, high credited campaign discount: 850000, "
U076596,850000,17,17,17,2022-07-12 12:45:01,2022-07-27 13:45:00,100000,2,2,2022-07-12 12:45:01,2022-07-13 10:45:00,20,2022-07-12 12:18:33,2022-07-27 13:11:11,1,13,0,0,2,2,0,0,0,4,Review,"high credited campaign discount: 850000, high referral count: 20, "
U076603,850000,17,17,17,2022-07-22 20:00:01,2022-07-22 22:00:01,850000,17,17,2022-07-22 20:00:01,2022-07-22 22:00:01,17,2022-07-22 19:38:40,2022-07-22 21:32:00,0,0,0,2,2,0,0,0,0,4,Review,"high immediate campaign discount within 0-1 day: 850000, high credited campaign discount: 850000, "
U076626,850000,17,17,17,2022-07-20 10:00:00,2022-07-28 09:45:01,100000,2,2,2022-07-20 10:00:00,2022-07-20 10:45:01,20,2022-07-20 09:24:47,2022-07-28 09:24:07,1,1,0,0,2,2,0,0,0,4,Review,"high credited campaign discount: 850000, high referral count: 20, "
U077453,850000,17,17,17,2022-06-28 10:00:01,2022-07-22 12:15:00,0,0,0,,,30,2022-06-28 09:29:32,2022-07-22 13:50:45,1,4,0,0,2,2,0,0,0,4,Review,"high credited campaign discount: 850000, high referral count: 30, "
U077905,850000,17,17,17,2022-06-29 06:41:46,2022-06-29 14:12:30,850000,17,17,2022-06-29 06:41:46,2022-06-29 14:12:30,17,2022-06-29 06:38:09,2022-06-29 14:11:59,0,0,0,2,2,0,0,0,0,4,Review,"high immediate campaign discount within 0-1 day: 850000, high credited campaign discount: 850000, "
U078133,850000,17,17,17,2022-06-05 13:15:00,2022-06-19 15:15:01,0,0,0,,,31,2022-06-03 15:17:03,2022-06-19 15:09:01,0,0,0,0,2,2,0,0,0,4,Review,"high credited campaign discount: 850000, high referral count: 31, "
U081331,850000,17,17,17,2022-07-21 10:45:02,2022-07-27 11:45:01,0,0,0,,,23,2022-06-22 15:20:46,2022-07-27 11:20:56,1,1,0,0,2,2,0,0,0,4,Review,"high credited campaign discount: 850000, high referral count: 23, "
U082928,850000,17,17,17,2022-07-16 18:04:12,2022-07-17 12:45:56,850000,17,17,2022-07-16 18:04:12,2022-07-17 12:45:56,19,2022-07-16 16:48:54,2022-07-17 12:45:14,0,0,0,2,2,0,0,0,0,4,Review,"high immediate campaign discount within 0-1 day: 850000, high credited campaign discount: 850000, "
U083047,850000,17,17,17,2022-07-03 20:54:42,2022-07-03 23:30:00,850000,17,17,2022-07-03 20:54:42,2022-07-03 23:30:00,18,2022-07-03 20:52:37,2022-07-03 23:08:40,0,0,0,2,2,0,0,0,0,4,Review,"high immediate campaign discount within 0-1 day: 850000, high credited campaign discount: 850000, "
U084906,850000,17,17,17,2022-07-11 22:40:21,2022-07-12 21:39:42,850000,17,17,2022-07-11 22:40:21,2022-07-12 21:39:42,17,2022-07-11 22:39:16,2022-07-12 21:39:29,0,0,0,2,2,0,0,0,0,4,Review,"high immediate campaign discount within 0-1 day: 850000, high credited campaign discount: 850000, "
U084997,850000,17,17,17,2022-07-27 00:49:35,2022-07-27 13:55:18,850000,17,17,2022-07-27 00:49:35,2022-07-27 13:55:18,18,2022-07-27 00:04:19,2022-07-27 13:45:44,0,0,0,2,2,0,0,0,0,4,Review,"high immediate campaign discount within 0-1 day: 850000, high credited campaign discount: 850000, "
U086631,850000,17,17,17,2022-07-04 11:30:00,2022-07-09 11:30:01,100000,2,2,2022-07-04 11:30:00,2022-07-04 12:15:00,24,2022-07-04 10:57:51,2022-07-09 11:04:13,2,2,0,0,2,2,0,0,0,4,Review,"high credited campaign discount: 850000, high referral count: 24, "
U086808,850000,17,17,17,2022-07-28 17:00:02,2022-07-28 19:00:02,850000,17,17,2022-07-28 17:00:02,2022-07-28 19:00:02,18,2022-07-28 16:31:59,2022-07-28 18:33:56,0,0,0,2,2,0,0,0,0,4,Review,"high immediate campaign discount within 0-1 day: 850000, high credited campaign discount: 850000, "
U087192,850000,17,17,17,2022-07-19 15:42:31,2022-07-20 13:08:27,850000,17,17,2022-07-19 15:42:31,2022-07-20 13:08:27,19,2022-07-19 15:32:40,2022-07-20 13:07:59,0,0,0,2,2,0,0,0,0,4,Review,"high immediate campaign discount within 0-1 day: 850000, high credited campaign discount: 850000, "
U088357,850000,17,17,17,2022-07-06 08:45:00,2022-07-20 11:15:03,0,0,0,,,24,2022-07-06 08:12:50,2022-07-20 10:50:13,1,18,0,0,2,2,0,0,0,4,Review,"high credited campaign discount: 850000, high referral count: 24, "
U088752,850000,17,17,17,2022-07-24 13:15:00,2022-07-24 16:30:00,850000,17,17,2022-07-24 13:15:00,2022-07-24 16:30:00,19,2022-07-24 12:38:47,2022-07-24 15:58:17,0,0,0,2,2,0,0,0,0,4,Review,"high immediate campaign discount within 0-1 day: 850000, high credited campaign discount: 850000, "
U089390,850000,17,17,17,2022-06-04 10:00:00,2022-07-24 10:15:01,0,0,0,,,22,2022-06-02 09:11:46,2022-07-24 09:48:50,1,1,0,0,2,2,0,0,0,4,Review,"high credited campaign discount: 850000, high referral count: 22, "
U081032,840000,18,18,18,2022-06-02 01:32:20,2022-06-11 14:52:44,0,0,0,,,25,2022-06-02 15:20:52,2022-06-04 21:32:00,1,15,0,0,2,2,0,0,0,4,Review,"high credited campaign discount: 840000, high referral count: 25, "
U079345,835000,17,17,17,2022-07-11 12:15:00,2022-07-13 18:15:00,0,0,0,,,28,2022-07-11 11:42:48,2022-07-13 17:46:15,1,15,0,0,2,2,0,0,0,4,Review,"high credited campaign discount: 835000, high referral count: 28, "
U072718,815000,18,18,18,2022-06-12 17:59:55,2022-06-15 15:15:01,190000,5,5,2022-06-12 17:59:55,2022-06-13 19:15:01,17,2022-06-13 10:32:45,2022-06-15 15:37:35,5,5,1,0,2,0,1,0,1,4,Review,"high credited campaign discount: 815000, shared device used by 5 users, reciprocal transfer loop with 1 partner(s), "
U077222,805000,19,19,19,2022-07-12 23:15:06,2022-07-23 00:51:20,0,0,0,,,14,2022-07-20 21:25:48,2022-07-23 00:49:39,1,15,39,0,2,0,0,0,2,4,Review,"high credited campaign discount: 805000, reciprocal transfer loop with 39 partner(s), "
U000183,800000,16,16,16,2022-07-29 10:00:02,2022-07-29 15:15:03,800000,16,16,2022-07-29 10:00:02,2022-07-29 15:15:03,16,2022-07-29 09:35:47,2022-07-29 14:50:25,0,0,0,2,2,0,0,0,0,4,Review,"high immediate campaign discount within 0-1 day: 800000, high credited campaign discount: 800000, "
U000460,800000,16,16,16,2022-06-03 11:00:01,2022-07-03 15:30:01,150000,3,3,2022-06-03 11:00:01,2022-06-03 12:15:01,21,2022-06-03 10:37:38,2022-07-15 15:23:16,1,3,0,0,2,2,0,0,0,4,Review,"high credited campaign discount: 800000, high referral count: 21, "
U000641,800000,16,16,16,2022-07-18 15:17:38,2022-07-18 16:30:00,800000,16,16,2022-07-18 15:17:38,2022-07-18 16:30:00,16,2022-07-18 15:14:35,2022-07-18 16:00:57,0,0,0,2,2,0,0,0,0,4,Review,"high immediate campaign discount within 0-1 day: 800000, high credited campaign discount: 800000, "
U002167,800000,16,16,16,2022-07-21 14:45:00,2022-07-21 16:45:01,800000,16,16,2022-07-21 14:45:00,2022-07-21 16:45:01,16,2022-07-21 14:16:50,2022-07-21 16:23:26,0,0,0,2,2,0,0,0,0,4,Review,"high immediate campaign discount within 0-1 day: 800000, high credited campaign discount: 800000, "
U003657,800000,16,16,16,2022-06-29 11:45:21,2022-06-29 15:00:02,800000,16,16,2022-06-29 11:45:21,2022-06-29 15:00:02,19,2022-06-29 11:35:55,2022-06-29 14:56:27,0,0,0,2,2,0,0,0,0,4,Review,"high immediate campaign discount within 0-1 day: 800000, high credited campaign discount: 800000, "
U004657,800000,16,16,16,2022-07-20 17:24:33,2022-07-20 18:30:01,800000,16,16,2022-07-20 17:24:33,2022-07-20 18:30:01,16,2022-07-20 17:20:22,2022-07-20 18:03:02,0,0,0,2,2,0,0,0,0,4,Review,"high immediate campaign discount within 0-1 day: 800000, high credited campaign discount: 800000, "
U004980,800000,16,16,16,2022-07-26 13:51:08,2022-07-26 14:45:07,800000,16,16,2022-07-26 13:51:08,2022-07-26 14:45:07,16,2022-07-26 13:48:04,2022-07-26 14:28:29,0,0,0,2,2,0,0,0,0,4,Review,"high immediate campaign discount within 0-1 day: 800000, high credited campaign discount: 800000, "
U006818,800000,16,16,16,2022-06-11 17:15:00,2022-07-20 16:15:01,0,0,0,,,22,2022-06-11 16:41:23,2022-07-20 15:45:51,1,3,0,0,2,2,0,0,0,4,Review,"high credited campaign discount: 800000, high referral count: 22, "
U007123,800000,16,16,16,2022-07-20 15:15:12,2022-07-20 17:02:11,800000,16,16,2022-07-20 15:15:12,2022-07-20 17:02:11,16,2022-07-20 15:13:36,2022-07-20 17:00:42,0,0,0,2,2,0,0,0,0,4,Review,"high immediate campaign discount within 0-1 day: 800000, high credited campaign discount: 800000, "
U007286,800000,16,16,16,2022-07-19 15:48:42,2022-07-19 16:49:05,800000,16,16,2022-07-19 15:48:42,2022-07-19 16:49:05,18,2022-07-19 15:30:58,2022-07-19 16:45:05,0,0,0,2,2,0,0,0,0,4,Review,"high immediate campaign discount within 0-1 day: 800000, high credited campaign discount: 800000, "
U007637,800000,16,16,16,2022-07-27 14:07:25,2022-07-27 15:17:37,800000,16,16,2022-07-27 14:07:25,2022-07-27 15:17:37,16,2022-07-27 14:02:58,2022-07-27 15:17:25,0,0,0,2,2,0,0,0,0,4,Review,"high immediate campaign discount within 0-1 day: 800000, high credited campaign discount: 800000, "
U007786,800000,16,16,16,2022-07-07 21:33:55,2022-07-07 21:53:53,0,0,0,,,19,2022-07-07 21:27:28,2022-07-07 21:53:22,0,2,4,0,2,0,0,0,2,4,Review,"high credited campaign discount: 800000, reciprocal transfer loop with 4 partner(s), "
U008373,800000,16,16,16,2022-07-17 15:52:04,2022-07-17 17:25:16,800000,16,16,2022-07-17 15:52:04,2022-07-17 17:25:16,17,2022-07-17 15:29:27,2022-07-17 17:23:08,0,0,0,2,2,0,0,0,0,4,Review,"high immediate campaign discount within 0-1 day: 800000, high credited campaign discount: 800000, "
U008813,800000,16,16,16,2022-06-22 09:50:02,2022-06-23 11:32:44,500000,10,10,2022-06-22 09:50:02,2022-06-22 22:51:27,17,2022-06-22 09:46:42,2022-06-23 11:31:51,0,0,0,2,2,0,0,0,0,4,Review,"high immediate campaign discount within 0-1 day: 500000, high credited campaign discount: 800000, "
U010495,800000,16,16,16,2022-07-27 17:30:00,2022-07-27 21:15:01,800000,16,16,2022-07-27 17:30:00,2022-07-27 21:15:01,16,2022-07-27 16:59:24,2022-07-27 20:49:18,0,0,0,2,2,0,0,0,0,4,Review,"high immediate campaign discount within 0-1 day: 800000, high credited campaign discount: 800000, "
U011127,800000,16,16,16,2022-07-13 15:30:03,2022-07-22 16:30:03,0,0,0,,,21,2022-07-12 12:01:33,2022-07-22 16:10:09,0,0,0,0,2,2,0,0,0,4,Review,"high credited campaign discount: 800000, high referral count: 21, "
U011758,800000,16,16,16,2022-07-25 13:15:04,2022-07-25 21:30:02,800000,16,16,2022-07-25 13:15:04,2022-07-25 21:30:02,18,2022-07-25 12:52:14,2022-07-25 21:56:32,0,0,0,2,2,0,0,0,0,4,Review,"high immediate campaign discount within 0-1 day: 800000, high credited campaign discount: 800000, "
U012592,800000,16,16,16,2022-07-26 09:30:01,2022-07-30 10:45:02,0,0,0,,,24,2022-07-25 11:01:15,2022-07-30 10:24:11,1,1,0,0,2,2,0,0,0,4,Review,"high credited campaign discount: 800000, high referral count: 24, "
U014489,800000,16,16,16,2022-07-12 12:01:35,2022-07-12 20:23:28,800000,16,16,2022-07-12 12:01:35,2022-07-12 20:23:28,16,2022-07-12 11:39:29,2022-07-12 20:07:26,0,0,0,2,2,0,0,0,0,4,Review,"high immediate campaign discount within 0-1 day: 800000, high credited campaign discount: 800000, "
U015115,800000,16,16,16,2022-06-18 12:18:03,2022-06-19 09:59:52,550000,11,11,2022-06-18 12:18:03,2022-06-18 17:57:15,16,2022-06-18 12:15:46,2022-06-19 09:59:36,0,0,0,2,2,0,0,0,0,4,Review,"high immediate campaign discount within 0-1 day: 550000, high credited campaign discount: 800000, "
U015724,800000,16,16,16,2022-07-10 12:15:01,2022-07-10 18:30:00,800000,16,16,2022-07-10 12:15:01,2022-07-10 18:30:00,16,2022-07-10 11:47:26,2022-07-10 17:58:58,0,0,0,2,2,0,0,0,0,4,Review,"high immediate campaign discount within 0-1 day: 800000, high credited campaign discount: 800000, "
U017304,800000,16,16,16,2022-06-01 12:24:29,2022-06-06 16:14:06,0,0,0,,,21,2022-06-01 10:43:16,2022-06-06 16:13:48,0,0,0,0,2,2,0,0,0,4,Review,"high credited campaign discount: 800000, high referral count: 21, "
U019109,800000,16,16,16,2022-07-22 14:30:00,2022-07-22 18:15:01,800000,16,16,2022-07-22 14:30:00,2022-07-22 18:15:01,17,2022-07-22 13:57:44,2022-07-22 17:51:24,0,0,0,2,2,0,0,0,0,4,Review,"high immediate campaign discount within 0-1 day: 800000, high credited campaign discount: 800000, "
U019161,800000,16,16,16,2022-07-23 13:30:00,2022-07-23 17:30:03,800000,16,16,2022-07-23 13:30:00,2022-07-23 17:30:03,16,2022-07-23 13:01:59,2022-07-23 17:08:56,0,0,0,2,2,0,0,0,0,4,Review,"high immediate campaign discount within 0-1 day: 800000, high credited campaign discount: 800000, "
U021099,800000,16,16,16,2022-07-28 19:03:13,2022-07-28 21:15:05,800000,16,16,2022-07-28 19:03:13,2022-07-28 21:15:05,17,2022-07-28 19:01:33,2022-07-28 21:01:35,0,0,0,2,2,0,0,0,0,4,Review,"high immediate campaign discount within 0-1 day: 800000, high credited campaign discount: 800000, "
U022085,800000,16,16,16,2022-06-10 10:38:13,2022-06-10 12:45:30,800000,16,16,2022-06-10 10:38:13,2022-06-10 12:45:30,16,2022-06-10 10:35:49,2022-06-10 12:45:13,0,0,0,2,2,0,0,0,0,4,Review,"high immediate campaign discount within 0-1 day: 800000, high credited campaign discount: 800000, "
U022492,800000,16,16,16,2022-06-20 06:38:35,2022-06-20 16:17:38,800000,16,16,2022-06-20 06:38:35,2022-06-20 16:17:38,16,2022-06-20 06:36:56,2022-06-20 16:16:01,0,0,0,2,2,0,0,0,0,4,Review,"high immediate campaign discount within 0-1 day: 800000, high credited campaign discount: 800000, "
U024684,800000,16,16,16,2022-07-28 13:45:00,2022-07-28 14:46:58,800000,16,16,2022-07-28 13:45:00,2022-07-28 14:46:58,19,2022-07-28 13:08:52,2022-07-28 14:46:45,0,0,0,2,2,0,0,0,0,4,Review,"high immediate campaign discount within 0-1 day: 800000, high credited campaign discount: 800000, "
U025924,800000,16,16,16,2022-07-03 21:20:16,2022-07-03 22:48:40,800000,16,16,2022-07-03 21:20:16,2022-07-03 22:48:40,17,2022-07-03 20:59:58,2022-07-04 19:00:35,0,0,0,2,2,0,0,0,0,4,Review,"high immediate campaign discount within 0-1 day: 800000, high credited campaign discount: 800000, "
U025944,800000,16,16,16,2022-06-12 09:52:18,2022-06-12 11:55:41,800000,16,16,2022-06-12 09:52:18,2022-06-12 11:55:41,16,2022-06-12 09:42:28,2022-06-12 11:55:24,0,0,0,2,2,0,0,0,0,4,Review,"high immediate campaign discount within 0-1 day: 800000, high credited campaign discount: 800000, "
U027775,800000,16,16,16,2022-07-19 21:00:00,2022-07-20 14:30:01,800000,16,16,2022-07-19 21:00:00,2022-07-20 14:30:01,16,2022-07-19 20:32:25,2022-07-20 14:03:45,0,0,0,2,2,0,0,0,0,4,Review,"high immediate campaign discount within 0-1 day: 800000, high credited campaign discount: 800000, "
U029195,800000,16,16,16,2022-06-14 12:11:00,2022-07-08 13:11:16,0,0,0,,,20,2022-06-14 12:09:35,2022-07-08 13:18:46,0,0,0,0,2,2,0,0,0,4,Review,"high credited campaign discount: 800000, high referral count: 20, "
U031076,800000,16,16,16,2022-07-12 15:00:02,2022-07-12 18:15:01,800000,16,16,2022-07-12 15:00:02,2022-07-12 18:15:01,17,2022-07-12 14:41:55,2022-07-12 17:48:29,0,0,0,2,2,0,0,0,0,4,Review,"high immediate campaign discount within 0-1 day: 800000, high credited campaign discount: 800000, "
U032479,800000,16,16,16,2022-06-29 15:09:15,2022-06-30 09:12:47,800000,16,16,2022-06-29 15:09:15,2022-06-30 09:12:47,16,2022-06-29 15:06:13,2022-06-30 09:12:28,0,0,0,2,2,0,0,0,0,4,Review,"high immediate campaign discount within 0-1 day: 800000, high credited campaign discount: 800000, "
U032756,800000,16,16,16,2022-07-20 22:58:46,2022-07-21 10:29:33,800000,16,16,2022-07-20 22:58:46,2022-07-21 10:29:33,17,2022-07-20 22:55:55,2022-07-21 10:29:08,0,0,0,2,2,0,0,0,0,4,Review,"high immediate campaign discount within 0-1 day: 800000, high credited campaign discount: 800000, "
U032987,800000,16,16,16,2022-07-29 21:45:04,2022-07-30 14:45:01,800000,16,16,2022-07-29 21:45:04,2022-07-30 14:45:01,16,2022-07-29 21:22:05,2022-07-30 14:16:17,0,0,0,2,2,0,0,0,0,4,Review,"high immediate campaign discount within 0-1 day: 800000, high credited campaign discount: 800000, "
U034845,800000,16,16,16,2022-07-21 10:15:11,2022-07-21 12:30:04,800000,16,16,2022-07-21 10:15:11,2022-07-21 12:30:04,17,2022-07-21 10:14:12,2022-07-21 12:23:41,0,0,0,2,2,0,0,0,0,4,Review,"high immediate campaign discount within 0-1 day: 800000, high credited campaign discount: 800000, "
U036865,800000,16,16,16,2022-06-21 06:36:36,2022-06-22 08:52:28,750000,15,15,2022-06-21 06:36:36,2022-06-21 11:21:46,16,2022-06-21 06:34:40,2022-06-22 08:52:14,0,0,0,2,2,0,0,0,0,4,Review,"high immediate campaign discount within 0-1 day: 750000, high credited campaign discount: 800000, "
U037214,800000,16,16,16,2022-07-07 19:45:01,2022-07-07 20:45:01,800000,16,16,2022-07-07 19:45:01,2022-07-07 20:45:01,16,2022-07-07 19:22:59,2022-07-07 20:27:46,0,0,0,2,2,0,0,0,0,4,Review,"high immediate campaign discount within 0-1 day: 800000, high credited campaign discount: 800000, "
U038197,800000,16,16,16,2022-06-16 18:01:40,2022-06-17 12:18:45,800000,16,16,2022-06-16 18:01:40,2022-06-17 12:18:45,16,2022-06-16 17:59:10,2022-06-17 12:18:30,0,0,0,2,2,0,0,0,0,4,Review,"high immediate campaign discount within 0-1 day: 800000, high credited campaign discount: 800000, "
U038222,800000,16,16,16,2022-07-14 19:04:16,2022-07-15 00:27:50,800000,16,16,2022-07-14 19:04:16,2022-07-15 00:27:50,19,2022-07-14 18:58:45,2022-07-15 00:26:44,0,0,0,2,2,0,0,0,0,4,Review,"high immediate campaign discount within 0-1 day: 800000, high credited campaign discount: 800000, "
U038960,800000,16,16,16,2022-07-11 19:50:27,2022-07-12 00:15:22,0,0,0,,,20,2022-07-11 19:20:03,2022-07-12 00:14:25,3,2,0,0,2,2,0,0,0,4,Review,"high credited campaign discount: 800000, high referral count: 20, "
U039893,800000,16,16,16,2022-06-16 07:45:03,2022-06-17 08:06:38,750000,15,15,2022-06-16 07:45:03,2022-06-16 15:38:31,16,2022-06-16 07:42:09,2022-06-17 08:05:57,0,0,0,2,2,0,0,0,0,4,Review,"high immediate campaign discount within 0-1 day: 750000, high credited campaign discount: 800000, "
U040565,800000,16,16,16,2022-07-21 13:01:17,2022-07-21 16:20:08,800000,16,16,2022-07-21 13:01:17,2022-07-21 16:20:08,16,2022-07-21 12:59:02,2022-07-21 16:19:48,0,0,0,2,2,0,0,0,0,4,Review,"high immediate campaign discount within 0-1 day: 800000, high credited campaign discount: 800000, "
U045721,800000,16,16,16,2022-07-15 16:45:03,2022-07-19 23:00:00,550000,11,11,2022-07-15 16:45:03,2022-07-16 22:15:00,16,2022-07-15 16:05:57,2022-07-19 22:33:29,0,0,0,2,2,0,0,0,0,4,Review,"high immediate campaign discount within 0-1 day: 550000, high credited campaign discount: 800000, "
U046543,800000,16,16,16,2022-07-08 15:15:01,2022-07-31 17:45:00,0,0,0,,,20,2022-07-08 14:49:44,2022-07-31 17:15:30,1,2,0,0,2,2,0,0,0,4,Review,"high credited campaign discount: 800000, high referral count: 20, "
U047781,800000,16,16,16,2022-07-23 08:15:00,2022-07-23 10:45:01,800000,16,16,2022-07-23 08:15:00,2022-07-23 10:45:01,16,2022-07-23 07:52:24,2022-07-23 10:15:43,0,0,0,2,2,0,0,0,0,4,Review,"high immediate campaign discount within 0-1 day: 800000, high credited campaign discount: 800000, "
U048318,800000,16,16,16,2022-07-29 15:54:56,2022-07-29 22:31:11,800000,16,16,2022-07-29 15:54:56,2022-07-29 22:31:11,16,2022-07-29 15:53:59,2022-07-29 22:30:59,0,0,0,2,2,0,0,0,0,4,Review,"high immediate campaign discount within 0-1 day: 800000, high credited campaign discount: 800000, "
U050290,800000,16,16,16,2022-07-31 20:08:01,2022-08-01 10:15:06,800000,16,16,2022-07-31 20:08:01,2022-08-01 10:15:06,16,2022-07-31 19:44:41,2022-08-01 10:13:11,0,0,0,2,2,0,0,0,0,4,Review,"high immediate campaign discount within 0-1 day: 800000, high credited campaign discount: 800000, "
U050606,800000,16,16,16,2022-06-26 09:23:35,2022-06-29 07:18:02,750000,15,15,2022-06-26 09:23:35,2022-06-26 15:05:46,16,2022-06-26 09:21:25,2022-06-29 07:16:45,0,0,0,2,2,0,0,0,0,4,Review,"high immediate campaign discount within 0-1 day: 750000, high credited campaign discount: 800000, "
U050613,800000,16,16,16,2022-06-15 22:15:00,2022-06-17 18:30:00,400000,8,8,2022-06-15 22:15:00,2022-06-16 22:15:00,20,2022-06-15 21:48:50,2022-06-17 18:01:43,1,10,0,0,2,2,0,0,0,4,Review,"high credited campaign discount: 800000, high referral count: 20, "
U051923,800000,16,16,16,2022-07-20 09:52:18,2022-07-20 11:08:24,800000,16,16,2022-07-20 09:52:18,2022-07-20 11:08:24,18,2022-07-20 09:35:25,2022-07-20 11:07:37,0,0,0,2,2,0,0,0,0,4,Review,"high immediate campaign discount within 0-1 day: 800000, high credited campaign discount: 800000, "
U052276,800000,16,16,16,2022-06-25 18:47:14,2022-06-26 18:37:51,800000,16,16,2022-06-25 18:47:14,2022-06-26 18:37:51,16,2022-06-25 18:44:42,2022-06-26 18:35:57,0,0,0,2,2,0,0,0,0,4,Review,"high immediate campaign discount within 0-1 day: 800000, high credited campaign discount: 800000, "
U055557,800000,16,16,16,2022-06-30 09:17:08,2022-07-01 06:39:24,800000,16,16,2022-06-30 09:17:08,2022-07-01 06:39:24,16,2022-06-30 09:15:19,2022-07-01 06:39:02,0,0,0,2,2,0,0,0,0,4,Review,"high immediate campaign discount within 0-1 day: 800000, high credited campaign discount: 800000, "
U055622,800000,16,16,16,2022-07-07 00:00:00,2022-07-07 14:45:01,800000,16,16,2022-07-07 00:00:00,2022-07-07 14:45:01,16,2022-07-06 23:30:31,2022-07-07 14:27:11,0,0,0,2,2,0,0,0,0,4,Review,"high immediate campaign discount within 0-1 day: 800000, high credited campaign discount: 800000, "
U056934,800000,16,16,16,2022-07-19 20:25:43,2022-07-19 22:30:02,800000,16,16,2022-07-19 20:25:43,2022-07-19 22:30:02,16,2022-07-19 20:23:43,2022-07-19 22:12:03,0,0,0,2,2,0,0,0,0,4,Review,"high immediate campaign discount within 0-1 day: 800000, high credited campaign discount: 800000, "
U056941,800000,16,16,16,2022-07-01 10:45:01,2022-07-08 12:00:00,0,0,0,,,20,2022-07-01 10:19:05,2022-07-08 11:28:48,0,0,0,0,2,2,0,0,0,4,Review,"high credited campaign discount: 800000, high referral count: 20, "
U057786,800000,16,16,16,2022-07-20 13:49:16,2022-07-21 15:59:01,800000,16,16,2022-07-20 13:49:16,2022-07-21 15:59:01,16,2022-07-20 13:09:15,2022-07-21 15:58:21,0,0,0,2,2,0,0,0,0,4,Review,"high immediate campaign discount within 0-1 day: 800000, high credited campaign discount: 800000, "
U059180,800000,16,16,16,2022-07-25 12:45:11,2022-07-25 13:45:04,800000,16,16,2022-07-25 12:45:11,2022-07-25 13:45:04,16,2022-07-25 12:43:20,2022-07-25 13:23:36,0,0,0,2,2,0,0,0,0,4,Review,"high immediate campaign discount within 0-1 day: 800000, high credited campaign discount: 800000, "
U059971,800000,16,16,16,2022-07-18 11:00:01,2022-07-30 10:00:01,0,0,0,,,21,2022-07-18 10:31:06,2022-07-30 09:34:21,1,4,0,0,2,2,0,0,0,4,Review,"high credited campaign discount: 800000, high referral count: 21, "
U060071,800000,16,16,16,2022-07-31 14:15:00,2022-07-31 18:45:03,800000,16,16,2022-07-31 14:15:00,2022-07-31 18:45:03,16,2022-07-31 13:48:14,2022-07-31 18:24:07,0,0,0,2,2,0,0,0,0,4,Review,"high immediate campaign discount within 0-1 day: 800000, high credited campaign discount: 800000, "
U060995,800000,16,16,16,2022-07-19 19:44:30,2022-07-19 22:49:29,800000,16,16,2022-07-19 19:44:30,2022-07-19 22:49:29,16,2022-07-19 19:43:01,2022-07-19 22:48:51,0,0,0,2,2,0,0,0,0,4,Review,"high immediate campaign discount within 0-1 day: 800000, high credited campaign discount: 800000, "
U061587,800000,16,16,16,2022-07-11 20:00:03,2022-07-11 23:00:00,800000,16,16,2022-07-11 20:00:03,2022-07-11 23:00:00,16,2022-07-11 19:47:43,2022-07-11 22:30:06,0,0,0,2,2,0,0,0,0,4,Review,"high immediate campaign discount within 0-1 day: 800000, high credited campaign discount: 800000, "
U061667,800000,16,16,16,2022-06-22 16:45:01,2022-06-23 19:00:00,800000,16,16,2022-06-22 16:45:01,2022-06-23 19:00:00,19,2022-06-22 16:18:01,2022-06-24 17:21:29,1,1,0,2,2,0,0,0,0,4,Review,"high immediate campaign discount within 0-1 day: 800000, high credited campaign discount: 800000, "
U061691,800000,16,16,16,2022-07-17 22:29:08,2022-07-19 07:50:10,650000,13,13,2022-07-17 22:29:08,2022-07-18 15:44:28,18,2022-07-17 22:10:57,2022-07-19 07:37:15,0,0,0,2,2,0,0,0,0,4,Review,"high immediate campaign discount within 0-1 day: 650000, high credited campaign discount: 800000, "
U062670,800000,16,16,16,2022-07-26 20:06:26,2022-07-26 22:17:10,800000,16,16,2022-07-26 20:06:26,2022-07-26 22:17:10,18,2022-07-26 19:20:20,2022-07-26 22:12:38,0,0,0,2,2,0,0,0,0,4,Review,"high immediate campaign discount within 0-1 day: 800000, high credited campaign discount: 800000, "
U063010,800000,16,16,16,2022-07-28 19:30:00,2022-07-28 22:15:00,800000,16,16,2022-07-28 19:30:00,2022-07-28 22:15:00,18,2022-07-28 19:05:27,2022-07-28 21:42:16,0,0,0,2,2,0,0,0,0,4,Review,"high immediate campaign discount within 0-1 day: 800000, high credited campaign discount: 800000, "
U063100,800000,16,16,16,2022-07-01 06:42:54,2022-07-01 11:58:52,800000,16,16,2022-07-01 06:42:54,2022-07-01 11:58:52,16,2022-07-01 06:41:12,2022-07-01 11:58:35,0,0,0,2,2,0,0,0,0,4,Review,"high immediate campaign discount within 0-1 day: 800000, high credited campaign discount: 800000, "
U063715,800000,16,16,16,2022-06-21 11:50:36,2022-06-21 13:39:30,800000,16,16,2022-06-21 11:50:36,2022-06-21 13:39:30,16,2022-06-21 11:41:23,2022-06-21 13:38:14,0,0,0,2,2,0,0,0,0,4,Review,"high immediate campaign discount within 0-1 day: 800000, high credited campaign discount: 800000, "
U064981,800000,16,16,16,2022-07-22 14:36:44,2022-07-22 15:45:02,800000,16,16,2022-07-22 14:36:44,2022-07-22 15:45:02,16,2022-07-22 14:34:45,2022-07-22 15:26:05,0,0,0,2,2,0,0,0,0,4,Review,"high immediate campaign discount within 0-1 day: 800000, high credited campaign discount: 800000, "
U065082,800000,16,16,16,2022-06-28 17:30:00,2022-08-01 12:30:02,0,0,0,,,23,2022-06-28 16:58:15,2022-08-01 15:53:45,2,3,0,0,2,2,0,0,0,4,Review,"high credited campaign discount: 800000, high referral count: 23, "
U066590,800000,16,16,16,2022-07-27 14:45:03,2022-07-27 16:45:01,800000,16,16,2022-07-27 14:45:03,2022-07-27 16:45:01,16,2022-07-27 14:26:52,2022-07-27 16:14:11,0,0,0,2,2,0,0,0,0,4,Review,"high immediate campaign discount within 0-1 day: 800000, high credited campaign discount: 800000, "
U066951,800000,16,16,16,2022-06-26 10:45:01,2022-07-02 18:45:00,0,0,0,,,24,2022-06-24 09:06:53,2022-07-02 18:19:05,1,2,0,0,2,2,0,0,0,4,Review,"high credited campaign discount: 800000, high referral count: 24, "
U067213,800000,16,16,16,2022-08-01 12:17:30,2022-08-01 13:56:49,800000,16,16,2022-08-01 12:17:30,2022-08-01 13:56:49,18,2022-08-01 11:23:06,2022-08-01 13:55:05,0,0,0,2,2,0,0,0,0,4,Review,"high immediate campaign discount within 0-1 day: 800000, high credited campaign discount: 800000, "
U067508,800000,16,16,16,2022-07-24 13:26:03,2022-07-24 20:20:34,800000,16,16,2022-07-24 13:26:03,2022-07-24 20:20:34,19,2022-07-24 12:36:25,2022-07-25 20:19:53,0,0,0,2,2,0,0,0,0,4,Review,"high immediate campaign discount within 0-1 day: 800000, high credited campaign discount: 800000, "
U070307,800000,16,16,16,2022-07-12 13:35:34,2022-07-12 16:36:18,800000,16,16,2022-07-12 13:35:34,2022-07-12 16:36:18,17,2022-07-12 13:34:19,2022-07-12 16:36:00,0,0,0,2,2,0,0,0,0,4,Review,"high immediate campaign discount within 0-1 day: 800000, high credited campaign discount: 800000, "
U070985,800000,16,16,16,2022-07-20 16:00:01,2022-07-20 18:15:00,800000,16,16,2022-07-20 16:00:01,2022-07-20 18:15:00,18,2022-07-20 15:10:16,2022-07-20 17:59:26,0,0,0,2,2,0,0,0,0,4,Review,"high immediate campaign discount within 0-1 day: 800000, high credited campaign discount: 800000, "
U072519,800000,16,16,16,2022-06-13 16:15:00,2022-06-17 16:15:01,0,0,0,,,26,2022-06-13 15:48:57,2022-06-25 14:52:26,0,0,0,0,2,2,0,0,0,4,Review,"high credited campaign discount: 800000, high referral count: 26, "
U072788,800000,16,16,16,2022-07-28 11:00:03,2022-08-01 11:00:02,400000,8,8,2022-07-28 11:00:03,2022-07-29 16:00:02,24,2022-07-28 10:33:01,2022-08-01 14:40:02,1,1,0,0,2,2,0,0,0,4,Review,"high credited campaign discount: 800000, high referral count: 24, "
U073803,800000,16,16,16,2022-07-15 10:30:01,2022-07-15 14:00:01,800000,16,16,2022-07-15 10:30:01,2022-07-15 14:00:01,16,2022-07-15 10:00:43,2022-07-15 13:33:31,0,0,0,2,2,0,0,0,0,4,Review,"high immediate campaign discount within 0-1 day: 800000, high credited campaign discount: 800000, "
U076482,800000,16,16,16,2022-06-30 20:15:00,2022-07-01 00:30:00,800000,16,16,2022-06-30 20:15:00,2022-07-01 00:30:00,16,2022-06-30 19:41:44,2022-07-01 00:06:32,0,0,0,2,2,0,0,0,0,4,Review,"high immediate campaign discount within 0-1 day: 800000, high credited campaign discount: 800000, "
U077306,800000,16,16,16,2022-07-20 12:29:42,2022-07-20 13:45:02,800000,16,16,2022-07-20 12:29:42,2022-07-20 13:45:02,16,2022-07-20 12:26:20,2022-07-20 13:30:37,0,0,0,2,2,0,0,0,0,4,Review,"high immediate campaign discount within 0-1 day: 800000, high credited campaign discount: 800000, "
U077336,800000,16,16,16,2022-07-14 14:15:01,2022-07-15 13:30:02,800000,16,16,2022-07-14 14:15:01,2022-07-15 13:30:02,17,2022-07-14 13:51:48,2022-07-15 13:09:22,0,0,0,2,2,0,0,0,0,4,Review,"high immediate campaign discount within 0-1 day: 800000, high credited campaign discount: 800000, "
U078947,800000,16,16,16,2022-06-16 16:45:00,2022-06-27 10:15:00,0,0,0,,,25,2022-06-16 15:14:48,2022-06-29 10:53:08,1,4,0,0,2,2,0,0,0,4,Review,"high credited campaign discount: 800000, high referral count: 25, "
U081765,800000,16,16,16,2022-07-20 16:00:01,2022-07-20 21:30:02,800000,16,16,2022-07-20 16:00:01,2022-07-20 21:30:02,16,2022-07-20 15:27:30,2022-07-20 21:03:57,0,0,0,2,2,0,0,0,0,4,Review,"high immediate campaign discount within 0-1 day: 800000, high credited campaign discount: 800000, "
U082762,800000,16,16,16,2022-07-25 10:30:01,2022-07-25 13:45:04,800000,16,16,2022-07-25 10:30:01,2022-07-25 13:45:04,16,2022-07-25 10:06:21,2022-07-25 13:24:39,0,0,0,2,2,0,0,0,0,4,Review,"high immediate campaign discount within 0-1 day: 800000, high credited campaign discount: 800000, "
U083387,800000,16,16,16,2022-07-24 10:06:17,2022-07-24 14:59:40,800000,16,16,2022-07-24 10:06:17,2022-07-24 14:59:40,16,2022-07-24 10:05:26,2022-07-24 14:59:27,0,0,0,2,2,0,0,0,0,4,Review,"high immediate campaign discount within 0-1 day: 800000, high credited campaign discount: 800000, "
U083397,800000,16,16,16,2022-07-16 10:59:41,2022-07-16 16:15:02,800000,16,16,2022-07-16 10:59:41,2022-07-16 16:15:02,17,2022-07-16 10:54:41,2022-07-16 15:54:52,0,0,0,2,2,0,0,0,0,4,Review,"high immediate campaign discount within 0-1 day: 800000, high credited campaign discount: 800000, "
U084090,800000,16,16,16,2022-07-21 09:53:09,2022-07-21 13:00:00,800000,16,16,2022-07-21 09:53:09,2022-07-21 13:00:00,19,2022-07-21 09:22:26,2022-07-21 13:09:15,0,0,0,2,2,0,0,0,0,4,Review,"high immediate campaign discount within 0-1 day: 800000, high credited campaign discount: 800000, "
U086181,800000,16,16,16,2022-06-29 17:22:59,2022-06-29 21:39:44,800000,16,16,2022-06-29 17:22:59,2022-06-29 21:39:44,16,2022-06-29 17:13:56,2022-06-29 21:39:26,0,0,0,2,2,0,0,0,0,4,Review,"high immediate campaign discount within 0-1 day: 800000, high credited campaign discount: 800000, "
U087091,800000,16,16,16,2022-07-29 00:16:11,2022-07-29 13:40:07,800000,16,16,2022-07-29 00:16:11,2022-07-29 13:40:07,16,2022-07-28 23:38:31,2022-07-29 13:39:26,0,0,0,2,2,0,0,0,0,4,Review,"high immediate campaign discount within 0-1 day: 800000, high credited campaign discount: 800000, "
U088005,800000,16,16,16,2022-06-22 14:49:40,2022-06-24 11:38:03,700000,14,14,2022-06-22 14:49:40,2022-06-23 12:53:22,16,2022-06-22 14:40:53,2022-06-24 11:37:40,0,0,0,2,2,0,0,0,0,4,Review,"high immediate campaign discount within 0-1 day: 700000, high credited campaign discount: 800000, "
U088392,800000,16,16,16,2022-07-21 16:58:00,2022-07-21 18:45:49,800000,16,16,2022-07-21 16:58:00,2022-07-21 18:45:49,17,2022-07-21 16:57:09,2022-07-21 18:45:36,0,0,0,2,2,0,0,0,0,4,Review,"high immediate campaign discount within 0-1 day: 800000, high credited campaign discount: 800000, "
U088445,800000,16,16,16,2022-07-13 16:13:13,2022-07-14 11:49:05,800000,16,16,2022-07-13 16:13:13,2022-07-14 11:49:05,19,2022-07-13 15:49:12,2022-07-14 11:16:51,0,0,0,2,2,0,0,0,0,4,Review,"high immediate campaign discount within 0-1 day: 800000, high credited campaign discount: 800000, "
U088620,800000,16,16,16,2022-07-19 17:20:11,2022-07-19 19:15:03,800000,16,16,2022-07-19 17:20:11,2022-07-19 19:15:03,16,2022-07-19 16:25:23,2022-07-19 18:56:22,0,0,0,2,2,0,0,0,0,4,Review,"high immediate campaign discount within 0-1 day: 800000, high credited campaign discount: 800000, "
U088652,800000,16,16,16,2022-06-30 09:30:21,2022-06-30 21:43:06,800000,16,16,2022-06-30 09:30:21,2022-06-30 21:43:06,16,2022-06-30 09:27:09,2022-06-30 21:42:40,0,0,0,2,2,0,0,0,0,4,Review,"high immediate campaign discount within 0-1 day: 800000, high credited campaign discount: 800000, "
U089861,800000,16,16,16,2022-07-02 10:16:49,2022-07-02 15:55:38,800000,16,16,2022-07-02 10:16:49,2022-07-02 15:55:38,16,2022-07-02 10:14:27,2022-07-02 15:55:26,0,0,0,2,2,0,0,0,0,4,Review,"high immediate campaign discount within 0-1 day: 800000, high credited campaign discount: 800000, "
U090395,800000,16,16,16,2022-06-28 10:42:28,2022-06-29 15:03:02,650000,13,13,2022-06-28 10:42:28,2022-06-28 17:03:05,16,2022-06-28 10:40:29,2022-06-29 15:02:49,0,0,0,2,2,0,0,0,0,4,Review,"high immediate campaign discount within 0-1 day: 650000, high credited campaign discount: 800000, "
U090461,800000,16,16,16,2022-07-05 09:45:53,2022-07-05 14:45:00,800000,16,16,2022-07-05 09:45:53,2022-07-05 14:45:00,17,2022-07-05 09:43:26,2022-07-05 14:14:13,0,0,0,2,2,0,0,0,0,4,Review,"high immediate campaign discount within 0-1 day: 800000, high credited campaign discount: 800000, "
U068006,775000,20,20,20,2022-06-16 19:19:31,2022-06-17 18:11:38,0,0,0,,,11,2022-06-16 21:59:54,2022-06-17 17:24:52,1,23,1,0,2,0,0,1,1,4,Review,"high credited campaign discount: 775000, shared IP used by 23 users, reciprocal transfer loop with 1 partner(s), "
U058436,760000,17,17,17,2022-07-07 14:04:00,2022-07-29 16:00:01,0,0,0,,,22,2022-07-07 17:14:11,2022-08-01 16:33:18,1,11,0,0,2,2,0,0,0,4,Review,"high credited campaign discount: 760000, high referral count: 22, "
U078705,755000,18,18,18,2022-07-21 10:42:36,2022-07-22 18:32:59,755000,18,18,2022-07-21 10:42:36,2022-07-22 18:32:59,13,2022-07-21 10:19:56,2022-07-22 18:32:15,1,3,0,2,2,0,0,0,0,4,Review,"high immediate campaign discount within 0-1 day: 755000, high credited campaign discount: 755000, "
U000196,750000,15,15,15,2022-06-19 11:36:36,2022-06-19 15:13:57,750000,15,15,2022-06-19 11:36:36,2022-06-19 15:13:57,15,2022-06-19 11:31:21,2022-06-19 15:13:32,0,0,0,2,2,0,0,0,0,4,Review,"high immediate campaign discount within 0-1 day: 750000, high credited campaign discount: 750000, "
U000561,750000,15,15,15,2022-07-29 20:33:33,2022-07-29 23:01:03,750000,15,15,2022-07-29 20:33:33,2022-07-29 23:01:03,17,2022-07-29 20:09:30,2022-07-29 23:00:50,0,0,0,2,2,0,0,0,0,4,Review,"high immediate campaign discount within 0-1 day: 750000, high credited campaign discount: 750000, "
U001610,750000,15,15,15,2022-06-07 15:45:00,2022-06-25 10:30:01,0,0,0,,,32,2022-06-07 09:27:53,2022-06-25 10:03:17,0,0,0,0,2,2,0,0,0,4,Review,"high credited campaign discount: 750000, high referral count: 32, "
U002089,750000,15,15,15,2022-07-22 15:36:51,2022-07-22 19:25:18,750000,15,15,2022-07-22 15:36:51,2022-07-22 19:25:18,15,2022-07-22 15:35:47,2022-07-22 19:25:02,0,0,0,2,2,0,0,0,0,4,Review,"high immediate campaign discount within 0-1 day: 750000, high credited campaign discount: 750000, "
U002260,750000,15,15,15,2022-07-29 18:00:00,2022-07-29 22:15:00,750000,15,15,2022-07-29 18:00:00,2022-07-29 22:15:00,15,2022-07-29 17:28:27,2022-07-29 21:46:48,0,0,0,2,2,0,0,0,0,4,Review,"high immediate campaign discount within 0-1 day: 750000, high credited campaign discount: 750000, "
U005002,750000,15,15,15,2022-06-01 15:03:03,2022-06-01 15:35:02,750000,15,15,2022-06-01 15:03:03,2022-06-01 15:35:02,15,2022-06-01 14:53:25,2022-06-01 15:34:46,0,0,0,2,2,0,0,0,0,4,Review,"high immediate campaign discount within 0-1 day: 750000, high credited campaign discount: 750000, "
U006199,750000,15,15,15,2022-07-09 12:30:00,2022-07-27 15:00:01,0,0,0,,,21,2022-07-09 11:56:50,2022-07-27 14:38:11,1,1,0,0,2,2,0,0,0,4,Review,"high credited campaign discount: 750000, high referral count: 21, "
U006473,750000,15,15,15,2022-06-23 17:45:00,2022-07-08 09:00:00,0,0,0,,,65,2022-06-23 11:40:31,2022-07-08 08:40:25,1,1,0,0,2,2,0,0,0,4,Review,"high credited campaign discount: 750000, high referral count: 65, "
U007613,750000,15,15,15,2022-07-26 15:51:53,2022-07-26 19:23:56,750000,15,15,2022-07-26 15:51:53,2022-07-26 19:23:56,19,2022-07-26 15:35:18,2022-07-26 19:23:18,0,0,0,2,2,0,0,0,0,4,Review,"high immediate campaign discount within 0-1 day: 750000, high credited campaign discount: 750000, "
U008449,750000,15,15,15,2022-07-02 13:15:02,2022-07-02 16:00:00,750000,15,15,2022-07-02 13:15:02,2022-07-02 16:00:00,15,2022-07-02 13:02:02,2022-07-02 15:30:06,0,0,0,2,2,0,0,0,0,4,Review,"high immediate campaign discount within 0-1 day: 750000, high credited campaign discount: 750000, "
U009296,750000,15,15,15,2022-07-15 12:00:08,2022-07-24 14:45:00,0,0,0,,,21,2022-07-15 11:38:23,2022-07-24 14:15:57,1,2,0,0,2,2,0,0,0,4,Review,"high credited campaign discount: 750000, high referral count: 21, "
U010954,750000,15,15,15,2022-07-18 20:00:01,2022-07-18 21:30:01,750000,15,15,2022-07-18 20:00:01,2022-07-18 21:30:01,16,2022-07-18 19:33:31,2022-07-18 21:08:18,0,0,0,2,2,0,0,0,0,4,Review,"high immediate campaign discount within 0-1 day: 750000, high credited campaign discount: 750000, "
U012079,750000,15,15,15,2022-07-14 15:45:01,2022-07-14 18:30:02,750000,15,15,2022-07-14 15:45:01,2022-07-14 18:30:02,16,2022-07-14 15:16:44,2022-07-14 18:07:18,0,0,0,2,2,0,0,0,0,4,Review,"high immediate campaign discount within 0-1 day: 750000, high credited campaign discount: 750000, "
U015642,750000,15,15,15,2022-07-13 20:15:00,2022-07-13 23:15:01,750000,15,15,2022-07-13 20:15:00,2022-07-13 23:15:01,15,2022-07-13 19:49:57,2022-07-13 22:46:53,0,0,0,2,2,0,0,0,0,4,Review,"high immediate campaign discount within 0-1 day: 750000, high credited campaign discount: 750000, "
U017143,750000,15,15,15,2022-07-13 23:33:21,2022-07-14 10:59:18,750000,15,15,2022-07-13 23:33:21,2022-07-14 10:59:18,15,2022-07-13 23:16:03,2022-07-14 10:50:09,0,0,0,2,2,0,0,0,0,4,Review,"high immediate campaign discount within 0-1 day: 750000, high credited campaign discount: 750000, "
U018055,750000,15,15,15,2022-06-12 21:50:35,2022-06-13 15:26:05,750000,15,15,2022-06-12 21:50:35,2022-06-13 15:26:05,15,2022-06-12 21:48:04,2022-06-13 15:25:50,0,0,0,2,2,0,0,0,0,4,Review,"high immediate campaign discount within 0-1 day: 750000, high credited campaign discount: 750000, "
U020908,750000,15,15,15,2022-07-13 16:00:04,2022-07-13 19:59:34,750000,15,15,2022-07-13 16:00:04,2022-07-13 19:59:34,19,2022-07-13 15:34:06,2022-07-13 19:59:09,0,0,0,2,2,0,0,0,0,4,Review,"high immediate campaign discount within 0-1 day: 750000, high credited campaign discount: 750000, "
U021476,750000,15,15,15,2022-06-14 09:30:00,2022-06-20 11:45:02,0,0,0,,,24,2022-06-14 09:03:28,2022-06-20 11:20:47,0,0,0,0,2,2,0,0,0,4,Review,"high credited campaign discount: 750000, high referral count: 24, "
U022594,750000,15,15,15,2022-06-05 11:25:42,2022-06-05 19:59:53,750000,15,15,2022-06-05 11:25:42,2022-06-05 19:59:53,16,2022-06-05 11:22:35,2022-06-05 19:58:30,0,0,0,2,2,0,0,0,0,4,Review,"high immediate campaign discount within 0-1 day: 750000, high credited campaign discount: 750000, "
U023164,750000,15,15,15,2022-06-27 16:15:02,2022-07-05 15:15:01,0,0,0,,,20,2022-06-27 15:52:00,2022-07-05 14:52:41,1,2,0,0,2,2,0,0,0,4,Review,"high credited campaign discount: 750000, high referral count: 20, "
U029822,750000,15,15,15,2022-07-13 12:00:02,2022-07-13 17:45:00,750000,15,15,2022-07-13 12:00:02,2022-07-13 17:45:00,16,2022-07-13 11:36:24,2022-07-13 17:16:53,0,0,0,2,2,0,0,0,0,4,Review,"high immediate campaign discount within 0-1 day: 750000, high credited campaign discount: 750000, "
U030662,750000,15,15,15,2022-07-19 20:35:06,2022-07-20 11:20:03,750000,15,15,2022-07-19 20:35:06,2022-07-20 11:20:03,16,2022-07-19 20:04:48,2022-07-20 11:19:46,0,0,0,2,2,0,0,0,0,4,Review,"high immediate campaign discount within 0-1 day: 750000, high credited campaign discount: 750000, "
U031293,750000,15,15,15,2022-07-10 21:30:01,2022-07-11 00:15:00,750000,15,15,2022-07-10 21:30:01,2022-07-11 00:15:00,15,2022-07-10 21:02:17,2022-07-10 23:46:34,0,0,0,2,2,0,0,0,0,4,Review,"high immediate campaign discount within 0-1 day: 750000, high credited campaign discount: 750000, "
U033337,750000,15,15,15,2022-07-14 12:15:01,2022-07-31 08:15:00,0,0,0,,,21,2022-07-14 11:38:26,2022-07-31 07:49:33,1,1,0,0,2,2,0,0,0,4,Review,"high credited campaign discount: 750000, high referral count: 21, "
U033700,750000,15,15,15,2022-07-29 16:10:02,2022-07-29 20:00:50,750000,15,15,2022-07-29 16:10:02,2022-07-29 20:00:50,15,2022-07-29 16:03:58,2022-07-29 20:00:02,0,0,0,2,2,0,0,0,0,4,Review,"high immediate campaign discount within 0-1 day: 750000, high credited campaign discount: 750000, "
U034178,750000,15,15,15,2022-06-23 13:15:02,2022-06-27 15:15:02,100000,2,2,2022-06-23 13:15:02,2022-06-23 15:07:45,22,2022-06-23 11:10:22,2022-06-27 16:16:26,1,3,0,0,2,2,0,0,0,4,Review,"high credited campaign discount: 750000, high referral count: 22, "
U036805,750000,15,15,15,2022-07-22 22:21:05,2022-07-22 23:34:45,750000,15,15,2022-07-22 22:21:05,2022-07-22 23:34:45,15,2022-07-22 22:20:02,2022-07-22 23:34:30,0,0,0,2,2,0,0,0,0,4,Review,"high immediate campaign discount within 0-1 day: 750000, high credited campaign discount: 750000, "
U036870,750000,15,15,15,2022-07-23 19:21:04,2022-07-23 21:00:00,750000,15,15,2022-07-23 19:21:04,2022-07-23 21:00:00,15,2022-07-23 19:15:59,2022-07-23 20:32:49,0,0,0,2,2,0,0,0,0,4,Review,"high immediate campaign discount within 0-1 day: 750000, high credited campaign discount: 750000, "
U036921,750000,15,15,15,2022-06-19 10:04:33,2022-06-19 16:39:06,750000,15,15,2022-06-19 10:04:33,2022-06-19 16:39:06,15,2022-06-19 10:02:26,2022-06-19 16:38:50,0,0,0,2,2,0,0,0,0,4,Review,"high immediate campaign discount within 0-1 day: 750000, high credited campaign discount: 750000, "
U038295,750000,15,15,15,2022-07-20 21:52:17,2022-07-20 23:06:42,750000,15,15,2022-07-20 21:52:17,2022-07-20 23:06:42,15,2022-07-20 21:51:12,2022-07-20 23:05:49,0,0,0,2,2,0,0,0,0,4,Review,"high immediate campaign discount within 0-1 day: 750000, high credited campaign discount: 750000, "
U038830,750000,15,15,15,2022-07-26 17:15:28,2022-07-26 19:53:24,750000,15,15,2022-07-26 17:15:28,2022-07-26 19:53:24,17,2022-07-26 16:36:53,2022-07-26 19:53:10,0,0,0,2,2,0,0,0,0,4,Review,"high immediate campaign discount within 0-1 day: 750000, high credited campaign discount: 750000, "
U041210,750000,15,15,15,2022-07-18 16:00:00,2022-07-18 21:30:01,750000,15,15,2022-07-18 16:00:00,2022-07-18 21:30:01,15,2022-07-18 15:23:48,2022-07-18 21:03:51,0,0,0,2,2,0,0,0,0,4,Review,"high immediate campaign discount within 0-1 day: 750000, high credited campaign discount: 750000, "
U042404,750000,15,15,15,2022-07-08 13:30:16,2022-07-08 19:12:54,750000,15,15,2022-07-08 13:30:16,2022-07-08 19:12:54,15,2022-07-08 13:28:30,2022-07-08 19:10:46,0,0,0,2,2,0,0,0,0,4,Review,"high immediate campaign discount within 0-1 day: 750000, high credited campaign discount: 750000, "
U042624,750000,15,15,15,2022-07-14 14:45:02,2022-07-27 15:45:03,0,0,0,,,28,2022-07-11 18:59:20,2022-07-27 15:23:54,1,4,0,0,2,2,0,0,0,4,Review,"high credited campaign discount: 750000, high referral count: 28, "
U043273,750000,15,15,15,2022-07-11 13:45:01,2022-07-11 17:45:02,750000,15,15,2022-07-11 13:45:01,2022-07-11 17:45:02,15,2022-07-11 13:29:55,2022-07-11 17:25:48,0,0,0,2,2,0,0,0,0,4,Review,"high immediate campaign discount within 0-1 day: 750000, high credited campaign discount: 750000, "
U044982,750000,15,15,15,2022-07-01 12:48:38,2022-07-01 19:46:56,750000,15,15,2022-07-01 12:48:38,2022-07-01 19:46:56,16,2022-07-01 12:47:24,2022-07-01 19:46:44,0,0,0,2,2,0,0,0,0,4,Review,"high immediate campaign discount within 0-1 day: 750000, high credited campaign discount: 750000, "
U046231,750000,15,15,15,2022-06-13 08:30:00,2022-07-20 10:30:02,0,0,0,,,25,2022-06-13 07:55:02,2022-07-20 15:17:24,0,0,0,0,2,2,0,0,0,4,Review,"high credited campaign discount: 750000, high referral count: 25, "
U048159,750000,15,15,15,2022-06-29 03:45:00,2022-07-13 01:15:00,0,0,0,,,24,2022-06-29 03:12:13,2022-07-13 13:04:50,4,18,0,0,2,2,0,0,0,4,Review,"high credited campaign discount: 750000, high referral count: 24, "
U049211,750000,15,15,15,2022-07-23 17:15:01,2022-07-23 22:15:02,750000,15,15,2022-07-23 17:15:01,2022-07-23 22:15:02,18,2022-07-23 16:51:44,2022-07-23 21:56:09,0,0,0,2,2,0,0,0,0,4,Review,"high immediate campaign discount within 0-1 day: 750000, high credited campaign discount: 750000, "
U049654,750000,15,15,15,2022-07-24 11:30:00,2022-07-24 16:45:01,750000,15,15,2022-07-24 11:30:00,2022-07-24 16:45:01,16,2022-07-24 11:01:58,2022-07-24 16:18:06,0,0,0,2,2,0,0,0,0,4,Review,"high immediate campaign discount within 0-1 day: 750000, high credited campaign discount: 750000, "
U055135,750000,15,15,15,2022-07-05 06:40:29,2022-07-05 17:32:58,750000,15,15,2022-07-05 06:40:29,2022-07-05 17:32:58,17,2022-07-05 06:38:21,2022-07-05 17:32:14,0,0,0,2,2,0,0,0,0,4,Review,"high immediate campaign discount within 0-1 day: 750000, high credited campaign discount: 750000, "
U055138,750000,15,15,15,2022-06-09 07:20:04,2022-06-10 11:46:29,550000,11,11,2022-06-09 07:20:04,2022-06-09 20:34:20,18,2022-06-09 07:16:26,2022-06-10 11:46:15,0,0,0,2,2,0,0,0,0,4,Review,"high immediate campaign discount within 0-1 day: 550000, high credited campaign discount: 750000, "
U058155,750000,15,15,15,2022-07-10 18:15:02,2022-07-13 11:15:01,0,0,0,,,20,2022-07-10 17:50:50,2022-07-13 11:51:48,1,2,0,0,2,2,0,0,0,4,Review,"high credited campaign discount: 750000, high referral count: 20, "
U059658,750000,15,15,15,2022-06-27 16:15:01,2022-06-27 21:15:00,750000,15,15,2022-06-27 16:15:01,2022-06-27 21:15:00,16,2022-06-27 15:47:37,2022-06-27 20:46:45,0,0,0,2,2,0,0,0,0,4,Review,"high immediate campaign discount within 0-1 day: 750000, high credited campaign discount: 750000, "
U064449,750000,15,15,15,2022-07-08 10:30:02,2022-07-12 09:45:01,0,0,0,,,22,2022-07-08 10:09:17,2022-07-13 21:13:25,1,1,0,0,2,2,0,0,0,4,Review,"high credited campaign discount: 750000, high referral count: 22, "
U065485,750000,15,15,15,2022-07-12 16:45:01,2022-07-15 11:30:00,450000,9,9,2022-07-12 16:45:01,2022-07-13 18:15:02,21,2022-07-12 16:23:39,2022-07-15 10:57:11,1,3,0,0,2,2,0,0,0,4,Review,"high credited campaign discount: 750000, high referral count: 21, "
U066445,750000,15,15,15,2022-06-10 12:07:46,2022-06-11 07:09:27,600000,12,12,2022-06-10 12:07:46,2022-06-10 18:45:24,16,2022-06-10 12:02:27,2022-06-11 07:09:01,0,0,0,2,2,0,0,0,0,4,Review,"high immediate campaign discount within 0-1 day: 600000, high credited campaign discount: 750000, "
U067320,750000,15,15,15,2022-07-23 17:30:05,2022-07-23 19:00:01,750000,15,15,2022-07-23 17:30:05,2022-07-23 19:00:01,15,2022-07-23 17:15:37,2022-07-23 18:35:57,0,0,0,2,2,0,0,0,0,4,Review,"high immediate campaign discount within 0-1 day: 750000, high credited campaign discount: 750000, "
U067491,750000,15,15,15,2022-06-15 11:15:01,2022-07-07 19:30:00,0,0,0,,,22,2022-06-15 10:48:32,2022-07-07 19:04:01,0,0,0,0,2,2,0,0,0,4,Review,"high credited campaign discount: 750000, high referral count: 22, "
U068705,750000,15,15,15,2022-07-07 17:45:01,2022-07-07 20:15:00,750000,15,15,2022-07-07 17:45:01,2022-07-07 20:15:00,17,2022-07-07 17:19:43,2022-07-07 19:46:25,0,0,0,2,2,0,0,0,0,4,Review,"high immediate campaign discount within 0-1 day: 750000, high credited campaign discount: 750000, "
U069689,750000,15,15,15,2022-06-27 22:00:09,2022-06-28 01:00:00,750000,15,15,2022-06-27 22:00:09,2022-06-28 01:00:00,16,2022-06-27 21:59:06,2022-06-28 00:58:16,0,0,0,2,2,0,0,0,0,4,Review,"high immediate campaign discount within 0-1 day: 750000, high credited campaign discount: 750000, "
U070488,750000,15,15,15,2022-06-06 20:32:59,2022-06-07 11:45:46,750000,15,15,2022-06-06 20:32:59,2022-06-07 11:45:46,15,2022-06-06 20:31:03,2022-06-07 11:45:32,0,0,0,2,2,0,0,0,0,4,Review,"high immediate campaign discount within 0-1 day: 750000, high credited campaign discount: 750000, "
U071306,750000,15,15,15,2022-07-19 12:30:01,2022-07-19 17:00:01,750000,15,15,2022-07-19 12:30:01,2022-07-19 17:00:01,15,2022-07-19 12:00:21,2022-07-19 16:34:18,0,0,0,2,2,0,0,0,0,4,Review,"high immediate campaign discount within 0-1 day: 750000, high credited campaign discount: 750000, "
U073224,750000,15,15,15,2022-06-02 22:00:52,2022-06-03 16:01:05,750000,15,15,2022-06-02 22:00:52,2022-06-03 16:01:05,15,2022-06-02 21:58:30,2022-06-03 15:59:59,1,2,0,2,2,0,0,0,0,4,Review,"high immediate campaign discount within 0-1 day: 750000, high credited campaign discount: 750000, "
U074571,750000,15,15,15,2022-06-14 09:00:00,2022-06-27 17:00:01,0,0,0,,,37,2022-06-14 08:14:51,2022-06-28 10:08:17,0,0,0,0,2,2,0,0,0,4,Review,"high credited campaign discount: 750000, high referral count: 37, "
U075861,750000,15,15,15,2022-07-22 20:44:09,2022-07-22 21:45:05,750000,15,15,2022-07-22 20:44:09,2022-07-22 21:45:05,16,2022-07-22 20:17:30,2022-07-22 21:30:57,0,0,0,2,2,0,0,0,0,4,Review,"high immediate campaign discount within 0-1 day: 750000, high credited campaign discount: 750000, "
U079664,750000,15,15,15,2022-07-29 22:15:01,2022-07-31 10:45:00,400000,8,8,2022-07-29 22:15:01,2022-07-29 22:30:01,30,2022-07-29 21:36:14,2022-07-31 10:17:58,0,0,0,0,2,2,0,0,0,4,Review,"high credited campaign discount: 750000, high referral count: 30, "
U083765,750000,15,15,15,2022-07-12 15:45:03,2022-07-18 15:00:00,250000,5,5,2022-07-12 15:45:03,2022-07-13 18:30:01,20,2022-07-12 13:57:35,2022-07-18 14:28:55,1,4,0,0,2,2,0,0,0,4,Review,"high credited campaign discount: 750000, high referral count: 20, "
U084292,750000,15,15,15,2022-07-20 22:30:03,2022-07-20 23:59:30,750000,15,15,2022-07-20 22:30:03,2022-07-20 23:59:30,16,2022-07-20 22:16:42,2022-07-20 23:59:13,0,0,0,2,2,0,0,0,0,4,Review,"high immediate campaign discount within 0-1 day: 750000, high credited campaign discount: 750000, "
U084549,750000,15,15,15,2022-07-29 18:49:00,2022-08-01 20:54:31,400000,8,8,2022-07-29 18:49:00,2022-07-30 14:57:19,30,2022-07-29 17:52:26,2022-08-01 20:54:04,0,0,0,0,2,2,0,0,0,4,Review,"high credited campaign discount: 750000, high referral count: 30, "
U084767,750000,15,15,15,2022-07-19 14:08:05,2022-07-19 15:12:34,750000,15,15,2022-07-19 14:08:05,2022-07-19 15:12:34,15,2022-07-19 14:05:04,2022-07-19 15:12:22,0,0,0,2,2,0,0,0,0,4,Review,"high immediate campaign discount within 0-1 day: 750000, high credited campaign discount: 750000, "
U086370,750000,15,15,15,2022-06-23 07:47:39,2022-06-23 14:49:46,750000,15,15,2022-06-23 07:47:39,2022-06-23 14:49:46,15,2022-06-23 07:45:13,2022-06-23 14:49:24,0,0,0,2,2,0,0,0,0,4,Review,"high immediate campaign discount within 0-1 day: 750000, high credited campaign discount: 750000, "
U086787,750000,15,15,15,2022-07-18 18:30:00,2022-07-18 19:45:00,750000,15,15,2022-07-18 18:30:00,2022-07-18 19:45:00,15,2022-07-18 18:00:29,2022-07-18 19:13:41,0,0,0,2,2,0,0,0,0,4,Review,"high immediate campaign discount within 0-1 day: 750000, high credited campaign discount: 750000, "
U088463,750000,15,15,15,2022-06-28 12:15:00,2022-07-18 16:15:00,0,0,0,,,20,2022-06-27 11:44:46,2022-07-25 11:41:35,0,0,0,0,2,2,0,0,0,4,Review,"high credited campaign discount: 750000, high referral count: 20, "
U088772,750000,15,15,15,2022-07-22 21:21:41,2022-07-22 22:21:32,750000,15,15,2022-07-22 21:21:41,2022-07-22 22:21:32,15,2022-07-22 21:20:52,2022-07-22 22:21:20,0,0,0,2,2,0,0,0,0,4,Review,"high immediate campaign discount within 0-1 day: 750000, high credited campaign discount: 750000, "
U038750,745000,20,20,20,2022-06-17 15:17:26,2022-06-17 23:30:00,0,0,0,,,10,2022-06-17 15:45:14,2022-06-17 23:18:12,1,72,0,0,2,0,0,2,0,4,Review,"high credited campaign discount: 745000, shared IP used by 72 users, "
U045187,745000,20,20,20,2022-06-16 17:08:22,2022-06-19 03:00:00,0,0,0,,,11,2022-06-18 18:04:32,2022-06-19 02:38:12,1,72,0,0,2,0,0,2,0,4,Review,"high credited campaign discount: 745000, shared IP used by 72 users, "
U057352,725000,19,19,19,2022-06-29 12:07:00,2022-07-01 04:15:00,0,0,0,,,10,2022-06-30 21:17:59,2022-07-01 03:51:07,1,30,1,0,2,0,0,1,1,4,Review,"high credited campaign discount: 725000, shared IP used by 30 users, reciprocal transfer loop with 1 partner(s), "
U070437,715000,17,17,17,2022-06-17 17:58:36,2022-06-18 18:21:52,715000,17,17,2022-06-17 17:58:36,2022-06-18 18:21:52,11,2022-06-17 18:41:56,2022-06-18 17:46:57,1,9,0,2,2,0,0,0,0,4,Review,"high immediate campaign discount within 0-1 day: 715000, high credited campaign discount: 715000, "
U018694,705000,16,16,16,2022-06-21 23:20:15,2022-06-26 18:09:37,40000,1,1,2022-06-21 23:20:15,2022-06-21 23:20:15,12,2022-06-24 20:43:27,2022-06-26 18:04:22,1,57,0,0,2,0,0,2,0,4,Review,"high credited campaign discount: 705000, shared IP used by 57 users, "
U045616,705000,18,18,18,2022-06-03 18:56:03,2022-06-04 12:37:59,0,0,0,,,11,2022-06-03 19:03:58,2022-06-04 12:03:10,1,1,50,0,2,0,0,0,2,4,Review,"high credited campaign discount: 705000, reciprocal transfer loop with 50 partner(s), "
U072761,705000,20,20,20,2022-06-13 15:23:29,2022-06-14 15:45:02,0,0,0,,,9,2022-06-13 17:29:50,2022-06-14 15:28:23,1,72,0,0,2,0,0,2,0,4,Review,"high credited campaign discount: 705000, shared IP used by 72 users, "
U008055,700000,14,14,14,2022-07-19 11:57:09,2022-07-19 13:04:09,700000,14,14,2022-07-19 11:57:09,2022-07-19 13:04:09,14,2022-07-19 11:54:32,2022-07-19 13:03:51,0,0,0,2,2,0,0,0,0,4,Review,"high immediate campaign discount within 0-1 day: 700000, high credited campaign discount: 700000, "
U008071,700000,14,14,14,2022-07-14 17:30:02,2022-07-31 17:15:01,0,0,0,,,26,2022-07-14 17:02:45,2022-07-31 16:57:18,1,3,0,0,2,2,0,0,0,4,Review,"high credited campaign discount: 700000, high referral count: 26, "
U008254,700000,14,14,14,2022-06-10 13:30:00,2022-06-11 18:30:01,0,0,0,,,14,2022-06-10 13:12:00,2022-06-11 18:06:13,1,23,1,0,2,0,0,1,1,4,Review,"high credited campaign discount: 700000, shared IP used by 23 users, reciprocal transfer loop with 1 partner(s), "
U008382,700000,14,14,14,2022-07-19 20:22:24,2022-07-19 21:54:24,700000,14,14,2022-07-19 20:22:24,2022-07-19 21:54:24,14,2022-07-19 19:38:48,2022-07-19 21:54:11,0,0,0,2,2,0,0,0,0,4,Review,"high immediate campaign discount within 0-1 day: 700000, high credited campaign discount: 700000, "
U009913,700000,14,14,14,2022-06-28 21:30:00,2022-06-28 23:15:00,700000,14,14,2022-06-28 21:30:00,2022-06-28 23:15:00,19,2022-06-28 21:16:55,2022-06-28 22:55:36,0,0,0,2,2,0,0,0,0,4,Review,"high immediate campaign discount within 0-1 day: 700000, high credited campaign discount: 700000, "
U012226,700000,14,14,14,2022-07-27 08:19:21,2022-08-01 18:23:10,0,0,0,,,25,2022-07-27 07:30:32,2022-08-01 18:19:30,1,1,0,0,2,2,0,0,0,4,Review,"high credited campaign discount: 700000, high referral count: 25, "
U014941,700000,14,14,14,2022-07-27 21:33:05,2022-07-28 09:30:06,700000,14,14,2022-07-27 21:33:05,2022-07-28 09:30:06,14,2022-07-27 20:14:55,2022-07-28 09:16:00,0,0,0,2,2,0,0,0,0,4,Review,"high immediate campaign discount within 0-1 day: 700000, high credited campaign discount: 700000, "
U014994,700000,14,14,14,2022-06-12 14:15:01,2022-07-06 11:30:01,0,0,0,,,23,2022-06-12 13:48:35,2022-07-18 16:12:18,0,0,0,0,2,2,0,0,0,4,Review,"high credited campaign discount: 700000, high referral count: 23, "
U015446,700000,14,14,14,2022-06-21 12:05:03,2022-06-22 12:05:00,700000,14,14,2022-06-21 12:05:03,2022-06-22 12:05:00,14,2022-06-21 12:03:23,2022-06-22 12:04:05,0,0,0,2,2,0,0,0,0,4,Review,"high immediate campaign discount within 0-1 day: 700000, high credited campaign discount: 700000, "
U015612,700000,14,14,14,2022-06-08 15:30:01,2022-06-08 17:00:01,700000,14,14,2022-06-08 15:30:01,2022-06-08 17:00:01,18,2022-06-08 15:08:55,2022-06-08 16:34:36,0,0,0,2,2,0,0,0,0,4,Review,"high immediate campaign discount within 0-1 day: 700000, high credited campaign discount: 700000, "
U016905,700000,14,14,14,2022-07-16 11:00:02,2022-07-17 08:12:07,700000,14,14,2022-07-16 11:00:02,2022-07-17 08:12:07,15,2022-07-16 10:36:51,2022-07-17 08:10:53,0,0,0,2,2,0,0,0,0,4,Review,"high immediate campaign discount within 0-1 day: 700000, high credited campaign discount: 700000, "
U018889,700000,14,14,14,2022-07-16 09:45:02,2022-07-28 13:15:02,0,0,0,,,22,2022-07-16 09:19:01,2022-07-31 08:26:39,1,2,0,0,2,2,0,0,0,4,Review,"high credited campaign discount: 700000, high referral count: 22, "
U019423,700000,14,14,14,2022-07-22 23:15:00,2022-07-23 00:45:00,700000,14,14,2022-07-22 23:15:00,2022-07-23 00:45:00,18,2022-07-22 22:43:55,2022-07-23 00:17:12,0,0,0,2,2,0,0,0,0,4,Review,"high immediate campaign discount within 0-1 day: 700000, high credited campaign discount: 700000, "
U019963,700000,14,14,14,2022-07-07 14:30:03,2022-07-15 19:15:00,150000,3,3,2022-07-07 14:30:03,2022-07-08 21:39:49,22,2022-07-07 14:07:29,2022-07-16 15:52:13,0,0,0,0,2,2,0,0,0,4,Review,"high credited campaign discount: 700000, high referral count: 22, "
U024805,700000,14,14,14,2022-07-19 19:30:00,2022-07-19 20:45:02,700000,14,14,2022-07-19 19:30:00,2022-07-19 20:45:02,14,2022-07-19 19:00:32,2022-07-19 20:23:19,0,0,0,2,2,0,0,0,0,4,Review,"high immediate campaign discount within 0-1 day: 700000, high credited campaign discount: 700000, "
U026289,700000,14,14,14,2022-07-16 15:00:02,2022-07-21 00:15:01,0,0,0,,,20,2022-07-16 14:32:07,2022-07-20 23:55:18,0,0,0,0,2,2,0,0,0,4,Review,"high credited campaign discount: 700000, high referral count: 20, "
U028253,700000,14,14,14,2022-07-07 22:45:00,2022-07-08 00:30:00,700000,14,14,2022-07-07 22:45:00,2022-07-08 00:30:00,15,2022-07-07 22:21:29,2022-07-08 12:56:45,0,0,0,2,2,0,0,0,0,4,Review,"high immediate campaign discount within 0-1 day: 700000, high credited campaign discount: 700000, "
U029864,700000,14,14,14,2022-07-22 09:01:00,2022-07-22 17:27:21,700000,14,14,2022-07-22 09:01:00,2022-07-22 17:27:21,17,2022-07-22 07:36:42,2022-07-22 17:27:02,0,0,0,2,2,0,0,0,0,4,Review,"high immediate campaign discount within 0-1 day: 700000, high credited campaign discount: 700000, "
U034981,700000,14,14,14,2022-07-10 19:15:00,2022-07-10 23:00:02,700000,14,14,2022-07-10 19:15:00,2022-07-10 23:00:02,14,2022-07-10 18:41:54,2022-07-10 22:40:25,0,0,0,2,2,0,0,0,0,4,Review,"high immediate campaign discount within 0-1 day: 700000, high credited campaign discount: 700000, "
U035739,700000,14,14,14,2022-07-22 22:00:03,2022-08-01 14:24:26,0,0,0,,,25,2022-07-22 15:56:09,2022-07-27 10:09:17,1,1,0,0,2,2,0,0,0,4,Review,"high credited campaign discount: 700000, high referral count: 25, "
U036537,700000,14,14,14,2022-06-20 11:30:21,2022-06-26 15:42:29,0,0,0,,,30,2022-06-20 11:24:26,2022-06-26 15:39:35,0,1,0,0,2,2,0,0,0,4,Review,"high credited campaign discount: 700000, high referral count: 30, "
U037883,700000,14,14,14,2022-07-14 17:30:03,2022-07-15 11:12:34,700000,14,14,2022-07-14 17:30:03,2022-07-15 11:12:34,16,2022-07-14 17:06:30,2022-07-15 11:12:19,0,0,0,2,2,0,0,0,0,4,Review,"high immediate campaign discount within 0-1 day: 700000, high credited campaign discount: 700000, "
U038699,700000,14,14,14,2022-08-01 17:39:08,2022-08-01 20:07:28,700000,14,14,2022-08-01 17:39:08,2022-08-01 20:07:28,18,2022-08-01 16:46:39,2022-08-01 20:00:48,0,0,0,2,2,0,0,0,0,4,Review,"high immediate campaign discount within 0-1 day: 700000, high credited campaign discount: 700000, "
U038970,700000,14,14,14,2022-07-12 11:30:00,2022-07-12 14:45:00,700000,14,14,2022-07-12 11:30:00,2022-07-12 14:45:00,14,2022-07-12 10:55:15,2022-07-12 14:11:58,0,0,0,2,2,0,0,0,0,4,Review,"high immediate campaign discount within 0-1 day: 700000, high credited campaign discount: 700000, "
U039343,700000,14,14,14,2022-06-15 12:05:19,2022-06-16 06:54:43,700000,14,14,2022-06-15 12:05:19,2022-06-16 06:54:43,15,2022-06-15 12:02:02,2022-06-16 06:54:26,0,0,0,2,2,0,0,0,0,4,Review,"high immediate campaign discount within 0-1 day: 700000, high credited campaign discount: 700000, "
U040314,700000,14,14,14,2022-07-07 20:15:01,2022-07-07 22:30:01,700000,14,14,2022-07-07 20:15:01,2022-07-07 22:30:01,14,2022-07-07 19:54:11,2022-07-07 22:06:26,0,0,0,2,2,0,0,0,0,4,Review,"high immediate campaign discount within 0-1 day: 700000, high credited campaign discount: 700000, "
U041194,700000,14,14,14,2022-06-28 11:15:01,2022-06-29 17:15:00,700000,14,14,2022-06-28 11:15:01,2022-06-29 17:15:00,18,2022-06-28 10:49:58,2022-06-29 16:55:48,1,1,0,2,2,0,0,0,0,4,Review,"high immediate campaign discount within 0-1 day: 700000, high credited campaign discount: 700000, "
U041348,700000,14,14,14,2022-07-19 11:00:00,2022-07-19 14:00:01,700000,14,14,2022-07-19 11:00:00,2022-07-19 14:00:01,17,2022-07-19 10:03:42,2022-07-19 13:32:25,0,0,0,2,2,0,0,0,0,4,Review,"high immediate campaign discount within 0-1 day: 700000, high credited campaign discount: 700000, "
U045441,700000,14,14,14,2022-07-18 15:29:28,2022-07-19 10:29:12,700000,14,14,2022-07-18 15:29:28,2022-07-19 10:29:12,16,2022-07-18 15:17:24,2022-07-19 10:28:32,0,0,0,2,2,0,0,0,0,4,Review,"high immediate campaign discount within 0-1 day: 700000, high credited campaign discount: 700000, "
U046826,700000,14,14,14,2022-07-10 15:00:00,2022-07-10 17:30:01,700000,14,14,2022-07-10 15:00:00,2022-07-10 17:30:01,14,2022-07-10 14:27:00,2022-07-10 17:04:09,0,0,0,2,2,0,0,0,0,4,Review,"high immediate campaign discount within 0-1 day: 700000, high credited campaign discount: 700000, "
U051614,700000,14,14,14,2022-07-12 14:45:01,2022-07-15 11:45:00,400000,8,8,2022-07-12 14:45:01,2022-07-13 14:00:00,22,2022-07-12 14:15:29,2022-07-15 13:43:44,0,0,0,0,2,2,0,0,0,4,Review,"high credited campaign discount: 700000, high referral count: 22, "
U054344,700000,14,14,14,2022-07-29 21:28:40,2022-07-29 23:23:42,700000,14,14,2022-07-29 21:28:40,2022-07-29 23:23:42,14,2022-07-29 21:24:33,2022-07-29 23:22:47,0,0,0,2,2,0,0,0,0,4,Review,"high immediate campaign discount within 0-1 day: 700000, high credited campaign discount: 700000, "
U055290,700000,14,14,14,2022-07-23 22:45:09,2022-07-24 16:28:19,700000,14,14,2022-07-23 22:45:09,2022-07-24 16:28:19,16,2022-07-23 22:01:12,2022-07-24 16:27:27,0,0,0,2,2,0,0,0,0,4,Review,"high immediate campaign discount within 0-1 day: 700000, high credited campaign discount: 700000, "
U058237,700000,14,14,14,2022-06-26 09:45:00,2022-07-18 09:30:02,0,0,0,,,22,2022-06-26 07:38:57,2022-07-18 14:22:18,0,0,0,0,2,2,0,0,0,4,Review,"high credited campaign discount: 700000, high referral count: 22, "
U058345,700000,14,14,14,2022-06-28 19:15:01,2022-06-28 20:48:05,700000,14,14,2022-06-28 19:15:01,2022-06-28 20:48:05,15,2022-06-28 19:09:25,2022-06-28 20:47:37,0,0,0,2,2,0,0,0,0,4,Review,"high immediate campaign discount within 0-1 day: 700000, high credited campaign discount: 700000, "
U058652,700000,14,14,14,2022-06-02 06:54:19,2022-06-02 11:48:52,700000,14,14,2022-06-02 06:54:19,2022-06-02 11:48:52,18,2022-06-02 06:51:50,2022-06-02 16:44:45,0,0,0,2,2,0,0,0,0,4,Review,"high immediate campaign discount within 0-1 day: 700000, high credited campaign discount: 700000, "
U058816,700000,14,14,14,2022-07-12 15:45:00,2022-07-12 17:45:00,700000,14,14,2022-07-12 15:45:00,2022-07-12 17:45:00,14,2022-07-12 15:12:37,2022-07-12 17:15:03,0,0,0,2,2,0,0,0,0,4,Review,"high immediate campaign discount within 0-1 day: 700000, high credited campaign discount: 700000, "
U058837,700000,14,14,14,2022-07-28 18:30:01,2022-07-29 22:45:00,0,0,0,,,14,2022-07-28 18:04:01,2022-07-29 22:29:07,1,1,10,0,2,0,0,0,2,4,Review,"high credited campaign discount: 700000, reciprocal transfer loop with 10 partner(s), "
U062053,700000,14,14,14,2022-07-11 09:15:00,2022-07-11 13:56:49,700000,14,14,2022-07-11 09:15:00,2022-07-11 13:56:49,14,2022-07-11 08:40:13,2022-07-11 13:56:34,0,0,0,2,2,0,0,0,0,4,Review,"high immediate campaign discount within 0-1 day: 700000, high credited campaign discount: 700000, "
U064654,700000,14,14,14,2022-07-06 18:15:00,2022-07-06 22:30:00,700000,14,14,2022-07-06 18:15:00,2022-07-06 22:30:00,16,2022-07-06 17:40:11,2022-07-06 22:08:47,0,0,0,2,2,0,0,0,0,4,Review,"high immediate campaign discount within 0-1 day: 700000, high credited campaign discount: 700000, "
U066819,700000,14,14,14,2022-07-01 15:38:52,2022-07-01 17:30:02,700000,14,14,2022-07-01 15:38:52,2022-07-01 17:30:02,14,2022-07-01 15:37:50,2022-07-01 17:12:08,0,0,0,2,2,0,0,0,0,4,Review,"high immediate campaign discount within 0-1 day: 700000, high credited campaign discount: 700000, "
U067426,700000,14,14,14,2022-07-10 20:36:33,2022-07-10 22:45:01,700000,14,14,2022-07-10 20:36:33,2022-07-10 22:45:01,16,2022-07-10 20:32:38,2022-07-10 22:19:02,0,0,0,2,2,0,0,0,0,4,Review,"high immediate campaign discount within 0-1 day: 700000, high credited campaign discount: 700000, "
U072191,700000,14,14,14,2022-07-19 14:00:00,2022-07-26 16:30:02,0,0,0,,,20,2022-07-18 12:36:04,2022-07-27 16:12:38,1,2,0,0,2,2,0,0,0,4,Review,"high credited campaign discount: 700000, high referral count: 20, "
U075242,700000,14,14,14,2022-06-18 09:15:01,2022-06-28 10:45:02,0,0,0,,,22,2022-06-18 08:45:49,2022-06-29 09:41:53,0,0,0,0,2,2,0,0,0,4,Review,"high credited campaign discount: 700000, high referral count: 22, "
U078285,700000,14,14,14,2022-06-23 16:23:29,2022-06-24 18:53:29,700000,14,14,2022-06-23 16:23:29,2022-06-24 18:53:29,15,2022-06-23 16:19:38,2022-06-24 18:53:12,0,0,0,2,2,0,0,0,0,4,Review,"high immediate campaign discount within 0-1 day: 700000, high credited campaign discount: 700000, "
U078578,700000,14,14,14,2022-06-30 18:45:00,2022-07-24 11:45:01,0,0,0,,,21,2022-06-30 18:09:43,2022-07-24 15:40:56,1,2,0,0,2,2,0,0,0,4,Review,"high credited campaign discount: 700000, high referral count: 21, "
U079367,700000,14,14,14,2022-07-20 17:30:00,2022-07-20 21:45:01,700000,14,14,2022-07-20 17:30:00,2022-07-20 21:45:01,14,2022-07-20 16:58:08,2022-07-20 21:17:27,0,0,0,2,2,0,0,0,0,4,Review,"high immediate campaign discount within 0-1 day: 700000, high credited campaign discount: 700000, "
U079925,700000,14,14,14,2022-07-09 15:30:00,2022-07-14 10:00:01,50000,1,1,2022-07-09 15:30:00,2022-07-09 15:30:00,21,2022-07-09 14:13:05,2022-07-14 09:35:57,0,0,0,0,2,2,0,0,0,4,Review,"high credited campaign discount: 700000, high referral count: 21, "
U080500,700000,14,14,14,2022-07-17 22:30:00,2022-07-17 23:37:27,700000,14,14,2022-07-17 22:30:00,2022-07-17 23:37:27,15,2022-07-17 22:06:42,2022-07-17 23:37:04,0,0,0,2,2,0,0,0,0,4,Review,"high immediate campaign discount within 0-1 day: 700000, high credited campaign discount: 700000, "
U081551,700000,14,14,14,2022-07-07 15:15:02,2022-07-07 17:45:02,700000,14,14,2022-07-07 15:15:02,2022-07-07 17:45:02,14,2022-07-07 14:54:53,2022-07-07 17:29:06,0,0,0,2,2,0,0,0,0,4,Review,"high immediate campaign discount within 0-1 day: 700000, high credited campaign discount: 700000, "
U081775,700000,14,14,14,2022-07-08 08:45:01,2022-07-08 16:45:01,700000,14,14,2022-07-08 08:45:01,2022-07-08 16:45:01,14,2022-07-08 08:33:57,2022-07-08 16:21:24,0,0,0,2,2,0,0,0,0,4,Review,"high immediate campaign discount within 0-1 day: 700000, high credited campaign discount: 700000, "
U082627,700000,14,14,14,2022-07-15 15:22:22,2022-07-16 09:34:29,700000,14,14,2022-07-15 15:22:22,2022-07-16 09:34:29,15,2022-07-15 14:52:44,2022-07-16 09:34:11,0,0,0,2,2,0,0,0,0,4,Review,"high immediate campaign discount within 0-1 day: 700000, high credited campaign discount: 700000, "
U083766,700000,14,14,14,2022-06-01 14:00:00,2022-06-13 12:00:02,0,0,0,,,20,2022-06-01 13:38:02,2022-06-13 12:04:11,1,2,0,0,2,2,0,0,0,4,Review,"high credited campaign discount: 700000, high referral count: 20, "
U084104,700000,14,14,14,2022-07-26 18:00:00,2022-07-26 19:00:03,700000,14,14,2022-07-26 18:00:00,2022-07-26 19:00:03,14,2022-07-26 17:38:48,2022-07-26 18:52:07,0,0,0,2,2,0,0,0,0,4,Review,"high immediate campaign discount within 0-1 day: 700000, high credited campaign discount: 700000, "
U085862,700000,14,14,14,2022-06-05 08:45:00,2022-06-05 15:00:00,700000,14,14,2022-06-05 08:45:00,2022-06-05 15:00:00,16,2022-06-05 08:22:21,2022-06-05 15:39:13,1,2,0,2,2,0,0,0,0,4,Review,"high immediate campaign discount within 0-1 day: 700000, high credited campaign discount: 700000, "
U086134,700000,14,14,14,2022-07-22 14:30:01,2022-07-22 16:45:04,700000,14,14,2022-07-22 14:30:01,2022-07-22 16:45:04,17,2022-07-22 14:03:44,2022-07-22 16:26:42,0,0,0,2,2,0,0,0,0,4,Review,"high immediate campaign discount within 0-1 day: 700000, high credited campaign discount: 700000, "
U090028,700000,14,14,14,2022-07-28 18:39:27,2022-07-28 20:15:01,700000,14,14,2022-07-28 18:39:27,2022-07-28 20:15:01,14,2022-07-28 18:38:37,2022-07-28 19:50:57,0,0,0,2,2,0,0,0,0,4,Review,"high immediate campaign discount within 0-1 day: 700000, high credited campaign discount: 700000, "
U058864,685000,17,17,17,2022-06-20 05:36:54,2022-06-21 03:15:00,0,0,0,,,11,2022-06-20 17:42:19,2022-06-21 03:05:41,1,72,0,0,2,0,0,2,0,4,Review,"high credited campaign discount: 685000, shared IP used by 72 users, "
U039837,680000,14,14,14,2022-06-21 14:46:13,2022-07-12 17:30:00,0,0,0,,,20,2022-06-22 14:26:11,2022-07-12 17:00:47,1,2,0,0,2,2,0,0,0,4,Review,"high credited campaign discount: 680000, high referral count: 20, "
U064067,665000,18,18,18,2022-06-01 17:57:10,2022-06-03 18:11:02,0,0,0,,,9,2022-06-03 09:47:12,2022-06-03 18:09:41,1,2,50,0,2,0,0,0,2,4,Review,"high credited campaign discount: 665000, reciprocal transfer loop with 50 partner(s), "
U084028,665000,18,18,18,2022-06-18 11:11:54,2022-06-18 15:15:01,0,0,0,,,9,2022-06-18 13:42:58,2022-06-18 14:51:33,1,72,0,0,2,0,0,2,0,4,Review,"high credited campaign discount: 665000, shared IP used by 72 users, "
U059351,655000,16,16,16,2022-06-06 15:27:27,2022-06-07 18:48:35,0,0,0,,,11,2022-06-06 23:02:12,2022-06-07 19:17:58,1,48,2,0,2,0,0,1,1,4,Review,"high credited campaign discount: 655000, shared IP used by 48 users, reciprocal transfer loop with 2 partner(s), "
U002265,650000,13,13,13,2022-07-06 13:00:00,2022-07-06 13:45:01,650000,13,13,2022-07-06 13:00:00,2022-07-06 13:45:01,13,2022-07-06 12:33:21,2022-07-06 13:20:46,0,0,0,2,2,0,0,0,0,4,Review,"high immediate campaign discount within 0-1 day: 650000, high credited campaign discount: 650000, "
U002316,650000,13,13,13,2022-07-09 11:15:01,2022-07-09 18:15:01,650000,13,13,2022-07-09 11:15:01,2022-07-09 18:15:01,13,2022-07-09 10:45:36,2022-07-09 17:48:26,0,0,0,2,2,0,0,0,0,4,Review,"high immediate campaign discount within 0-1 day: 650000, high credited campaign discount: 650000, "
U002867,650000,13,13,13,2022-07-05 20:30:01,2022-07-05 21:15:01,650000,13,13,2022-07-05 20:30:01,2022-07-05 21:15:01,13,2022-07-05 20:06:57,2022-07-05 20:48:59,0,0,0,2,2,0,0,0,0,4,Review,"high immediate campaign discount within 0-1 day: 650000, high credited campaign discount: 650000, "
U004405,650000,13,13,13,2022-07-31 14:37:20,2022-07-31 21:51:11,650000,13,13,2022-07-31 14:37:20,2022-07-31 21:51:11,15,2022-07-31 14:26:54,2022-08-01 22:01:16,0,0,0,2,2,0,0,0,0,4,Review,"high immediate campaign discount within 0-1 day: 650000, high credited campaign discount: 650000, "
U005169,650000,13,13,13,2022-07-17 13:30:00,2022-07-17 16:15:02,650000,13,13,2022-07-17 13:30:00,2022-07-17 16:15:02,15,2022-07-17 13:03:16,2022-07-17 15:55:32,0,0,0,2,2,0,0,0,0,4,Review,"high immediate campaign discount within 0-1 day: 650000, high credited campaign discount: 650000, "
U012057,650000,13,13,13,2022-06-14 09:15:00,2022-06-22 22:00:00,0,0,0,,,21,2022-06-14 08:50:00,2022-06-22 21:43:23,0,0,0,0,2,2,0,0,0,4,Review,"high credited campaign discount: 650000, high referral count: 21, "
U019003,650000,13,13,13,2022-07-13 16:15:04,2022-07-13 18:00:02,650000,13,13,2022-07-13 16:15:04,2022-07-13 18:00:02,18,2022-07-13 16:01:22,2022-07-13 17:47:17,0,0,0,2,2,0,0,0,0,4,Review,"high immediate campaign discount within 0-1 day: 650000, high credited campaign discount: 650000, "
U019915,650000,13,13,13,2022-06-27 20:32:09,2022-06-28 00:00:00,650000,13,13,2022-06-27 20:32:09,2022-06-28 00:00:00,14,2022-06-27 20:04:18,2022-06-27 23:30:36,0,0,0,2,2,0,0,0,0,4,Review,"high immediate campaign discount within 0-1 day: 650000, high credited campaign discount: 650000, "
U020473,650000,13,13,13,2022-07-23 19:45:00,2022-07-23 22:00:01,650000,13,13,2022-07-23 19:45:00,2022-07-23 22:00:01,16,2022-07-23 19:21:06,2022-07-23 21:33:22,0,0,0,2,2,0,0,0,0,4,Review,"high immediate campaign discount within 0-1 day: 650000, high credited campaign discount: 650000, "
U029461,650000,13,13,13,2022-06-04 21:15:00,2022-06-06 09:30:00,450000,9,9,2022-06-04 21:15:00,2022-06-05 12:15:00,30,2022-06-04 20:40:33,2022-06-06 09:16:17,1,1,0,0,2,2,0,0,0,4,Review,"high credited campaign discount: 650000, high referral count: 30, "
U030942,650000,13,13,13,2022-07-27 22:30:05,2022-07-28 01:45:01,650000,13,13,2022-07-27 22:30:05,2022-07-28 01:45:01,13,2022-07-27 22:13:01,2022-07-28 01:20:30,0,0,0,2,2,0,0,0,0,4,Review,"high immediate campaign discount within 0-1 day: 650000, high credited campaign discount: 650000, "
U034960,650000,13,13,13,2022-07-08 13:00:00,2022-07-11 15:00:03,0,0,0,,,23,2022-07-08 12:27:29,2022-07-11 16:51:58,0,0,0,0,2,2,0,0,0,4,Review,"high credited campaign discount: 650000, high referral count: 23, "
U039728,650000,13,13,13,2022-07-23 14:45:00,2022-07-23 18:15:02,650000,13,13,2022-07-23 14:45:00,2022-07-23 18:15:02,13,2022-07-23 14:11:14,2022-07-23 17:48:12,0,0,0,2,2,0,0,0,0,4,Review,"high immediate campaign discount within 0-1 day: 650000, high credited campaign discount: 650000, "
U040892,650000,13,13,13,2022-06-05 19:30:00,2022-06-07 20:30:00,0,0,0,,,13,2022-06-05 19:06:59,2022-06-07 20:08:55,1,6,13,0,2,0,0,0,2,4,Review,"high credited campaign discount: 650000, reciprocal transfer loop with 13 partner(s), "
U043519,650000,13,13,13,2022-07-13 09:58:12,2022-07-13 17:30:03,650000,13,13,2022-07-13 09:58:12,2022-07-13 17:30:03,15,2022-07-13 09:42:07,2022-07-13 17:13:01,0,0,0,2,2,0,0,0,0,4,Review,"high immediate campaign discount within 0-1 day: 650000, high credited campaign discount: 650000, "
U045500,650000,13,13,13,2022-07-07 17:45:02,2022-07-07 19:30:01,650000,13,13,2022-07-07 17:45:02,2022-07-07 19:30:01,13,2022-07-07 17:29:34,2022-07-07 19:07:57,0,0,0,2,2,0,0,0,0,4,Review,"high immediate campaign discount within 0-1 day: 650000, high credited campaign discount: 650000, "
U046296,650000,13,13,13,2022-07-19 22:45:02,2022-07-20 00:42:09,650000,13,13,2022-07-19 22:45:02,2022-07-20 00:42:09,15,2022-07-19 22:32:01,2022-07-20 00:38:18,0,0,0,2,2,0,0,0,0,4,Review,"high immediate campaign discount within 0-1 day: 650000, high credited campaign discount: 650000, "
U047780,650000,13,13,13,2022-07-23 11:26:03,2022-07-23 13:45:02,650000,13,13,2022-07-23 11:26:03,2022-07-23 13:45:02,13,2022-07-23 11:23:52,2022-07-23 13:19:56,0,0,0,2,2,0,0,0,0,4,Review,"high immediate campaign discount within 0-1 day: 650000, high credited campaign discount: 650000, "
U049508,650000,13,13,13,2022-06-05 20:47:31,2022-06-15 18:00:01,0,0,0,,,28,2022-06-05 18:42:37,2022-06-15 17:41:25,0,0,0,0,2,2,0,0,0,4,Review,"high credited campaign discount: 650000, high referral count: 28, "
U054320,650000,13,13,13,2022-07-24 21:35:54,2022-07-26 07:22:28,600000,12,12,2022-07-24 21:35:54,2022-07-25 20:02:56,16,2022-07-24 21:16:38,2022-07-26 06:53:39,0,0,0,2,2,0,0,0,0,4,Review,"high immediate campaign discount within 0-1 day: 600000, high credited campaign discount: 650000, "
U055703,650000,13,13,13,2022-07-09 13:15:01,2022-07-09 15:15:00,650000,13,13,2022-07-09 13:15:01,2022-07-09 15:15:00,14,2022-07-09 12:48:04,2022-07-09 14:43:09,0,0,0,2,2,0,0,0,0,4,Review,"high immediate campaign discount within 0-1 day: 650000, high credited campaign discount: 650000, "
U058579,650000,13,13,13,2022-07-17 12:00:00,2022-07-26 18:45:03,300000,6,6,2022-07-17 12:00:00,2022-07-17 20:30:03,23,2022-07-17 11:26:28,2022-07-27 10:16:13,1,11,0,0,2,2,0,0,0,4,Review,"high credited campaign discount: 650000, high referral count: 23, "
U060420,650000,13,13,13,2022-07-05 15:15:01,2022-07-05 18:37:13,650000,13,13,2022-07-05 15:15:01,2022-07-05 18:37:13,14,2022-07-05 14:53:13,2022-07-05 18:37:00,0,0,0,2,2,0,0,0,0,4,Review,"high immediate campaign discount within 0-1 day: 650000, high credited campaign discount: 650000, "
U061749,650000,13,13,13,2022-07-14 17:00:00,2022-07-14 18:15:04,650000,13,13,2022-07-14 17:00:00,2022-07-14 18:15:04,13,2022-07-14 16:26:12,2022-07-14 17:49:26,0,0,0,2,2,0,0,0,0,4,Review,"high immediate campaign discount within 0-1 day: 650000, high credited campaign discount: 650000, "
U063323,650000,13,13,13,2022-07-05 13:00:00,2022-07-05 14:00:01,650000,13,13,2022-07-05 13:00:00,2022-07-05 14:00:01,13,2022-07-05 12:28:53,2022-07-05 13:39:04,0,0,0,2,2,0,0,0,0,4,Review,"high immediate campaign discount within 0-1 day: 650000, high credited campaign discount: 650000, "
U069584,650000,13,13,13,2022-07-12 20:15:01,2022-07-12 22:45:02,650000,13,13,2022-07-12 20:15:01,2022-07-12 22:45:02,14,2022-07-12 19:56:55,2022-07-12 22:30:55,0,0,0,2,2,0,0,0,0,4,Review,"high immediate campaign discount within 0-1 day: 650000, high credited campaign discount: 650000, "
U069948,650000,13,13,13,2022-06-29 14:00:00,2022-06-29 16:15:02,650000,13,13,2022-06-29 14:00:00,2022-06-29 16:15:02,13,2022-06-29 13:32:00,2022-06-29 15:53:44,0,0,0,2,2,0,0,0,0,4,Review,"high immediate campaign discount within 0-1 day: 650000, high credited campaign discount: 650000, "
U078502,650000,13,13,13,2022-07-07 09:45:00,2022-07-13 11:00:03,0,0,0,,,20,2022-07-07 09:19:27,2022-07-14 10:23:41,0,0,0,0,2,2,0,0,0,4,Review,"high credited campaign discount: 650000, high referral count: 20, "
U080471,650000,13,13,13,2022-06-13 15:29:48,2022-06-14 13:06:37,650000,13,13,2022-06-13 15:29:48,2022-06-14 13:06:37,13,2022-06-13 15:27:57,2022-06-14 13:06:01,0,0,0,2,2,0,0,0,0,4,Review,"high immediate campaign discount within 0-1 day: 650000, high credited campaign discount: 650000, "
U083256,650000,13,13,13,2022-07-02 12:30:00,2022-07-02 17:00:00,650000,13,13,2022-07-02 12:30:00,2022-07-02 17:00:00,13,2022-07-02 12:00:44,2022-07-02 16:32:58,0,0,0,2,2,0,0,0,0,4,Review,"high immediate campaign discount within 0-1 day: 650000, high credited campaign discount: 650000, "
U083579,650000,13,13,13,2022-07-22 22:00:01,2022-07-23 08:07:35,650000,13,13,2022-07-22 22:00:01,2022-07-23 08:07:35,13,2022-07-22 21:31:15,2022-07-23 08:07:16,0,0,0,2,2,0,0,0,0,4,Review,"high immediate campaign discount within 0-1 day: 650000, high credited campaign discount: 650000, "
U083882,650000,13,13,13,2022-07-14 14:15:01,2022-07-14 15:58:03,650000,13,13,2022-07-14 14:15:01,2022-07-14 15:58:03,13,2022-07-14 13:53:12,2022-07-14 15:57:21,0,0,0,2,2,0,0,0,0,4,Review,"high immediate campaign discount within 0-1 day: 650000, high credited campaign discount: 650000, "
U084688,650000,13,13,13,2022-07-07 23:45:00,2022-07-08 00:30:01,650000,13,13,2022-07-07 23:45:00,2022-07-08 00:30:01,13,2022-07-07 23:20:05,2022-07-08 00:05:10,0,0,0,2,2,0,0,0,0,4,Review,"high immediate campaign discount within 0-1 day: 650000, high credited campaign discount: 650000, "
U086734,650000,13,13,13,2022-07-31 19:24:51,2022-07-31 21:30:00,650000,13,13,2022-07-31 19:24:51,2022-07-31 21:30:00,14,2022-07-31 18:55:54,2022-07-31 21:02:39,0,0,0,2,2,0,0,0,0,4,Review,"high immediate campaign discount within 0-1 day: 650000, high credited campaign discount: 650000, "
U076175,645000,16,16,16,2022-07-04 09:30:00,2022-07-10 15:31:07,0,0,0,,,12,2022-07-04 08:56:37,2022-07-04 16:22:47,1,34,1,0,2,0,0,1,1,4,Review,"high credited campaign discount: 645000, shared IP used by 34 users, reciprocal transfer loop with 1 partner(s), "
U003717,635000,17,17,17,2022-06-08 21:21:34,2022-06-18 11:33:22,0,0,0,,,8,2022-06-17 20:17:16,2022-06-18 11:33:04,1,13,18,0,2,0,0,0,2,4,Review,"high credited campaign discount: 635000, reciprocal transfer loop with 18 partner(s), "
U055318,635000,16,16,16,2022-06-08 20:11:19,2022-06-10 10:13:37,145000,5,5,2022-06-08 20:11:19,2022-06-08 20:18:51,9,2022-06-09 16:34:50,2022-06-09 20:04:30,2,4,92,0,2,0,0,0,2,4,Review,"high credited campaign discount: 635000, reciprocal transfer loop with 92 partner(s), "
U066718,635000,16,16,16,2022-06-28 01:57:00,2022-06-29 00:30:00,0,0,0,,,9,2022-06-28 14:44:41,2022-06-28 23:58:16,1,5,27,0,2,0,0,0,2,4,Review,"high credited campaign discount: 635000, reciprocal transfer loop with 27 partner(s), "
U069358,620000,15,15,15,2022-07-18 21:57:08,2022-07-20 15:21:17,0,0,0,,,11,2022-07-18 21:55:40,2022-07-19 14:22:52,1,24,1,0,2,0,0,1,1,4,Review,"high credited campaign discount: 620000, shared IP used by 24 users, reciprocal transfer loop with 1 partner(s), "
U089906,605000,17,17,17,2022-06-05 18:41:09,2022-06-09 14:11:01,0,0,0,,,7,2022-06-07 22:01:44,2022-06-08 21:37:27,3,2,25,0,2,0,0,0,2,4,Review,"high credited campaign discount: 605000, reciprocal transfer loop with 25 partner(s), "
U000155,600000,12,12,12,2022-06-26 13:13:00,2022-06-27 12:54:53,600000,12,12,2022-06-26 13:13:00,2022-06-27 12:54:53,15,2022-06-26 12:50:12,2022-06-27 12:38:16,0,0,0,2,2,0,0,0,0,4,Review,"high immediate campaign discount within 0-1 day: 600000, high credited campaign discount: 600000, "
U000379,600000,12,12,12,2022-07-12 20:45:00,2022-07-13 00:15:00,600000,12,12,2022-07-12 20:45:00,2022-07-13 00:15:00,13,2022-07-12 20:19:11,2022-07-12 23:45:39,0,0,0,2,2,0,0,0,0,4,Review,"high immediate campaign discount within 0-1 day: 600000, high credited campaign discount: 600000, "
U000464,600000,12,12,12,2022-06-26 13:45:00,2022-06-26 15:15:00,600000,12,12,2022-06-26 13:45:00,2022-06-26 15:15:00,12,2022-06-26 13:13:41,2022-06-26 14:43:41,0,0,0,2,2,0,0,0,0,4,Review,"high immediate campaign discount within 0-1 day: 600000, high credited campaign discount: 600000, "
U001494,600000,12,12,12,2022-07-24 23:30:01,2022-07-25 00:40:23,600000,12,12,2022-07-24 23:30:01,2022-07-25 00:40:23,12,2022-07-24 23:04:01,2022-07-25 00:40:13,0,0,0,2,2,0,0,0,0,4,Review,"high immediate campaign discount within 0-1 day: 600000, high credited campaign discount: 600000, "
U001736,600000,12,12,12,2022-07-27 18:00:03,2022-07-27 21:45:02,600000,12,12,2022-07-27 18:00:03,2022-07-27 21:45:02,12,2022-07-27 17:30:24,2022-07-27 21:16:39,0,0,0,2,2,0,0,0,0,4,Review,"high immediate campaign discount within 0-1 day: 600000, high credited campaign discount: 600000, "
U001998,600000,12,12,12,2022-07-16 21:15:00,2022-07-17 01:00:00,600000,12,12,2022-07-16 21:15:00,2022-07-17 01:00:00,12,2022-07-16 20:45:09,2022-07-17 00:27:19,0,0,0,2,2,0,0,0,0,4,Review,"high immediate campaign discount within 0-1 day: 600000, high credited campaign discount: 600000, "
U002268,600000,12,12,12,2022-07-07 21:00:01,2022-07-07 21:41:33,600000,12,12,2022-07-07 21:00:01,2022-07-07 21:41:33,12,2022-07-07 20:36:50,2022-07-07 21:07:36,0,0,0,2,2,0,0,0,0,4,Review,"high immediate campaign discount within 0-1 day: 600000, high credited campaign discount: 600000, "
U002673,600000,12,12,12,2022-06-28 13:00:00,2022-06-28 18:04:46,600000,12,12,2022-06-28 13:00:00,2022-06-28 18:04:46,12,2022-06-28 12:24:59,2022-06-28 17:36:02,0,0,0,2,2,0,0,0,0,4,Review,"high immediate campaign discount within 0-1 day: 600000, high credited campaign discount: 600000, "
U002725,600000,12,12,12,2022-07-11 15:00:00,2022-07-11 15:45:00,600000,12,12,2022-07-11 15:00:00,2022-07-11 15:45:00,12,2022-07-11 14:28:22,2022-07-11 15:13:21,0,0,0,2,2,0,0,0,0,4,Review,"high immediate campaign discount within 0-1 day: 600000, high credited campaign discount: 600000, "
U003281,600000,12,12,12,2022-06-30 15:15:00,2022-06-30 15:45:01,600000,12,12,2022-06-30 15:15:00,2022-06-30 15:45:01,12,2022-06-30 14:38:53,2022-06-30 15:16:49,0,0,0,2,2,0,0,0,0,4,Review,"high immediate campaign discount within 0-1 day: 600000, high credited campaign discount: 600000, "
U003416,600000,12,12,12,2022-06-30 17:30:01,2022-06-30 19:00:00,600000,12,12,2022-06-30 17:30:01,2022-06-30 19:00:00,12,2022-06-30 17:00:25,2022-06-30 18:31:43,0,0,0,2,2,0,0,0,0,4,Review,"high immediate campaign discount within 0-1 day: 600000, high credited campaign discount: 600000, "
U003432,600000,12,12,12,2022-07-19 15:30:00,2022-07-19 17:30:00,600000,12,12,2022-07-19 15:30:00,2022-07-19 17:30:00,12,2022-07-19 15:05:02,2022-07-19 16:56:40,0,0,0,2,2,0,0,0,0,4,Review,"high immediate campaign discount within 0-1 day: 600000, high credited campaign discount: 600000, "
U003661,600000,12,12,12,2022-07-03 14:00:01,2022-07-03 16:15:00,600000,12,12,2022-07-03 14:00:01,2022-07-03 16:15:00,12,2022-07-03 13:38:22,2022-07-03 15:45:11,0,0,0,2,2,0,0,0,0,4,Review,"high immediate campaign discount within 0-1 day: 600000, high credited campaign discount: 600000, "
U004127,600000,12,12,12,2022-07-02 15:30:01,2022-07-02 17:15:01,600000,12,12,2022-07-02 15:30:01,2022-07-02 17:15:01,12,2022-07-02 15:02:46,2022-07-02 16:48:35,0,0,0,2,2,0,0,0,0,4,Review,"high immediate campaign discount within 0-1 day: 600000, high credited campaign discount: 600000, "
U004653,600000,12,12,12,2022-06-25 23:45:00,2022-06-26 15:45:01,600000,12,12,2022-06-25 23:45:00,2022-06-26 15:45:01,12,2022-06-25 23:21:12,2022-06-26 15:27:04,0,0,0,2,2,0,0,0,0,4,Review,"high immediate campaign discount within 0-1 day: 600000, high credited campaign discount: 600000, "
U005055,600000,12,12,12,2022-07-27 22:21:33,2022-07-27 23:15:04,600000,12,12,2022-07-27 22:21:33,2022-07-27 23:15:04,12,2022-07-27 22:19:25,2022-07-27 22:56:51,0,0,0,2,2,0,0,0,0,4,Review,"high immediate campaign discount within 0-1 day: 600000, high credited campaign discount: 600000, "
U006357,600000,12,12,12,2022-07-07 18:15:00,2022-07-07 18:45:01,600000,12,12,2022-07-07 18:15:00,2022-07-07 18:45:01,12,2022-07-07 17:43:04,2022-07-07 18:21:22,0,0,0,2,2,0,0,0,0,4,Review,"high immediate campaign discount within 0-1 day: 600000, high credited campaign discount: 600000, "
U006537,600000,12,12,12,2022-07-18 22:45:00,2022-07-19 07:15:00,600000,12,12,2022-07-18 22:45:00,2022-07-19 07:15:00,12,2022-07-18 22:11:41,2022-07-19 06:52:09,0,0,0,2,2,0,0,0,0,4,Review,"high immediate campaign discount within 0-1 day: 600000, high credited campaign discount: 600000, "
U006685,600000,12,12,12,2022-07-03 14:45:01,2022-07-03 15:15:02,600000,12,12,2022-07-03 14:45:01,2022-07-03 15:15:02,12,2022-07-03 14:12:43,2022-07-03 14:53:08,0,0,0,2,2,0,0,0,0,4,Review,"high immediate campaign discount within 0-1 day: 600000, high credited campaign discount: 600000, "
U006857,600000,12,12,12,2022-07-17 17:00:01,2022-07-17 18:30:00,600000,12,12,2022-07-17 17:00:01,2022-07-17 18:30:00,12,2022-07-17 16:36:26,2022-07-17 17:59:53,0,0,0,2,2,0,0,0,0,4,Review,"high immediate campaign discount within 0-1 day: 600000, high credited campaign discount: 600000, "
U007046,600000,12,12,12,2022-07-03 16:45:02,2022-07-03 17:15:01,600000,12,12,2022-07-03 16:45:02,2022-07-03 17:15:01,12,2022-07-03 16:15:05,2022-07-03 16:51:23,0,0,0,2,2,0,0,0,0,4,Review,"high immediate campaign discount within 0-1 day: 600000, high credited campaign discount: 600000, "
U007187,600000,12,12,12,2022-07-10 20:00:00,2022-07-10 20:45:00,600000,12,12,2022-07-10 20:00:00,2022-07-10 20:45:00,12,2022-07-10 19:25:24,2022-07-10 20:13:56,0,0,0,2,2,0,0,0,0,4,Review,"high immediate campaign discount within 0-1 day: 600000, high credited campaign discount: 600000, "
U008391,600000,12,12,12,2022-07-11 18:45:01,2022-07-11 19:45:00,600000,12,12,2022-07-11 18:45:01,2022-07-11 19:45:00,12,2022-07-11 18:20:06,2022-07-11 19:12:33,0,0,0,2,2,0,0,0,0,4,Review,"high immediate campaign discount within 0-1 day: 600000, high credited campaign discount: 600000, "
U008933,600000,12,12,12,2022-07-09 20:15:00,2022-07-09 23:28:58,600000,12,12,2022-07-09 20:15:00,2022-07-09 23:28:58,12,2022-07-09 19:47:26,2022-07-09 22:55:21,0,0,0,2,2,0,0,0,0,4,Review,"high immediate campaign discount within 0-1 day: 600000, high credited campaign discount: 600000, "
U009132,600000,12,12,12,2022-07-09 17:30:01,2022-07-09 18:30:01,600000,12,12,2022-07-09 17:30:01,2022-07-09 18:30:01,12,2022-07-09 17:06:40,2022-07-09 18:05:45,0,0,0,2,2,0,0,0,0,4,Review,"high immediate campaign discount within 0-1 day: 600000, high credited campaign discount: 600000, "
U009151,600000,12,12,12,2022-07-03 12:07:31,2022-07-03 15:16:16,600000,12,12,2022-07-03 12:07:31,2022-07-03 15:16:16,12,2022-07-03 12:05:52,2022-07-03 15:13:32,0,0,0,2,2,0,0,0,0,4,Review,"high immediate campaign discount within 0-1 day: 600000, high credited campaign discount: 600000, "
U009316,600000,12,12,12,2022-07-10 16:00:03,2022-07-11 21:31:58,600000,12,12,2022-07-10 16:00:03,2022-07-11 21:31:58,12,2022-07-10 15:56:48,2022-07-11 21:31:25,0,0,0,2,2,0,0,0,0,4,Review,"high immediate campaign discount within 0-1 day: 600000, high credited campaign discount: 600000, "
U009556,600000,12,12,12,2022-07-18 15:15:03,2022-07-18 21:48:22,600000,12,12,2022-07-18 15:15:03,2022-07-18 21:48:22,12,2022-07-18 14:48:24,2022-07-18 21:46:50,0,0,0,2,2,0,0,0,0,4,Review,"high immediate campaign discount within 0-1 day: 600000, high credited campaign discount: 600000, "
U009646,600000,12,12,12,2022-06-28 19:45:02,2022-06-28 20:30:01,600000,12,12,2022-06-28 19:45:02,2022-06-28 20:30:01,12,2022-06-28 19:19:49,2022-06-28 20:10:04,0,0,0,2,2,0,0,0,0,4,Review,"high immediate campaign discount within 0-1 day: 600000, high credited campaign discount: 600000, "
U010309,600000,12,12,12,2022-07-20 11:00:01,2022-07-20 13:00:00,600000,12,12,2022-07-20 11:00:01,2022-07-20 13:00:00,12,2022-07-20 10:32:12,2022-07-20 12:29:39,0,0,0,2,2,0,0,0,0,4,Review,"high immediate campaign discount within 0-1 day: 600000, high credited campaign discount: 600000, "
U010876,600000,12,12,12,2022-06-30 23:15:00,2022-07-01 00:35:50,600000,12,12,2022-06-30 23:15:00,2022-07-01 00:35:50,12,2022-06-30 22:43:51,2022-07-01 00:01:21,0,0,0,2,2,0,0,0,0,4,Review,"high immediate campaign discount within 0-1 day: 600000, high credited campaign discount: 600000, "
U011757,600000,12,12,12,2022-07-04 09:56:48,2022-07-04 11:00:00,600000,12,12,2022-07-04 09:56:48,2022-07-04 11:00:00,12,2022-07-04 09:10:52,2022-07-04 10:32:04,0,0,0,2,2,0,0,0,0,4,Review,"high immediate campaign discount within 0-1 day: 600000, high credited campaign discount: 600000, "
U013388,600000,12,12,12,2022-07-15 11:30:02,2022-07-15 13:45:01,600000,12,12,2022-07-15 11:30:02,2022-07-15 13:45:01,12,2022-07-15 11:02:52,2022-07-15 13:18:01,0,0,0,2,2,0,0,0,0,4,Review,"high immediate campaign discount within 0-1 day: 600000, high credited campaign discount: 600000, "
U013945,600000,12,12,12,2022-07-04 17:45:02,2022-07-04 18:15:01,600000,12,12,2022-07-04 17:45:02,2022-07-04 18:15:01,12,2022-07-04 17:21:34,2022-07-04 17:55:45,0,0,0,2,2,0,0,0,0,4,Review,"high immediate campaign discount within 0-1 day: 600000, high credited campaign discount: 600000, "
U014323,600000,12,12,12,2022-07-11 17:30:00,2022-07-11 18:30:03,600000,12,12,2022-07-11 17:30:00,2022-07-11 18:30:03,12,2022-07-11 16:57:33,2022-07-11 18:10:00,0,0,0,2,2,0,0,0,0,4,Review,"high immediate campaign discount within 0-1 day: 600000, high credited campaign discount: 600000, "
U014802,600000,12,12,12,2022-07-10 16:20:07,2022-07-10 21:28:29,600000,12,12,2022-07-10 16:20:07,2022-07-10 21:28:29,17,2022-07-10 15:42:25,2022-07-10 22:27:03,0,0,0,2,2,0,0,0,0,4,Review,"high immediate campaign discount within 0-1 day: 600000, high credited campaign discount: 600000, "
U016031,600000,12,12,12,2022-07-10 14:00:03,2022-07-10 15:00:02,600000,12,12,2022-07-10 14:00:03,2022-07-10 15:00:02,12,2022-07-10 13:37:19,2022-07-10 14:37:19,0,0,0,2,2,0,0,0,0,4,Review,"high immediate campaign discount within 0-1 day: 600000, high credited campaign discount: 600000, "
U016271,600000,12,12,12,2022-06-27 15:30:00,2022-06-27 16:45:01,600000,12,12,2022-06-27 15:30:00,2022-06-27 16:45:01,16,2022-06-27 15:01:37,2022-06-27 22:19:46,0,0,0,2,2,0,0,0,0,4,Review,"high immediate campaign discount within 0-1 day: 600000, high credited campaign discount: 600000, "
U016771,600000,12,12,12,2022-07-15 16:00:02,2022-07-15 19:15:01,600000,12,12,2022-07-15 16:00:02,2022-07-15 19:15:01,15,2022-07-15 15:37:05,2022-07-15 19:13:11,0,0,0,2,2,0,0,0,0,4,Review,"high immediate campaign discount within 0-1 day: 600000, high credited campaign discount: 600000, "
U017213,600000,12,12,12,2022-07-13 13:30:00,2022-07-13 15:30:03,600000,12,12,2022-07-13 13:30:00,2022-07-13 15:30:03,12,2022-07-13 12:54:22,2022-07-13 15:08:30,0,0,0,2,2,0,0,0,0,4,Review,"high immediate campaign discount within 0-1 day: 600000, high credited campaign discount: 600000, "
U017481,600000,12,12,12,2022-07-21 17:45:01,2022-07-21 19:15:00,600000,12,12,2022-07-21 17:45:01,2022-07-21 19:15:00,12,2022-07-21 17:17:13,2022-07-21 18:51:13,0,0,0,2,2,0,0,0,0,4,Review,"high immediate campaign discount within 0-1 day: 600000, high credited campaign discount: 600000, "
U017850,600000,12,12,12,2022-07-05 23:15:00,2022-07-05 23:45:01,600000,12,12,2022-07-05 23:15:00,2022-07-05 23:45:01,13,2022-07-05 22:40:45,2022-07-05 23:19:30,0,0,0,2,2,0,0,0,0,4,Review,"high immediate campaign discount within 0-1 day: 600000, high credited campaign discount: 600000, "
U018115,600000,12,12,12,2022-06-29 20:50:01,2022-06-29 22:15:01,600000,12,12,2022-06-29 20:50:01,2022-06-29 22:15:01,12,2022-06-29 20:48:14,2022-06-29 21:57:29,0,0,0,2,2,0,0,0,0,4,Review,"high immediate campaign discount within 0-1 day: 600000, high credited campaign discount: 600000, "
U018379,600000,12,12,12,2022-07-11 13:01:04,2022-07-12 20:41:06,0,0,0,,,28,2022-07-11 12:06:32,2022-07-13 12:44:55,2,4,0,0,2,2,0,0,0,4,Review,"high credited campaign discount: 600000, high referral count: 28, "
U019005,600000,12,12,12,2022-07-16 18:30:01,2022-07-16 22:15:00,600000,12,12,2022-07-16 18:30:01,2022-07-16 22:15:00,13,2022-07-16 18:06:10,2022-07-17 10:16:52,0,0,0,2,2,0,0,0,0,4,Review,"high immediate campaign discount within 0-1 day: 600000, high credited campaign discount: 600000, "
U019454,600000,12,12,12,2022-06-29 22:30:00,2022-06-30 00:15:00,600000,12,12,2022-06-29 22:30:00,2022-06-30 00:15:00,12,2022-06-29 22:03:50,2022-06-29 23:46:07,0,0,0,2,2,0,0,0,0,4,Review,"high immediate campaign discount within 0-1 day: 600000, high credited campaign discount: 600000, "
U019684,600000,12,12,12,2022-08-01 16:00:03,2022-08-01 17:26:16,600000,12,12,2022-08-01 16:00:03,2022-08-01 17:26:16,13,2022-08-01 15:59:08,2022-08-01 17:24:49,0,0,0,2,2,0,0,0,0,4,Review,"high immediate campaign discount within 0-1 day: 600000, high credited campaign discount: 600000, "
U019723,600000,12,12,12,2022-07-04 22:45:00,2022-07-05 00:00:00,600000,12,12,2022-07-04 22:45:00,2022-07-05 00:00:00,12,2022-07-04 22:10:56,2022-07-04 23:29:00,0,0,0,2,2,0,0,0,0,4,Review,"high immediate campaign discount within 0-1 day: 600000, high credited campaign discount: 600000, "
U021723,600000,12,12,12,2022-07-13 11:15:02,2022-07-13 17:45:02,600000,12,12,2022-07-13 11:15:02,2022-07-13 17:45:02,12,2022-07-13 10:41:26,2022-07-13 17:20:25,0,0,0,2,2,0,0,0,0,4,Review,"high immediate campaign discount within 0-1 day: 600000, high credited campaign discount: 600000, "
U022117,600000,12,12,12,2022-07-04 13:15:01,2022-07-04 15:15:01,600000,12,12,2022-07-04 13:15:01,2022-07-04 15:15:01,12,2022-07-04 12:52:08,2022-07-04 14:54:55,0,0,0,2,2,0,0,0,0,4,Review,"high immediate campaign discount within 0-1 day: 600000, high credited campaign discount: 600000, "
U022443,600000,12,12,12,2022-07-06 21:45:01,2022-07-06 22:15:00,600000,12,12,2022-07-06 21:45:01,2022-07-06 22:15:00,12,2022-07-06 21:16:44,2022-07-06 21:45:26,0,0,0,2,2,0,0,0,0,4,Review,"high immediate campaign discount within 0-1 day: 600000, high credited campaign discount: 600000, "
U022460,600000,12,12,12,2022-07-11 23:45:00,2022-07-12 00:45:00,600000,12,12,2022-07-11 23:45:00,2022-07-12 00:45:00,12,2022-07-11 23:18:23,2022-07-12 00:10:47,0,0,0,2,2,0,0,0,0,4,Review,"high immediate campaign discount within 0-1 day: 600000, high credited campaign discount: 600000, "
U022599,600000,12,12,12,2022-07-03 18:45:00,2022-07-03 20:00:02,600000,12,12,2022-07-03 18:45:00,2022-07-03 20:00:02,12,2022-07-03 18:19:37,2022-07-03 19:40:18,0,0,0,2,2,0,0,0,0,4,Review,"high immediate campaign discount within 0-1 day: 600000, high credited campaign discount: 600000, "
U023750,600000,12,12,12,2022-07-13 17:15:00,2022-07-13 18:45:01,600000,12,12,2022-07-13 17:15:00,2022-07-13 18:45:01,12,2022-07-13 16:38:06,2022-07-13 18:16:07,0,0,0,2,2,0,0,0,0,4,Review,"high immediate campaign discount within 0-1 day: 600000, high credited campaign discount: 600000, "
U024307,600000,12,12,12,2022-07-24 18:42:05,2022-07-24 19:30:03,600000,12,12,2022-07-24 18:42:05,2022-07-24 19:30:03,12,2022-07-24 18:40:24,2022-07-24 19:14:41,0,0,0,2,2,0,0,0,0,4,Review,"high immediate campaign discount within 0-1 day: 600000, high credited campaign discount: 600000, "
U025261,600000,12,12,12,2022-07-07 00:30:00,2022-07-07 00:45:01,600000,12,12,2022-07-07 00:30:00,2022-07-07 00:45:01,12,2022-07-06 23:49:17,2022-07-07 00:22:24,0,0,0,2,2,0,0,0,0,4,Review,"high immediate campaign discount within 0-1 day: 600000, high credited campaign discount: 600000, "
U025462,600000,12,12,12,2022-07-03 22:15:01,2022-07-03 23:00:00,600000,12,12,2022-07-03 22:15:01,2022-07-03 23:00:00,12,2022-07-03 21:48:56,2022-07-03 22:29:59,0,0,0,2,2,0,0,0,0,4,Review,"high immediate campaign discount within 0-1 day: 600000, high credited campaign discount: 600000, "
U027421,600000,12,12,12,2022-07-09 15:15:01,2022-07-09 16:00:00,600000,12,12,2022-07-09 15:15:01,2022-07-09 16:00:00,12,2022-07-09 14:46:58,2022-07-09 15:27:40,0,0,0,2,2,0,0,0,0,4,Review,"high immediate campaign discount within 0-1 day: 600000, high credited campaign discount: 600000, "
U027620,600000,12,12,12,2022-07-04 21:00:00,2022-07-04 22:00:00,600000,12,12,2022-07-04 21:00:00,2022-07-04 22:00:00,12,2022-07-04 20:28:13,2022-07-04 21:36:07,0,0,0,2,2,0,0,0,0,4,Review,"high immediate campaign discount within 0-1 day: 600000, high credited campaign discount: 600000, "
U028374,600000,12,12,12,2022-06-27 11:30:01,2022-06-27 12:45:00,600000,12,12,2022-06-27 11:30:01,2022-06-27 12:45:00,12,2022-06-27 11:01:58,2022-06-27 12:14:52,0,0,0,2,2,0,0,0,0,4,Review,"high immediate campaign discount within 0-1 day: 600000, high credited campaign discount: 600000, "
U028977,600000,12,12,12,2022-06-29 14:15:01,2022-07-24 09:30:01,0,0,0,,,22,2022-06-29 13:52:39,2022-07-24 09:04:47,1,2,0,0,2,2,0,0,0,4,Review,"high credited campaign discount: 600000, high referral count: 22, "
U029071,600000,12,12,12,2022-07-14 11:04:28,2022-07-14 16:24:17,600000,12,12,2022-07-14 11:04:28,2022-07-14 16:24:17,15,2022-07-14 10:10:24,2022-07-14 16:23:41,0,0,0,2,2,0,0,0,0,4,Review,"high immediate campaign discount within 0-1 day: 600000, high credited campaign discount: 600000, "
U029328,600000,12,12,12,2022-07-04 19:00:00,2022-07-04 19:45:02,600000,12,12,2022-07-04 19:00:00,2022-07-04 19:45:02,12,2022-07-04 18:37:01,2022-07-04 19:29:46,0,0,0,2,2,0,0,0,0,4,Review,"high immediate campaign discount within 0-1 day: 600000, high credited campaign discount: 600000, "
U029545,600000,12,12,12,2022-06-28 22:30:00,2022-06-29 00:15:01,600000,12,12,2022-06-28 22:30:00,2022-06-29 00:15:01,12,2022-06-28 21:55:13,2022-06-28 23:53:36,0,0,0,2,2,0,0,0,0,4,Review,"high immediate campaign discount within 0-1 day: 600000, high credited campaign discount: 600000, "
U029605,600000,12,12,12,2022-07-07 20:45:00,2022-07-24 09:00:01,0,0,0,,,21,2022-07-07 20:18:28,2022-07-24 08:31:06,1,1,0,0,2,2,0,0,0,4,Review,"high credited campaign discount: 600000, high referral count: 21, "
U029979,600000,12,12,12,2022-07-14 12:00:00,2022-07-14 14:15:00,600000,12,12,2022-07-14 12:00:00,2022-07-14 14:15:00,12,2022-07-14 11:26:04,2022-07-14 13:41:32,0,0,0,2,2,0,0,0,0,4,Review,"high immediate campaign discount within 0-1 day: 600000, high credited campaign discount: 600000, "
U030322,600000,12,12,12,2022-07-16 10:51:02,2022-07-16 16:18:19,600000,12,12,2022-07-16 10:51:02,2022-07-16 16:18:19,15,2022-07-16 10:11:51,2022-07-16 16:18:04,0,0,0,2,2,0,0,0,0,4,Review,"high immediate campaign discount within 0-1 day: 600000, high credited campaign discount: 600000, "
U031078,600000,12,12,12,2022-06-27 17:45:00,2022-06-27 19:45:02,600000,12,12,2022-06-27 17:45:00,2022-06-27 19:45:02,12,2022-06-27 17:14:55,2022-06-27 19:24:46,0,0,0,2,2,0,0,0,0,4,Review,"high immediate campaign discount within 0-1 day: 600000, high credited campaign discount: 600000, "
U031765,600000,12,12,12,2022-07-06 11:30:01,2022-07-06 12:00:01,600000,12,12,2022-07-06 11:30:01,2022-07-06 12:00:01,12,2022-07-06 11:05:38,2022-07-06 11:34:15,0,0,0,2,2,0,0,0,0,4,Review,"high immediate campaign discount within 0-1 day: 600000, high credited campaign discount: 600000, "
U031827,600000,12,12,12,2022-07-09 23:15:00,2022-07-10 00:15:00,600000,12,12,2022-07-09 23:15:00,2022-07-10 00:15:00,12,2022-07-09 22:50:08,2022-07-09 23:46:57,0,0,0,2,2,0,0,0,0,4,Review,"high immediate campaign discount within 0-1 day: 600000, high credited campaign discount: 600000, "
U031941,600000,12,12,12,2022-07-17 20:45:00,2022-07-18 00:15:00,600000,12,12,2022-07-17 20:45:00,2022-07-18 00:15:00,15,2022-07-17 20:09:03,2022-07-17 23:50:46,0,0,0,2,2,0,0,0,0,4,Review,"high immediate campaign discount within 0-1 day: 600000, high credited campaign discount: 600000, "
U032199,600000,12,12,12,2022-07-07 12:46:13,2022-07-07 17:44:10,600000,12,12,2022-07-07 12:46:13,2022-07-07 17:44:10,12,2022-07-07 12:23:19,2022-07-07 17:43:53,0,0,0,2,2,0,0,0,0,4,Review,"high immediate campaign discount within 0-1 day: 600000, high credited campaign discount: 600000, "
U033547,600000,12,12,12,2022-07-03 20:00:00,2022-07-03 20:30:00,600000,12,12,2022-07-03 20:00:00,2022-07-03 20:30:00,12,2022-07-03 19:26:40,2022-07-03 20:04:53,0,0,0,2,2,0,0,0,0,4,Review,"high immediate campaign discount within 0-1 day: 600000, high credited campaign discount: 600000, "
U033552,600000,12,12,12,2022-07-12 10:15:01,2022-07-12 11:00:02,600000,12,12,2022-07-12 10:15:01,2022-07-12 11:00:02,12,2022-07-12 09:47:27,2022-07-12 10:38:29,0,0,0,2,2,0,0,0,0,4,Review,"high immediate campaign discount within 0-1 day: 600000, high credited campaign discount: 600000, "
U033840,600000,12,12,12,2022-07-13 19:15:00,2022-07-13 21:30:01,600000,12,12,2022-07-13 19:15:00,2022-07-13 21:30:01,12,2022-07-13 18:40:23,2022-07-13 21:06:33,0,0,0,2,2,0,0,0,0,4,Review,"high immediate campaign discount within 0-1 day: 600000, high credited campaign discount: 600000, "
U034090,600000,12,12,12,2022-07-03 08:45:00,2022-07-03 09:30:02,600000,12,12,2022-07-03 08:45:00,2022-07-03 09:30:02,12,2022-07-03 08:18:32,2022-07-03 09:11:05,0,0,0,2,2,0,0,0,0,4,Review,"high immediate campaign discount within 0-1 day: 600000, high credited campaign discount: 600000, "
U034482,600000,12,12,12,2022-07-14 21:45:02,2022-07-14 23:45:00,600000,12,12,2022-07-14 21:45:02,2022-07-14 23:45:00,12,2022-07-14 21:22:56,2022-07-14 23:12:58,0,0,0,2,2,0,0,0,0,4,Review,"high immediate campaign discount within 0-1 day: 600000, high credited campaign discount: 600000, "
U034690,600000,12,12,12,2022-07-04 14:15:00,2022-07-04 14:45:00,600000,12,12,2022-07-04 14:15:00,2022-07-04 14:45:00,12,2022-07-04 13:39:51,2022-07-04 14:19:26,0,0,0,2,2,0,0,0,0,4,Review,"high immediate campaign discount within 0-1 day: 600000, high credited campaign discount: 600000, "
U034879,600000,12,12,12,2022-07-15 12:30:00,2022-07-15 14:15:01,600000,12,12,2022-07-15 12:30:00,2022-07-15 14:15:01,12,2022-07-15 11:57:15,2022-07-15 13:49:46,0,0,0,2,2,0,0,0,0,4,Review,"high immediate campaign discount within 0-1 day: 600000, high credited campaign discount: 600000, "
U035104,600000,12,12,12,2022-07-31 14:51:59,2022-07-31 17:09:04,600000,12,12,2022-07-31 14:51:59,2022-07-31 17:09:04,12,2022-07-31 14:49:02,2022-07-31 17:08:46,0,0,0,2,2,0,0,0,0,4,Review,"high immediate campaign discount within 0-1 day: 600000, high credited campaign discount: 600000, "
U035364,600000,12,12,12,2022-07-14 23:30:00,2022-07-15 00:45:00,600000,12,12,2022-07-14 23:30:00,2022-07-15 00:45:00,13,2022-07-14 22:57:22,2022-07-15 00:25:19,0,0,0,2,2,0,0,0,0,4,Review,"high immediate campaign discount within 0-1 day: 600000, high credited campaign discount: 600000, "
U035701,600000,12,12,12,2022-06-29 17:45:00,2022-06-29 18:45:01,600000,12,12,2022-06-29 17:45:00,2022-06-29 18:45:01,12,2022-06-29 17:28:51,2022-06-29 18:18:40,0,0,0,2,2,0,0,0,0,4,Review,"high immediate campaign discount within 0-1 day: 600000, high credited campaign discount: 600000, "
U035925,600000,12,12,12,2022-07-04 20:50:46,2022-07-04 22:30:02,600000,12,12,2022-07-04 20:50:46,2022-07-04 22:30:02,12,2022-07-04 20:49:55,2022-07-04 22:14:29,0,0,0,2,2,0,0,0,0,4,Review,"high immediate campaign discount within 0-1 day: 600000, high credited campaign discount: 600000, "
U036750,600000,12,12,12,2022-07-11 14:15:00,2022-07-11 16:00:00,600000,12,12,2022-07-11 14:15:00,2022-07-11 16:00:00,12,2022-07-11 13:44:55,2022-07-11 15:30:14,0,0,0,2,2,0,0,0,0,4,Review,"high immediate campaign discount within 0-1 day: 600000, high credited campaign discount: 600000, "
U038353,600000,12,12,12,2022-06-29 13:00:01,2022-06-29 17:00:01,600000,12,12,2022-06-29 13:00:01,2022-06-29 17:00:01,12,2022-06-29 12:36:10,2022-06-29 16:37:37,0,0,0,2,2,0,0,0,0,4,Review,"high immediate campaign discount within 0-1 day: 600000, high credited campaign discount: 600000, "
U039984,600000,12,12,12,2022-06-30 15:15:00,2022-06-30 16:30:00,600000,12,12,2022-06-30 15:15:00,2022-06-30 16:30:00,12,2022-06-30 14:45:11,2022-06-30 16:04:40,0,0,0,2,2,0,0,0,0,4,Review,"high immediate campaign discount within 0-1 day: 600000, high credited campaign discount: 600000, "
U040419,600000,12,12,12,2022-07-08 12:18:41,2022-07-08 17:21:07,600000,12,12,2022-07-08 12:18:41,2022-07-08 17:21:07,12,2022-07-08 11:15:18,2022-07-08 17:20:41,0,0,0,2,2,0,0,0,0,4,Review,"high immediate campaign discount within 0-1 day: 600000, high credited campaign discount: 600000, "
U040644,600000,12,12,12,2022-07-18 14:00:01,2022-07-18 15:15:01,600000,12,12,2022-07-18 14:00:01,2022-07-18 15:15:01,12,2022-07-18 13:33:27,2022-07-18 14:46:37,0,0,0,2,2,0,0,0,0,4,Review,"high immediate campaign discount within 0-1 day: 600000, high credited campaign discount: 600000, "
U040787,600000,12,12,12,2022-06-05 23:00:00,2022-06-07 15:15:00,0,0,0,,,20,2022-06-05 22:32:46,2022-06-10 15:45:32,0,0,0,0,2,2,0,0,0,4,Review,"high credited campaign discount: 600000, high referral count: 20, "
U040922,600000,12,12,12,2022-07-09 13:00:01,2022-07-09 14:15:00,600000,12,12,2022-07-09 13:00:01,2022-07-09 14:15:00,12,2022-07-09 12:32:07,2022-07-09 13:44:49,0,0,0,2,2,0,0,0,0,4,Review,"high immediate campaign discount within 0-1 day: 600000, high credited campaign discount: 600000, "
U041656,600000,12,12,12,2022-07-16 17:15:00,2022-07-16 19:15:00,600000,12,12,2022-07-16 17:15:00,2022-07-16 19:15:00,12,2022-07-16 16:51:01,2022-07-16 18:50:22,0,0,0,2,2,0,0,0,0,4,Review,"high immediate campaign discount within 0-1 day: 600000, high credited campaign discount: 600000, "
U041676,600000,12,12,12,2022-07-21 19:45:01,2022-07-21 20:15:01,600000,12,12,2022-07-21 19:45:01,2022-07-21 20:15:01,12,2022-07-21 19:23:26,2022-07-21 19:54:59,0,0,0,2,2,0,0,0,0,4,Review,"high immediate campaign discount within 0-1 day: 600000, high credited campaign discount: 600000, "
U042692,600000,12,12,12,2022-07-13 12:45:00,2022-07-13 16:45:01,600000,12,12,2022-07-13 12:45:00,2022-07-13 16:45:01,12,2022-07-13 12:17:33,2022-07-13 16:20:25,0,0,0,2,2,0,0,0,0,4,Review,"high immediate campaign discount within 0-1 day: 600000, high credited campaign discount: 600000, "
U042867,600000,12,12,12,2022-06-06 09:32:55,2022-06-07 15:15:45,0,0,0,,,26,2022-06-05 14:19:44,2022-06-07 17:22:39,0,0,0,0,2,2,0,0,0,4,Review,"high credited campaign discount: 600000, high referral count: 26, "
U043850,600000,12,12,12,2022-07-21 12:15:00,2022-07-21 14:00:01,600000,12,12,2022-07-21 12:15:00,2022-07-21 14:00:01,12,2022-07-21 11:50:30,2022-07-21 13:38:12,0,0,0,2,2,0,0,0,0,4,Review,"high immediate campaign discount within 0-1 day: 600000, high credited campaign discount: 600000, "
U044596,600000,12,12,12,2022-07-19 09:00:01,2022-07-19 11:00:02,600000,12,12,2022-07-19 09:00:01,2022-07-19 11:00:02,12,2022-07-19 08:32:15,2022-07-19 10:38:30,0,0,0,2,2,0,0,0,0,4,Review,"high immediate campaign discount within 0-1 day: 600000, high credited campaign discount: 600000, "
U046868,600000,12,12,12,2022-07-17 11:45:00,2022-07-25 13:30:02,50000,1,1,2022-07-17 11:45:00,2022-07-17 11:45:00,35,2022-07-17 11:07:12,2022-07-25 13:00:55,0,0,0,0,2,2,0,0,0,4,Review,"high credited campaign discount: 600000, high referral count: 35, "
U047073,600000,12,12,12,2022-07-03 15:15:00,2022-07-03 22:15:01,600000,12,12,2022-07-03 15:15:00,2022-07-03 22:15:01,16,2022-07-03 14:42:44,2022-07-03 22:08:41,0,0,0,2,2,0,0,0,0,4,Review,"high immediate campaign discount within 0-1 day: 600000, high credited campaign discount: 600000, "
U047472,600000,12,12,12,2022-06-13 16:00:01,2022-06-14 14:45:00,0,0,0,,,12,2022-06-13 15:34:44,2022-06-14 14:15:01,1,5,23,0,2,0,0,0,2,4,Review,"high credited campaign discount: 600000, reciprocal transfer loop with 23 partner(s), "
U049578,600000,12,12,12,2022-07-29 15:30:05,2022-08-01 16:45:00,0,0,0,,,25,2022-07-29 11:52:10,2022-08-01 16:14:42,1,5,0,0,2,2,0,0,0,4,Review,"high credited campaign discount: 600000, high referral count: 25, "
U051963,600000,12,12,12,2022-06-26 16:00:00,2022-06-26 20:30:00,600000,12,12,2022-06-26 16:00:00,2022-06-26 20:30:00,12,2022-06-26 15:32:20,2022-06-26 20:00:26,0,0,0,2,2,0,0,0,0,4,Review,"high immediate campaign discount within 0-1 day: 600000, high credited campaign discount: 600000, "
U054402,600000,12,12,12,2022-07-06 19:15:00,2022-07-06 19:45:01,600000,12,12,2022-07-06 19:15:00,2022-07-06 19:45:01,12,2022-07-06 18:41:06,2022-07-06 19:21:44,0,0,0,2,2,0,0,0,0,4,Review,"high immediate campaign discount within 0-1 day: 600000, high credited campaign discount: 600000, "
U056579,600000,12,12,12,2022-07-15 12:15:01,2022-07-16 07:46:04,600000,12,12,2022-07-15 12:15:01,2022-07-16 07:46:04,12,2022-07-15 11:42:06,2022-07-16 07:44:19,0,0,0,2,2,0,0,0,0,4,Review,"high immediate campaign discount within 0-1 day: 600000, high credited campaign discount: 600000, "
U057081,600000,12,12,12,2022-07-11 22:30:00,2022-07-11 23:00:02,600000,12,12,2022-07-11 22:30:00,2022-07-11 23:00:02,12,2022-07-11 21:54:24,2022-07-11 22:36:49,0,0,0,2,2,0,0,0,0,4,Review,"high immediate campaign discount within 0-1 day: 600000, high credited campaign discount: 600000, "
U059844,600000,12,12,12,2022-06-26 20:15:01,2022-06-26 23:15:00,600000,12,12,2022-06-26 20:15:01,2022-06-26 23:15:00,12,2022-06-26 19:52:20,2022-06-26 22:43:54,0,0,0,2,2,0,0,0,0,4,Review,"high immediate campaign discount within 0-1 day: 600000, high credited campaign discount: 600000, "
U060464,600000,12,12,12,2022-07-04 23:30:00,2022-07-05 07:36:24,600000,12,12,2022-07-04 23:30:00,2022-07-05 07:36:24,12,2022-07-04 23:02:19,2022-07-05 07:34:22,0,0,0,2,2,0,0,0,0,4,Review,"high immediate campaign discount within 0-1 day: 600000, high credited campaign discount: 600000, "
U060512,600000,12,12,12,2022-07-06 15:00:01,2022-07-06 15:45:01,600000,12,12,2022-07-06 15:00:01,2022-07-06 15:45:01,12,2022-07-06 14:29:18,2022-07-06 15:13:42,0,0,0,2,2,0,0,0,0,4,Review,"high immediate campaign discount within 0-1 day: 600000, high credited campaign discount: 600000, "
U060915,600000,12,12,12,2022-07-04 16:30:01,2022-07-04 16:45:03,600000,12,12,2022-07-04 16:30:01,2022-07-04 16:45:03,12,2022-07-04 16:01:54,2022-07-04 16:27:33,0,0,0,2,2,0,0,0,0,4,Review,"high immediate campaign discount within 0-1 day: 600000, high credited campaign discount: 600000, "
U061408,600000,12,12,12,2022-07-15 15:00:01,2022-07-15 16:30:01,600000,12,12,2022-07-15 15:00:01,2022-07-15 16:30:01,12,2022-07-15 14:33:44,2022-07-15 16:06:56,0,0,0,2,2,0,0,0,0,4,Review,"high immediate campaign discount within 0-1 day: 600000, high credited campaign discount: 600000, "
U061503,600000,12,12,12,2022-07-12 22:00:00,2022-07-12 23:45:00,600000,12,12,2022-07-12 22:00:00,2022-07-12 23:45:00,15,2022-07-12 21:26:05,2022-07-12 23:16:50,0,0,0,2,2,0,0,0,0,4,Review,"high immediate campaign discount within 0-1 day: 600000, high credited campaign discount: 600000, "
U061561,600000,12,12,12,2022-07-19 19:00:02,2022-07-19 21:45:00,600000,12,12,2022-07-19 19:00:02,2022-07-19 21:45:00,12,2022-07-19 18:35:45,2022-07-19 21:13:04,0,0,0,2,2,0,0,0,0,4,Review,"high immediate campaign discount within 0-1 day: 600000, high credited campaign discount: 600000, "
U061856,600000,12,12,12,2022-07-04 21:45:02,2022-07-04 22:30:00,600000,12,12,2022-07-04 21:45:02,2022-07-04 22:30:00,12,2022-07-04 21:23:10,2022-07-04 22:00:01,0,0,0,2,2,0,0,0,0,4,Review,"high immediate campaign discount within 0-1 day: 600000, high credited campaign discount: 600000, "
U062454,600000,12,12,12,2022-08-01 11:45:01,2022-08-01 18:45:00,600000,12,12,2022-08-01 11:45:01,2022-08-01 18:45:00,14,2022-08-01 11:17:10,2022-08-01 18:11:21,0,0,0,2,2,0,0,0,0,4,Review,"high immediate campaign discount within 0-1 day: 600000, high credited campaign discount: 600000, "
U062500,600000,12,12,12,2022-07-09 17:45:02,2022-07-31 18:15:01,0,0,0,,,20,2022-07-08 09:06:07,2022-07-31 17:43:59,1,5,0,0,2,2,0,0,0,4,Review,"high credited campaign discount: 600000, high referral count: 20, "
U063712,600000,12,12,12,2022-07-06 17:30:01,2022-07-06 18:15:00,600000,12,12,2022-07-06 17:30:01,2022-07-06 18:15:00,12,2022-07-06 17:06:06,2022-07-06 17:46:18,0,0,0,2,2,0,0,0,0,4,Review,"high immediate campaign discount within 0-1 day: 600000, high credited campaign discount: 600000, "
U064125,600000,12,12,12,2022-06-28 21:26:48,2022-06-29 00:43:14,600000,12,12,2022-06-28 21:26:48,2022-06-29 00:43:14,15,2022-06-28 21:23:42,2022-06-29 08:51:42,0,0,0,2,2,0,0,0,0,4,Review,"high immediate campaign discount within 0-1 day: 600000, high credited campaign discount: 600000, "
U064327,600000,12,12,12,2022-07-05 11:55:02,2022-07-05 20:24:49,600000,12,12,2022-07-05 11:55:02,2022-07-05 20:24:49,12,2022-07-05 11:17:55,2022-07-05 20:23:37,0,0,0,2,2,0,0,0,0,4,Review,"high immediate campaign discount within 0-1 day: 600000, high credited campaign discount: 600000, "
U064667,600000,12,12,12,2022-07-27 16:30:04,2022-07-27 18:45:05,600000,12,12,2022-07-27 16:30:04,2022-07-27 18:45:05,12,2022-07-27 16:09:29,2022-07-27 18:24:08,0,0,0,2,2,0,0,0,0,4,Review,"high immediate campaign discount within 0-1 day: 600000, high credited campaign discount: 600000, "
U064877,600000,12,12,12,2022-07-10 21:15:01,2022-07-10 22:15:00,600000,12,12,2022-07-10 21:15:01,2022-07-10 22:15:00,13,2022-07-10 20:49:04,2022-07-10 21:52:16,0,0,0,2,2,0,0,0,0,4,Review,"high immediate campaign discount within 0-1 day: 600000, high credited campaign discount: 600000, "
U065250,600000,12,12,12,2022-07-05 18:15:01,2022-07-05 19:00:00,600000,12,12,2022-07-05 18:15:01,2022-07-05 19:00:00,12,2022-07-05 17:42:56,2022-07-05 18:29:20,0,0,0,2,2,0,0,0,0,4,Review,"high immediate campaign discount within 0-1 day: 600000, high credited campaign discount: 600000, "
U065268,600000,12,12,12,2022-07-22 22:45:00,2022-07-23 00:00:00,600000,12,12,2022-07-22 22:45:00,2022-07-23 00:00:00,12,2022-07-22 22:11:14,2022-07-22 23:30:20,0,0,0,2,2,0,0,0,0,4,Review,"high immediate campaign discount within 0-1 day: 600000, high credited campaign discount: 600000, "
U065688,600000,12,12,12,2022-07-14 16:45:01,2022-07-14 19:00:00,600000,12,12,2022-07-14 16:45:01,2022-07-14 19:00:00,12,2022-07-14 16:18:06,2022-07-14 18:26:27,0,0,0,2,2,0,0,0,0,4,Review,"high immediate campaign discount within 0-1 day: 600000, high credited campaign discount: 600000, "
U065817,600000,12,12,12,2022-07-15 15:45:02,2022-07-15 17:15:00,600000,12,12,2022-07-15 15:45:02,2022-07-15 17:15:00,12,2022-07-15 15:17:45,2022-07-15 16:41:40,0,0,0,2,2,0,0,0,0,4,Review,"high immediate campaign discount within 0-1 day: 600000, high credited campaign discount: 600000, "
U065869,600000,12,12,12,2022-07-17 08:15:00,2022-07-17 10:30:01,600000,12,12,2022-07-17 08:15:00,2022-07-17 10:30:01,12,2022-07-17 07:42:03,2022-07-17 10:03:43,0,0,0,2,2,0,0,0,0,4,Review,"high immediate campaign discount within 0-1 day: 600000, high credited campaign discount: 600000, "
U066614,600000,12,12,12,2022-07-21 14:45:02,2022-07-21 16:30:01,600000,12,12,2022-07-21 14:45:02,2022-07-21 16:30:01,12,2022-07-21 14:22:35,2022-07-21 16:06:24,0,0,0,2,2,0,0,0,0,4,Review,"high immediate campaign discount within 0-1 day: 600000, high credited campaign discount: 600000, "
U067079,600000,12,12,12,2022-06-27 09:15:00,2022-06-27 10:45:02,600000,12,12,2022-06-27 09:15:00,2022-06-27 10:45:02,12,2022-06-27 08:47:27,2022-06-27 10:17:04,0,0,0,2,2,0,0,0,0,4,Review,"high immediate campaign discount within 0-1 day: 600000, high credited campaign discount: 600000, "
U067137,600000,12,12,12,2022-07-06 15:34:46,2022-07-06 18:59:10,600000,12,12,2022-07-06 15:34:46,2022-07-06 18:59:10,12,2022-07-06 12:02:45,2022-07-06 18:58:45,0,0,0,2,2,0,0,0,0,4,Review,"high immediate campaign discount within 0-1 day: 600000, high credited campaign discount: 600000, "
U068405,600000,12,12,12,2022-07-10 16:45:01,2022-07-10 17:45:00,600000,12,12,2022-07-10 16:45:01,2022-07-10 17:45:00,12,2022-07-10 16:15:55,2022-07-10 17:16:51,0,0,0,2,2,0,0,0,0,4,Review,"high immediate campaign discount within 0-1 day: 600000, high credited campaign discount: 600000, "
U068987,600000,12,12,12,2022-07-14 14:45:00,2022-07-14 17:00:03,600000,12,12,2022-07-14 14:45:00,2022-07-14 17:00:03,12,2022-07-14 14:18:13,2022-07-14 16:35:38,0,0,0,2,2,0,0,0,0,4,Review,"high immediate campaign discount within 0-1 day: 600000, high credited campaign discount: 600000, "
U070404,600000,12,12,12,2022-07-04 19:45:00,2022-07-04 20:15:01,600000,12,12,2022-07-04 19:45:00,2022-07-04 20:15:01,12,2022-07-04 19:15:57,2022-07-04 19:51:44,0,0,0,2,2,0,0,0,0,4,Review,"high immediate campaign discount within 0-1 day: 600000, high credited campaign discount: 600000, "
U072416,600000,12,12,12,2022-06-27 22:45:00,2022-06-28 08:00:03,600000,12,12,2022-06-27 22:45:00,2022-06-28 08:00:03,13,2022-06-27 22:09:25,2022-06-28 07:32:24,0,0,0,2,2,0,0,0,0,4,Review,"high immediate campaign discount within 0-1 day: 600000, high credited campaign discount: 600000, "
U073023,600000,12,12,12,2022-07-04 16:30:00,2022-07-04 20:15:00,600000,12,12,2022-07-04 16:30:00,2022-07-04 20:15:00,12,2022-07-04 16:03:59,2022-07-04 19:51:40,0,0,0,2,2,0,0,0,0,4,Review,"high immediate campaign discount within 0-1 day: 600000, high credited campaign discount: 600000, "
U073444,600000,12,12,12,2022-07-13 14:30:01,2022-07-13 18:00:00,600000,12,12,2022-07-13 14:30:01,2022-07-13 18:00:00,12,2022-07-13 14:05:24,2022-07-13 17:27:35,0,0,0,2,2,0,0,0,0,4,Review,"high immediate campaign discount within 0-1 day: 600000, high credited campaign discount: 600000, "
U074843,600000,12,12,12,2022-07-05 15:30:00,2022-07-05 16:00:00,600000,12,12,2022-07-05 15:30:00,2022-07-05 16:00:00,12,2022-07-05 14:55:07,2022-07-05 15:36:30,0,0,0,2,2,0,0,0,0,4,Review,"high immediate campaign discount within 0-1 day: 600000, high credited campaign discount: 600000, "
U075766,600000,12,12,12,2022-07-14 20:00:00,2022-07-14 22:00:02,600000,12,12,2022-07-14 20:00:00,2022-07-14 22:00:02,12,2022-07-14 19:30:36,2022-07-14 21:38:20,0,0,0,2,2,0,0,0,0,4,Review,"high immediate campaign discount within 0-1 day: 600000, high credited campaign discount: 600000, "
U076002,600000,12,12,12,2022-07-02 22:00:00,2022-07-02 22:45:00,600000,12,12,2022-07-02 22:00:00,2022-07-02 22:45:00,12,2022-07-02 21:31:32,2022-07-02 22:18:29,0,0,0,2,2,0,0,0,0,4,Review,"high immediate campaign discount within 0-1 day: 600000, high credited campaign discount: 600000, "
U076111,600000,12,12,12,2022-07-09 17:00:02,2022-07-09 19:00:01,600000,12,12,2022-07-09 17:00:02,2022-07-09 19:00:01,14,2022-07-09 16:36:33,2022-07-09 18:41:12,0,0,0,2,2,0,0,0,0,4,Review,"high immediate campaign discount within 0-1 day: 600000, high credited campaign discount: 600000, "
U076188,600000,12,12,12,2022-07-14 14:45:00,2022-07-14 17:15:01,600000,12,12,2022-07-14 14:45:00,2022-07-14 17:15:01,12,2022-07-14 14:16:23,2022-07-14 16:48:57,0,0,0,2,2,0,0,0,0,4,Review,"high immediate campaign discount within 0-1 day: 600000, high credited campaign discount: 600000, "
U076334,600000,12,12,12,2022-07-12 19:52:37,2022-07-13 13:31:21,600000,12,12,2022-07-12 19:52:37,2022-07-13 13:31:21,13,2022-07-12 18:09:51,2022-07-13 13:30:27,0,0,0,2,2,0,0,0,0,4,Review,"high immediate campaign discount within 0-1 day: 600000, high credited campaign discount: 600000, "
U078221,600000,12,12,12,2022-07-10 23:15:00,2022-07-11 00:30:00,600000,12,12,2022-07-10 23:15:00,2022-07-11 00:30:00,12,2022-07-10 22:53:01,2022-07-10 23:57:32,0,0,0,2,2,0,0,0,0,4,Review,"high immediate campaign discount within 0-1 day: 600000, high credited campaign discount: 600000, "
U078349,600000,12,12,12,2022-07-19 22:45:00,2022-07-20 00:15:00,600000,12,12,2022-07-19 22:45:00,2022-07-20 00:15:00,13,2022-07-19 22:11:26,2022-07-20 09:49:11,0,0,0,2,2,0,0,0,0,4,Review,"high immediate campaign discount within 0-1 day: 600000, high credited campaign discount: 600000, "
U078736,600000,12,12,12,2022-07-27 10:15:01,2022-07-27 14:00:02,600000,12,12,2022-07-27 10:15:01,2022-07-27 14:00:02,12,2022-07-27 09:46:34,2022-07-27 13:32:51,0,0,0,2,2,0,0,0,0,4,Review,"high immediate campaign discount within 0-1 day: 600000, high credited campaign discount: 600000, "
U079264,600000,12,12,12,2022-07-19 12:15:02,2022-07-19 14:15:02,600000,12,12,2022-07-19 12:15:02,2022-07-19 14:15:02,12,2022-07-19 11:51:57,2022-07-19 13:52:48,0,0,0,2,2,0,0,0,0,4,Review,"high immediate campaign discount within 0-1 day: 600000, high credited campaign discount: 600000, "
U080820,600000,12,12,12,2022-07-06 21:05:58,2022-07-07 10:50:34,600000,12,12,2022-07-06 21:05:58,2022-07-07 10:50:34,12,2022-07-06 20:41:10,2022-07-07 10:48:57,0,0,0,2,2,0,0,0,0,4,Review,"high immediate campaign discount within 0-1 day: 600000, high credited campaign discount: 600000, "
U081125,600000,12,12,12,2022-06-29 09:15:00,2022-06-29 10:30:00,600000,12,12,2022-06-29 09:15:00,2022-06-29 10:30:00,12,2022-06-29 08:41:43,2022-06-29 09:58:12,0,0,0,2,2,0,0,0,0,4,Review,"high immediate campaign discount within 0-1 day: 600000, high credited campaign discount: 600000, "
U081134,600000,12,12,12,2022-07-24 20:22:01,2022-07-24 21:45:03,600000,12,12,2022-07-24 20:22:01,2022-07-24 21:45:03,15,2022-07-24 19:53:03,2022-07-24 22:56:01,0,0,0,2,2,0,0,0,0,4,Review,"high immediate campaign discount within 0-1 day: 600000, high credited campaign discount: 600000, "
U081188,600000,12,12,12,2022-07-11 21:23:56,2022-07-11 22:30:03,600000,12,12,2022-07-11 21:23:56,2022-07-11 22:30:03,12,2022-07-11 21:07:36,2022-07-11 22:10:16,0,0,0,2,2,0,0,0,0,4,Review,"high immediate campaign discount within 0-1 day: 600000, high credited campaign discount: 600000, "
U081210,600000,12,12,12,2022-07-06 21:00:01,2022-07-06 22:15:01,600000,12,12,2022-07-06 21:00:01,2022-07-06 22:15:01,12,2022-07-06 20:38:47,2022-07-06 21:53:56,0,0,0,2,2,0,0,0,0,4,Review,"high immediate campaign discount within 0-1 day: 600000, high credited campaign discount: 600000, "
U081372,600000,12,12,12,2022-06-28 17:15:01,2022-06-28 20:30:00,600000,12,12,2022-06-28 17:15:01,2022-06-28 20:30:00,12,2022-06-28 16:45:53,2022-06-28 19:57:52,0,0,0,2,2,0,0,0,0,4,Review,"high immediate campaign discount within 0-1 day: 600000, high credited campaign discount: 600000, "
U081415,600000,12,12,12,2022-07-07 19:57:38,2022-07-08 09:25:25,600000,12,12,2022-07-07 19:57:38,2022-07-08 09:25:25,12,2022-07-07 19:01:54,2022-07-08 09:24:55,0,0,0,2,2,0,0,0,0,4,Review,"high immediate campaign discount within 0-1 day: 600000, high credited campaign discount: 600000, "
U081502,600000,12,12,12,2022-07-08 19:45:00,2022-07-08 22:15:01,600000,12,12,2022-07-08 19:45:00,2022-07-08 22:15:01,12,2022-07-08 19:09:21,2022-07-08 21:55:35,0,0,0,2,2,0,0,0,0,4,Review,"high immediate campaign discount within 0-1 day: 600000, high credited campaign discount: 600000, "
U081608,600000,12,12,12,2022-06-30 14:15:01,2022-06-30 17:30:02,600000,12,12,2022-06-30 14:15:01,2022-06-30 17:30:02,12,2022-06-30 13:46:41,2022-06-30 17:13:06,0,0,0,2,2,0,0,0,0,4,Review,"high immediate campaign discount within 0-1 day: 600000, high credited campaign discount: 600000, "
U081993,600000,12,12,12,2022-07-11 09:45:01,2022-07-11 10:45:00,600000,12,12,2022-07-11 09:45:01,2022-07-11 10:45:00,12,2022-07-11 09:17:09,2022-07-11 10:13:27,0,0,0,2,2,0,0,0,0,4,Review,"high immediate campaign discount within 0-1 day: 600000, high credited campaign discount: 600000, "
U082341,600000,12,12,12,2022-07-27 21:27:48,2022-07-27 22:22:57,600000,12,12,2022-07-27 21:27:48,2022-07-27 22:22:57,12,2022-07-27 21:00:07,2022-07-27 22:22:41,0,0,0,2,2,0,0,0,0,4,Review,"high immediate campaign discount within 0-1 day: 600000, high credited campaign discount: 600000, "
U082484,600000,12,12,12,2022-07-25 19:00:01,2022-07-25 22:30:04,600000,12,12,2022-07-25 19:00:01,2022-07-25 22:30:04,12,2022-07-25 18:39:43,2022-07-25 22:08:03,0,0,0,2,2,0,0,0,0,4,Review,"high immediate campaign discount within 0-1 day: 600000, high credited campaign discount: 600000, "
U083323,600000,12,12,12,2022-07-11 16:30:00,2022-07-11 17:30:00,600000,12,12,2022-07-11 16:30:00,2022-07-11 17:30:00,12,2022-07-11 15:58:08,2022-07-11 16:58:52,0,0,0,2,2,0,0,0,0,4,Review,"high immediate campaign discount within 0-1 day: 600000, high credited campaign discount: 600000, "
U083627,600000,12,12,12,2022-07-31 16:30:03,2022-07-31 18:00:00,600000,12,12,2022-07-31 16:30:03,2022-07-31 18:00:00,12,2022-07-31 16:08:16,2022-07-31 17:31:21,0,0,0,2,2,0,0,0,0,4,Review,"high immediate campaign discount within 0-1 day: 600000, high credited campaign discount: 600000, "
U084077,600000,12,12,12,2022-07-03 11:45:00,2022-07-18 11:30:05,0,0,0,,,52,2022-06-12 00:52:28,2022-08-01 20:43:57,1,17,0,0,2,2,0,0,0,4,Review,"high credited campaign discount: 600000, high referral count: 52, "
U084096,600000,12,12,12,2022-07-09 20:45:00,2022-07-09 21:00:02,600000,12,12,2022-07-09 20:45:00,2022-07-09 21:00:02,12,2022-07-09 20:12:14,2022-07-09 20:42:20,0,0,0,2,2,0,0,0,0,4,Review,"high immediate campaign discount within 0-1 day: 600000, high credited campaign discount: 600000, "
U084361,600000,12,12,12,2022-06-25 22:45:00,2022-06-26 00:15:00,600000,12,12,2022-06-25 22:45:00,2022-06-26 00:15:00,12,2022-06-25 22:22:20,2022-06-25 23:43:54,0,0,0,2,2,0,0,0,0,4,Review,"high immediate campaign discount within 0-1 day: 600000, high credited campaign discount: 600000, "
U085427,600000,12,12,12,2022-06-29 07:00:00,2022-06-29 08:15:00,600000,12,12,2022-06-29 07:00:00,2022-06-29 08:15:00,12,2022-06-29 06:28:33,2022-06-29 07:54:22,0,0,0,2,2,0,0,0,0,4,Review,"high immediate campaign discount within 0-1 day: 600000, high credited campaign discount: 600000, "
U085789,600000,12,12,12,2022-07-06 23:00:00,2022-07-06 23:30:00,600000,12,12,2022-07-06 23:00:00,2022-07-06 23:30:00,12,2022-07-06 22:34:35,2022-07-06 23:03:30,0,0,0,2,2,0,0,0,0,4,Review,"high immediate campaign discount within 0-1 day: 600000, high credited campaign discount: 600000, "
U087047,600000,12,12,12,2022-08-01 08:59:28,2022-08-01 09:56:13,600000,12,12,2022-08-01 08:59:28,2022-08-01 09:56:13,15,2022-08-01 08:30:59,2022-08-01 10:53:22,0,0,0,2,2,0,0,0,0,4,Review,"high immediate campaign discount within 0-1 day: 600000, high credited campaign discount: 600000, "
U087307,600000,12,12,12,2022-07-09 22:04:39,2022-07-09 23:00:02,600000,12,12,2022-07-09 22:04:39,2022-07-09 23:00:02,12,2022-07-09 21:48:46,2022-07-09 22:45:50,0,0,0,2,2,0,0,0,0,4,Review,"high immediate campaign discount within 0-1 day: 600000, high credited campaign discount: 600000, "
U087496,600000,12,12,12,2022-06-30 11:45:01,2022-06-30 13:30:01,600000,12,12,2022-06-30 11:45:01,2022-06-30 13:30:01,12,2022-06-30 11:19:32,2022-06-30 13:07:12,0,0,0,2,2,0,0,0,0,4,Review,"high immediate campaign discount within 0-1 day: 600000, high credited campaign discount: 600000, "
U087828,600000,12,12,12,2022-07-20 22:30:01,2022-07-21 00:15:00,600000,12,12,2022-07-20 22:30:01,2022-07-21 00:15:00,12,2022-07-20 22:05:08,2022-07-20 23:45:12,0,0,0,2,2,0,0,0,0,4,Review,"high immediate campaign discount within 0-1 day: 600000, high credited campaign discount: 600000, "
U088157,600000,12,12,12,2022-07-22 20:15:00,2022-07-22 21:45:01,600000,12,12,2022-07-22 20:15:00,2022-07-22 21:45:01,12,2022-07-22 19:44:12,2022-07-22 21:14:06,0,0,0,2,2,0,0,0,0,4,Review,"high immediate campaign discount within 0-1 day: 600000, high credited campaign discount: 600000, "
U088173,600000,12,12,12,2022-07-18 16:30:00,2022-07-18 17:45:02,600000,12,12,2022-07-18 16:30:00,2022-07-18 17:45:02,12,2022-07-18 15:56:12,2022-07-18 17:23:04,0,0,0,2,2,0,0,0,0,4,Review,"high immediate campaign discount within 0-1 day: 600000, high credited campaign discount: 600000, "
U088545,600000,12,12,12,2022-07-16 14:00:00,2022-07-16 21:45:00,600000,12,12,2022-07-16 14:00:00,2022-07-16 21:45:00,12,2022-07-16 13:32:16,2022-07-16 21:14:45,0,0,0,2,2,0,0,0,0,4,Review,"high immediate campaign discount within 0-1 day: 600000, high credited campaign discount: 600000, "
U007610,550000,11,11,11,2022-07-11 13:53:14,2022-07-11 15:22:29,550000,11,11,2022-07-11 13:53:14,2022-07-11 15:22:29,18,2022-07-11 13:45:44,2022-07-11 15:20:44,0,0,0,2,2,0,0,0,0,4,Review,"high immediate campaign discount within 0-1 day: 550000, high credited campaign discount: 550000, "
U010605,550000,11,11,11,2022-06-25 19:54:59,2022-06-26 23:15:01,0,0,0,,,13,2022-06-25 19:24:48,2022-06-26 22:54:32,1,23,1,0,2,0,0,1,1,4,Review,"high credited campaign discount: 550000, shared IP used by 23 users, reciprocal transfer loop with 1 partner(s), "
U012983,550000,11,11,11,2022-06-26 13:45:01,2022-06-27 18:45:00,0,0,0,,,11,2022-06-26 13:30:25,2022-06-27 18:13:36,1,3,21,0,2,0,0,0,2,4,Review,"high credited campaign discount: 550000, reciprocal transfer loop with 21 partner(s), "
U016986,550000,11,11,11,2022-07-08 20:03:29,2022-07-09 16:45:03,550000,11,11,2022-07-08 20:03:29,2022-07-09 16:45:03,16,2022-07-08 19:10:17,2022-07-09 16:30:19,0,0,0,2,2,0,0,0,0,4,Review,"high immediate campaign discount within 0-1 day: 550000, high credited campaign discount: 550000, "
U017819,550000,11,11,11,2022-07-21 18:27:59,2022-07-21 22:45:00,550000,11,11,2022-07-21 18:27:59,2022-07-21 22:45:00,11,2022-07-21 18:26:11,2022-07-21 22:18:32,0,0,0,2,2,0,0,0,0,4,Review,"high immediate campaign discount within 0-1 day: 550000, high credited campaign discount: 550000, "
U019019,550000,11,11,11,2022-07-17 10:45:01,2022-07-17 12:15:02,550000,11,11,2022-07-17 10:45:01,2022-07-17 12:15:02,11,2022-07-17 10:16:44,2022-07-17 11:55:57,0,0,0,2,2,0,0,0,0,4,Review,"high immediate campaign discount within 0-1 day: 550000, high credited campaign discount: 550000, "
U020953,550000,11,11,11,2022-07-22 12:15:03,2022-07-22 16:45:41,550000,11,11,2022-07-22 12:15:03,2022-07-22 16:45:41,11,2022-07-22 11:53:18,2022-07-22 16:38:53,0,0,0,2,2,0,0,0,0,4,Review,"high immediate campaign discount within 0-1 day: 550000, high credited campaign discount: 550000, "
U021383,550000,11,11,11,2022-07-12 16:13:00,2022-07-12 20:45:02,550000,11,11,2022-07-12 16:13:00,2022-07-12 20:45:02,12,2022-07-12 15:48:51,2022-07-12 20:37:37,0,0,0,2,2,0,0,0,0,4,Review,"high immediate campaign discount within 0-1 day: 550000, high credited campaign discount: 550000, "
U023269,550000,11,11,11,2022-07-11 14:23:22,2022-07-30 14:45:05,0,0,0,,,28,2022-07-11 10:50:24,2022-07-30 14:30:18,1,11,0,0,2,2,0,0,0,4,Review,"high credited campaign discount: 550000, high referral count: 28, "
U023336,550000,11,11,11,2022-07-23 16:21:55,2022-07-24 21:00:02,550000,11,11,2022-07-23 16:21:55,2022-07-24 21:00:02,12,2022-07-23 16:00:28,2022-07-24 20:42:21,0,0,0,2,2,0,0,0,0,4,Review,"high immediate campaign discount within 0-1 day: 550000, high credited campaign discount: 550000, "
U024714,550000,11,11,11,2022-07-22 09:30:02,2022-07-26 17:15:55,0,0,0,,,22,2022-07-16 09:47:52,2022-07-26 16:56:37,0,0,0,0,2,2,0,0,0,4,Review,"high credited campaign discount: 550000, high referral count: 22, "
U027558,550000,11,11,11,2022-07-12 21:00:01,2022-07-12 22:30:00,550000,11,11,2022-07-12 21:00:01,2022-07-12 22:30:00,11,2022-07-12 20:36:42,2022-07-12 22:01:18,0,0,0,2,2,0,0,0,0,4,Review,"high immediate campaign discount within 0-1 day: 550000, high credited campaign discount: 550000, "
U029006,550000,11,11,11,2022-07-08 19:30:00,2022-07-08 23:00:01,550000,11,11,2022-07-08 19:30:00,2022-07-08 23:00:01,11,2022-07-08 18:59:35,2022-07-08 22:40:01,0,0,0,2,2,0,0,0,0,4,Review,"high immediate campaign discount within 0-1 day: 550000, high credited campaign discount: 550000, "
U030363,550000,11,11,11,2022-06-22 19:15:01,2022-06-22 21:45:00,550000,11,11,2022-06-22 19:15:01,2022-06-22 21:45:00,11,2022-06-22 18:44:27,2022-06-22 21:14:26,0,0,0,2,2,0,0,0,0,4,Review,"high immediate campaign discount within 0-1 day: 550000, high credited campaign discount: 550000, "
U031478,550000,11,11,11,2022-07-30 20:33:14,2022-07-31 18:42:38,550000,11,11,2022-07-30 20:33:14,2022-07-31 18:42:38,11,2022-07-30 20:31:36,2022-07-31 18:42:19,0,0,0,2,2,0,0,0,0,4,Review,"high immediate campaign discount within 0-1 day: 550000, high credited campaign discount: 550000, "
U032284,550000,11,11,11,2022-07-22 08:30:00,2022-07-22 09:45:01,550000,11,11,2022-07-22 08:30:00,2022-07-22 09:45:01,12,2022-07-22 07:58:22,2022-07-22 09:20:16,0,0,0,2,2,0,0,0,0,4,Review,"high immediate campaign discount within 0-1 day: 550000, high credited campaign discount: 550000, "
U032511,550000,11,11,11,2022-07-26 02:17:21,2022-07-26 04:00:00,550000,11,11,2022-07-26 02:17:21,2022-07-26 04:00:00,13,2022-07-26 02:13:23,2022-07-26 03:55:44,0,0,0,2,2,0,0,0,0,4,Review,"high immediate campaign discount within 0-1 day: 550000, high credited campaign discount: 550000, "
U037324,550000,11,11,11,2022-07-21 13:46:33,2022-07-21 15:29:34,550000,11,11,2022-07-21 13:46:33,2022-07-21 15:29:34,11,2022-07-21 13:44:59,2022-07-21 15:29:15,0,0,0,2,2,0,0,0,0,4,Review,"high immediate campaign discount within 0-1 day: 550000, high credited campaign discount: 550000, "
U038230,550000,11,11,11,2022-06-27 16:15:00,2022-06-27 18:15:01,550000,11,11,2022-06-27 16:15:00,2022-06-27 18:15:01,11,2022-06-27 15:37:46,2022-06-27 18:14:31,0,0,0,2,2,0,0,0,0,4,Review,"high immediate campaign discount within 0-1 day: 550000, high credited campaign discount: 550000, "
U038538,550000,11,11,11,2022-06-13 19:00:00,2022-06-21 18:45:37,0,0,0,,,22,2022-06-13 16:24:58,2022-06-21 18:40:52,1,1,0,0,2,2,0,0,0,4,Review,"high credited campaign discount: 550000, high referral count: 22, "
U038567,550000,11,11,11,2022-08-01 15:30:02,2022-08-01 21:15:01,550000,11,11,2022-08-01 15:30:02,2022-08-01 21:15:01,12,2022-08-01 15:07:05,2022-08-01 20:57:33,0,0,0,2,2,0,0,0,0,4,Review,"high immediate campaign discount within 0-1 day: 550000, high credited campaign discount: 550000, "
U039895,550000,11,11,11,2022-07-13 15:20:07,2022-07-13 21:07:53,0,0,0,,,12,2022-07-13 15:17:46,2022-07-15 11:48:30,1,14,3,0,2,0,0,0,2,4,Review,"high credited campaign discount: 550000, reciprocal transfer loop with 3 partner(s), "
U039965,550000,11,11,11,2022-08-01 14:15:03,2022-08-01 17:45:02,550000,11,11,2022-08-01 14:15:03,2022-08-01 17:45:02,11,2022-08-01 13:52:44,2022-08-01 17:19:01,0,0,0,2,2,0,0,0,0,4,Review,"high immediate campaign discount within 0-1 day: 550000, high credited campaign discount: 550000, "
U042770,550000,11,11,11,2022-07-08 21:45:00,2022-07-08 23:30:00,550000,11,11,2022-07-08 21:45:00,2022-07-08 23:30:00,11,2022-07-08 21:19:07,2022-07-08 23:04:55,0,0,0,2,2,0,0,0,0,4,Review,"high immediate campaign discount within 0-1 day: 550000, high credited campaign discount: 550000, "
U043906,550000,11,11,11,2022-07-01 09:38:38,2022-07-01 12:15:02,550000,11,11,2022-07-01 09:38:38,2022-07-01 12:15:02,12,2022-07-01 09:04:19,2022-07-01 11:55:44,0,0,0,2,2,0,0,0,0,4,Review,"high immediate campaign discount within 0-1 day: 550000, high credited campaign discount: 550000, "
U046125,550000,11,11,11,2022-07-03 11:52:03,2022-07-03 12:45:01,550000,11,11,2022-07-03 11:52:03,2022-07-03 12:45:01,12,2022-07-03 11:23:49,2022-07-03 12:21:48,0,0,0,2,2,0,0,0,0,4,Review,"high immediate campaign discount within 0-1 day: 550000, high credited campaign discount: 550000, "
U047004,550000,11,11,11,2022-07-19 18:45:00,2022-07-20 00:00:01,550000,11,11,2022-07-19 18:45:00,2022-07-20 00:00:01,11,2022-07-19 18:10:13,2022-07-19 23:33:48,0,0,0,2,2,0,0,0,0,4,Review,"high immediate campaign discount within 0-1 day: 550000, high credited campaign discount: 550000, "
U047617,550000,11,11,11,2022-07-24 13:45:01,2022-07-24 18:39:41,550000,11,11,2022-07-24 13:45:01,2022-07-24 18:39:41,12,2022-07-24 13:23:42,2022-07-24 18:11:40,0,0,0,2,2,0,0,0,0,4,Review,"high immediate campaign discount within 0-1 day: 550000, high credited campaign discount: 550000, "
U048625,550000,11,11,11,2022-06-25 23:00:00,2022-07-30 08:15:01,0,0,0,,,59,2022-06-25 19:29:54,2022-08-01 16:45:20,0,0,0,0,2,2,0,0,0,4,Review,"high credited campaign discount: 550000, high referral count: 59, "
U052084,550000,11,11,11,2022-06-25 21:15:00,2022-06-25 22:00:00,550000,11,11,2022-06-25 21:15:00,2022-06-25 22:00:00,11,2022-06-25 20:16:40,2022-06-25 21:39:49,0,0,0,2,2,0,0,0,0,4,Review,"high immediate campaign discount within 0-1 day: 550000, high credited campaign discount: 550000, "
U053204,550000,11,11,11,2022-07-21 18:13:19,2022-07-21 18:59:48,550000,11,11,2022-07-21 18:13:19,2022-07-21 18:59:48,11,2022-07-21 18:11:36,2022-07-21 18:59:35,0,0,0,2,2,0,0,0,0,4,Review,"high immediate campaign discount within 0-1 day: 550000, high credited campaign discount: 550000, "
U054279,550000,11,11,11,2022-07-20 19:14:24,2022-07-20 21:45:02,550000,11,11,2022-07-20 19:14:24,2022-07-20 21:45:02,12,2022-07-20 18:31:27,2022-07-20 21:22:02,0,0,0,2,2,0,0,0,0,4,Review,"high immediate campaign discount within 0-1 day: 550000, high credited campaign discount: 550000, "
U055750,550000,11,11,11,2022-06-14 15:41:55,2022-06-15 17:15:00,0,0,0,,,13,2022-06-14 15:32:55,2022-06-15 16:32:32,1,3,22,0,2,0,0,0,2,4,Review,"high credited campaign discount: 550000, reciprocal transfer loop with 22 partner(s), "
U058496,550000,11,11,11,2022-07-23 16:45:00,2022-07-23 19:30:00,550000,11,11,2022-07-23 16:45:00,2022-07-23 19:30:00,15,2022-07-23 16:13:00,2022-07-24 16:07:40,0,0,0,2,2,0,0,0,0,4,Review,"high immediate campaign discount within 0-1 day: 550000, high credited campaign discount: 550000, "
U059911,550000,11,11,11,2022-06-24 21:00:00,2022-06-25 15:30:01,0,0,0,,,20,2022-06-24 15:33:51,2022-07-24 15:13:48,1,3,0,0,2,2,0,0,0,4,Review,"high credited campaign discount: 550000, high referral count: 20, "
U060790,550000,11,11,11,2022-07-09 21:45:01,2022-07-09 23:00:00,550000,11,11,2022-07-09 21:45:01,2022-07-09 23:00:00,11,2022-07-09 21:22:44,2022-07-09 22:29:19,0,0,0,2,2,0,0,0,0,4,Review,"high immediate campaign discount within 0-1 day: 550000, high credited campaign discount: 550000, "
U063216,550000,11,11,11,2022-07-26 20:45:00,2022-07-26 21:39:14,550000,11,11,2022-07-26 20:45:00,2022-07-26 21:39:14,11,2022-07-26 20:10:14,2022-07-26 21:39:00,0,0,0,2,2,0,0,0,0,4,Review,"high immediate campaign discount within 0-1 day: 550000, high credited campaign discount: 550000, "
U065812,550000,11,11,11,2022-07-20 14:15:00,2022-07-20 16:30:01,550000,11,11,2022-07-20 14:15:00,2022-07-20 16:30:01,11,2022-07-20 13:43:19,2022-07-20 16:06:27,0,0,0,2,2,0,0,0,0,4,Review,"high immediate campaign discount within 0-1 day: 550000, high credited campaign discount: 550000, "
U067073,550000,11,11,11,2022-07-30 00:02:36,2022-07-30 02:08:48,550000,11,11,2022-07-30 00:02:36,2022-07-30 02:08:48,11,2022-07-29 23:59:07,2022-07-30 02:08:10,0,0,0,2,2,0,0,0,0,4,Review,"high immediate campaign discount within 0-1 day: 550000, high credited campaign discount: 550000, "
U067403,550000,11,11,11,2022-06-30 20:30:01,2022-07-01 13:15:02,550000,11,11,2022-06-30 20:30:01,2022-07-01 13:15:02,12,2022-06-30 19:58:45,2022-07-01 13:10:12,0,0,0,2,2,0,0,0,0,4,Review,"high immediate campaign discount within 0-1 day: 550000, high credited campaign discount: 550000, "
U070871,550000,11,11,11,2022-07-10 09:45:00,2022-07-10 11:15:02,550000,11,11,2022-07-10 09:45:00,2022-07-10 11:15:02,11,2022-07-10 09:10:46,2022-07-10 10:51:44,0,0,0,2,2,0,0,0,0,4,Review,"high immediate campaign discount within 0-1 day: 550000, high credited campaign discount: 550000, "
U075474,550000,11,11,11,2022-06-20 21:13:29,2022-06-25 16:30:01,150000,3,3,2022-06-20 21:13:29,2022-06-20 22:15:00,20,2022-06-20 20:43:46,2022-06-25 16:23:45,0,0,0,0,2,2,0,0,0,4,Review,"high credited campaign discount: 550000, high referral count: 20, "
U075588,550000,11,11,11,2022-07-14 12:15:02,2022-07-14 13:30:01,550000,11,11,2022-07-14 12:15:02,2022-07-14 13:30:01,12,2022-07-14 11:50:20,2022-07-14 13:03:33,0,0,0,2,2,0,0,0,0,4,Review,"high immediate campaign discount within 0-1 day: 550000, high credited campaign discount: 550000, "
U075707,550000,11,11,11,2022-08-01 11:31:40,2022-08-01 17:00:02,550000,11,11,2022-08-01 11:31:40,2022-08-01 17:00:02,11,2022-08-01 11:03:28,2022-08-01 16:48:54,0,0,0,2,2,0,0,0,0,4,Review,"high immediate campaign discount within 0-1 day: 550000, high credited campaign discount: 550000, "
U078050,550000,11,11,11,2022-06-26 20:30:00,2022-06-27 09:45:01,550000,11,11,2022-06-26 20:30:00,2022-06-27 09:45:01,14,2022-06-26 20:01:06,2022-06-27 09:24:03,0,0,0,2,2,0,0,0,0,4,Review,"high immediate campaign discount within 0-1 day: 550000, high credited campaign discount: 550000, "
U079009,550000,11,11,11,2022-07-11 16:45:02,2022-07-11 19:30:01,550000,11,11,2022-07-11 16:45:02,2022-07-11 19:30:01,11,2022-07-11 16:24:14,2022-07-11 19:05:58,0,0,0,2,2,0,0,0,0,4,Review,"high immediate campaign discount within 0-1 day: 550000, high credited campaign discount: 550000, "
U079433,550000,11,11,11,2022-07-03 20:45:00,2022-07-03 22:30:01,550000,11,11,2022-07-03 20:45:00,2022-07-03 22:30:01,11,2022-07-03 20:23:37,2022-07-03 22:11:03,0,0,0,2,2,0,0,0,0,4,Review,"high immediate campaign discount within 0-1 day: 550000, high credited campaign discount: 550000, "
U083738,550000,11,11,11,2022-07-31 20:15:01,2022-07-31 22:00:01,550000,11,11,2022-07-31 20:15:01,2022-07-31 22:00:01,13,2022-07-31 19:50:29,2022-07-31 21:49:36,0,0,0,2,2,0,0,0,0,4,Review,"high immediate campaign discount within 0-1 day: 550000, high credited campaign discount: 550000, "
U084914,550000,11,11,11,2022-07-07 22:15:00,2022-07-07 22:30:02,550000,11,11,2022-07-07 22:15:00,2022-07-07 22:30:02,12,2022-07-07 21:37:53,2022-07-07 22:13:49,0,0,0,2,2,0,0,0,0,4,Review,"high immediate campaign discount within 0-1 day: 550000, high credited campaign discount: 550000, "
U086365,550000,11,11,11,2022-06-08 14:15:00,2022-06-08 15:30:00,550000,11,11,2022-06-08 14:15:00,2022-06-08 15:30:00,16,2022-06-08 13:43:39,2022-06-08 15:23:18,0,0,0,2,2,0,0,0,0,4,Review,"high immediate campaign discount within 0-1 day: 550000, high credited campaign discount: 550000, "
U088698,550000,11,11,11,2022-07-22 17:00:01,2022-07-22 22:15:00,550000,11,11,2022-07-22 17:00:01,2022-07-22 22:15:00,11,2022-07-22 16:34:38,2022-07-22 21:49:48,0,0,0,2,2,0,0,0,0,4,Review,"high immediate campaign discount within 0-1 day: 550000, high credited campaign discount: 550000, "
U089571,550000,11,11,11,2022-06-27 18:15:00,2022-06-28 02:30:00,0,0,0,,,14,2022-06-27 17:39:14,2022-06-28 01:46:13,1,23,1,0,2,0,0,1,1,4,Review,"high credited campaign discount: 550000, shared IP used by 23 users, reciprocal transfer loop with 1 partner(s), "
U004915,545000,14,14,14,2022-07-01 23:06:01,2022-07-09 21:15:18,0,0,0,,,9,2022-07-02 10:05:26,2022-07-03 14:39:42,1,34,1,0,2,0,0,1,1,4,Review,"high credited campaign discount: 545000, shared IP used by 34 users, reciprocal transfer loop with 1 partner(s), "
U019166,545000,13,13,13,2022-06-04 11:35:47,2022-06-14 14:42:40,0,0,0,,,10,2022-06-04 14:03:48,2022-06-14 14:42:24,1,2,5,0,2,0,0,0,2,4,Review,"high credited campaign discount: 545000, reciprocal transfer loop with 5 partner(s), "
U032859,535000,13,13,13,2022-07-22 12:07:57,2022-07-22 19:00:05,0,0,0,,,8,2022-07-22 18:30:37,2022-07-22 18:47:18,1,9,4,0,2,0,0,0,2,4,Review,"high credited campaign discount: 535000, reciprocal transfer loop with 4 partner(s), "
U008554,520000,13,13,13,2022-06-05 10:55:38,2022-06-17 13:25:33,40000,1,1,2022-06-05 10:55:38,2022-06-05 10:55:38,14,2022-06-06 23:43:25,2022-06-17 13:24:01,2,47,1,0,2,0,0,1,1,4,Review,"high credited campaign discount: 520000, shared IP used by 47 users, reciprocal transfer loop with 1 partner(s), "
U017608,520000,11,11,11,2022-07-16 09:13:23,2022-08-01 12:15:03,0,0,0,,,44,2022-07-23 17:46:59,2022-08-01 13:25:29,1,6,0,0,2,2,0,0,0,4,Review,"high credited campaign discount: 520000, high referral count: 44, "
U001906,510000,12,12,12,2022-06-08 09:49:32,2022-06-11 14:00:00,0,0,0,,,22,2022-06-08 10:12:55,2022-06-11 14:37:42,1,4,0,0,2,2,0,0,0,4,Review,"high credited campaign discount: 510000, high referral count: 22, "
U063936,510000,11,11,11,2022-07-05 16:54:29,2022-07-08 12:36:32,0,0,0,,,16,2022-07-06 09:42:42,2022-07-08 19:26:11,1,2,3,0,2,0,0,0,2,4,Review,"high credited campaign discount: 510000, reciprocal transfer loop with 3 partner(s), "
U000174,500000,10,10,10,2022-07-12 17:45:01,2022-07-12 19:15:02,500000,10,10,2022-07-12 17:45:01,2022-07-12 19:15:02,10,2022-07-12 17:17:44,2022-07-12 18:47:53,0,0,0,2,2,0,0,0,0,4,Review,"high immediate campaign discount within 0-1 day: 500000, high credited campaign discount: 500000, "
U000877,500000,10,10,10,2022-07-06 02:45:00,2022-07-06 13:15:00,0,0,0,,,10,2022-07-06 02:14:50,2022-07-06 12:47:40,1,30,1,0,2,0,0,1,1,4,Review,"high credited campaign discount: 500000, shared IP used by 30 users, reciprocal transfer loop with 1 partner(s), "
U003783,500000,10,10,10,2022-07-13 19:21:10,2022-07-13 20:37:02,500000,10,10,2022-07-13 19:21:10,2022-07-13 20:37:02,10,2022-07-13 19:19:18,2022-07-13 20:35:40,0,0,0,2,2,0,0,0,0,4,Review,"high immediate campaign discount within 0-1 day: 500000, high credited campaign discount: 500000, "
U006550,500000,10,10,10,2022-07-07 14:45:01,2022-07-07 16:00:01,500000,10,10,2022-07-07 14:45:01,2022-07-07 16:00:01,11,2022-07-07 14:20:10,2022-07-07 15:33:37,0,0,0,2,2,0,0,0,0,4,Review,"high immediate campaign discount within 0-1 day: 500000, high credited campaign discount: 500000, "
U007932,500000,10,10,10,2022-06-29 18:15:01,2022-06-29 21:45:00,500000,10,10,2022-06-29 18:15:01,2022-06-29 21:45:00,12,2022-06-29 17:53:28,2022-06-29 21:10:39,0,0,0,2,2,0,0,0,0,4,Review,"high immediate campaign discount within 0-1 day: 500000, high credited campaign discount: 500000, "
U009518,500000,10,10,10,2022-07-22 18:51:35,2022-07-22 20:54:11,500000,10,10,2022-07-22 18:51:35,2022-07-22 20:54:11,10,2022-07-22 18:25:29,2022-07-22 20:53:58,0,0,0,2,2,0,0,0,0,4,Review,"high immediate campaign discount within 0-1 day: 500000, high credited campaign discount: 500000, "
U009632,500000,10,10,10,2022-07-20 10:33:05,2022-07-20 12:08:08,500000,10,10,2022-07-20 10:33:05,2022-07-20 12:08:08,10,2022-07-20 10:10:58,2022-07-20 12:07:55,0,0,0,2,2,0,0,0,0,4,Review,"high immediate campaign discount within 0-1 day: 500000, high credited campaign discount: 500000, "
U009927,500000,10,10,10,2022-07-13 16:33:25,2022-07-14 13:03:08,500000,10,10,2022-07-13 16:33:25,2022-07-14 13:03:08,10,2022-07-13 16:32:03,2022-07-14 13:02:53,0,0,0,2,2,0,0,0,0,4,Review,"high immediate campaign discount within 0-1 day: 500000, high credited campaign discount: 500000, "
U010041,500000,10,10,10,2022-06-12 20:15:01,2022-06-13 15:15:03,0,0,0,,,10,2022-06-12 19:57:11,2022-06-13 14:59:11,1,23,1,0,2,0,0,1,1,4,Review,"high credited campaign discount: 500000, shared IP used by 23 users, reciprocal transfer loop with 1 partner(s), "
U010517,500000,10,10,10,2022-07-29 21:50:23,2022-07-30 00:28:54,500000,10,10,2022-07-29 21:50:23,2022-07-30 00:28:54,10,2022-07-29 21:48:58,2022-07-30 00:28:41,0,0,0,2,2,0,0,0,0,4,Review,"high immediate campaign discount within 0-1 day: 500000, high credited campaign discount: 500000, "
U011108,500000,10,10,10,2022-06-29 10:30:02,2022-06-29 20:21:36,500000,10,10,2022-06-29 10:30:02,2022-06-29 20:21:36,11,2022-06-29 10:03:05,2022-06-29 20:04:57,0,0,0,2,2,0,0,0,0,4,Review,"high immediate campaign discount within 0-1 day: 500000, high credited campaign discount: 500000, "
U014058,500000,10,10,10,2022-07-24 21:55:39,2022-07-24 22:11:55,500000,10,10,2022-07-24 21:55:39,2022-07-24 22:11:55,10,2022-07-24 21:54:29,2022-07-24 22:11:40,0,0,0,2,2,0,0,0,0,4,Review,"high immediate campaign discount within 0-1 day: 500000, high credited campaign discount: 500000, "
U014113,500000,10,10,10,2022-07-14 12:24:46,2022-07-14 12:31:33,500000,10,10,2022-07-14 12:24:46,2022-07-14 12:31:33,10,2022-07-14 12:06:08,2022-07-14 12:31:16,0,0,0,2,2,0,0,0,0,4,Review,"high immediate campaign discount within 0-1 day: 500000, high credited campaign discount: 500000, "
U014795,500000,10,10,10,2022-07-29 19:15:01,2022-07-29 21:45:05,500000,10,10,2022-07-29 19:15:01,2022-07-29 21:45:05,10,2022-07-29 18:46:06,2022-07-29 21:27:20,0,0,0,2,2,0,0,0,0,4,Review,"high immediate campaign discount within 0-1 day: 500000, high credited campaign discount: 500000, "
U015149,500000,10,10,10,2022-06-16 11:40:29,2022-06-16 17:30:00,0,0,0,,,12,2022-06-16 01:58:06,2022-06-16 16:47:24,1,1,11,0,2,0,0,0,2,4,Review,"high credited campaign discount: 500000, reciprocal transfer loop with 11 partner(s), "
U015524,500000,10,10,10,2022-07-21 18:15:01,2022-07-21 22:30:00,500000,10,10,2022-07-21 18:15:01,2022-07-21 22:30:00,10,2022-07-21 17:54:04,2022-07-21 22:07:10,0,0,0,2,2,0,0,0,0,4,Review,"high immediate campaign discount within 0-1 day: 500000, high credited campaign discount: 500000, "
U016362,500000,10,10,10,2022-07-18 11:10:27,2022-07-18 11:35:43,500000,10,10,2022-07-18 11:10:27,2022-07-18 11:35:43,10,2022-07-18 11:05:29,2022-07-18 11:35:08,0,0,0,2,2,0,0,0,0,4,Review,"high immediate campaign discount within 0-1 day: 500000, high credited campaign discount: 500000, "
U016825,500000,10,10,10,2022-07-19 14:13:52,2022-07-19 15:51:26,500000,10,10,2022-07-19 14:13:52,2022-07-19 15:51:26,10,2022-07-19 14:12:57,2022-07-19 15:51:11,0,0,0,2,2,0,0,0,0,4,Review,"high immediate campaign discount within 0-1 day: 500000, high credited campaign discount: 500000, "
U018332,500000,10,10,10,2022-08-01 20:15:00,2022-08-01 21:30:01,500000,10,10,2022-08-01 20:15:00,2022-08-01 21:30:01,10,2022-08-01 19:48:44,2022-08-01 21:06:36,0,0,0,2,2,0,0,0,0,4,Review,"high immediate campaign discount within 0-1 day: 500000, high credited campaign discount: 500000, "
U018345,500000,10,10,10,2022-07-26 21:45:05,2022-07-26 22:15:02,500000,10,10,2022-07-26 21:45:05,2022-07-26 22:15:02,10,2022-07-26 21:22:27,2022-07-26 21:48:41,0,0,0,2,2,0,0,0,0,4,Review,"high immediate campaign discount within 0-1 day: 500000, high credited campaign discount: 500000, "
U019417,500000,10,10,10,2022-07-08 16:48:43,2022-07-08 17:09:35,500000,10,10,2022-07-08 16:48:43,2022-07-08 17:09:35,10,2022-07-08 16:37:23,2022-07-08 17:09:18,1,2,0,2,2,0,0,0,0,4,Review,"high immediate campaign discount within 0-1 day: 500000, high credited campaign discount: 500000, "
U020100,500000,10,10,10,2022-07-28 12:43:44,2022-07-28 12:56:24,500000,10,10,2022-07-28 12:43:44,2022-07-28 12:56:24,10,2022-07-28 12:42:41,2022-07-28 12:56:10,0,0,0,2,2,0,0,0,0,4,Review,"high immediate campaign discount within 0-1 day: 500000, high credited campaign discount: 500000, "
U020956,500000,10,10,10,2022-07-26 17:32:50,2022-07-26 19:40:27,500000,10,10,2022-07-26 17:32:50,2022-07-26 19:40:27,11,2022-07-26 17:26:59,2022-07-26 19:39:25,0,0,0,2,2,0,0,0,0,4,Review,"high immediate campaign discount within 0-1 day: 500000, high credited campaign discount: 500000, "
U021181,500000,10,10,10,2022-06-24 20:22:35,2022-06-24 22:45:00,500000,10,10,2022-06-24 20:22:35,2022-06-24 22:45:00,10,2022-06-24 20:21:19,2022-06-24 22:19:22,0,0,0,2,2,0,0,0,0,4,Review,"high immediate campaign discount within 0-1 day: 500000, high credited campaign discount: 500000, "
U024404,500000,10,10,10,2022-06-29 10:15:01,2022-06-29 13:00:00,500000,10,10,2022-06-29 10:15:01,2022-06-29 13:00:00,11,2022-06-29 09:49:44,2022-06-29 12:26:30,0,0,0,2,2,0,0,0,0,4,Review,"high immediate campaign discount within 0-1 day: 500000, high credited campaign discount: 500000, "
U025051,500000,10,10,10,2022-07-09 21:15:01,2022-07-09 22:45:01,500000,10,10,2022-07-09 21:15:01,2022-07-09 22:45:01,10,2022-07-09 20:52:56,2022-07-09 22:20:47,0,0,0,2,2,0,0,0,0,4,Review,"high immediate campaign discount within 0-1 day: 500000, high credited campaign discount: 500000, "
U025456,500000,10,10,10,2022-07-13 22:41:04,2022-07-13 22:41:22,500000,10,10,2022-07-13 22:41:04,2022-07-13 22:41:22,10,2022-07-13 22:32:27,2022-07-13 22:40:49,0,0,0,2,2,0,0,0,0,4,Review,"high immediate campaign discount within 0-1 day: 500000, high credited campaign discount: 500000, "
U026078,500000,10,10,10,2022-07-28 11:16:23,2022-07-28 11:25:55,500000,10,10,2022-07-28 11:16:23,2022-07-28 11:25:55,10,2022-07-28 10:53:25,2022-07-28 11:25:40,0,0,0,2,2,0,0,0,0,4,Review,"high immediate campaign discount within 0-1 day: 500000, high credited campaign discount: 500000, "
U026563,500000,10,10,10,2022-07-08 13:15:00,2022-07-08 16:19:46,500000,10,10,2022-07-08 13:15:00,2022-07-08 16:19:46,13,2022-07-08 12:45:43,2022-07-08 15:30:45,0,0,0,2,2,0,0,0,0,4,Review,"high immediate campaign discount within 0-1 day: 500000, high credited campaign discount: 500000, "
U027648,500000,10,10,10,2022-07-14 16:39:28,2022-07-15 08:16:14,0,0,0,,,10,2022-07-14 16:36:15,2022-07-15 08:13:57,1,1,48,0,2,0,0,0,2,4,Review,"high credited campaign discount: 500000, reciprocal transfer loop with 48 partner(s), "
U027816,500000,10,10,10,2022-07-12 14:30:01,2022-07-12 17:00:00,500000,10,10,2022-07-12 14:30:01,2022-07-12 17:00:00,11,2022-07-12 14:00:21,2022-07-12 16:31:41,0,0,0,2,2,0,0,0,0,4,Review,"high immediate campaign discount within 0-1 day: 500000, high credited campaign discount: 500000, "
U031569,500000,10,10,10,2022-07-12 11:15:03,2022-07-12 13:15:01,500000,10,10,2022-07-12 11:15:03,2022-07-12 13:15:01,10,2022-07-12 10:49:12,2022-07-12 12:54:47,0,0,0,2,2,0,0,0,0,4,Review,"high immediate campaign discount within 0-1 day: 500000, high credited campaign discount: 500000, "
U032882,500000,10,10,10,2022-07-18 10:30:02,2022-07-18 12:30:01,500000,10,10,2022-07-18 10:30:02,2022-07-18 12:30:01,11,2022-07-18 10:10:08,2022-07-18 12:00:05,0,0,0,2,2,0,0,0,0,4,Review,"high immediate campaign discount within 0-1 day: 500000, high credited campaign discount: 500000, "
U033630,500000,10,10,10,2022-06-03 00:30:00,2022-06-03 21:00:00,0,0,0,,,11,2022-06-03 00:01:42,2022-06-03 20:30:34,1,1,78,0,2,0,0,0,2,4,Review,"high credited campaign discount: 500000, reciprocal transfer loop with 78 partner(s), "
U034157,500000,10,10,10,2022-07-16 16:45:00,2022-07-16 20:45:00,500000,10,10,2022-07-16 16:45:00,2022-07-16 20:45:00,11,2022-07-16 16:05:37,2022-07-16 20:22:28,0,0,0,2,2,0,0,0,0,4,Review,"high immediate campaign discount within 0-1 day: 500000, high credited campaign discount: 500000, "
U034474,500000,10,10,10,2022-06-27 11:14:30,2022-06-27 12:45:00,500000,10,10,2022-06-27 11:14:30,2022-06-27 12:45:00,10,2022-06-27 11:12:06,2022-06-27 12:13:54,0,0,0,2,2,0,0,0,0,4,Review,"high immediate campaign discount within 0-1 day: 500000, high credited campaign discount: 500000, "
U035420,500000,10,10,10,2022-07-13 14:45:03,2022-07-13 14:45:05,500000,10,10,2022-07-13 14:45:03,2022-07-13 14:45:05,10,2022-07-13 14:23:07,2022-07-13 14:28:41,0,0,0,2,2,0,0,0,0,4,Review,"high immediate campaign discount within 0-1 day: 500000, high credited campaign discount: 500000, "
U035601,500000,10,10,10,2022-07-01 22:45:00,2022-07-02 00:15:00,500000,10,10,2022-07-01 22:45:00,2022-07-02 00:15:00,10,2022-07-01 22:25:05,2022-07-01 23:47:27,0,0,0,2,2,0,0,0,0,4,Review,"high immediate campaign discount within 0-1 day: 500000, high credited campaign discount: 500000, "
U035671,500000,10,10,10,2022-06-15 11:17:02,2022-06-15 20:47:06,500000,10,10,2022-06-15 11:17:02,2022-06-15 20:47:06,10,2022-06-15 10:49:45,2022-06-15 20:46:46,0,0,0,2,2,0,0,0,0,4,Review,"high immediate campaign discount within 0-1 day: 500000, high credited campaign discount: 500000, "
U036617,500000,10,10,10,2022-06-05 07:45:00,2022-06-06 16:45:00,0,0,0,,,21,2022-06-05 07:19:45,2022-06-07 19:41:56,1,1,0,0,2,2,0,0,0,4,Review,"high credited campaign discount: 500000, high referral count: 21, "
U038401,500000,10,10,10,2022-07-28 21:00:02,2022-07-28 21:30:02,500000,10,10,2022-07-28 21:00:02,2022-07-28 21:30:02,10,2022-07-28 20:36:11,2022-07-28 21:29:24,0,0,0,2,2,0,0,0,0,4,Review,"high immediate campaign discount within 0-1 day: 500000, high credited campaign discount: 500000, "
U038609,500000,10,10,10,2022-07-20 11:15:02,2022-07-20 13:00:01,500000,10,10,2022-07-20 11:15:02,2022-07-20 13:00:01,10,2022-07-20 10:52:00,2022-07-20 12:34:08,0,0,0,2,2,0,0,0,0,4,Review,"high immediate campaign discount within 0-1 day: 500000, high credited campaign discount: 500000, "
U039482,500000,10,10,10,2022-07-19 10:34:15,2022-07-19 11:29:53,500000,10,10,2022-07-19 10:34:15,2022-07-19 11:29:53,10,2022-07-19 10:32:37,2022-07-19 11:29:38,0,0,0,2,2,0,0,0,0,4,Review,"high immediate campaign discount within 0-1 day: 500000, high credited campaign discount: 500000, "
U040806,500000,10,10,10,2022-07-28 22:00:05,2022-07-28 23:00:02,500000,10,10,2022-07-28 22:00:05,2022-07-28 23:00:02,10,2022-07-28 21:44:23,2022-07-28 22:38:14,0,0,0,2,2,0,0,0,0,4,Review,"high immediate campaign discount within 0-1 day: 500000, high credited campaign discount: 500000, "
U041594,500000,10,10,10,2022-07-03 19:30:00,2022-07-03 22:15:00,500000,10,10,2022-07-03 19:30:00,2022-07-03 22:15:00,10,2022-07-03 18:57:44,2022-07-03 21:48:16,0,0,0,2,2,0,0,0,0,4,Review,"high immediate campaign discount within 0-1 day: 500000, high credited campaign discount: 500000, "
U042453,500000,10,10,10,2022-07-17 23:20:56,2022-07-17 23:21:28,500000,10,10,2022-07-17 23:20:56,2022-07-17 23:21:28,10,2022-07-17 23:05:22,2022-07-17 23:20:38,0,0,0,2,2,0,0,0,0,4,Review,"high immediate campaign discount within 0-1 day: 500000, high credited campaign discount: 500000, "
U046732,500000,10,10,10,2022-06-01 19:53:09,2022-06-05 17:16:23,0,0,0,,,15,2022-06-01 19:41:21,2022-06-05 18:58:12,1,1,6,0,2,0,0,0,2,4,Review,"high credited campaign discount: 500000, reciprocal transfer loop with 6 partner(s), "
U046848,500000,10,10,10,2022-06-26 21:15:49,2022-06-26 23:00:00,500000,10,10,2022-06-26 21:15:49,2022-06-26 23:00:00,10,2022-06-26 21:14:12,2022-06-26 22:31:01,0,0,0,2,2,0,0,0,0,4,Review,"high immediate campaign discount within 0-1 day: 500000, high credited campaign discount: 500000, "
U047783,500000,10,10,10,2022-07-13 22:22:22,2022-07-13 22:24:39,500000,10,10,2022-07-13 22:22:22,2022-07-13 22:24:39,10,2022-07-13 22:19:10,2022-07-13 22:24:12,0,0,0,2,2,0,0,0,0,4,Review,"high immediate campaign discount within 0-1 day: 500000, high credited campaign discount: 500000, "
U048134,500000,10,10,10,2022-07-27 23:46:19,2022-07-27 23:46:42,500000,10,10,2022-07-27 23:46:19,2022-07-27 23:46:42,10,2022-07-27 23:29:26,2022-07-27 23:43:20,0,0,0,2,2,0,0,0,0,4,Review,"high immediate campaign discount within 0-1 day: 500000, high credited campaign discount: 500000, "
U048162,500000,10,10,10,2022-07-13 00:24:08,2022-07-13 01:30:00,500000,10,10,2022-07-13 00:24:08,2022-07-13 01:30:00,12,2022-07-13 00:02:57,2022-07-13 01:12:25,0,0,0,2,2,0,0,0,0,4,Review,"high immediate campaign discount within 0-1 day: 500000, high credited campaign discount: 500000, "
U049404,500000,10,10,10,2022-07-20 19:02:07,2022-07-20 19:06:54,500000,10,10,2022-07-20 19:02:07,2022-07-20 19:06:54,10,2022-07-20 18:47:55,2022-07-20 19:06:37,0,0,0,2,2,0,0,0,0,4,Review,"high immediate campaign discount within 0-1 day: 500000, high credited campaign discount: 500000, "
U049521,500000,10,10,10,2022-07-13 21:08:55,2022-07-13 21:15:03,500000,10,10,2022-07-13 21:08:55,2022-07-13 21:15:03,10,2022-07-13 21:02:35,2022-07-13 21:10:37,0,0,0,2,2,0,0,0,0,4,Review,"high immediate campaign discount within 0-1 day: 500000, high credited campaign discount: 500000, "
U050514,500000,10,10,10,2022-07-11 08:57:15,2022-07-11 14:45:02,500000,10,10,2022-07-11 08:57:15,2022-07-11 14:45:02,12,2022-07-11 08:07:23,2022-07-11 14:28:46,0,0,0,2,2,0,0,0,0,4,Review,"high immediate campaign discount within 0-1 day: 500000, high credited campaign discount: 500000, "
U051726,500000,10,10,10,2022-07-24 21:00:01,2022-07-24 23:15:00,500000,10,10,2022-07-24 21:00:01,2022-07-24 23:15:00,10,2022-07-24 20:37:39,2022-07-24 22:42:22,0,0,0,2,2,0,0,0,0,4,Review,"high immediate campaign discount within 0-1 day: 500000, high credited campaign discount: 500000, "
U052386,500000,10,10,10,2022-06-04 09:45:01,2022-06-04 23:24:15,500000,10,10,2022-06-04 09:45:01,2022-06-04 23:24:15,11,2022-06-04 08:34:58,2022-06-04 23:12:31,0,0,0,2,2,0,0,0,0,4,Review,"high immediate campaign discount within 0-1 day: 500000, high credited campaign discount: 500000, "
U052567,500000,10,10,10,2022-07-23 17:30:01,2022-07-23 18:00:01,500000,10,10,2022-07-23 17:30:01,2022-07-23 18:00:01,13,2022-07-23 17:01:15,2022-07-23 18:04:31,0,0,0,2,2,0,0,0,0,4,Review,"high immediate campaign discount within 0-1 day: 500000, high credited campaign discount: 500000, "
U052656,500000,10,10,10,2022-07-19 12:39:49,2022-07-19 13:34:43,500000,10,10,2022-07-19 12:39:49,2022-07-19 13:34:43,10,2022-07-19 12:38:49,2022-07-19 13:33:55,0,0,0,2,2,0,0,0,0,4,Review,"high immediate campaign discount within 0-1 day: 500000, high credited campaign discount: 500000, "
U053661,500000,10,10,10,2022-06-27 19:30:00,2022-06-27 22:45:00,500000,10,10,2022-06-27 19:30:00,2022-06-27 22:45:00,10,2022-06-27 19:03:25,2022-06-27 22:17:56,0,0,0,2,2,0,0,0,0,4,Review,"high immediate campaign discount within 0-1 day: 500000, high credited campaign discount: 500000, "
U053704,500000,10,10,10,2022-06-07 19:07:53,2022-06-08 21:18:30,500000,10,10,2022-06-07 19:07:53,2022-06-08 21:18:30,11,2022-06-07 19:06:30,2022-06-08 22:27:24,0,0,0,2,2,0,0,0,0,4,Review,"high immediate campaign discount within 0-1 day: 500000, high credited campaign discount: 500000, "
U054094,500000,10,10,10,2022-07-04 15:30:02,2022-07-04 17:00:00,500000,10,10,2022-07-04 15:30:02,2022-07-04 17:00:00,10,2022-07-04 15:15:02,2022-07-04 16:28:25,0,0,0,2,2,0,0,0,0,4,Review,"high immediate campaign discount within 0-1 day: 500000, high credited campaign discount: 500000, "
U054447,500000,10,10,10,2022-07-27 13:52:55,2022-07-27 15:37:54,500000,10,10,2022-07-27 13:52:55,2022-07-27 15:37:54,10,2022-07-27 09:20:40,2022-07-27 15:37:10,0,0,0,2,2,0,0,0,0,4,Review,"high immediate campaign discount within 0-1 day: 500000, high credited campaign discount: 500000, "
U055908,500000,10,10,10,2022-07-18 13:03:30,2022-07-18 15:24:10,500000,10,10,2022-07-18 13:03:30,2022-07-18 15:24:10,10,2022-07-18 13:02:38,2022-07-18 15:23:57,0,0,0,2,2,0,0,0,0,4,Review,"high immediate campaign discount within 0-1 day: 500000, high credited campaign discount: 500000, "
U057500,500000,10,10,10,2022-07-13 22:15:00,2022-07-13 23:15:01,500000,10,10,2022-07-13 22:15:00,2022-07-13 23:15:01,10,2022-07-13 21:45:45,2022-07-13 22:52:19,0,0,0,2,2,0,0,0,0,4,Review,"high immediate campaign discount within 0-1 day: 500000, high credited campaign discount: 500000, "
U058354,500000,10,10,10,2022-07-02 17:15:00,2022-07-02 19:18:48,500000,10,10,2022-07-02 17:15:00,2022-07-02 19:18:48,10,2022-07-02 16:41:39,2022-07-02 19:18:36,0,0,0,2,2,0,0,0,0,4,Review,"high immediate campaign discount within 0-1 day: 500000, high credited campaign discount: 500000, "
U059874,500000,10,10,10,2022-07-17 21:00:02,2022-07-17 22:45:00,500000,10,10,2022-07-17 21:00:02,2022-07-17 22:45:00,10,2022-07-17 20:43:09,2022-07-17 22:19:16,0,0,0,2,2,0,0,0,0,4,Review,"high immediate campaign discount within 0-1 day: 500000, high credited campaign discount: 500000, "
U061007,500000,10,10,10,2022-07-11 17:17:34,2022-07-11 23:15:00,0,0,0,,,10,2022-07-11 17:11:40,2022-07-11 22:48:56,1,7,35,0,2,0,0,0,2,4,Review,"high credited campaign discount: 500000, reciprocal transfer loop with 35 partner(s), "
U061055,500000,10,10,10,2022-07-13 21:17:19,2022-07-13 21:17:45,500000,10,10,2022-07-13 21:17:19,2022-07-13 21:17:45,10,2022-07-13 21:08:13,2022-07-13 21:16:56,0,0,0,2,2,0,0,0,0,4,Review,"high immediate campaign discount within 0-1 day: 500000, high credited campaign discount: 500000, "
U061877,500000,10,10,10,2022-07-28 00:33:08,2022-07-28 00:33:24,500000,10,10,2022-07-28 00:33:08,2022-07-28 00:33:24,10,2022-07-28 00:04:57,2022-07-28 00:32:34,0,0,0,2,2,0,0,0,0,4,Review,"high immediate campaign discount within 0-1 day: 500000, high credited campaign discount: 500000, "
U062055,500000,10,10,10,2022-06-30 13:15:00,2022-06-30 14:45:00,500000,10,10,2022-06-30 13:15:00,2022-06-30 14:45:00,11,2022-06-30 12:42:33,2022-06-30 14:22:48,0,0,0,2,2,0,0,0,0,4,Review,"high immediate campaign discount within 0-1 day: 500000, high credited campaign discount: 500000, "
U062444,500000,10,10,10,2022-07-12 21:15:02,2022-07-12 22:15:01,500000,10,10,2022-07-12 21:15:02,2022-07-12 22:15:01,13,2022-07-12 20:59:00,2022-07-12 22:08:12,0,0,0,2,2,0,0,0,0,4,Review,"high immediate campaign discount within 0-1 day: 500000, high credited campaign discount: 500000, "
U062739,500000,10,10,10,2022-07-05 20:14:44,2022-07-05 21:50:25,500000,10,10,2022-07-05 20:14:44,2022-07-05 21:50:25,10,2022-07-05 19:46:16,2022-07-05 21:50:12,0,0,0,2,2,0,0,0,0,4,Review,"high immediate campaign discount within 0-1 day: 500000, high credited campaign discount: 500000, "
U065375,500000,10,10,10,2022-07-29 00:30:04,2022-07-29 00:45:00,500000,10,10,2022-07-29 00:30:04,2022-07-29 00:45:00,10,2022-07-29 00:11:18,2022-07-29 00:20:12,0,0,0,2,2,0,0,0,0,4,Review,"high immediate campaign discount within 0-1 day: 500000, high credited campaign discount: 500000, "
U066341,500000,10,10,10,2022-06-26 02:30:01,2022-06-27 13:45:00,0,0,0,,,11,2022-06-26 02:08:40,2022-06-27 13:16:48,1,23,1,0,2,0,0,1,1,4,Review,"high credited campaign discount: 500000, shared IP used by 23 users, reciprocal transfer loop with 1 partner(s), "
U069537,500000,10,10,10,2022-07-01 21:53:52,2022-07-01 22:45:02,500000,10,10,2022-07-01 21:53:52,2022-07-01 22:45:02,12,2022-07-01 21:37:32,2022-07-01 22:31:43,0,0,0,2,2,0,0,0,0,4,Review,"high immediate campaign discount within 0-1 day: 500000, high credited campaign discount: 500000, "
U070852,500000,10,10,10,2022-06-28 01:23:07,2022-06-28 10:15:57,500000,10,10,2022-06-28 01:23:07,2022-06-28 10:15:57,10,2022-06-28 00:24:21,2022-06-28 10:14:40,0,0,0,2,2,0,0,0,0,4,Review,"high immediate campaign discount within 0-1 day: 500000, high credited campaign discount: 500000, "
U071645,500000,10,10,10,2022-06-29 08:55:59,2022-06-29 11:15:01,500000,10,10,2022-06-29 08:55:59,2022-06-29 11:15:01,10,2022-06-29 08:54:43,2022-06-29 10:52:11,0,0,0,2,2,0,0,0,0,4,Review,"high immediate campaign discount within 0-1 day: 500000, high credited campaign discount: 500000, "
U072013,500000,10,10,10,2022-07-03 09:15:02,2022-07-03 12:45:02,500000,10,10,2022-07-03 09:15:02,2022-07-03 12:45:02,10,2022-07-03 08:48:35,2022-07-03 12:23:41,0,0,0,2,2,0,0,0,0,4,Review,"high immediate campaign discount within 0-1 day: 500000, high credited campaign discount: 500000, "
U072212,500000,10,10,10,2022-06-05 17:01:41,2022-06-06 14:17:51,0,0,0,,,22,2022-06-05 15:54:02,2022-06-06 14:02:38,0,0,0,0,2,2,0,0,0,4,Review,"high credited campaign discount: 500000, high referral count: 22, "
U072613,500000,10,10,10,2022-07-15 23:55:43,2022-07-16 17:45:02,500000,10,10,2022-07-15 23:55:43,2022-07-16 17:45:02,11,2022-07-15 23:49:48,2022-07-16 17:36:21,1,1,0,2,2,0,0,0,0,4,Review,"high immediate campaign discount within 0-1 day: 500000, high credited campaign discount: 500000, "
U073222,500000,10,10,10,2022-07-15 13:15:01,2022-07-15 16:00:00,500000,10,10,2022-07-15 13:15:01,2022-07-15 16:00:00,10,2022-07-15 12:46:42,2022-07-15 15:28:57,0,0,0,2,2,0,0,0,0,4,Review,"high immediate campaign discount within 0-1 day: 500000, high credited campaign discount: 500000, "
U073802,500000,10,10,10,2022-08-01 08:58:47,2022-08-01 10:18:06,500000,10,10,2022-08-01 08:58:47,2022-08-01 10:18:06,10,2022-08-01 08:54:12,2022-08-01 10:17:09,0,0,0,2,2,0,0,0,0,4,Review,"high immediate campaign discount within 0-1 day: 500000, high credited campaign discount: 500000, "
U073915,500000,10,10,10,2022-07-28 16:56:28,2022-07-29 21:06:37,500000,10,10,2022-07-28 16:56:28,2022-07-29 21:06:37,11,2022-07-28 16:50:13,2022-07-29 21:06:18,0,0,0,2,2,0,0,0,0,4,Review,"high immediate campaign discount within 0-1 day: 500000, high credited campaign discount: 500000, "
U074160,500000,10,10,10,2022-07-29 21:45:01,2022-07-29 21:45:03,500000,10,10,2022-07-29 21:45:01,2022-07-29 21:45:03,10,2022-07-29 21:19:15,2022-07-29 21:22:05,0,0,0,2,2,0,0,0,0,4,Review,"high immediate campaign discount within 0-1 day: 500000, high credited campaign discount: 500000, "
U074204,500000,10,10,10,2022-07-01 15:12:21,2022-07-01 15:34:42,500000,10,10,2022-07-01 15:12:21,2022-07-01 15:34:42,10,2022-07-01 15:08:07,2022-07-01 15:34:25,0,0,0,2,2,0,0,0,0,4,Review,"high immediate campaign discount within 0-1 day: 500000, high credited campaign discount: 500000, "
U076312,500000,10,10,10,2022-07-02 21:34:20,2022-07-02 22:30:02,500000,10,10,2022-07-02 21:34:20,2022-07-02 22:30:02,10,2022-07-02 21:23:16,2022-07-02 22:12:15,0,0,0,2,2,0,0,0,0,4,Review,"high immediate campaign discount within 0-1 day: 500000, high credited campaign discount: 500000, "
U076954,500000,10,10,10,2022-06-24 08:30:00,2022-06-24 12:30:00,500000,10,10,2022-06-24 08:30:00,2022-06-24 12:30:00,10,2022-06-24 08:06:08,2022-06-24 12:00:03,0,0,0,2,2,0,0,0,0,4,Review,"high immediate campaign discount within 0-1 day: 500000, high credited campaign discount: 500000, "
U077509,500000,10,10,10,2022-07-17 12:30:00,2022-07-17 14:30:00,500000,10,10,2022-07-17 12:30:00,2022-07-17 14:30:00,10,2022-07-17 11:55:00,2022-07-17 14:07:40,0,0,0,2,2,0,0,0,0,4,Review,"high immediate campaign discount within 0-1 day: 500000, high credited campaign discount: 500000, "
U079101,500000,10,10,10,2022-07-18 19:03:26,2022-07-18 21:42:27,500000,10,10,2022-07-18 19:03:26,2022-07-18 21:42:27,10,2022-07-18 19:01:37,2022-07-18 21:41:41,0,0,0,2,2,0,0,0,0,4,Review,"high immediate campaign discount within 0-1 day: 500000, high credited campaign discount: 500000, "
U080985,500000,10,10,10,2022-07-18 21:32:19,2022-07-18 23:07:52,500000,10,10,2022-07-18 21:32:19,2022-07-18 23:07:52,11,2022-07-18 21:30:43,2022-07-18 23:07:37,0,0,0,2,2,0,0,0,0,4,Review,"high immediate campaign discount within 0-1 day: 500000, high credited campaign discount: 500000, "
U082156,500000,10,10,10,2022-07-02 09:15:00,2022-07-02 11:58:42,500000,10,10,2022-07-02 09:15:00,2022-07-02 11:58:42,10,2022-07-02 08:46:54,2022-07-02 11:58:19,0,0,0,2,2,0,0,0,0,4,Review,"high immediate campaign discount within 0-1 day: 500000, high credited campaign discount: 500000, "
U082573,500000,10,10,10,2022-07-15 12:30:00,2022-07-15 16:15:03,500000,10,10,2022-07-15 12:30:00,2022-07-15 16:15:03,11,2022-07-15 11:44:14,2022-07-15 15:50:43,0,0,0,2,2,0,0,0,0,4,Review,"high immediate campaign discount within 0-1 day: 500000, high credited campaign discount: 500000, "
U085346,500000,10,10,10,2022-07-15 18:34:03,2022-07-15 18:36:53,500000,10,10,2022-07-15 18:34:03,2022-07-15 18:36:53,12,2022-07-15 18:29:17,2022-07-15 19:38:06,0,0,0,2,2,0,0,0,0,4,Review,"high immediate campaign discount within 0-1 day: 500000, high credited campaign discount: 500000, "
U085454,500000,10,10,10,2022-07-24 23:45:47,2022-07-24 23:45:57,500000,10,10,2022-07-24 23:45:47,2022-07-24 23:45:57,10,2022-07-24 23:41:22,2022-07-24 23:45:22,0,0,0,2,2,0,0,0,0,4,Review,"high immediate campaign discount within 0-1 day: 500000, high credited campaign discount: 500000, "
U086440,500000,10,10,10,2022-07-14 08:17:20,2022-07-14 08:17:36,500000,10,10,2022-07-14 08:17:20,2022-07-14 08:17:36,10,2022-07-14 08:03:15,2022-07-14 08:17:01,0,0,0,2,2,0,0,0,0,4,Review,"high immediate campaign discount within 0-1 day: 500000, high credited campaign discount: 500000, "
U086490,500000,10,10,10,2022-07-13 16:45:01,2022-07-14 18:15:01,500000,10,10,2022-07-13 16:45:01,2022-07-14 18:15:01,12,2022-07-13 16:15:50,2022-07-14 17:48:54,1,2,0,2,2,0,0,0,0,4,Review,"high immediate campaign discount within 0-1 day: 500000, high credited campaign discount: 500000, "
U087032,500000,10,10,10,2022-07-01 16:04:39,2022-07-01 20:56:22,500000,10,10,2022-07-01 16:04:39,2022-07-01 20:56:22,10,2022-07-01 16:03:12,2022-07-01 20:52:07,0,0,0,2,2,0,0,0,0,4,Review,"high immediate campaign discount within 0-1 day: 500000, high credited campaign discount: 500000, "
U088853,500000,10,10,10,2022-07-31 19:15:00,2022-07-31 22:45:01,500000,10,10,2022-07-31 19:15:00,2022-07-31 22:45:01,11,2022-07-31 18:40:50,2022-07-31 22:17:32,0,0,0,2,2,0,0,0,0,4,Review,"high immediate campaign discount within 0-1 day: 500000, high credited campaign discount: 500000, "
U088979,500000,10,10,10,2022-07-14 13:44:43,2022-07-14 13:45:03,500000,10,10,2022-07-14 13:44:43,2022-07-14 13:45:03,10,2022-07-14 13:30:21,2022-07-14 13:44:26,0,0,0,2,2,0,0,0,0,4,Review,"high immediate campaign discount within 0-1 day: 500000, high credited campaign discount: 500000, "
U090484,500000,10,10,10,2022-07-09 19:45:01,2022-07-10 14:00:02,500000,10,10,2022-07-09 19:45:01,2022-07-10 14:00:02,12,2022-07-09 19:20:20,2022-07-10 13:37:38,1,6,0,2,2,0,0,0,0,4,Review,"high immediate campaign discount within 0-1 day: 500000, high credited campaign discount: 500000, "
U001720,450000,9,9,9,2022-06-09 15:15:00,2022-06-10 13:00:01,0,0,0,,,9,2022-06-09 14:55:13,2022-06-10 12:47:10,1,23,47,0,1,0,0,1,2,4,Review,"elevated credited campaign discount: 450000, shared IP used by 23 users, reciprocal transfer loop with 47 partner(s), "
U030556,450000,9,9,9,2022-06-29 18:50:25,2022-06-30 02:26:13,0,0,0,,,9,2022-06-29 18:38:28,2022-06-30 02:22:58,2,23,17,0,1,0,0,1,2,4,Review,"elevated credited campaign discount: 450000, shared IP used by 23 users, reciprocal transfer loop with 17 partner(s), "
U035749,450000,9,9,9,2022-07-04 20:30:00,2022-07-05 13:00:01,0,0,0,,,10,2022-07-04 19:57:29,2022-07-05 12:38:27,1,30,29,0,1,0,0,1,2,4,Review,"elevated credited campaign discount: 450000, shared IP used by 30 users, reciprocal transfer loop with 29 partner(s), "
U059618,450000,9,9,9,2022-06-16 15:08:14,2022-06-16 18:45:00,0,0,0,,,9,2022-06-16 14:58:47,2022-06-16 18:26:12,1,72,2,0,1,0,0,2,1,4,Review,"elevated credited campaign discount: 450000, shared IP used by 72 users, reciprocal transfer loop with 2 partner(s), "
U084796,450000,9,9,9,2022-06-08 11:15:01,2022-06-11 10:00:01,0,0,0,,,20,2022-06-08 09:50:12,2022-06-15 11:46:18,1,1,2,0,1,2,0,0,1,4,Review,"elevated credited campaign discount: 450000, high referral count: 20, reciprocal transfer loop with 2 partner(s), "
U084808,450000,9,9,9,2022-07-08 10:30:00,2022-07-10 20:00:01,0,0,0,,,20,2022-07-08 09:50:20,2022-07-10 21:01:03,1,25,0,0,1,2,0,1,0,4,Review,"elevated credited campaign discount: 450000, high referral count: 20, shared IP used by 25 users, "
U086196,450000,9,9,9,2022-06-06 08:30:00,2022-06-07 20:12:09,0,0,0,,,20,2022-06-06 08:03:25,2022-06-14 12:07:52,1,2,1,0,1,2,0,0,1,4,Review,"elevated credited campaign discount: 450000, high referral count: 20, reciprocal transfer loop with 1 partner(s), "
U032210,405000,11,11,11,2022-06-21 21:35:36,2022-06-22 18:21:23,0,0,0,,,17,2022-06-22 10:32:09,2022-06-22 21:19:58,11,8,2,0,1,0,2,0,1,4,Review,"elevated credited campaign discount: 405000, shared device used by 11 users, reciprocal transfer loop with 2 partner(s), "
U032829,400000,8,8,8,2022-07-10 17:15:01,2022-07-10 18:45:44,0,0,0,,,20,2022-07-10 16:50:20,2022-07-10 18:45:24,1,5,1,0,1,2,0,0,1,4,Review,"elevated credited campaign discount: 400000, high referral count: 20, reciprocal transfer loop with 1 partner(s), "
U035373,400000,8,8,8,2022-07-12 17:30:03,2022-07-23 23:05:34,0,0,0,,,24,2022-07-12 17:08:31,2022-07-24 18:57:57,1,2,1,0,1,2,0,0,1,4,Review,"elevated credited campaign discount: 400000, high referral count: 24, reciprocal transfer loop with 1 partner(s), "
U087346,375000,12,12,12,2022-06-04 17:30:55,2022-06-09 22:58:45,355000,11,11,2022-06-04 17:30:55,2022-06-05 22:44:26,3,2022-06-05 09:46:43,2022-06-05 16:04:14,1,22,12,0,1,0,0,1,2,4,Review,"elevated credited campaign discount: 375000, shared IP used by 22 users, reciprocal transfer loop with 12 partner(s), "
U007341,335000,10,10,10,2022-06-27 22:16:01,2022-06-28 19:39:11,335000,10,10,2022-06-27 22:16:01,2022-06-28 19:39:11,3,2022-06-27 22:07:53,2022-06-28 00:25:56,2,57,1,0,1,0,0,2,1,4,Review,"elevated credited campaign discount: 335000, shared IP used by 57 users, reciprocal transfer loop with 1 partner(s), "
U075437,320000,7,7,7,2022-06-10 08:30:22,2022-06-20 19:00:00,0,0,0,,,28,2022-06-17 21:54:00,2022-06-20 22:12:52,1,6,1,0,1,2,0,0,1,4,Review,"elevated credited campaign discount: 320000, high referral count: 28, reciprocal transfer loop with 1 partner(s), "
U012514,315000,9,9,9,2022-06-24 16:43:57,2022-06-25 17:45:01,315000,9,9,2022-06-24 16:43:57,2022-06-25 17:45:01,7,2022-06-25 09:28:42,2022-06-26 09:19:32,5,29,1,0,1,0,1,1,1,4,Review,"elevated credited campaign discount: 315000, shared device used by 5 users, shared IP used by 29 users, reciprocal transfer loop with 1 partner(s), "
U019449,310000,7,7,7,2022-06-01 18:59:54,2022-06-07 10:38:05,0,0,0,,,21,2022-06-01 14:50:20,2022-06-04 17:46:48,0,0,1,0,1,2,0,0,1,4,Review,"elevated credited campaign discount: 310000, high referral count: 21, reciprocal transfer loop with 1 partner(s), "
U058563,305000,12,12,12,2022-06-08 13:15:22,2022-06-16 13:21:18,0,0,0,,,0,,,1,36,25,0,1,0,0,1,2,4,Review,"elevated credited campaign discount: 305000, shared IP used by 36 users, reciprocal transfer loop with 25 partner(s), "
U090494,300000,6,6,6,2022-06-11 19:15:00,2022-06-12 19:15:57,0,0,0,,,24,2022-06-09 18:33:25,2022-06-24 08:37:13,1,1,1,0,1,2,0,0,1,4,Review,"elevated credited campaign discount: 300000, high referral count: 24, reciprocal transfer loop with 1 partner(s), "
U019694,295000,8,8,8,2022-06-22 10:34:51,2022-06-22 12:20:07,0,0,0,,,4,2022-06-22 12:01:33,2022-06-22 12:19:55,1,59,1,0,1,0,0,2,1,4,Review,"elevated credited campaign discount: 295000, shared IP used by 59 users, reciprocal transfer loop with 1 partner(s), "
U048124,295000,8,8,8,2022-06-24 17:37:53,2022-06-24 22:15:00,0,0,0,,,4,2022-06-24 20:33:57,2022-06-24 21:51:53,1,59,1,0,1,0,0,2,1,4,Review,"elevated credited campaign discount: 295000, shared IP used by 59 users, reciprocal transfer loop with 1 partner(s), "
U052804,295000,8,8,8,2022-06-24 17:36:51,2022-06-24 20:26:58,0,0,0,,,4,2022-06-24 20:13:25,2022-06-24 20:26:46,1,59,1,0,1,0,0,2,1,4,Review,"elevated credited campaign discount: 295000, shared IP used by 59 users, reciprocal transfer loop with 1 partner(s), "
U055998,295000,8,8,8,2022-06-23 07:23:29,2022-06-23 14:38:58,0,0,0,,,4,2022-06-23 14:09:26,2022-06-23 14:38:46,1,59,1,0,1,0,0,2,1,4,Review,"elevated credited campaign discount: 295000, shared IP used by 59 users, reciprocal transfer loop with 1 partner(s), "
U057884,295000,8,8,8,2022-06-25 09:46:45,2022-06-25 11:13:19,0,0,0,,,4,2022-06-25 10:08:06,2022-06-25 11:13:07,1,59,1,0,1,0,0,2,1,4,Review,"elevated credited campaign discount: 295000, shared IP used by 59 users, reciprocal transfer loop with 1 partner(s), "
U069100,295000,8,8,8,2022-06-25 13:06:59,2022-06-25 22:33:26,0,0,0,,,4,2022-06-25 21:57:30,2022-06-25 22:33:13,1,59,1,0,1,0,0,2,1,4,Review,"elevated credited campaign discount: 295000, shared IP used by 59 users, reciprocal transfer loop with 1 partner(s), "
U070314,295000,8,8,8,2022-06-23 07:02:57,2022-06-23 16:15:01,0,0,0,,,4,2022-06-23 14:44:52,2022-06-23 15:58:53,1,59,1,0,1,0,0,2,1,4,Review,"elevated credited campaign discount: 295000, shared IP used by 59 users, reciprocal transfer loop with 1 partner(s), "
U075407,295000,8,8,8,2022-06-25 13:05:17,2022-06-25 16:15:00,0,0,0,,,4,2022-06-25 14:33:24,2022-06-25 15:43:28,1,59,1,0,1,0,0,2,1,4,Review,"elevated credited campaign discount: 295000, shared IP used by 59 users, reciprocal transfer loop with 1 partner(s), "
U004058,285000,11,11,11,2022-06-10 10:23:36,2022-06-10 20:06:46,0,0,0,,,0,,,1,48,13,0,1,0,0,1,2,4,Review,"elevated credited campaign discount: 285000, shared IP used by 48 users, reciprocal transfer loop with 13 partner(s), "
U025445,285000,11,11,11,2022-06-05 15:59:54,2022-06-07 13:01:03,0,0,0,,,0,,,1,27,24,0,1,0,0,1,2,4,Review,"elevated credited campaign discount: 285000, shared IP used by 27 users, reciprocal transfer loop with 24 partner(s), "
U055163,285000,7,7,7,2022-06-23 17:55:49,2022-06-23 22:00:01,0,0,0,,,4,2022-06-23 20:50:00,2022-06-23 21:45:20,1,59,1,0,1,0,0,2,1,4,Review,"elevated credited campaign discount: 285000, shared IP used by 59 users, reciprocal transfer loop with 1 partner(s), "
U070759,285000,11,11,11,2022-06-05 15:54:00,2022-06-07 12:51:27,0,0,0,,,0,,,1,27,3,0,1,0,0,1,2,4,Review,"elevated credited campaign discount: 285000, shared IP used by 27 users, reciprocal transfer loop with 3 partner(s), "
U081768,285000,11,11,11,2022-06-05 10:59:13,2022-06-07 12:53:34,0,0,0,,,0,,,1,27,6,0,1,0,0,1,2,4,Review,"elevated credited campaign discount: 285000, shared IP used by 27 users, reciprocal transfer loop with 6 partner(s), "
U059197,265000,11,11,11,2022-06-16 18:47:15,2022-06-16 19:58:31,0,0,0,,,0,,,1,36,5,0,1,0,0,1,2,4,Review,"elevated credited campaign discount: 265000, shared IP used by 36 users, reciprocal transfer loop with 5 partner(s), "
U082936,265000,11,11,11,2022-06-19 15:35:14,2022-06-20 09:10:33,0,0,0,,,0,,,1,36,19,0,1,0,0,1,2,4,Review,"elevated credited campaign discount: 265000, shared IP used by 36 users, reciprocal transfer loop with 19 partner(s), "
U085954,265000,10,10,10,2022-06-06 22:06:08,2022-06-11 15:13:56,0,0,0,,,21,2022-06-11 10:54:25,2022-06-11 14:52:26,2,11,1,0,1,2,0,0,1,4,Review,"elevated credited campaign discount: 265000, high referral count: 21, reciprocal transfer loop with 1 partner(s), "
U023444,250000,5,5,5,2022-06-24 14:15:00,2022-07-01 12:00:01,0,0,0,,,23,2022-06-21 08:24:17,2022-07-04 10:33:24,1,1,1,0,1,2,0,0,1,4,Review,"elevated credited campaign discount: 250000, high referral count: 23, reciprocal transfer loop with 1 partner(s), "
U038606,250000,5,5,5,2022-06-07 04:35:52,2022-07-10 18:54:00,0,0,0,,,162,2022-06-01 07:27:30,2022-08-01 13:44:41,1,1,0,0,1,3,0,0,0,4,Review,"elevated credited campaign discount: 250000, high referral count: 162, "
U055942,250000,6,6,6,2022-06-26 13:21:14,2022-06-26 16:21:05,0,0,0,,,4,2022-06-26 14:25:40,2022-06-26 16:20:52,1,59,1,0,1,0,0,2,1,4,Review,"elevated credited campaign discount: 250000, shared IP used by 59 users, reciprocal transfer loop with 1 partner(s), "
U084267,250000,5,5,5,2022-07-26 19:56:04,2022-07-27 09:23:13,0,0,0,,,21,2022-07-26 19:25:54,2022-07-28 08:50:16,1,5,2,0,1,2,0,0,1,4,Review,"elevated credited campaign discount: 250000, high referral count: 21, reciprocal transfer loop with 2 partner(s), "
U039808,245000,9,9,9,2022-06-18 19:36:32,2022-06-22 12:15:00,135000,5,5,2022-06-18 19:36:32,2022-06-18 20:00:39,3,2022-06-22 11:44:27,2022-06-22 12:18:27,1,21,25,0,1,0,0,1,2,4,Review,"elevated credited campaign discount: 245000, shared IP used by 21 users, reciprocal transfer loop with 25 partner(s), "
U063858,245000,6,6,6,2022-06-19 12:44:29,2022-06-19 13:57:32,0,0,0,,,4,2022-06-19 13:30:12,2022-06-19 13:57:22,1,59,1,0,1,0,0,2,1,4,Review,"elevated credited campaign discount: 245000, shared IP used by 59 users, reciprocal transfer loop with 1 partner(s), "
U065715,245000,9,9,9,2022-06-07 23:18:07,2022-06-09 21:06:07,50000,2,2,2022-06-07 23:18:07,2022-06-07 23:18:44,0,,,11,11,1,0,1,0,2,0,1,4,Review,"elevated credited campaign discount: 245000, shared device used by 11 users, reciprocal transfer loop with 1 partner(s), "
U087872,245000,7,7,7,2022-06-22 20:50:03,2022-06-22 23:15:01,0,0,0,,,3,2022-06-22 22:06:28,2022-06-22 22:54:54,1,59,1,0,1,0,0,2,1,4,Review,"elevated credited campaign discount: 245000, shared IP used by 59 users, reciprocal transfer loop with 1 partner(s), "
U061418,235000,9,9,9,2022-06-06 23:06:55,2022-06-06 23:57:45,0,0,0,,,0,,,1,48,16,0,1,0,0,1,2,4,Review,"elevated credited campaign discount: 235000, shared IP used by 48 users, reciprocal transfer loop with 16 partner(s), "
U025131,225000,9,9,9,2022-06-23 18:45:26,2022-06-23 19:20:06,0,0,0,,,0,,,1,36,17,0,1,0,0,1,2,4,Review,"elevated credited campaign discount: 225000, shared IP used by 36 users, reciprocal transfer loop with 17 partner(s), "
U036109,225000,8,8,8,2022-06-01 15:16:32,2022-06-05 00:10:01,0,0,0,,,1,2022-06-04 19:19:39,2022-06-04 19:22:00,1,27,12,0,1,0,0,1,2,4,Review,"elevated credited campaign discount: 225000, shared IP used by 27 users, reciprocal transfer loop with 12 partner(s), "
U002682,215000,8,8,8,2022-06-09 13:37:23,2022-06-09 21:57:12,0,0,0,,,0,,,1,23,3,0,1,0,0,1,2,4,Review,"elevated credited campaign discount: 215000, shared IP used by 23 users, reciprocal transfer loop with 3 partner(s), "
U047132,215000,8,8,8,2022-06-15 01:29:29,2022-06-16 16:55:24,135000,5,5,2022-06-15 01:29:29,2022-06-15 23:23:35,0,,,1,57,1,0,1,0,0,2,1,4,Review,"elevated credited campaign discount: 215000, shared IP used by 57 users, reciprocal transfer loop with 1 partner(s), "
U077275,215000,8,8,8,2022-06-13 17:06:49,2022-06-14 20:17:03,145000,5,5,2022-06-13 17:06:49,2022-06-13 21:55:15,0,,,1,57,1,0,1,0,0,2,1,4,Review,"elevated credited campaign discount: 215000, shared IP used by 57 users, reciprocal transfer loop with 1 partner(s), "
U014844,205000,8,8,8,2022-06-19 22:49:07,2022-06-25 01:53:33,0,0,0,,,4,2022-06-21 23:21:27,2022-06-27 12:44:06,11,8,1,0,1,0,2,0,1,4,Review,"elevated credited campaign discount: 205000, shared device used by 11 users, reciprocal transfer loop with 1 partner(s), "
U015341,205000,8,8,8,2022-06-30 21:22:13,2022-06-30 22:19:46,0,0,0,,,0,,,1,30,19,0,1,0,0,1,2,4,Review,"elevated credited campaign discount: 205000, shared IP used by 30 users, reciprocal transfer loop with 19 partner(s), "
U020518,205000,8,8,8,2022-07-05 00:10:03,2022-07-05 00:40:38,0,0,0,,,0,,,1,30,31,0,1,0,0,1,2,4,Review,"elevated credited campaign discount: 205000, shared IP used by 30 users, reciprocal transfer loop with 31 partner(s), "
U073762,205000,8,8,8,2022-06-04 14:43:10,2022-06-05 22:47:19,0,0,0,,,0,,,1,22,38,0,1,0,0,1,2,4,Review,"elevated credited campaign discount: 205000, shared IP used by 22 users, reciprocal transfer loop with 38 partner(s), "
U089416,205000,7,7,7,2022-06-20 21:37:14,2022-06-22 17:47:40,0,0,0,,,3,2022-06-22 16:33:01,2022-06-22 17:14:59,11,8,1,0,1,0,2,0,1,4,Review,"elevated credited campaign discount: 205000, shared device used by 11 users, reciprocal transfer loop with 1 partner(s), "
U033935,200000,4,4,4,2022-06-29 19:13:20,2022-06-29 20:27:19,0,0,0,,,4,2022-06-29 19:02:17,2022-06-29 20:25:07,2,23,27,0,1,0,0,1,2,4,Review,"elevated credited campaign discount: 200000, shared IP used by 23 users, reciprocal transfer loop with 27 partner(s), "
U036533,200000,4,4,4,2022-07-01 04:30:00,2022-07-01 13:00:01,0,0,0,,,5,2022-07-01 03:26:04,2022-07-01 12:36:50,1,30,15,0,1,0,0,1,2,4,Review,"elevated credited campaign discount: 200000, shared IP used by 30 users, reciprocal transfer loop with 15 partner(s), "
U040105,200000,4,4,4,2022-07-03 22:00:01,2022-07-06 16:30:01,0,0,0,,,5,2022-07-03 21:38:53,2022-07-21 14:46:43,2,21,4,0,1,0,0,1,2,4,Review,"elevated credited campaign discount: 200000, shared IP used by 21 users, reciprocal transfer loop with 4 partner(s), "
U065582,200000,4,4,4,2022-07-09 20:21:49,2022-07-12 15:30:04,0,0,0,,,25,2022-07-09 20:06:30,2022-07-15 22:15:28,1,1,2,0,1,2,0,0,1,4,Review,"elevated credited campaign discount: 200000, high referral count: 25, reciprocal transfer loop with 2 partner(s), "
U007051,195000,7,7,7,2022-06-16 21:47:12,2022-06-18 01:54:34,135000,5,5,2022-06-16 21:47:12,2022-06-17 17:03:44,0,,,1,57,1,0,1,0,0,2,1,4,Review,"elevated credited campaign discount: 195000, shared IP used by 57 users, reciprocal transfer loop with 1 partner(s), "
U041518,195000,7,7,7,2022-06-17 01:15:24,2022-06-18 01:59:44,135000,5,5,2022-06-17 01:15:24,2022-06-17 17:07:17,0,,,1,57,1,0,1,0,0,2,1,4,Review,"elevated credited campaign discount: 195000, shared IP used by 57 users, reciprocal transfer loop with 1 partner(s), "
U057763,195000,7,7,7,2022-06-24 19:38:59,2022-06-26 19:37:00,0,0,0,,,1,2022-06-26 19:35:06,2022-06-26 19:36:41,1,21,31,0,1,0,0,1,2,4,Review,"elevated credited campaign discount: 195000, shared IP used by 21 users, reciprocal transfer loop with 31 partner(s), "
U068851,195000,6,6,6,2022-06-24 11:56:58,2022-06-24 16:00:25,0,0,0,,,2,2022-06-24 15:37:10,2022-06-24 16:00:15,1,59,1,0,1,0,0,2,1,4,Review,"elevated credited campaign discount: 195000, shared IP used by 59 users, reciprocal transfer loop with 1 partner(s), "
U076198,195000,7,7,7,2022-06-17 01:05:09,2022-06-18 01:50:45,135000,5,5,2022-06-17 01:05:09,2022-06-17 16:51:24,0,,,1,57,1,0,1,0,0,2,1,4,Review,"elevated credited campaign discount: 195000, shared IP used by 57 users, reciprocal transfer loop with 1 partner(s), "
U029404,185000,7,7,7,2022-07-07 00:04:44,2022-07-07 16:02:08,0,0,0,,,0,,,1,30,16,0,1,0,0,1,2,4,Review,"elevated credited campaign discount: 185000, shared IP used by 30 users, reciprocal transfer loop with 16 partner(s), "
U032540,185000,7,7,7,2022-06-17 19:37:25,2022-06-17 19:45:28,185000,7,7,2022-06-17 19:37:25,2022-06-17 19:45:28,0,,,1,24,5,0,1,0,0,1,2,4,Review,"elevated credited campaign discount: 185000, shared IP used by 24 users, reciprocal transfer loop with 5 partner(s), "
U035637,185000,4,4,4,2022-07-14 00:31:31,2022-07-25 14:15:05,0,0,0,,,22,2022-07-24 10:49:30,2022-08-01 12:54:35,1,1,2,0,1,2,0,0,1,4,Review,"elevated credited campaign discount: 185000, high referral count: 22, reciprocal transfer loop with 2 partner(s), "
U065758,185000,7,7,7,2022-06-10 18:33:27,2022-06-11 00:35:44,0,0,0,,,0,,,1,23,3,0,1,0,0,1,2,4,Review,"elevated credited campaign discount: 185000, shared IP used by 23 users, reciprocal transfer loop with 3 partner(s), "
U077819,185000,7,7,7,2022-06-17 23:09:00,2022-06-17 23:36:30,0,0,0,,,0,,,1,24,3,0,1,0,0,1,2,4,Review,"elevated credited campaign discount: 185000, shared IP used by 24 users, reciprocal transfer loop with 3 partner(s), "
U088576,175000,6,6,6,2022-06-06 02:26:54,2022-06-06 11:44:49,0,0,0,,,0,,,1,23,3,0,1,0,0,1,2,4,Review,"elevated credited campaign discount: 175000, shared IP used by 23 users, reciprocal transfer loop with 3 partner(s), "
U021080,165000,6,6,6,2022-06-23 23:53:50,2022-06-25 01:33:25,125000,4,4,2022-06-23 23:53:50,2022-06-24 17:36:57,0,,,1,57,1,0,1,0,0,2,1,4,Review,"elevated credited campaign discount: 165000, shared IP used by 57 users, reciprocal transfer loop with 1 partner(s), "
U028787,165000,6,6,6,2022-06-23 23:52:44,2022-06-25 01:36:19,125000,4,4,2022-06-23 23:52:44,2022-06-24 17:23:41,0,,,1,57,1,0,1,0,0,2,1,4,Review,"elevated credited campaign discount: 165000, shared IP used by 57 users, reciprocal transfer loop with 1 partner(s), "
U032406,165000,6,6,6,2022-06-23 23:51:33,2022-06-25 01:35:36,0,0,0,,,0,,,1,57,1,0,1,0,0,2,1,4,Review,"elevated credited campaign discount: 165000, shared IP used by 57 users, reciprocal transfer loop with 1 partner(s), "
U041881,165000,6,6,6,2022-06-25 15:34:08,2022-06-25 18:40:58,165000,6,6,2022-06-25 15:34:08,2022-06-25 18:40:58,0,,,1,57,2,0,1,0,0,2,1,4,Review,"elevated credited campaign discount: 165000, shared IP used by 57 users, reciprocal transfer loop with 2 partner(s), "
U076157,165000,6,6,6,2022-06-23 23:49:37,2022-06-25 01:33:28,0,0,0,,,0,,,1,57,1,0,1,0,0,2,1,4,Review,"elevated credited campaign discount: 165000, shared IP used by 57 users, reciprocal transfer loop with 1 partner(s), "
U001322,155000,6,6,6,2022-07-14 07:51:44,2022-07-14 11:20:01,0,0,0,,,0,,,1,30,13,0,1,0,0,1,2,4,Review,"elevated credited campaign discount: 155000, shared IP used by 30 users, reciprocal transfer loop with 13 partner(s), "
U033043,155000,6,6,6,2022-06-09 01:06:45,2022-06-09 11:22:36,0,0,0,,,0,,,1,23,3,0,1,0,0,1,2,4,Review,"elevated credited campaign discount: 155000, shared IP used by 23 users, reciprocal transfer loop with 3 partner(s), "
U051007,155000,6,6,6,2022-06-11 14:45:53,2022-06-11 22:09:03,0,0,0,,,0,,,1,72,1,0,1,0,0,2,1,4,Review,"elevated credited campaign discount: 155000, shared IP used by 72 users, reciprocal transfer loop with 1 partner(s), "
U081805,155000,6,6,6,2022-06-08 17:54:04,2022-06-09 19:14:46,50000,2,2,2022-06-08 17:54:04,2022-06-08 17:54:39,0,,,11,7,1,0,1,0,2,0,1,4,Review,"elevated credited campaign discount: 155000, shared device used by 11 users, reciprocal transfer loop with 1 partner(s), "
U023558,150000,3,3,3,2022-06-17 14:12:53,2022-06-23 21:32:54,0,0,0,,,25,2022-06-14 08:33:45,2022-07-30 14:51:51,0,0,1,0,1,2,0,0,1,4,Review,"elevated credited campaign discount: 150000, high referral count: 25, reciprocal transfer loop with 1 partner(s), "
U039848,150000,3,3,3,2022-07-17 13:30:00,2022-08-01 21:30:00,0,0,0,,,4,2022-07-17 12:32:26,2022-08-01 21:02:19,1,21,10,0,1,0,0,1,2,4,Review,"elevated credited campaign discount: 150000, shared IP used by 21 users, reciprocal transfer loop with 10 partner(s), "
U043780,150000,3,3,3,2022-07-30 13:30:02,2022-07-30 14:45:03,0,0,0,,,59,2022-07-08 07:21:01,2022-07-30 22:27:47,1,1,2,0,1,2,0,0,1,4,Review,"elevated credited campaign discount: 150000, high referral count: 59, reciprocal transfer loop with 2 partner(s), "
U013829,145000,5,5,5,2022-06-28 11:21:34,2022-06-28 17:55:25,145000,5,5,2022-06-28 11:21:34,2022-06-28 17:55:25,0,,,1,57,1,0,1,0,0,2,1,4,Review,"elevated credited campaign discount: 145000, shared IP used by 57 users, reciprocal transfer loop with 1 partner(s), "
U026001,145000,5,5,5,2022-06-20 12:33:28,2022-06-20 13:40:36,0,0,0,,,1,2022-06-20 13:39:30,2022-06-20 13:40:24,1,59,1,0,1,0,0,2,1,4,Review,"elevated credited campaign discount: 145000, shared IP used by 59 users, reciprocal transfer loop with 1 partner(s), "
U056558,145000,5,5,5,2022-06-11 22:18:58,2022-06-12 00:38:48,0,0,0,,,0,,,1,23,3,0,1,0,0,1,2,4,Review,"elevated credited campaign discount: 145000, shared IP used by 23 users, reciprocal transfer loop with 3 partner(s), "
U067831,145000,5,5,5,2022-06-21 11:40:08,2022-06-21 22:24:25,0,0,0,,,1,2022-06-21 22:15:39,2022-06-21 22:24:10,1,59,1,0,1,0,0,2,1,4,Review,"elevated credited campaign discount: 145000, shared IP used by 59 users, reciprocal transfer loop with 1 partner(s), "
U068073,145000,6,6,6,2022-06-12 17:11:35,2022-06-12 23:53:05,0,0,0,,,0,,,1,72,1,0,1,0,0,2,1,4,Review,"elevated credited campaign discount: 145000, shared IP used by 72 users, reciprocal transfer loop with 1 partner(s), "
U083415,145000,5,5,5,2022-06-24 11:58:56,2022-06-24 22:30:00,0,0,0,,,1,2022-06-24 22:08:10,2022-06-24 22:09:41,1,59,1,0,1,0,0,2,1,4,Review,"elevated credited campaign discount: 145000, shared IP used by 59 users, reciprocal transfer loop with 1 partner(s), "
U086842,145000,4,4,4,2022-06-17 12:40:05,2022-06-17 21:31:29,0,0,0,,,2,2022-06-17 20:53:08,2022-06-17 21:31:04,1,59,1,0,1,0,0,2,1,4,Review,"elevated credited campaign discount: 145000, shared IP used by 59 users, reciprocal transfer loop with 1 partner(s), "
U062203,125000,4,4,4,2022-06-20 22:24:55,2022-06-21 00:41:43,40000,1,1,2022-06-20 22:24:55,2022-06-20 22:24:55,0,,,1,57,2,0,1,0,0,2,1,4,Review,"elevated credited campaign discount: 125000, shared IP used by 57 users, reciprocal transfer loop with 2 partner(s), "
U073481,125000,4,4,4,2022-06-19 18:59:01,2022-06-19 22:05:10,125000,4,4,2022-06-19 18:59:01,2022-06-19 22:05:10,0,,,1,57,1,0,1,0,0,2,1,4,Review,"elevated credited campaign discount: 125000, shared IP used by 57 users, reciprocal transfer loop with 1 partner(s), "
U010768,120000,5,5,5,2022-06-05 14:26:11,2022-06-06 16:13:01,40000,1,1,2022-06-05 14:26:11,2022-06-05 14:26:11,0,,,1,57,1,0,1,0,0,2,1,4,Review,"elevated credited campaign discount: 120000, shared IP used by 57 users, reciprocal transfer loop with 1 partner(s), "
U001518,115000,5,5,5,2022-06-11 18:29:30,2022-06-11 22:23:20,0,0,0,,,0,,,1,72,1,0,1,0,0,2,1,4,Review,"elevated credited campaign discount: 115000, shared IP used by 72 users, reciprocal transfer loop with 1 partner(s), "
U012944,115000,5,5,5,2022-06-14 13:13:42,2022-06-14 14:07:49,0,0,0,,,0,,,1,21,31,0,1,0,0,1,2,4,Review,"elevated credited campaign discount: 115000, shared IP used by 21 users, reciprocal transfer loop with 31 partner(s), "
U023630,115000,5,5,5,2022-07-07 15:35:48,2022-07-07 16:04:07,0,0,0,,,0,,,7,17,21,0,1,0,1,0,2,4,Review,"elevated credited campaign discount: 115000, shared device used by 7 users, reciprocal transfer loop with 21 partner(s), "
U026602,115000,5,5,5,2022-06-25 16:09:11,2022-07-06 02:01:14,35000,1,1,2022-06-25 16:09:11,2022-06-25 16:09:11,0,,,3,74,1,0,1,0,0,2,1,4,Review,"elevated credited campaign discount: 115000, shared IP used by 74 users, reciprocal transfer loop with 1 partner(s), "
U063046,115000,5,5,5,2022-06-11 18:40:39,2022-06-11 22:18:52,0,0,0,,,0,,,1,72,1,0,1,0,0,2,1,4,Review,"elevated credited campaign discount: 115000, shared IP used by 72 users, reciprocal transfer loop with 1 partner(s), "
U072399,110000,5,5,5,2022-06-02 20:15:56,2022-06-02 23:20:09,0,0,0,,,0,,,1,23,3,0,1,0,0,1,2,4,Review,"elevated credited campaign discount: 110000, shared IP used by 23 users, reciprocal transfer loop with 3 partner(s), "
U010999,100000,2,2,2,2022-06-17 17:21:31,2022-06-29 19:45:00,0,0,0,,,3,2022-06-04 00:47:49,2022-06-29 19:11:37,2,24,3,0,1,0,0,1,2,4,Review,"elevated credited campaign discount: 100000, shared IP used by 24 users, reciprocal transfer loop with 3 partner(s), "
U022570,100000,2,2,2,2022-07-03 18:38:48,2022-07-23 17:53:38,0,0,0,,,4,2022-06-26 12:13:05,2022-07-23 17:51:42,1,21,4,0,1,0,0,1,2,4,Review,"elevated credited campaign discount: 100000, shared IP used by 21 users, reciprocal transfer loop with 4 partner(s), "
U026450,100000,2,2,2,2022-06-26 11:15:00,2022-06-26 12:30:00,0,0,0,,,4,2022-06-26 10:45:49,2022-06-26 11:53:23,1,27,3,0,1,0,0,1,2,4,Review,"elevated credited campaign discount: 100000, shared IP used by 27 users, reciprocal transfer loop with 3 partner(s), "
U036956,100000,2,2,2,2022-07-15 15:05:41,2022-07-18 13:12:21,0,0,0,,,23,2022-06-26 19:49:49,2022-07-27 19:25:53,1,1,1,0,1,2,0,0,1,4,Review,"elevated credited campaign discount: 100000, high referral count: 23, reciprocal transfer loop with 1 partner(s), "
U040190,100000,2,2,2,2022-06-17 19:31:05,2022-06-17 19:50:25,0,0,0,,,2,2022-06-17 19:28:52,2022-06-17 19:49:30,1,24,3,0,1,0,0,1,2,4,Review,"elevated credited campaign discount: 100000, shared IP used by 24 users, reciprocal transfer loop with 3 partner(s), "
U042228,100000,2,2,2,2022-06-22 12:29:55,2022-06-22 13:01:49,0,0,0,,,2,2022-06-22 12:27:08,2022-06-22 13:01:35,0,59,1,0,1,0,0,2,1,4,Review,"elevated credited campaign discount: 100000, shared IP used by 59 users, reciprocal transfer loop with 1 partner(s), "
U043929,100000,2,2,2,2022-07-24 14:15:02,2022-07-25 15:00:04,0,0,0,,,4,2022-07-24 13:48:16,2022-07-25 14:33:36,1,41,3,0,1,0,0,1,2,4,Review,"elevated credited campaign discount: 100000, shared IP used by 41 users, reciprocal transfer loop with 3 partner(s), "
U045753,100000,2,2,2,2022-06-01 00:30:00,2022-06-18 18:45:00,0,0,0,,,6,2022-06-01 00:00:11,2022-07-22 18:08:46,1,57,1,0,1,0,0,2,1,4,Review,"elevated credited campaign discount: 100000, shared IP used by 57 users, reciprocal transfer loop with 1 partner(s), "
U046917,100000,2,2,2,2022-06-16 18:13:34,2022-06-21 18:00:01,0,0,0,,,20,2022-06-07 15:37:39,2022-07-21 10:53:16,1,1,1,0,1,2,0,0,1,4,Review,"elevated credited campaign discount: 100000, high referral count: 20, reciprocal transfer loop with 1 partner(s), "
U050890,100000,2,2,2,2022-06-13 16:00:00,2022-06-13 16:45:00,0,0,0,,,2,2022-06-13 15:26:53,2022-06-13 16:18:04,1,24,80,0,1,0,0,1,2,4,Review,"elevated credited campaign discount: 100000, shared IP used by 24 users, reciprocal transfer loop with 80 partner(s), "
U051245,100000,2,2,2,2022-07-11 19:46:20,2022-07-22 07:08:09,0,0,0,,,104,2022-06-11 16:24:39,2022-08-01 04:53:26,1,1,0,0,1,3,0,0,0,4,Review,"elevated credited campaign discount: 100000, high referral count: 104, "
U060529,100000,2,2,2,2022-07-10 08:01:02,2022-07-22 18:14:26,0,0,0,,,3,2022-07-10 07:40:01,2022-07-22 18:13:13,1,23,4,0,1,0,0,1,2,4,Review,"elevated credited campaign discount: 100000, shared IP used by 23 users, reciprocal transfer loop with 4 partner(s), "
U071286,100000,2,2,2,2022-07-08 17:53:06,2022-07-23 15:34:47,0,0,0,,,1,2022-07-08 16:38:20,2022-07-08 16:43:03,1,21,3,0,1,0,0,1,2,4,Review,"elevated credited campaign discount: 100000, shared IP used by 21 users, reciprocal transfer loop with 3 partner(s), "
U081884,100000,2,2,2,2022-06-15 14:14:35,2022-06-15 14:45:01,0,0,0,,,2,2022-06-15 14:12:34,2022-06-15 14:20:09,1,57,2,0,1,0,0,2,1,4,Review,"elevated credited campaign discount: 100000, shared IP used by 57 users, reciprocal transfer loop with 2 partner(s), "
U086125,100000,2,2,2,2022-07-08 10:00:00,2022-07-08 16:45:00,0,0,0,,,3,2022-07-08 09:25:38,2022-07-08 16:18:04,1,57,1,0,1,0,0,2,1,4,Review,"elevated credited campaign discount: 100000, shared IP used by 57 users, reciprocal transfer loop with 1 partner(s), "
U034607,65000,3,3,3,2022-06-15 05:07:55,2022-07-28 00:54:39,0,0,0,,,2,2022-07-11 02:08:43,2022-07-28 00:53:09,2,57,6,0,0,0,0,2,2,4,Review,"shared IP used by 57 users, reciprocal transfer loop with 6 partner(s), "
U022711,50000,1,1,1,2022-07-24 13:00:56,2022-07-24 13:00:56,0,0,0,,,1,2022-07-24 12:16:12,2022-07-24 12:21:25,1,57,3,0,0,0,0,2,2,4,Review,"shared IP used by 57 users, reciprocal transfer loop with 3 partner(s), "
U025349,50000,1,1,1,2022-06-18 12:45:02,2022-06-18 12:45:02,0,0,0,,,29,2022-06-13 17:02:21,2022-06-21 21:56:47,1,19,41,0,0,2,0,0,2,4,Review,"high referral count: 29, reciprocal transfer loop with 41 partner(s), "
U030786,50000,1,1,1,2022-06-04 00:58:02,2022-06-04 00:58:02,0,0,0,,,45,2022-06-01 16:04:11,2022-07-29 23:00:08,1,1,6,0,0,2,0,0,2,4,Review,"high referral count: 45, reciprocal transfer loop with 6 partner(s), "
U049219,40000,2,2,2,2022-06-09 13:14:10,2022-06-09 13:25:53,0,0,0,,,0,,,12,4,3,0,0,0,2,0,2,4,Review,"shared device used by 12 users, reciprocal transfer loop with 3 partner(s), "
U038890,30000,2,2,2,2022-07-03 17:08:25,2022-07-03 17:09:00,30000,2,2,2022-07-03 17:08:25,2022-07-03 17:09:00,0,,,1,254,20,0,0,0,0,2,2,4,Review,"shared IP used by 254 users, reciprocal transfer loop with 20 partner(s), "
U004655,1095000,24,24,24,2022-06-24 13:10:47,2022-06-28 22:41:51,145000,5,5,2022-06-24 13:10:47,2022-06-24 15:05:22,19,2022-06-26 15:13:53,2022-06-28 22:41:35,1,1,0,0,3,0,0,0,0,3,Review,"high credited campaign discount: 1095000, "
U009487,1085000,26,26,26,2022-06-11 17:05:23,2022-06-15 22:30:11,60000,3,3,2022-06-11 17:05:23,2022-06-11 17:08:09,17,2022-06-14 15:39:25,2022-06-14 21:59:34,1,7,0,0,3,0,0,0,0,3,Review,"high credited campaign discount: 1085000, "
U012692,1045000,23,23,23,2022-06-08 14:28:27,2022-07-03 13:57:47,30000,1,1,2022-06-08 14:28:27,2022-06-08 14:28:27,19,2022-06-19 11:19:05,2022-07-03 13:57:35,1,7,0,0,3,0,0,0,0,3,Review,"high credited campaign discount: 1045000, "
U002643,995000,23,23,23,2022-06-25 12:55:04,2022-07-11 10:47:20,0,0,0,,,19,2022-07-01 08:50:38,2022-07-11 10:43:48,1,5,1,0,2,0,0,0,1,3,Review,"high credited campaign discount: 995000, reciprocal transfer loop with 1 partner(s), "
U061284,985000,20,20,20,2022-07-12 19:57:19,2022-07-21 12:11:46,35000,1,1,2022-07-12 19:57:19,2022-07-12 19:57:19,19,2022-07-16 17:01:35,2022-07-21 12:11:18,1,3,1,0,2,0,0,0,1,3,Review,"high credited campaign discount: 985000, reciprocal transfer loop with 1 partner(s), "
U079609,985000,22,22,22,2022-06-05 16:45:58,2022-06-08 12:39:30,0,0,0,,,17,2022-06-08 09:55:52,2022-06-08 12:39:07,1,13,1,0,2,0,0,0,1,3,Review,"high credited campaign discount: 985000, reciprocal transfer loop with 1 partner(s), "
U010546,980000,22,22,22,2022-06-10 15:44:52,2022-06-15 21:37:35,0,0,0,,,18,2022-06-10 15:34:27,2022-06-15 21:36:38,1,7,1,0,2,0,0,0,1,3,Review,"high credited campaign discount: 980000, reciprocal transfer loop with 1 partner(s), "
U024566,960000,20,20,20,2022-06-09 15:30:01,2022-06-17 12:16:59,0,0,0,,,19,2022-06-09 15:10:39,2022-06-11 08:57:56,1,15,1,0,2,0,0,0,1,3,Review,"high credited campaign discount: 960000, reciprocal transfer loop with 1 partner(s), "
U012549,950000,19,19,19,2022-07-25 11:48:59,2022-07-28 21:22:49,0,0,0,,,19,2022-07-25 11:46:49,2022-07-28 21:22:02,1,12,1,0,2,0,0,0,1,3,Review,"high credited campaign discount: 950000, reciprocal transfer loop with 1 partner(s), "
U013646,950000,19,19,19,2022-06-01 16:32:33,2022-06-28 17:33:35,0,0,0,,,19,2022-06-01 15:44:45,2022-06-28 17:32:47,0,18,1,0,2,0,0,0,1,3,Review,"high credited campaign discount: 950000, reciprocal transfer loop with 1 partner(s), "
U021845,945000,23,23,23,2022-07-05 16:44:11,2022-07-08 18:30:01,495000,14,14,2022-07-05 16:44:11,2022-07-06 13:57:50,16,2022-07-05 21:26:35,2022-07-08 18:10:52,1,8,1,0,2,0,0,0,1,3,Review,"high credited campaign discount: 945000, reciprocal transfer loop with 1 partner(s), "
U043161,940000,19,19,19,2022-06-19 16:37:52,2022-06-23 22:25:03,40000,1,1,2022-06-19 16:37:52,2022-06-19 16:37:52,19,2022-06-21 19:37:06,2022-06-26 14:41:43,1,15,1,0,2,0,0,0,1,3,Review,"high credited campaign discount: 940000, reciprocal transfer loop with 1 partner(s), "
U006363,935000,22,22,22,2022-06-08 17:30:54,2022-06-11 11:30:40,0,0,0,,,16,2022-06-11 09:57:15,2022-06-11 11:30:18,1,12,1,0,2,0,0,0,1,3,Review,"high credited campaign discount: 935000, reciprocal transfer loop with 1 partner(s), "
U013504,900000,18,18,18,2022-06-13 12:23:07,2022-06-15 11:23:20,0,0,0,,,18,2022-06-13 11:39:24,2022-06-15 11:23:01,1,18,1,0,2,0,0,0,1,3,Review,"high credited campaign discount: 900000, reciprocal transfer loop with 1 partner(s), "
U049350,865000,22,22,22,2022-06-06 21:01:08,2022-06-12 19:25:54,50000,2,2,2022-06-06 21:01:08,2022-06-06 21:01:50,16,2022-06-11 10:01:11,2022-06-11 17:00:10,2,15,1,0,2,0,0,0,1,3,Review,"high credited campaign discount: 865000, reciprocal transfer loop with 1 partner(s), "
U068889,865000,20,20,20,2022-06-10 15:43:35,2022-06-20 16:30:00,115000,5,5,2022-06-10 15:43:35,2022-06-10 16:01:06,19,2022-06-12 08:27:13,2022-06-20 16:00:58,1,1,1,0,2,0,0,0,1,3,Review,"high credited campaign discount: 865000, reciprocal transfer loop with 1 partner(s), "
U015071,850000,17,17,17,2022-06-19 16:01:36,2022-06-24 20:33:35,0,0,0,,,19,2022-06-19 16:00:03,2022-06-24 20:33:21,1,1,1,0,2,0,0,0,1,3,Review,"high credited campaign discount: 850000, reciprocal transfer loop with 1 partner(s), "
U004145,815000,19,19,19,2022-06-23 19:38:01,2022-06-28 21:23:27,0,0,0,,,16,2022-06-24 08:18:49,2022-06-24 15:08:51,1,7,1,0,2,0,0,0,1,3,Review,"high credited campaign discount: 815000, reciprocal transfer loop with 1 partner(s), "
U075665,805000,19,19,19,2022-07-07 20:36:24,2022-07-12 16:06:59,0,0,0,,,14,2022-07-09 14:34:12,2022-07-12 15:56:57,1,4,1,0,2,0,0,0,1,3,Review,"high credited campaign discount: 805000, reciprocal transfer loop with 1 partner(s), "
U008690,800000,20,20,20,2022-06-21 21:46:57,2022-07-04 17:01:31,130000,6,6,2022-06-21 21:46:57,2022-06-22 00:32:17,14,2022-07-04 10:23:42,2022-07-04 17:00:35,1,2,1,0,2,0,0,0,1,3,Review,"high credited campaign discount: 800000, reciprocal transfer loop with 1 partner(s), "
U032441,800000,16,16,16,2022-07-15 11:15:02,2022-08-01 14:11:35,250000,5,5,2022-07-15 11:15:02,2022-07-16 15:45:02,17,2022-07-15 10:51:36,2022-07-30 16:46:46,1,3,1,0,2,0,0,0,1,3,Review,"high credited campaign discount: 800000, reciprocal transfer loop with 1 partner(s), "
U085958,795000,20,20,20,2022-06-03 22:34:36,2022-06-04 17:40:27,0,0,0,,,14,2022-06-04 00:54:23,2022-06-04 17:35:10,1,1,1,0,2,0,0,0,1,3,Review,"high credited campaign discount: 795000, reciprocal transfer loop with 1 partner(s), "
U008135,785000,19,19,19,2022-06-20 00:03:30,2022-06-21 13:13:39,0,0,0,,,12,2022-06-20 21:29:59,2022-06-21 13:13:28,3,9,1,0,2,0,0,0,1,3,Review,"high credited campaign discount: 785000, reciprocal transfer loop with 1 partner(s), "
U076374,755000,18,18,18,2022-06-12 12:22:34,2022-07-02 10:00:01,155000,6,6,2022-06-12 12:22:34,2022-06-12 20:41:16,19,2022-06-20 09:35:40,2022-07-02 09:36:25,1,8,1,0,2,0,0,0,1,3,Review,"high credited campaign discount: 755000, reciprocal transfer loop with 1 partner(s), "
U060901,715000,17,17,17,2022-06-23 11:59:14,2022-07-03 13:59:14,0,0,0,,,11,2022-06-26 19:35:28,2022-07-03 13:59:01,1,7,1,0,2,0,0,0,1,3,Review,"high credited campaign discount: 715000, reciprocal transfer loop with 1 partner(s), "
U002758,705000,17,17,17,2022-07-04 00:50:01,2022-07-05 23:35:50,155000,6,6,2022-07-04 00:50:01,2022-07-04 23:40:08,11,2022-07-05 14:14:41,2022-07-05 23:34:17,1,3,1,0,2,0,0,0,1,3,Review,"high credited campaign discount: 705000, reciprocal transfer loop with 1 partner(s), "
U024377,705000,17,17,17,2022-06-15 13:03:34,2022-06-16 15:30:02,0,0,0,,,19,2022-06-15 16:38:24,2022-06-16 15:23:19,2,3,1,0,2,0,0,0,1,3,Review,"high credited campaign discount: 705000, reciprocal transfer loop with 1 partner(s), "
U000283,700000,14,14,14,2022-06-08 16:45:00,2022-06-25 23:17:59,0,0,0,,,17,2022-06-08 16:13:47,2022-06-25 23:39:31,1,2,2,0,2,0,0,0,1,3,Review,"high credited campaign discount: 700000, reciprocal transfer loop with 2 partner(s), "
U026069,700000,14,14,14,2022-06-22 23:45:00,2022-07-28 17:45:03,0,0,0,,,17,2022-06-22 23:09:51,2022-07-28 17:23:13,1,1,2,0,2,0,0,0,1,3,Review,"high credited campaign discount: 700000, reciprocal transfer loop with 2 partner(s), "
U073292,700000,14,14,14,2022-07-10 11:15:04,2022-07-12 11:45:00,0,0,0,,,17,2022-07-10 10:47:00,2022-07-12 11:15:05,1,22,0,0,2,0,0,1,0,3,Review,"high credited campaign discount: 700000, shared IP used by 22 users, "
U089530,700000,17,17,17,2022-06-10 15:44:59,2022-06-12 22:28:38,0,0,0,,,12,2022-06-10 15:35:25,2022-06-12 15:43:47,1,10,1,0,2,0,0,0,1,3,Review,"high credited campaign discount: 700000, reciprocal transfer loop with 1 partner(s), "
U062190,695000,17,17,17,2022-06-09 06:39:05,2022-06-10 22:15:00,0,0,0,,,11,2022-06-09 12:14:57,2022-06-10 21:50:27,1,3,1,0,2,0,0,0,1,3,Review,"high credited campaign discount: 695000, reciprocal transfer loop with 1 partner(s), "
U051593,690000,15,15,15,2022-06-17 12:26:47,2022-07-22 17:45:01,40000,2,2,2022-06-17 12:26:47,2022-06-17 12:29:34,15,2022-07-12 21:16:41,2022-07-22 17:16:59,1,8,1,0,2,0,0,0,1,3,Review,"high credited campaign discount: 690000, reciprocal transfer loop with 1 partner(s), "
U022613,685000,17,17,17,2022-07-06 03:19:45,2022-07-06 18:00:01,0,0,0,,,10,2022-07-06 13:14:03,2022-07-06 17:40:30,1,1,1,0,2,0,0,0,1,3,Review,"high credited campaign discount: 685000, reciprocal transfer loop with 1 partner(s), "
U081334,685000,17,17,17,2022-07-26 22:31:43,2022-07-27 10:22:14,0,0,0,,,10,2022-07-27 09:53:21,2022-07-27 10:20:46,1,3,1,0,2,0,0,0,1,3,Review,"high credited campaign discount: 685000, reciprocal transfer loop with 1 partner(s), "
U000013,680000,14,14,14,2022-06-10 23:08:04,2022-06-17 13:33:25,0,0,0,,,13,2022-06-16 11:34:20,2022-06-17 13:32:15,1,9,1,0,2,0,0,0,1,3,Review,"high credited campaign discount: 680000, reciprocal transfer loop with 1 partner(s), "
U073053,675000,18,18,18,2022-06-25 19:18:29,2022-06-26 22:49:16,0,0,0,,,9,2022-06-25 22:14:45,2022-06-26 22:48:45,1,7,1,0,2,0,0,0,1,3,Review,"high credited campaign discount: 675000, reciprocal transfer loop with 1 partner(s), "
U039494,665000,16,16,16,2022-06-18 12:39:06,2022-06-25 02:10:23,0,0,0,,,18,2022-06-18 13:08:08,2022-06-18 15:03:16,1,8,1,0,2,0,0,0,1,3,Review,"high credited campaign discount: 665000, reciprocal transfer loop with 1 partner(s), "
U090439,665000,16,16,16,2022-06-01 11:15:15,2022-06-16 17:13:43,0,0,0,,,12,2022-06-01 11:05:51,2022-06-16 21:47:33,1,5,2,0,2,0,0,0,1,3,Review,"high credited campaign discount: 665000, reciprocal transfer loop with 2 partner(s), "
U051354,660000,15,15,15,2022-06-13 16:54:50,2022-06-14 19:15:26,0,0,0,,,14,2022-06-13 17:17:36,2022-06-14 19:13:48,1,21,0,0,2,0,0,1,0,3,Review,"high credited campaign discount: 660000, shared IP used by 21 users, "
U009304,655000,17,17,17,2022-06-25 06:28:40,2022-06-25 18:30:01,0,0,0,,,10,2022-06-25 11:49:48,2022-06-25 18:08:57,1,4,1,0,2,0,0,0,1,3,Review,"high credited campaign discount: 655000, reciprocal transfer loop with 1 partner(s), "
U002924,650000,14,14,14,2022-06-10 14:08:15,2022-06-13 18:20:58,0,0,0,,,12,2022-06-10 12:03:48,2022-06-12 14:41:44,1,14,1,0,2,0,0,0,1,3,Review,"high credited campaign discount: 650000, reciprocal transfer loop with 1 partner(s), "
U013348,650000,13,13,13,2022-07-29 11:42:14,2022-07-29 16:45:00,0,0,0,,,13,2022-07-29 11:40:03,2022-07-29 16:15:19,1,4,1,0,2,0,0,0,1,3,Review,"high credited campaign discount: 650000, reciprocal transfer loop with 1 partner(s), "
U026869,650000,13,13,13,2022-06-02 19:15:00,2022-06-27 16:45:01,0,0,0,,,18,2022-06-02 08:31:36,2022-06-27 16:17:44,2,4,1,0,2,0,0,0,1,3,Review,"high credited campaign discount: 650000, reciprocal transfer loop with 1 partner(s), "
U043801,650000,13,13,13,2022-07-02 11:45:02,2022-07-03 12:30:00,0,0,0,,,19,2022-07-02 11:22:29,2022-07-06 12:10:36,0,0,1,0,2,0,0,0,1,3,Review,"high credited campaign discount: 650000, reciprocal transfer loop with 1 partner(s), "
U048001,650000,14,14,14,2022-07-07 21:58:03,2022-07-10 14:15:01,40000,1,1,2022-07-07 21:58:03,2022-07-07 21:58:03,13,2022-07-09 19:53:23,2022-07-10 13:51:08,1,4,1,0,2,0,0,0,1,3,Review,"high credited campaign discount: 650000, reciprocal transfer loop with 1 partner(s), "
U006976,645000,16,16,16,2022-06-08 06:54:36,2022-06-09 11:05:42,0,0,0,,,10,2022-06-08 19:08:44,2022-06-09 11:05:04,1,4,1,0,2,0,0,0,1,3,Review,"high credited campaign discount: 645000, reciprocal transfer loop with 1 partner(s), "
U049804,635000,16,16,16,2022-06-19 16:39:20,2022-06-22 15:26:16,0,0,0,,,15,2022-06-19 16:18:10,2022-06-21 09:06:42,5,5,0,0,2,0,1,0,0,3,Review,"high credited campaign discount: 635000, shared device used by 5 users, "
U057292,635000,16,16,16,2022-07-02 12:59:48,2022-07-02 22:00:00,0,0,0,,,9,2022-07-02 16:42:05,2022-07-02 21:31:34,1,30,0,0,2,0,0,1,0,3,Review,"high credited campaign discount: 635000, shared IP used by 30 users, "
U050867,620000,14,14,14,2022-06-01 18:59:28,2022-06-03 00:32:36,0,0,0,,,11,2022-06-01 18:29:28,2022-06-02 23:33:54,1,2,2,0,2,0,0,0,1,3,Review,"high credited campaign discount: 620000, reciprocal transfer loop with 2 partner(s), "
U003521,600000,12,12,12,2022-07-09 15:32:17,2022-07-09 16:03:25,0,0,0,,,18,2022-07-09 15:19:37,2022-07-09 16:03:08,1,5,1,0,2,0,0,0,1,3,Review,"high credited campaign discount: 600000, reciprocal transfer loop with 1 partner(s), "
U020003,600000,12,12,12,2022-07-23 13:15:02,2022-07-23 16:00:03,0,0,0,,,12,2022-07-23 12:39:48,2022-07-23 15:43:19,1,9,1,0,2,0,0,0,1,3,Review,"high credited campaign discount: 600000, reciprocal transfer loop with 1 partner(s), "
U023928,600000,12,12,12,2022-07-01 21:04:50,2022-07-01 22:30:00,0,0,0,,,17,2022-07-01 20:59:39,2022-07-01 22:06:00,3,11,1,0,2,0,0,0,1,3,Review,"high credited campaign discount: 600000, reciprocal transfer loop with 1 partner(s), "
U087901,595000,15,15,15,2022-06-07 15:03:14,2022-06-08 17:02:54,0,0,0,,,10,2022-06-07 21:12:09,2022-06-08 17:02:33,1,7,1,0,2,0,0,0,1,3,Review,"high credited campaign discount: 595000, reciprocal transfer loop with 1 partner(s), "
U033463,590000,12,12,12,2022-07-09 15:28:52,2022-07-12 10:28:33,0,0,0,,,15,2022-07-09 15:26:19,2022-07-12 10:28:17,1,5,1,0,2,0,0,0,1,3,Review,"high credited campaign discount: 590000, reciprocal transfer loop with 1 partner(s), "
U045922,585000,15,15,15,2022-06-22 15:13:38,2022-06-29 18:02:52,0,0,0,,,9,2022-06-27 16:06:38,2022-06-29 17:55:58,2,2,1,0,2,0,0,0,1,3,Review,"high credited campaign discount: 585000, reciprocal transfer loop with 1 partner(s), "
U011120,575000,14,14,14,2022-07-26 17:57:12,2022-07-28 10:30:01,0,0,0,,,14,2022-07-27 09:19:22,2022-07-28 20:03:02,1,5,1,0,2,0,0,0,1,3,Review,"high credited campaign discount: 575000, reciprocal transfer loop with 1 partner(s), "
U030948,565000,14,14,14,2022-07-30 01:09:08,2022-08-01 16:01:54,0,0,0,,,13,2022-07-30 09:17:47,2022-08-01 15:59:51,1,4,1,0,2,0,0,0,1,3,Review,"high credited campaign discount: 565000, reciprocal transfer loop with 1 partner(s), "
U036090,565000,14,14,14,2022-07-02 19:35:55,2022-07-07 11:15:25,0,0,0,,,9,2022-07-06 17:38:23,2022-07-07 11:14:59,1,3,1,0,2,0,0,0,1,3,Review,"high credited campaign discount: 565000, reciprocal transfer loop with 1 partner(s), "
U072793,565000,15,15,15,2022-06-09 16:38:05,2022-06-29 21:45:01,80000,4,4,2022-06-09 16:38:05,2022-06-09 17:04:28,10,2022-06-28 15:59:18,2022-06-29 21:32:27,1,4,1,0,2,0,0,0,1,3,Review,"high credited campaign discount: 565000, reciprocal transfer loop with 1 partner(s), "
U055076,555000,14,14,14,2022-07-30 19:05:05,2022-08-01 10:07:49,0,0,0,,,9,2022-07-28 12:41:47,2022-08-01 10:05:57,2,5,1,0,2,0,0,0,1,3,Review,"high credited campaign discount: 555000, reciprocal transfer loop with 1 partner(s), "
U014120,550000,11,11,11,2022-07-17 16:30:03,2022-07-17 22:45:00,0,0,0,,,11,2022-07-17 16:03:26,2022-07-17 22:16:58,1,2,1,0,2,0,0,0,1,3,Review,"high credited campaign discount: 550000, reciprocal transfer loop with 1 partner(s), "
U022979,550000,11,11,11,2022-06-03 12:15:01,2022-07-01 12:15:00,0,0,0,,,12,2022-06-03 11:49:33,2022-07-01 11:44:28,2,3,1,0,2,0,0,0,1,3,Review,"high credited campaign discount: 550000, reciprocal transfer loop with 1 partner(s), "
U042046,550000,11,11,11,2022-06-11 11:15:01,2022-06-14 11:15:00,0,0,0,,,11,2022-06-11 10:41:11,2022-06-14 10:48:01,1,37,0,0,2,0,0,1,0,3,Review,"high credited campaign discount: 550000, shared IP used by 37 users, "
U048259,550000,11,11,11,2022-06-19 15:22:26,2022-06-20 21:15:00,0,0,0,,,16,2022-06-19 15:19:11,2022-06-20 20:44:38,3,13,1,0,2,0,0,0,1,3,Review,"high credited campaign discount: 550000, reciprocal transfer loop with 1 partner(s), "
U050047,550000,11,11,11,2022-06-17 15:40:10,2022-06-18 11:30:03,0,0,0,,,13,2022-06-17 15:17:04,2022-06-18 11:27:50,0,0,1,0,2,0,0,0,1,3,Review,"high credited campaign discount: 550000, reciprocal transfer loop with 1 partner(s), "
U089778,550000,11,11,11,2022-07-11 12:00:04,2022-07-14 11:11:09,0,0,0,,,13,2022-07-11 11:25:43,2022-07-14 10:57:23,1,2,1,0,2,0,0,0,1,3,Review,"high credited campaign discount: 550000, reciprocal transfer loop with 1 partner(s), "
U035594,540000,11,11,11,2022-06-01 11:47:01,2022-06-01 21:43:13,0,0,0,,,10,2022-06-01 12:41:18,2022-06-01 21:43:00,1,3,1,0,2,0,0,0,1,3,Review,"high credited campaign discount: 540000, reciprocal transfer loop with 1 partner(s), "
U019385,535000,14,14,14,2022-07-06 20:30:00,2022-07-09 11:13:47,390000,8,8,2022-07-06 20:30:00,2022-07-06 23:56:44,10,2022-07-06 20:16:39,2022-07-06 20:21:32,2,7,2,0,2,0,0,0,1,3,Review,"high credited campaign discount: 535000, reciprocal transfer loop with 2 partner(s), "
U070674,535000,14,14,14,2022-07-06 16:42:02,2022-07-09 11:26:38,400000,9,9,2022-07-06 16:42:02,2022-07-06 23:48:09,10,2022-07-06 21:26:13,2022-07-06 21:37:05,1,7,1,0,2,0,0,0,1,3,Review,"high credited campaign discount: 535000, reciprocal transfer loop with 1 partner(s), "
U065843,525000,12,12,12,2022-06-20 15:25:29,2022-08-01 16:00:00,75000,3,3,2022-06-20 15:25:29,2022-06-21 17:01:07,12,2022-07-05 15:36:26,2022-08-01 15:33:54,1,8,1,0,2,0,0,0,1,3,Review,"high credited campaign discount: 525000, reciprocal transfer loop with 1 partner(s), "
U071817,525000,14,14,14,2022-07-04 21:28:24,2022-07-05 15:45:02,0,0,0,,,10,2022-07-04 23:47:29,2022-07-05 15:28:21,1,1,1,0,2,0,0,0,1,3,Review,"high credited campaign discount: 525000, reciprocal transfer loop with 1 partner(s), "
U036464,515000,13,13,13,2022-07-09 12:36:22,2022-07-22 10:30:05,0,0,0,,,10,2022-07-10 20:01:02,2022-07-22 15:31:17,1,8,1,0,2,0,0,0,1,3,Review,"high credited campaign discount: 515000, reciprocal transfer loop with 1 partner(s), "
U009753,500000,10,10,10,2022-07-28 00:00:01,2022-07-28 15:45:01,0,0,0,,,10,2022-07-27 23:33:12,2022-07-28 15:17:18,1,1,1,0,2,0,0,0,1,3,Review,"high credited campaign discount: 500000, reciprocal transfer loop with 1 partner(s), "
U062766,500000,10,10,10,2022-07-08 01:30:00,2022-07-08 16:30:36,0,0,0,,,11,2022-07-08 01:03:41,2022-07-08 15:03:41,1,17,1,0,2,0,0,0,1,3,Review,"high credited campaign discount: 500000, reciprocal transfer loop with 1 partner(s), "
U082795,500000,10,10,10,2022-07-16 16:15:02,2022-07-16 21:00:00,0,0,0,,,11,2022-07-16 15:44:31,2022-07-16 20:35:16,1,1,1,0,2,0,0,0,1,3,Review,"high credited campaign discount: 500000, reciprocal transfer loop with 1 partner(s), "
U012443,485000,10,10,10,2022-07-13 11:51:25,2022-07-13 17:46:10,485000,10,10,2022-07-13 11:51:25,2022-07-13 17:46:10,9,2022-07-13 13:21:16,2022-07-13 17:46:02,1,83,0,0,1,0,0,2,0,3,Review,"elevated credited campaign discount: 485000, shared IP used by 83 users, "
U040355,465000,10,10,10,2022-06-10 21:38:45,2022-06-11 15:00:00,0,0,0,,,8,2022-06-11 10:33:50,2022-06-11 14:29:29,2,30,1,0,1,0,0,1,1,3,Review,"elevated credited campaign discount: 465000, shared IP used by 30 users, reciprocal transfer loop with 1 partner(s), "
U033561,455000,13,13,13,2022-06-03 12:23:38,2022-06-05 22:43:11,365000,10,10,2022-06-03 12:23:38,2022-06-04 15:30:00,5,2022-06-04 08:52:04,2022-06-04 15:10:50,1,22,2,0,1,0,0,1,1,3,Review,"elevated credited campaign discount: 455000, shared IP used by 22 users, reciprocal transfer loop with 2 partner(s), "
U005015,450000,9,9,9,2022-06-28 00:15:00,2022-06-29 02:30:00,0,0,0,,,30,2022-06-27 19:47:05,2022-07-20 07:24:35,1,5,0,0,1,2,0,0,0,3,Review,"elevated credited campaign discount: 450000, high referral count: 30, "
U005246,450000,9,9,9,2022-07-02 22:30:00,2022-07-03 21:45:02,0,0,0,,,9,2022-07-02 22:03:27,2022-07-03 21:24:44,1,30,1,0,1,0,0,1,1,3,Review,"elevated credited campaign discount: 450000, shared IP used by 30 users, reciprocal transfer loop with 1 partner(s), "
U006381,450000,9,9,9,2022-07-03 15:03:28,2022-07-19 17:37:36,0,0,0,,,19,2022-07-03 14:39:14,2022-07-31 19:27:51,1,1,3,0,1,0,0,0,2,3,Review,"elevated credited campaign discount: 450000, reciprocal transfer loop with 3 partner(s), "
U010501,450000,9,9,9,2022-06-10 17:00:00,2022-06-16 13:43:01,0,0,0,,,20,2022-06-10 16:23:58,2022-06-16 09:00:32,0,1,0,0,1,2,0,0,0,3,Review,"elevated credited campaign discount: 450000, high referral count: 20, "
U021446,450000,9,9,9,2022-06-06 16:30:00,2022-06-16 17:45:00,150000,3,3,2022-06-06 16:30:00,2022-06-06 18:45:00,26,2022-06-06 13:59:09,2022-06-19 14:40:07,1,1,0,0,1,2,0,0,0,3,Review,"elevated credited campaign discount: 450000, high referral count: 26, "
U022647,450000,9,9,9,2022-06-21 15:30:01,2022-07-12 10:00:00,0,0,0,,,14,2022-06-21 15:02:46,2022-07-12 09:28:52,1,2,6,0,1,0,0,0,2,3,Review,"elevated credited campaign discount: 450000, reciprocal transfer loop with 6 partner(s), "
U024225,450000,9,9,9,2022-07-03 22:30:00,2022-07-04 11:15:00,0,0,0,,,10,2022-07-03 21:55:21,2022-07-04 10:49:27,1,1,17,0,1,0,0,0,2,3,Review,"elevated credited campaign discount: 450000, reciprocal transfer loop with 17 partner(s), "
U029978,450000,9,9,9,2022-07-06 17:20:42,2022-07-07 17:45:01,450000,9,9,2022-07-06 17:20:42,2022-07-07 17:45:01,21,2022-07-06 16:51:11,2022-07-07 17:49:32,0,0,0,0,1,2,0,0,0,3,Review,"elevated credited campaign discount: 450000, high referral count: 21, "
U036016,450000,9,9,9,2022-06-01 13:45:00,2022-06-23 13:11:11,0,0,0,,,43,2022-06-01 07:15:30,2022-06-26 07:49:34,1,5,0,0,1,2,0,0,0,3,Review,"elevated credited campaign discount: 450000, high referral count: 43, "
U044551,450000,9,9,9,2022-07-14 17:05:52,2022-07-15 08:29:36,0,0,0,,,9,2022-07-14 17:00:33,2022-07-15 08:26:50,1,1,13,0,1,0,0,0,2,3,Review,"elevated credited campaign discount: 450000, reciprocal transfer loop with 13 partner(s), "
U054478,450000,9,9,9,2022-06-08 22:45:00,2022-06-09 12:15:00,0,0,0,,,9,2022-06-08 22:13:15,2022-06-09 11:47:25,3,7,17,0,1,0,0,0,2,3,Review,"elevated credited campaign discount: 450000, reciprocal transfer loop with 17 partner(s), "
U055065,450000,9,9,9,2022-06-01 14:00:00,2022-07-20 13:30:01,0,0,0,,,11,2022-06-01 13:28:11,2022-07-20 13:03:54,1,1,3,0,1,0,0,0,2,3,Review,"elevated credited campaign discount: 450000, reciprocal transfer loop with 3 partner(s), "
U056138,450000,9,9,9,2022-06-29 11:24:01,2022-06-29 18:32:11,0,0,0,,,9,2022-06-29 00:04:40,2022-06-29 18:31:04,1,8,28,0,1,0,0,0,2,3,Review,"elevated credited campaign discount: 450000, reciprocal transfer loop with 28 partner(s), "
U061859,450000,9,9,9,2022-07-01 23:00:02,2022-07-02 15:45:02,0,0,0,,,9,2022-07-01 22:42:08,2022-07-02 15:29:30,1,30,1,0,1,0,0,1,1,3,Review,"elevated credited campaign discount: 450000, shared IP used by 30 users, reciprocal transfer loop with 1 partner(s), "
U063984,450000,9,9,9,2022-06-15 17:02:49,2022-06-15 23:00:00,0,0,0,,,11,2022-06-15 16:55:16,2022-06-16 00:33:02,1,2,10,0,1,0,0,0,2,3,Review,"elevated credited campaign discount: 450000, reciprocal transfer loop with 10 partner(s), "
U072738,450000,9,9,9,2022-06-19 17:45:00,2022-07-10 07:52:57,0,0,0,,,13,2022-06-19 17:00:24,2022-07-17 14:46:09,1,11,3,0,1,0,0,0,2,3,Review,"elevated credited campaign discount: 450000, reciprocal transfer loop with 3 partner(s), "
U003966,445000,12,12,12,2022-07-09 22:20:17,2022-07-10 17:04:25,0,0,0,,,6,2022-07-10 09:33:42,2022-07-10 15:54:25,1,25,1,0,1,0,0,1,1,3,Review,"elevated credited campaign discount: 445000, shared IP used by 25 users, reciprocal transfer loop with 1 partner(s), "
U042229,445000,12,12,12,2022-07-08 09:21:18,2022-07-09 22:16:34,0,0,0,,,9,2022-07-08 08:57:19,2022-07-09 17:07:39,1,25,1,0,1,0,0,1,1,3,Review,"elevated credited campaign discount: 445000, shared IP used by 25 users, reciprocal transfer loop with 1 partner(s), "
U055707,425000,10,10,10,2022-06-18 11:39:20,2022-06-19 14:05:36,385000,9,9,2022-06-18 11:39:20,2022-06-18 13:51:58,6,2022-06-18 11:37:59,2022-06-18 13:51:43,1,2,24,0,1,0,0,0,2,3,Review,"elevated credited campaign discount: 425000, reciprocal transfer loop with 24 partner(s), "
U001162,415000,11,11,11,2022-06-11 19:00:04,2022-06-13 21:37:14,35000,1,1,2022-06-11 19:00:04,2022-06-11 19:00:04,21,2022-06-13 15:04:56,2022-07-05 22:13:24,1,4,0,0,1,2,0,0,0,3,Review,"elevated credited campaign discount: 415000, high referral count: 21, "
U015074,415000,11,11,11,2022-06-25 13:41:56,2022-06-26 14:31:29,215000,7,7,2022-06-25 13:41:56,2022-06-25 21:10:46,8,2022-06-25 21:05:00,2022-06-27 11:32:13,1,20,1,0,1,0,0,1,1,3,Review,"elevated credited campaign discount: 415000, shared IP used by 20 users, reciprocal transfer loop with 1 partner(s), "
U010051,410000,9,9,9,2022-07-01 19:38:40,2022-07-08 12:52:00,0,0,0,,,15,2022-07-01 18:47:43,2022-07-08 12:57:03,1,22,1,0,1,0,0,1,1,3,Review,"elevated credited campaign discount: 410000, shared IP used by 22 users, reciprocal transfer loop with 1 partner(s), "
U064684,405000,11,11,11,2022-06-28 20:34:20,2022-06-29 17:31:57,0,0,0,,,5,2022-06-28 20:30:00,2022-06-29 11:49:22,1,57,0,0,1,0,0,2,0,3,Review,"elevated credited campaign discount: 405000, shared IP used by 57 users, "
U002264,400000,8,8,8,2022-06-08 09:00:00,2022-06-15 22:15:00,0,0,0,,,18,2022-06-08 08:26:56,2022-06-15 21:56:12,1,3,11,0,1,0,0,0,2,3,Review,"elevated credited campaign discount: 400000, reciprocal transfer loop with 11 partner(s), "
U026631,400000,8,8,8,2022-06-17 11:30:00,2022-06-18 17:20:01,400000,8,8,2022-06-17 11:30:00,2022-06-18 17:20:01,26,2022-06-17 08:56:17,2022-06-18 13:34:53,1,11,0,0,1,2,0,0,0,3,Review,"elevated credited campaign discount: 400000, high referral count: 26, "
U032795,400000,8,8,8,2022-07-24 22:00:02,2022-07-28 12:45:03,0,0,0,,,26,2022-07-24 20:59:54,2022-07-30 11:18:53,0,0,0,0,1,2,0,0,0,3,Review,"elevated credited campaign discount: 400000, high referral count: 26, "
U036184,400000,8,8,8,2022-07-10 12:20:37,2022-07-25 23:15:04,0,0,0,,,10,2022-07-10 12:15:12,2022-07-25 22:57:01,1,12,4,0,1,0,0,0,2,3,Review,"elevated credited campaign discount: 400000, reciprocal transfer loop with 4 partner(s), "
U036709,400000,8,8,8,2022-07-05 13:00:57,2022-07-05 17:15:07,0,0,0,,,9,2022-07-05 12:59:27,2022-07-05 17:14:54,3,2,3,0,1,0,0,0,2,3,Review,"elevated credited campaign discount: 400000, reciprocal transfer loop with 3 partner(s), "
U045710,400000,8,8,8,2022-06-15 20:15:00,2022-07-30 17:01:01,0,0,0,,,13,2022-06-15 19:51:04,2022-07-28 13:20:57,0,2,7,0,1,0,0,0,2,3,Review,"elevated credited campaign discount: 400000, reciprocal transfer loop with 7 partner(s), "
U058219,400000,8,8,8,2022-06-05 14:03:54,2022-06-05 18:16:49,0,0,0,,,8,2022-06-05 14:01:12,2022-06-05 18:16:34,1,2,37,0,1,0,0,0,2,3,Review,"elevated credited campaign discount: 400000, reciprocal transfer loop with 37 partner(s), "
U059163,400000,8,8,8,2022-07-10 21:45:02,2022-07-10 22:45:04,400000,8,8,2022-07-10 21:45:02,2022-07-10 22:45:04,20,2022-07-10 21:20:44,2022-07-10 22:42:46,1,13,0,0,1,2,0,0,0,3,Review,"elevated credited campaign discount: 400000, high referral count: 20, "
U078997,400000,8,8,8,2022-06-07 10:11:59,2022-07-13 11:19:57,0,0,0,,,30,2022-06-07 09:37:29,2022-07-10 12:49:12,1,2,0,0,1,2,0,0,0,3,Review,"elevated credited campaign discount: 400000, high referral count: 30, "
U050892,395000,11,11,11,2022-06-21 09:45:01,2022-06-30 20:46:04,0,0,0,,,5,2022-06-21 09:09:14,2022-06-21 16:19:18,1,34,1,0,1,0,0,1,1,3,Review,"elevated credited campaign discount: 395000, shared IP used by 34 users, reciprocal transfer loop with 1 partner(s), "
U055583,395000,12,12,12,2022-07-07 18:28:43,2022-07-07 20:07:03,0,0,0,,,5,2022-07-07 18:34:50,2022-07-07 18:46:03,1,15,31,0,1,0,0,0,2,3,Review,"elevated credited campaign discount: 395000, reciprocal transfer loop with 31 partner(s), "
U048220,375000,10,10,10,2022-06-27 17:17:26,2022-06-30 21:06:03,345000,9,9,2022-06-27 17:17:26,2022-06-28 12:13:49,6,2022-06-28 09:16:35,2022-07-01 08:44:49,1,34,1,0,1,0,0,1,1,3,Review,"elevated credited campaign discount: 375000, shared IP used by 34 users, reciprocal transfer loop with 1 partner(s), "
U004422,365000,10,10,10,2022-06-12 09:30:00,2022-06-12 17:18:35,0,0,0,,,7,2022-06-12 08:59:58,2022-06-12 16:42:49,1,28,2,0,1,0,0,1,1,3,Review,"elevated credited campaign discount: 365000, shared IP used by 28 users, reciprocal transfer loop with 2 partner(s), "
U018862,365000,10,10,10,2022-07-13 11:54:09,2022-07-15 17:45:04,0,0,0,,,6,2022-07-14 09:51:17,2022-07-15 17:30:07,1,3,3,0,1,0,0,0,2,3,Review,"elevated credited campaign discount: 365000, reciprocal transfer loop with 3 partner(s), "
U066363,365000,10,10,10,2022-06-24 17:03:41,2022-06-25 18:30:00,365000,10,10,2022-06-24 17:03:41,2022-06-25 18:30:00,9,2022-06-25 16:00:30,2022-06-25 19:48:14,1,14,32,0,1,0,0,0,2,3,Review,"elevated credited campaign discount: 365000, reciprocal transfer loop with 32 partner(s), "
U026577,355000,11,11,11,2022-06-03 09:15:01,2022-06-05 22:48:30,0,0,0,,,3,2022-06-03 08:46:43,2022-06-03 18:16:17,1,22,1,0,1,0,0,1,1,3,Review,"elevated credited campaign discount: 355000, shared IP used by 22 users, reciprocal transfer loop with 1 partner(s), "
U032941,355000,10,10,10,2022-07-24 19:49:30,2022-07-25 14:35:18,0,0,0,,,4,2022-07-25 10:49:35,2022-07-25 12:18:28,1,8,13,0,1,0,0,0,2,3,Review,"elevated credited campaign discount: 355000, reciprocal transfer loop with 13 partner(s), "
U001828,350000,7,7,7,2022-07-06 23:15:00,2022-07-25 11:27:34,0,0,0,,,20,2022-07-04 16:20:02,2022-07-11 13:34:52,0,0,0,0,1,2,0,0,0,3,Review,"elevated credited campaign discount: 350000, high referral count: 20, "
U012341,350000,7,7,7,2022-06-04 17:15:00,2022-06-24 19:30:00,0,0,0,,,14,2022-06-04 15:15:25,2022-07-28 19:13:26,1,3,7,0,1,0,0,0,2,3,Review,"elevated credited campaign discount: 350000, reciprocal transfer loop with 7 partner(s), "
U018335,350000,7,7,7,2022-07-26 12:45:14,2022-08-01 17:23:19,100000,2,2,2022-07-26 12:45:14,2022-07-27 19:30:00,17,2022-07-26 12:18:56,2022-08-01 12:51:57,1,3,3,0,1,0,0,0,2,3,Review,"elevated credited campaign discount: 350000, reciprocal transfer loop with 3 partner(s), "
U020796,350000,7,7,7,2022-07-23 22:05:00,2022-07-24 00:31:23,350000,7,7,2022-07-23 22:05:00,2022-07-24 00:31:23,7,2022-07-23 22:00:08,2022-07-24 00:31:04,1,3,17,0,1,0,0,0,2,3,Review,"elevated credited campaign discount: 350000, reciprocal transfer loop with 17 partner(s), "
U060228,350000,7,7,7,2022-07-09 14:38:53,2022-07-09 17:06:48,350000,7,7,2022-07-09 14:38:53,2022-07-09 17:06:48,7,2022-07-09 14:36:56,2022-07-09 17:06:31,1,3,3,0,1,0,0,0,2,3,Review,"elevated credited campaign discount: 350000, reciprocal transfer loop with 3 partner(s), "
U060971,350000,7,7,7,2022-06-22 21:15:01,2022-06-26 15:30:02,0,0,0,,,20,2022-06-22 07:44:28,2022-07-20 18:44:48,1,1,0,0,1,2,0,0,0,3,Review,"elevated credited campaign discount: 350000, high referral count: 20, "
U061063,350000,7,7,7,2022-06-14 21:57:20,2022-06-26 03:15:00,0,0,0,,,26,2022-06-14 16:50:35,2022-07-13 22:42:14,0,0,0,0,1,2,0,0,0,3,Review,"elevated credited campaign discount: 350000, high referral count: 26, "
U062508,350000,7,7,7,2022-06-12 00:22:51,2022-06-18 06:30:00,0,0,0,,,28,2022-06-05 08:30:19,2022-08-01 21:59:56,1,1,0,0,1,2,0,0,0,3,Review,"elevated credited campaign discount: 350000, high referral count: 28, "
U066310,350000,7,7,7,2022-06-05 12:00:00,2022-06-07 10:30:00,250000,5,5,2022-06-05 12:00:00,2022-06-05 13:00:00,20,2022-06-05 11:34:17,2022-06-07 09:58:03,0,0,0,0,1,2,0,0,0,3,Review,"elevated credited campaign discount: 350000, high referral count: 20, "
U068717,350000,7,7,7,2022-06-20 16:50:01,2022-06-21 10:13:37,0,0,0,,,21,2022-06-20 14:54:37,2022-06-21 10:05:31,0,0,0,0,1,2,0,0,0,3,Review,"elevated credited campaign discount: 350000, high referral count: 21, "
U074330,350000,7,7,7,2022-06-24 11:45:51,2022-06-24 15:35:19,350000,7,7,2022-06-24 11:45:51,2022-06-24 15:35:19,26,2022-06-24 10:55:55,2022-06-25 11:38:01,0,0,0,0,1,2,0,0,0,3,Review,"elevated credited campaign discount: 350000, high referral count: 26, "
U070380,345000,10,10,10,2022-06-21 14:51:12,2022-06-30 21:01:54,0,0,0,,,4,2022-06-24 16:05:34,2022-06-25 10:33:20,1,34,1,0,1,0,0,1,1,3,Review,"elevated credited campaign discount: 345000, shared IP used by 34 users, reciprocal transfer loop with 1 partner(s), "
U071027,345000,10,10,10,2022-06-26 14:45:28,2022-06-30 20:59:34,0,0,0,,,4,2022-06-27 09:55:40,2022-06-27 16:20:35,1,34,1,0,1,0,0,1,1,3,Review,"elevated credited campaign discount: 345000, shared IP used by 34 users, reciprocal transfer loop with 1 partner(s), "
U014569,330000,8,8,8,2022-06-01 21:45:53,2022-06-25 11:00:00,0,0,0,,,20,2022-06-01 21:41:16,2022-07-01 21:15:50,1,2,0,0,1,2,0,0,0,3,Review,"elevated credited campaign discount: 330000, high referral count: 20, "
U075602,330000,8,8,8,2022-06-01 17:10:36,2022-06-28 20:00:00,0,0,0,,,7,2022-06-01 10:44:46,2022-06-28 19:34:00,4,9,7,0,1,0,0,0,2,3,Review,"elevated credited campaign discount: 330000, reciprocal transfer loop with 7 partner(s), "
U003692,325000,9,9,9,2022-06-24 13:09:26,2022-07-09 09:09:05,295000,8,8,2022-06-24 13:09:26,2022-06-24 17:30:01,5,2022-06-24 14:22:42,2022-06-25 08:05:05,2,29,1,0,1,0,0,1,1,3,Review,"elevated credited campaign discount: 325000, shared IP used by 29 users, reciprocal transfer loop with 1 partner(s), "
U001802,315000,12,12,12,2022-06-05 17:40:45,2022-06-08 18:43:16,0,0,0,,,3,2022-06-05 17:26:39,2022-06-08 12:09:25,2,2,26,0,1,0,0,0,2,3,Review,"elevated credited campaign discount: 315000, reciprocal transfer loop with 26 partner(s), "
U055508,315000,10,10,10,2022-06-04 17:01:41,2022-06-05 12:57:17,0,0,0,,,4,2022-06-04 18:33:48,2022-06-05 12:08:04,1,1,25,0,1,0,0,0,2,3,Review,"elevated credited campaign discount: 315000, reciprocal transfer loop with 25 partner(s), "
U068733,315000,9,9,9,2022-06-29 08:27:00,2022-06-29 23:15:00,0,0,0,,,4,2022-06-29 22:43:35,2022-06-29 22:49:31,1,59,0,0,1,0,0,2,0,3,Review,"elevated credited campaign discount: 315000, shared IP used by 59 users, "
U024710,305000,10,10,10,2022-06-05 21:49:59,2022-06-07 10:21:58,240000,8,8,2022-06-05 21:49:59,2022-06-06 17:45:00,2,2022-06-06 15:17:55,2022-06-06 17:14:35,1,22,1,0,1,0,0,1,1,3,Review,"elevated credited campaign discount: 305000, shared IP used by 22 users, reciprocal transfer loop with 1 partner(s), "
U076282,305000,11,11,11,2022-06-11 18:37:51,2022-06-11 20:37:42,0,0,0,,,1,2022-06-11 20:28:33,2022-06-11 20:30:54,1,4,22,0,1,0,0,0,2,3,Review,"elevated credited campaign discount: 305000, reciprocal transfer loop with 22 partner(s), "
U000715,300000,6,6,6,2022-06-22 17:35:45,2022-07-03 14:43:42,0,0,0,,,22,2022-06-20 17:09:39,2022-07-15 13:53:06,2,1,0,0,1,2,0,0,0,3,Review,"elevated credited campaign discount: 300000, high referral count: 22, "
U001171,300000,6,6,6,2022-07-19 22:00:00,2022-07-30 14:32:31,0,0,0,,,11,2022-07-19 20:17:46,2022-07-25 22:33:47,1,2,9,0,1,0,0,0,2,3,Review,"elevated credited campaign discount: 300000, reciprocal transfer loop with 9 partner(s), "
U003904,300000,6,6,6,2022-07-02 11:00:02,2022-07-19 11:14:27,0,0,0,,,11,2022-07-02 10:22:55,2022-07-19 12:33:06,1,2,4,0,1,0,0,0,2,3,Review,"elevated credited campaign discount: 300000, reciprocal transfer loop with 4 partner(s), "
U012406,300000,6,6,6,2022-06-26 15:00:03,2022-06-26 21:00:02,300000,6,6,2022-06-26 15:00:03,2022-06-26 21:00:02,20,2022-06-26 11:45:29,2022-06-26 20:59:28,1,2,0,0,1,2,0,0,0,3,Review,"elevated credited campaign discount: 300000, high referral count: 20, "
U014587,300000,6,6,6,2022-07-23 11:45:03,2022-07-25 20:45:06,0,0,0,,,11,2022-07-23 11:19:34,2022-07-26 16:46:22,1,1,5,0,1,0,0,0,2,3,Review,"elevated credited campaign discount: 300000, reciprocal transfer loop with 5 partner(s), "
U020063,300000,6,6,6,2022-06-28 13:15:01,2022-06-28 22:30:00,0,0,0,,,6,2022-06-28 12:45:55,2022-06-28 21:57:50,1,5,12,0,1,0,0,0,2,3,Review,"elevated credited campaign discount: 300000, reciprocal transfer loop with 12 partner(s), "
U024849,300000,6,6,6,2022-06-26 10:16:59,2022-06-27 16:00:00,0,0,0,,,18,2022-06-26 07:28:29,2022-07-23 16:15:36,2,2,3,0,1,0,0,0,2,3,Review,"elevated credited campaign discount: 300000, reciprocal transfer loop with 3 partner(s), "
U034124,300000,6,6,6,2022-06-17 16:45:02,2022-06-20 11:32:05,0,0,0,,,12,2022-06-17 16:19:14,2022-06-20 11:25:11,1,1,3,0,1,0,0,0,2,3,Review,"elevated credited campaign discount: 300000, reciprocal transfer loop with 3 partner(s), "
U037527,300000,6,6,6,2022-06-12 13:45:01,2022-06-27 11:45:00,0,0,0,,,20,2022-06-12 10:49:48,2022-06-27 11:14:59,0,0,0,0,1,2,0,0,0,3,Review,"elevated credited campaign discount: 300000, high referral count: 20, "
U046050,300000,6,6,6,2022-07-16 22:47:58,2022-07-18 22:00:00,0,0,0,,,10,2022-07-16 09:58:45,2022-07-18 21:28:21,1,1,41,0,1,0,0,0,2,3,Review,"elevated credited campaign discount: 300000, reciprocal transfer loop with 41 partner(s), "
U052427,300000,6,6,6,2022-06-19 16:15:00,2022-07-07 20:00:01,0,0,0,,,15,2022-06-19 15:45:23,2022-07-07 19:42:02,1,25,2,0,1,0,0,1,1,3,Review,"elevated credited campaign discount: 300000, shared IP used by 25 users, reciprocal transfer loop with 2 partner(s), "
U055858,300000,6,6,6,2022-06-02 14:06:46,2022-06-02 19:30:00,0,0,0,,,20,2022-06-02 13:18:54,2022-06-11 18:28:25,1,1,0,0,1,2,0,0,0,3,Review,"elevated credited campaign discount: 300000, high referral count: 20, "
U060755,300000,6,6,6,2022-07-26 17:36:14,2022-07-27 20:02:47,300000,6,6,2022-07-26 17:36:14,2022-07-27 20:02:47,6,2022-07-26 16:04:42,2022-07-27 20:02:38,1,218,0,0,1,0,0,2,0,3,Review,"elevated credited campaign discount: 300000, shared IP used by 218 users, "
U063019,300000,6,6,6,2022-06-29 16:15:02,2022-07-01 23:15:00,0,0,0,,,9,2022-06-29 15:47:11,2022-07-01 22:45:27,1,7,53,0,1,0,0,0,2,3,Review,"elevated credited campaign discount: 300000, reciprocal transfer loop with 53 partner(s), "
U063173,300000,6,6,6,2022-07-18 19:21:12,2022-07-23 20:00:02,0,0,0,,,15,2022-07-15 16:11:56,2022-07-23 23:06:59,1,2,3,0,1,0,0,0,2,3,Review,"elevated credited campaign discount: 300000, reciprocal transfer loop with 3 partner(s), "
U066314,300000,6,6,6,2022-07-17 10:16:57,2022-07-17 10:20:57,0,0,0,,,7,2022-07-08 18:05:07,2022-07-17 10:20:36,0,0,21,0,1,0,0,0,2,3,Review,"elevated credited campaign discount: 300000, reciprocal transfer loop with 21 partner(s), "
U067911,300000,6,6,6,2022-07-22 21:31:42,2022-07-22 21:45:51,300000,6,6,2022-07-22 21:31:42,2022-07-22 21:45:51,6,2022-07-22 20:38:11,2022-07-22 21:45:42,1,218,0,0,1,0,0,2,0,3,Review,"elevated credited campaign discount: 300000, shared IP used by 218 users, "
U068608,300000,6,6,6,2022-06-02 06:09:15,2022-06-12 17:45:00,0,0,0,,,44,2022-06-01 05:28:39,2022-07-02 20:20:27,2,2,0,0,1,2,0,0,0,3,Review,"elevated credited campaign discount: 300000, high referral count: 44, "
U069713,300000,6,6,6,2022-06-01 17:42:51,2022-07-30 12:59:08,0,0,0,,,49,2022-06-01 14:22:45,2022-08-01 11:45:27,0,0,0,0,1,2,0,0,0,3,Review,"elevated credited campaign discount: 300000, high referral count: 49, "
U075789,300000,6,6,6,2022-07-04 15:30:00,2022-07-05 09:45:00,0,0,0,,,13,2022-07-04 14:55:28,2022-07-06 11:09:30,0,0,29,0,1,0,0,0,2,3,Review,"elevated credited campaign discount: 300000, reciprocal transfer loop with 29 partner(s), "
U080506,300000,6,6,6,2022-07-26 17:19:21,2022-07-28 00:43:20,250000,5,5,2022-07-26 17:19:21,2022-07-27 20:10:15,9,2022-07-26 15:51:56,2022-07-28 00:43:09,1,218,0,0,1,0,0,2,0,3,Review,"elevated credited campaign discount: 300000, shared IP used by 218 users, "
U017652,295000,8,8,8,2022-06-24 16:04:05,2022-06-28 12:42:46,35000,1,1,2022-06-24 16:04:05,2022-06-24 16:04:05,4,2022-06-28 12:27:50,2022-06-28 12:42:28,1,21,1,0,1,0,0,1,1,3,Review,"elevated credited campaign discount: 295000, shared IP used by 21 users, reciprocal transfer loop with 1 partner(s), "
U030278,295000,9,9,9,2022-07-09 21:16:46,2022-07-11 19:45:00,195000,7,7,2022-07-09 21:16:46,2022-07-10 16:44:58,16,2022-07-10 10:41:40,2022-07-12 20:35:34,1,28,1,0,1,0,0,1,1,3,Review,"elevated credited campaign discount: 295000, shared IP used by 28 users, reciprocal transfer loop with 1 partner(s), "
U042516,295000,9,9,9,2022-06-25 21:22:55,2022-06-30 20:56:52,0,0,0,,,3,2022-06-26 08:33:08,2022-06-26 14:17:35,1,34,1,0,1,0,0,1,1,3,Review,"elevated credited campaign discount: 295000, shared IP used by 34 users, reciprocal transfer loop with 1 partner(s), "
U079969,295000,9,9,9,2022-07-04 21:56:03,2022-07-09 21:22:19,0,0,0,,,4,2022-07-05 07:59:33,2022-07-05 16:24:44,1,28,1,0,1,0,0,1,1,3,Review,"elevated credited campaign discount: 295000, shared IP used by 28 users, reciprocal transfer loop with 1 partner(s), "
U058701,285000,11,11,11,2022-06-08 13:39:07,2022-06-13 15:22:40,0,0,0,,,0,,,1,9,21,0,1,0,0,0,2,3,Review,"elevated credited campaign discount: 285000, reciprocal transfer loop with 21 partner(s), "
U061955,285000,11,11,11,2022-06-16 13:51:11,2022-06-16 17:01:49,0,0,0,,,0,,,1,72,0,0,1,0,0,2,0,3,Review,"elevated credited campaign discount: 285000, shared IP used by 72 users, "
U070669,285000,11,11,11,2022-06-05 15:55:09,2022-06-07 12:56:42,0,0,0,,,0,,,1,27,1,0,1,0,0,1,1,3,Review,"elevated credited campaign discount: 285000, shared IP used by 27 users, reciprocal transfer loop with 1 partner(s), "
U087713,285000,11,11,11,2022-06-15 18:00:17,2022-06-16 12:58:58,0,0,0,,,0,,,1,1,29,0,1,0,0,0,2,3,Review,"elevated credited campaign discount: 285000, reciprocal transfer loop with 29 partner(s), "
U027496,275000,8,8,8,2022-06-19 21:13:19,2022-06-30 20:50:10,245000,7,7,2022-06-19 21:13:19,2022-06-20 16:45:00,4,2022-06-20 09:13:45,2022-06-20 16:15:36,1,34,1,0,1,0,0,1,1,3,Review,"elevated credited campaign discount: 275000, shared IP used by 34 users, reciprocal transfer loop with 1 partner(s), "
U005578,265000,11,11,11,2022-06-17 19:37:37,2022-06-17 20:20:29,0,0,0,,,0,,,2,4,28,0,1,0,0,0,2,3,Review,"elevated credited campaign discount: 265000, reciprocal transfer loop with 28 partner(s), "
U031002,265000,8,8,8,2022-06-20 14:53:01,2022-06-22 02:18:56,140000,3,3,2022-06-20 14:53:01,2022-06-20 23:39:19,2,2022-06-20 14:47:33,2022-06-20 15:02:27,1,57,0,0,1,0,0,2,0,3,Review,"elevated credited campaign discount: 265000, shared IP used by 57 users, "
U043469,265000,6,6,6,2022-06-19 11:17:31,2022-06-19 15:45:00,0,0,0,,,4,2022-06-19 13:25:43,2022-06-19 15:07:33,1,72,0,0,1,0,0,2,0,3,Review,"elevated credited campaign discount: 265000, shared IP used by 72 users, "
U046005,265000,11,11,11,2022-06-17 16:03:02,2022-06-17 16:25:50,0,0,0,,,0,,,1,1,10,0,1,0,0,0,2,3,Review,"elevated credited campaign discount: 265000, reciprocal transfer loop with 10 partner(s), "
U060942,265000,7,7,7,2022-06-16 11:20:47,2022-06-16 13:21:19,265000,7,7,2022-06-16 11:20:47,2022-06-16 13:21:19,5,2022-06-16 11:25:25,2022-06-16 11:58:15,1,1,17,0,1,0,0,0,2,3,Review,"elevated credited campaign discount: 265000, reciprocal transfer loop with 17 partner(s), "
U075383,265000,11,11,11,2022-06-14 16:04:41,2022-06-17 20:26:38,0,0,0,,,0,,,1,36,2,0,1,0,0,1,1,3,Review,"elevated credited campaign discount: 265000, shared IP used by 36 users, reciprocal transfer loop with 2 partner(s), "
U082091,265000,10,10,10,2022-06-06 19:04:21,2022-06-06 20:40:45,0,0,0,,,0,,,1,2,14,0,1,0,0,0,2,3,Review,"elevated credited campaign discount: 265000, reciprocal transfer loop with 14 partner(s), "
U082194,265000,6,6,6,2022-06-19 15:12:12,2022-06-19 17:48:33,0,0,0,,,4,2022-06-19 15:40:23,2022-06-19 17:48:18,1,72,0,0,1,0,0,2,0,3,Review,"elevated credited campaign discount: 265000, shared IP used by 72 users, "
U084571,265000,11,11,11,2022-06-17 16:05:27,2022-06-17 16:26:19,0,0,0,,,0,,,1,36,1,0,1,0,0,1,1,3,Review,"elevated credited campaign discount: 265000, shared IP used by 36 users, reciprocal transfer loop with 1 partner(s), "
U005765,255000,10,10,10,2022-06-16 18:51:04,2022-06-16 19:09:35,0,0,0,,,0,,,1,3,40,0,1,0,0,0,2,3,Review,"elevated credited campaign discount: 255000, reciprocal transfer loop with 40 partner(s), "
U012550,255000,10,10,10,2022-06-16 22:19:28,2022-06-16 22:36:13,0,0,0,,,0,,,1,1,11,0,1,0,0,0,2,3,Review,"elevated credited campaign discount: 255000, reciprocal transfer loop with 11 partner(s), "
U026314,255000,9,9,9,2022-06-03 19:26:51,2022-06-06 12:26:34,0,0,0,,,0,,,2,10,7,0,1,0,0,0,2,3,Review,"elevated credited campaign discount: 255000, reciprocal transfer loop with 7 partner(s), "
U030360,255000,10,10,10,2022-06-16 22:17:25,2022-06-16 22:33:57,0,0,0,,,0,,,1,2,13,0,1,0,0,0,2,3,Review,"elevated credited campaign discount: 255000, reciprocal transfer loop with 13 partner(s), "
U037278,255000,10,10,10,2022-06-04 15:54:30,2022-06-04 21:08:25,0,0,0,,,0,,,1,2,35,0,1,0,0,0,2,3,Review,"elevated credited campaign discount: 255000, reciprocal transfer loop with 35 partner(s), "
U037636,255000,10,10,10,2022-06-13 13:41:04,2022-06-13 13:52:29,0,0,0,,,0,,,1,4,24,0,1,0,0,0,2,3,Review,"elevated credited campaign discount: 255000, reciprocal transfer loop with 24 partner(s), "
U050319,255000,10,10,10,2022-06-13 13:19:48,2022-06-13 13:41:55,0,0,0,,,0,,,1,1,25,0,1,0,0,0,2,3,Review,"elevated credited campaign discount: 255000, reciprocal transfer loop with 25 partner(s), "
U055612,255000,10,10,10,2022-06-06 12:56:02,2022-06-06 15:03:53,0,0,0,,,0,,,1,2,9,0,1,0,0,0,2,3,Review,"elevated credited campaign discount: 255000, reciprocal transfer loop with 9 partner(s), "
U057339,255000,10,10,10,2022-06-08 14:43:00,2022-06-08 15:03:50,0,0,0,,,0,,,1,1,20,0,1,0,0,0,2,3,Review,"elevated credited campaign discount: 255000, reciprocal transfer loop with 20 partner(s), "
U057742,255000,10,10,10,2022-06-06 12:55:29,2022-06-06 14:00:25,0,0,0,,,0,,,1,4,8,0,1,0,0,0,2,3,Review,"elevated credited campaign discount: 255000, reciprocal transfer loop with 8 partner(s), "
U057762,255000,10,10,10,2022-06-11 18:27:54,2022-06-11 20:36:44,0,0,0,,,0,,,1,3,27,0,1,0,0,0,2,3,Review,"elevated credited campaign discount: 255000, reciprocal transfer loop with 27 partner(s), "
U071112,255000,10,10,10,2022-06-15 18:01:31,2022-06-15 18:36:57,0,0,0,,,0,,,1,3,85,0,1,0,0,0,2,3,Review,"elevated credited campaign discount: 255000, reciprocal transfer loop with 85 partner(s), "
U078260,255000,10,10,10,2022-06-02 16:10:15,2022-06-20 08:19:51,0,0,0,,,1,2022-06-15 22:29:16,2022-06-15 22:29:16,1,2,12,0,1,0,0,0,2,3,Review,"elevated credited campaign discount: 255000, reciprocal transfer loop with 12 partner(s), "
U078350,255000,10,10,10,2022-06-13 19:47:45,2022-06-13 19:58:25,0,0,0,,,0,,,1,4,22,0,1,0,0,0,2,3,Review,"elevated credited campaign discount: 255000, reciprocal transfer loop with 22 partner(s), "
U003476,250000,5,5,5,2022-06-03 15:15:02,2022-06-25 12:45:01,0,0,0,,,24,2022-06-03 14:45:07,2022-07-17 21:23:29,1,1,0,0,1,2,0,0,0,3,Review,"elevated credited campaign discount: 250000, high referral count: 24, "
U008027,250000,10,10,10,2022-06-07 19:34:24,2022-06-07 20:03:56,0,0,0,,,2,2022-06-07 19:43:06,2022-06-07 19:47:39,1,9,19,0,1,0,0,0,2,3,Review,"elevated credited campaign discount: 250000, reciprocal transfer loop with 19 partner(s), "
U012525,250000,5,5,5,2022-07-30 16:45:00,2022-08-01 00:15:00,0,0,0,,,8,2022-07-30 15:59:13,2022-08-01 13:46:31,1,1,3,0,1,0,0,0,2,3,Review,"elevated credited campaign discount: 250000, reciprocal transfer loop with 3 partner(s), "
U019996,250000,5,5,5,2022-06-25 17:43:59,2022-06-27 11:53:55,0,0,0,,,5,2022-06-25 09:20:18,2022-06-27 11:53:18,1,1,3,0,1,0,0,0,2,3,Review,"elevated credited campaign discount: 250000, reciprocal transfer loop with 3 partner(s), "
U023669,250000,5,5,5,2022-07-27 16:15:01,2022-08-01 15:45:00,0,0,0,,,46,2022-07-26 14:31:44,2022-08-01 15:14:35,1,1,0,0,1,2,0,0,0,3,Review,"elevated credited campaign discount: 250000, high referral count: 46, "
U028979,250000,5,5,5,2022-07-10 11:00:06,2022-07-10 18:45:01,0,0,0,,,8,2022-07-10 08:00:44,2022-07-10 18:33:10,1,1,5,0,1,0,0,0,2,3,Review,"elevated credited campaign discount: 250000, reciprocal transfer loop with 5 partner(s), "
U033008,250000,5,5,5,2022-07-06 00:45:00,2022-07-06 02:00:00,0,0,0,,,5,2022-07-06 00:28:17,2022-07-06 01:42:26,1,30,1,0,1,0,0,1,1,3,Review,"elevated credited campaign discount: 250000, shared IP used by 30 users, reciprocal transfer loop with 1 partner(s), "
U040386,250000,5,5,5,2022-06-28 20:30:01,2022-07-03 09:30:02,0,0,0,,,10,2022-06-24 21:12:34,2022-07-13 09:58:29,2,9,5,0,1,0,0,0,2,3,Review,"elevated credited campaign discount: 250000, reciprocal transfer loop with 5 partner(s), "
U040990,250000,5,5,5,2022-07-09 07:11:16,2022-07-29 16:15:00,0,0,0,,,21,2022-07-20 18:17:14,2022-08-01 21:21:09,1,2,0,0,1,2,0,0,0,3,Review,"elevated credited campaign discount: 250000, high referral count: 21, "
U048623,250000,5,5,5,2022-07-07 20:45:00,2022-07-27 21:30:03,0,0,0,,,5,2022-07-07 20:17:33,2022-07-27 21:07:50,1,1,3,0,1,0,0,0,2,3,Review,"elevated credited campaign discount: 250000, reciprocal transfer loop with 3 partner(s), "
U053208,250000,5,5,5,2022-07-24 15:08:29,2022-07-26 07:38:11,0,0,0,,,9,2022-07-24 15:04:55,2022-07-26 08:30:41,1,5,12,0,1,0,0,0,2,3,Review,"elevated credited campaign discount: 250000, reciprocal transfer loop with 12 partner(s), "
U063956,250000,5,5,5,2022-07-27 15:42:59,2022-07-27 15:57:34,250000,5,5,2022-07-27 15:42:59,2022-07-27 15:57:34,5,2022-07-27 14:01:05,2022-07-27 15:57:24,1,218,0,0,1,0,0,2,0,3,Review,"elevated credited campaign discount: 250000, shared IP used by 218 users, "
U069250,250000,5,5,5,2022-06-19 10:04:24,2022-06-20 08:45:01,0,0,0,,,21,2022-06-19 09:42:31,2022-06-24 08:43:41,1,1,0,0,1,2,0,0,0,3,Review,"elevated credited campaign discount: 250000, high referral count: 21, "
U081070,250000,5,5,5,2022-07-08 10:00:02,2022-07-14 08:00:02,0,0,0,,,7,2022-07-08 09:30:54,2022-07-14 07:34:41,1,5,8,0,1,0,0,0,2,3,Review,"elevated credited campaign discount: 250000, reciprocal transfer loop with 8 partner(s), "
U082827,250000,5,5,5,2022-07-24 23:30:02,2022-07-26 01:15:00,0,0,0,,,22,2022-07-24 23:01:45,2022-07-27 11:28:36,1,1,0,0,1,2,0,0,0,3,Review,"elevated credited campaign discount: 250000, high referral count: 22, "
U089503,250000,5,5,5,2022-06-20 11:34:01,2022-07-16 23:26:01,0,0,0,,,9,2022-06-17 12:16:21,2022-07-19 23:08:33,0,0,3,0,1,0,0,0,2,3,Review,"elevated credited campaign discount: 250000, reciprocal transfer loop with 3 partner(s), "
U006395,245000,9,9,9,2022-06-20 21:58:26,2022-07-14 22:42:45,85000,2,2,2022-06-20 21:58:26,2022-06-20 22:04:02,5,2022-06-20 12:44:26,2022-06-23 17:12:03,1,4,8,0,1,0,0,0,2,3,Review,"elevated credited campaign discount: 245000, reciprocal transfer loop with 8 partner(s), "
U025264,245000,10,10,10,2022-06-11 17:14:54,2022-06-15 14:58:20,205000,7,7,2022-06-11 17:14:54,2022-06-11 19:10:18,1,2022-06-12 11:41:07,2022-06-12 11:41:07,1,10,22,0,1,0,0,0,2,3,Review,"elevated credited campaign discount: 245000, reciprocal transfer loop with 22 partner(s), "
U028877,245000,10,10,10,2022-06-10 23:20:14,2022-06-13 15:51:23,0,0,0,,,0,,,1,9,17,0,1,0,0,0,2,3,Review,"elevated credited campaign discount: 245000, reciprocal transfer loop with 17 partner(s), "
U032169,245000,9,9,9,2022-06-08 22:51:12,2022-06-10 18:49:46,0,0,0,,,0,,,1,27,1,0,1,0,0,1,1,3,Review,"elevated credited campaign discount: 245000, shared IP used by 27 users, reciprocal transfer loop with 1 partner(s), "
U035011,245000,10,10,10,2022-06-07 08:53:36,2022-06-08 11:24:54,0,0,0,,,0,,,1,2,37,0,1,0,0,0,2,3,Review,"elevated credited campaign discount: 245000, reciprocal transfer loop with 37 partner(s), "
U051036,245000,10,10,10,2022-06-17 18:34:28,2022-06-17 18:43:16,0,0,0,,,0,,,1,72,0,0,1,0,0,2,0,3,Review,"elevated credited campaign discount: 245000, shared IP used by 72 users, "
U057660,245000,9,9,9,2022-06-06 18:14:36,2022-06-08 20:07:39,0,0,0,,,2,2022-06-07 15:50:07,2022-06-07 16:30:43,1,3,10,0,1,0,0,0,2,3,Review,"elevated credited campaign discount: 245000, reciprocal transfer loop with 10 partner(s), "
U068455,245000,9,9,9,2022-06-08 17:54:00,2022-06-10 18:42:56,75000,2,2,2022-06-08 17:54:00,2022-06-08 23:39:35,0,,,1,27,1,0,1,0,0,1,1,3,Review,"elevated credited campaign discount: 245000, shared IP used by 27 users, reciprocal transfer loop with 1 partner(s), "
U085482,245000,10,10,10,2022-06-13 13:34:02,2022-06-13 13:48:34,0,0,0,,,0,,,1,3,22,0,1,0,0,0,2,3,Review,"elevated credited campaign discount: 245000, reciprocal transfer loop with 22 partner(s), "
U087947,245000,10,10,10,2022-07-07 19:31:46,2022-07-08 19:46:48,0,0,0,,,0,,,1,10,7,0,1,0,0,0,2,3,Review,"elevated credited campaign discount: 245000, reciprocal transfer loop with 7 partner(s), "
U009317,235000,10,10,10,2022-06-19 15:57:17,2022-06-19 18:45:21,0,0,0,,,0,,,1,8,19,0,1,0,0,0,2,3,Review,"elevated credited campaign discount: 235000, reciprocal transfer loop with 19 partner(s), "
U032684,235000,10,10,10,2022-06-25 18:53:40,2022-06-25 20:14:52,0,0,0,,,0,,,3,12,28,0,1,0,0,0,2,3,Review,"elevated credited campaign discount: 235000, reciprocal transfer loop with 28 partner(s), "
U039287,235000,9,9,9,2022-06-08 15:22:36,2022-06-08 18:07:02,0,0,0,,,0,,,1,1,10,0,1,0,0,0,2,3,Review,"elevated credited campaign discount: 235000, reciprocal transfer loop with 10 partner(s), "
U041435,235000,9,9,9,2022-06-11 12:39:18,2022-06-11 13:17:02,0,0,0,,,0,,,3,2,3,0,1,0,0,0,2,3,Review,"elevated credited campaign discount: 235000, reciprocal transfer loop with 3 partner(s), "
U044638,235000,9,9,9,2022-06-08 18:15:45,2022-06-08 18:26:43,0,0,0,,,0,,,1,2,12,0,1,0,0,0,2,3,Review,"elevated credited campaign discount: 235000, reciprocal transfer loop with 12 partner(s), "
U032069,230000,7,7,7,2022-06-28 15:32:11,2022-07-14 10:39:59,0,0,0,,,3,2022-07-14 09:53:58,2022-07-14 10:38:39,1,23,1,0,1,0,0,1,1,3,Review,"elevated credited campaign discount: 230000, shared IP used by 23 users, reciprocal transfer loop with 1 partner(s), "
U030207,225000,7,7,7,2022-06-18 13:39:18,2022-06-30 20:42:23,195000,6,6,2022-06-18 13:39:18,2022-06-19 16:30:01,4,2022-06-19 15:25:21,2022-06-19 16:11:38,1,34,1,0,1,0,0,1,1,3,Review,"elevated credited campaign discount: 225000, shared IP used by 34 users, reciprocal transfer loop with 1 partner(s), "
U046494,225000,9,9,9,2022-06-24 12:50:10,2022-06-24 22:19:16,0,0,0,,,0,,,1,3,15,0,1,0,0,0,2,3,Review,"elevated credited campaign discount: 225000, reciprocal transfer loop with 15 partner(s), "
U063385,225000,9,9,9,2022-06-04 13:03:44,2022-06-04 14:12:38,0,0,0,,,0,,,1,4,25,0,1,0,0,0,2,3,Review,"elevated credited campaign discount: 225000, reciprocal transfer loop with 25 partner(s), "
U068508,225000,9,9,9,2022-06-18 14:52:20,2022-06-18 15:30:24,0,0,0,,,0,,,1,4,14,0,1,0,0,0,2,3,Review,"elevated credited campaign discount: 225000, reciprocal transfer loop with 14 partner(s), "
U048417,220000,9,9,9,2022-06-03 10:54:34,2022-06-04 20:56:52,0,0,0,,,0,,,1,5,35,0,1,0,0,0,2,3,Review,"elevated credited campaign discount: 220000, reciprocal transfer loop with 35 partner(s), "
U051093,220000,9,9,9,2022-06-03 11:16:01,2022-06-06 21:02:02,0,0,0,,,0,,,2,2,24,0,1,0,0,0,2,3,Review,"elevated credited campaign discount: 220000, reciprocal transfer loop with 24 partner(s), "
U006588,215000,7,7,7,2022-06-20 17:17:42,2022-06-22 02:11:09,120000,3,3,2022-06-20 17:17:42,2022-06-20 23:23:01,1,2022-06-20 16:49:39,2022-06-20 17:16:17,1,57,0,0,1,0,0,2,0,3,Review,"elevated credited campaign discount: 215000, shared IP used by 57 users, "
U010840,215000,8,8,8,2022-06-15 01:10:14,2022-06-16 16:50:04,135000,5,5,2022-06-15 01:10:14,2022-06-15 22:45:40,0,,,2,57,0,0,1,0,0,2,0,3,Review,"elevated credited campaign discount: 215000, shared IP used by 57 users, "
U012888,215000,8,8,8,2022-06-15 01:08:29,2022-06-16 16:57:11,135000,5,5,2022-06-15 01:08:29,2022-06-15 22:41:11,0,,,1,57,0,0,1,0,0,2,0,3,Review,"elevated credited campaign discount: 215000, shared IP used by 57 users, "
U017382,215000,8,8,8,2022-06-15 01:16:19,2022-06-16 16:54:38,135000,5,5,2022-06-15 01:16:19,2022-06-15 23:18:08,0,,,2,57,0,0,1,0,0,2,0,3,Review,"elevated credited campaign discount: 215000, shared IP used by 57 users, "
U052186,215000,8,8,8,2022-06-10 14:40:05,2022-06-14 20:38:30,95000,3,3,2022-06-10 14:40:05,2022-06-10 17:20:36,0,,,3,57,0,0,1,0,0,2,0,3,Review,"elevated credited campaign discount: 215000, shared IP used by 57 users, "
U053571,215000,9,9,9,2022-07-04 17:38:44,2022-07-04 18:18:55,0,0,0,,,1,2022-07-05 15:19:54,2022-07-05 15:21:08,1,7,11,0,1,0,0,0,2,3,Review,"elevated credited campaign discount: 215000, reciprocal transfer loop with 11 partner(s), "
U069581,215000,8,8,8,2022-06-13 13:04:18,2022-06-16 20:57:47,0,0,0,,,0,,,1,3,30,0,1,0,0,0,2,3,Review,"elevated credited campaign discount: 215000, reciprocal transfer loop with 30 partner(s), "
U004710,205000,8,8,8,2022-06-05 21:51:19,2022-06-07 10:09:26,0,0,0,,,0,,,1,34,2,0,1,0,0,1,1,3,Review,"elevated credited campaign discount: 205000, shared IP used by 34 users, reciprocal transfer loop with 2 partner(s), "
U009405,205000,8,8,8,2022-06-08 08:13:15,2022-06-10 12:30:53,0,0,0,,,0,,,1,20,1,0,1,0,0,1,1,3,Review,"elevated credited campaign discount: 205000, shared IP used by 20 users, reciprocal transfer loop with 1 partner(s), "
U010101,205000,8,8,8,2022-06-08 17:30:42,2022-06-10 23:39:18,155000,6,6,2022-06-08 17:30:42,2022-06-08 18:22:10,0,,,1,10,26,0,1,0,0,0,2,3,Review,"elevated credited campaign discount: 205000, reciprocal transfer loop with 26 partner(s), "
U013555,205000,8,8,8,2022-06-04 16:38:33,2022-06-05 22:53:13,0,0,0,,,0,,,1,22,1,0,1,0,0,1,1,3,Review,"elevated credited campaign discount: 205000, shared IP used by 22 users, reciprocal transfer loop with 1 partner(s), "
U036792,205000,7,7,7,2022-07-11 21:20:25,2022-07-11 21:58:23,0,0,0,,,1,2022-07-11 21:18:01,2022-07-11 21:20:05,1,2,30,0,1,0,0,0,2,3,Review,"elevated credited campaign discount: 205000, reciprocal transfer loop with 30 partner(s), "
U037649,205000,8,8,8,2022-06-05 14:50:59,2022-06-05 15:12:14,0,0,0,,,0,,,1,1,36,0,1,0,0,0,2,3,Review,"elevated credited campaign discount: 205000, reciprocal transfer loop with 36 partner(s), "
U042147,205000,8,8,8,2022-06-04 15:29:13,2022-06-05 22:52:12,205000,8,8,2022-06-04 15:29:13,2022-06-05 22:52:12,0,,,1,22,1,0,1,0,0,1,1,3,Review,"elevated credited campaign discount: 205000, shared IP used by 22 users, reciprocal transfer loop with 1 partner(s), "
U077339,205000,8,8,8,2022-06-04 17:14:38,2022-06-05 22:57:28,205000,8,8,2022-06-04 17:14:38,2022-06-05 22:57:28,0,,,1,22,1,0,1,0,0,1,1,3,Review,"elevated credited campaign discount: 205000, shared IP used by 22 users, reciprocal transfer loop with 1 partner(s), "
U084431,205000,6,6,6,2022-07-02 13:00:02,2022-07-11 10:31:04,0,0,0,,,9,2022-07-02 11:12:06,2022-07-12 20:42:26,1,28,1,0,1,0,0,1,1,3,Review,"elevated credited campaign discount: 205000, shared IP used by 28 users, reciprocal transfer loop with 1 partner(s), "
U001942,200000,4,4,4,2022-06-12 18:30:20,2022-06-13 22:00:01,0,0,0,,,25,2022-06-12 16:39:21,2022-06-17 12:20:19,0,0,0,0,1,2,0,0,0,3,Review,"elevated credited campaign discount: 200000, high referral count: 25, "
U003504,200000,4,4,4,2022-07-25 15:26:12,2022-07-25 15:36:31,200000,4,4,2022-07-25 15:26:12,2022-07-25 15:36:31,4,2022-07-25 14:46:57,2022-07-25 15:35:59,1,218,0,0,1,0,0,2,0,3,Review,"elevated credited campaign discount: 200000, shared IP used by 218 users, "
U005858,200000,4,4,4,2022-07-24 21:22:26,2022-07-24 23:18:46,200000,4,4,2022-07-24 21:22:26,2022-07-24 23:18:46,4,2022-07-24 21:19:10,2022-07-24 23:18:04,1,22,1,0,1,0,0,1,1,3,Review,"elevated credited campaign discount: 200000, shared IP used by 22 users, reciprocal transfer loop with 1 partner(s), "
U005990,200000,4,4,4,2022-06-06 22:02:36,2022-07-29 10:30:00,0,0,0,,,10,2022-06-07 07:49:47,2022-07-30 21:55:57,1,1,4,0,1,0,0,0,2,3,Review,"elevated credited campaign discount: 200000, reciprocal transfer loop with 4 partner(s), "
U006532,200000,4,4,4,2022-07-30 15:00:02,2022-08-01 21:30:01,100000,2,2,2022-07-30 15:00:02,2022-07-31 09:29:24,8,2022-07-30 14:12:57,2022-08-01 21:17:10,1,4,3,0,1,0,0,0,2,3,Review,"elevated credited campaign discount: 200000, reciprocal transfer loop with 3 partner(s), "
U012273,200000,4,4,4,2022-07-25 11:03:24,2022-07-25 11:42:32,0,0,0,,,4,2022-07-25 10:13:42,2022-07-25 11:42:20,1,218,0,0,1,0,0,2,0,3,Review,"elevated credited campaign discount: 200000, shared IP used by 218 users, "
U012840,200000,4,4,4,2022-06-14 02:51:21,2022-07-08 11:50:43,0,0,0,,,20,2022-06-12 12:40:39,2022-07-31 12:30:04,1,9,0,0,1,2,0,0,0,3,Review,"elevated credited campaign discount: 200000, high referral count: 20, "
U016428,200000,4,4,4,2022-07-27 20:20:19,2022-07-27 20:29:41,200000,4,4,2022-07-27 20:20:19,2022-07-27 20:29:41,4,2022-07-27 17:59:26,2022-07-27 20:29:32,1,218,0,0,1,0,0,2,0,3,Review,"elevated credited campaign discount: 200000, shared IP used by 218 users, "
U018938,200000,4,4,4,2022-07-11 07:10:10,2022-07-29 22:30:02,0,0,0,,,11,2022-07-07 18:45:22,2022-07-29 22:03:08,1,3,7,0,1,0,0,0,2,3,Review,"elevated credited campaign discount: 200000, reciprocal transfer loop with 7 partner(s), "
U019749,200000,4,4,4,2022-06-26 07:27:42,2022-07-30 13:45:00,0,0,0,,,4,2022-07-10 14:21:19,2022-07-30 13:10:28,1,22,2,0,1,0,0,1,1,3,Review,"elevated credited campaign discount: 200000, shared IP used by 22 users, reciprocal transfer loop with 2 partner(s), "
U023006,200000,4,4,4,2022-07-03 09:45:00,2022-07-04 10:48:09,0,0,0,,,5,2022-06-12 13:26:45,2022-07-04 10:38:40,1,1,3,0,1,0,0,0,2,3,Review,"elevated credited campaign discount: 200000, reciprocal transfer loop with 3 partner(s), "
U023252,200000,4,4,4,2022-06-03 11:00:00,2022-06-12 12:09:00,0,0,0,,,18,2022-06-03 09:47:45,2022-06-12 12:08:45,1,4,4,0,1,0,0,0,2,3,Review,"elevated credited campaign discount: 200000, reciprocal transfer loop with 4 partner(s), "
U029277,200000,4,4,4,2022-07-21 17:42:08,2022-07-24 11:15:02,0,0,0,,,10,2022-07-18 15:09:07,2022-07-24 16:53:34,3,6,6,0,1,0,0,0,2,3,Review,"elevated credited campaign discount: 200000, reciprocal transfer loop with 6 partner(s), "
U032126,200000,4,4,4,2022-06-13 15:41:46,2022-07-05 20:55:34,0,0,0,,,4,2022-06-13 15:20:52,2022-07-05 20:54:41,1,1,11,0,1,0,0,0,2,3,Review,"elevated credited campaign discount: 200000, reciprocal transfer loop with 11 partner(s), "
U037716,200000,4,4,4,2022-06-11 11:29:40,2022-06-11 11:46:48,200000,4,4,2022-06-11 11:29:40,2022-06-11 11:46:48,4,2022-06-11 10:25:21,2022-06-11 11:46:39,1,99,0,0,1,0,0,2,0,3,Review,"elevated credited campaign discount: 200000, shared IP used by 99 users, "
U037985,200000,4,4,4,2022-06-12 08:15:00,2022-07-25 09:38:23,0,0,0,,,11,2022-06-12 07:38:15,2022-07-27 07:44:47,1,13,3,0,1,0,0,0,2,3,Review,"elevated credited campaign discount: 200000, reciprocal transfer loop with 3 partner(s), "
U040359,200000,4,4,4,2022-07-15 16:35:01,2022-07-15 16:43:26,0,0,0,,,4,2022-07-15 16:33:42,2022-07-15 16:43:07,1,6,73,0,1,0,0,0,2,3,Review,"elevated credited campaign discount: 200000, reciprocal transfer loop with 73 partner(s), "
U041393,200000,4,4,4,2022-07-25 16:31:50,2022-07-25 16:42:02,200000,4,4,2022-07-25 16:31:50,2022-07-25 16:42:02,4,2022-07-25 15:47:26,2022-07-25 16:41:53,1,218,0,0,1,0,0,2,0,3,Review,"elevated credited campaign discount: 200000, shared IP used by 218 users, "
U049262,200000,4,4,4,2022-06-20 09:30:03,2022-06-21 14:15:01,150000,3,3,2022-06-20 09:30:03,2022-06-20 22:15:00,33,2022-06-20 08:39:21,2022-06-30 21:20:28,1,1,0,0,1,2,0,0,0,3,Review,"elevated credited campaign discount: 200000, high referral count: 33, "
U049678,200000,4,4,4,2022-06-18 18:45:00,2022-07-23 14:55:44,0,0,0,,,4,2022-06-18 18:08:43,2022-07-21 19:00:58,1,9,12,0,1,0,0,0,2,3,Review,"elevated credited campaign discount: 200000, reciprocal transfer loop with 12 partner(s), "
U049691,200000,4,4,4,2022-07-22 19:38:15,2022-07-22 20:00:04,200000,4,4,2022-07-22 19:38:15,2022-07-22 20:00:04,4,2022-07-22 19:16:14,2022-07-22 19:48:21,1,218,0,0,1,0,0,2,0,3,Review,"elevated credited campaign discount: 200000, shared IP used by 218 users, "
U052329,200000,4,4,4,2022-07-01 09:45:01,2022-07-01 16:15:00,0,0,0,,,5,2022-07-01 09:20:16,2022-07-01 15:45:22,1,34,1,0,1,0,0,1,1,3,Review,"elevated credited campaign discount: 200000, shared IP used by 34 users, reciprocal transfer loop with 1 partner(s), "
U052703,200000,4,4,4,2022-07-09 11:45:00,2022-07-10 22:45:02,0,0,0,,,7,2022-07-09 11:06:38,2022-07-10 22:23:11,1,26,2,0,1,0,0,1,1,3,Review,"elevated credited campaign discount: 200000, shared IP used by 26 users, reciprocal transfer loop with 2 partner(s), "
U053374,200000,4,4,4,2022-07-21 17:21:47,2022-07-21 17:56:10,200000,4,4,2022-07-21 17:21:47,2022-07-21 17:56:10,4,2022-07-21 15:33:15,2022-07-21 17:55:52,1,218,0,0,1,0,0,2,0,3,Review,"elevated credited campaign discount: 200000, shared IP used by 218 users, "
U055197,200000,4,4,4,2022-06-10 21:30:00,2022-06-10 21:50:27,200000,4,4,2022-06-10 21:30:00,2022-06-10 21:50:27,4,2022-06-10 20:58:04,2022-06-10 21:50:13,1,99,0,0,1,0,0,2,0,3,Review,"elevated credited campaign discount: 200000, shared IP used by 99 users, "
U055212,200000,8,8,8,2022-06-03 11:12:53,2022-06-04 21:34:03,0,0,0,,,0,,,1,5,23,0,1,0,0,0,2,3,Review,"elevated credited campaign discount: 200000, reciprocal transfer loop with 23 partner(s), "
U056698,200000,4,4,4,2022-06-16 21:00:00,2022-06-21 19:45:00,0,0,0,,,38,2022-06-16 13:44:24,2022-07-05 19:40:07,0,0,0,0,1,2,0,0,0,3,Review,"elevated credited campaign discount: 200000, high referral count: 38, "
U061377,200000,4,4,4,2022-06-29 14:45:00,2022-07-02 21:30:00,0,0,0,,,10,2022-06-29 14:13:34,2022-07-12 21:11:17,1,4,4,0,1,0,0,0,2,3,Review,"elevated credited campaign discount: 200000, reciprocal transfer loop with 4 partner(s), "
U062295,200000,4,4,4,2022-06-11 10:45:00,2022-06-27 09:30:02,0,0,0,,,15,2022-06-01 22:50:41,2022-07-04 02:37:18,1,1,21,0,1,0,0,0,2,3,Review,"elevated credited campaign discount: 200000, reciprocal transfer loop with 21 partner(s), "
U066054,200000,4,4,4,2022-07-27 12:07:00,2022-07-31 19:45:00,0,0,0,,,9,2022-07-28 15:51:43,2022-08-01 15:57:59,1,1,4,0,1,0,0,0,2,3,Review,"elevated credited campaign discount: 200000, reciprocal transfer loop with 4 partner(s), "
U076173,200000,4,4,4,2022-07-13 16:15:01,2022-07-21 00:15:00,0,0,0,,,6,2022-07-13 15:43:26,2022-07-21 10:14:26,1,2,4,0,1,0,0,0,2,3,Review,"elevated credited campaign discount: 200000, reciprocal transfer loop with 4 partner(s), "
U079326,200000,4,4,4,2022-06-05 13:56:35,2022-06-06 00:43:24,0,0,0,,,4,2022-06-05 13:53:26,2022-06-06 00:40:31,1,23,1,0,1,0,0,1,1,3,Review,"elevated credited campaign discount: 200000, shared IP used by 23 users, reciprocal transfer loop with 1 partner(s), "
U084676,200000,9,9,9,2022-06-03 10:17:39,2022-06-03 23:02:14,0,0,0,,,0,,,1,2,11,0,1,0,0,0,2,3,Review,"elevated credited campaign discount: 200000, reciprocal transfer loop with 11 partner(s), "
U085877,200000,4,4,4,2022-07-27 22:00:02,2022-07-27 22:08:13,200000,4,4,2022-07-27 22:00:02,2022-07-27 22:08:13,4,2022-07-27 21:09:30,2022-07-27 22:08:01,1,218,0,0,1,0,0,2,0,3,Review,"elevated credited campaign discount: 200000, shared IP used by 218 users, "
U026535,195000,7,7,7,2022-06-17 20:15:18,2022-06-30 20:39:28,0,0,0,,,1,2022-06-18 07:42:36,2022-06-18 07:46:12,1,34,1,0,1,0,0,1,1,3,Review,"elevated credited campaign discount: 195000, shared IP used by 34 users, reciprocal transfer loop with 1 partner(s), "
U034656,195000,7,7,7,2022-06-17 13:15:56,2022-06-18 17:35:13,135000,5,5,2022-06-17 13:15:56,2022-06-17 16:47:48,0,,,1,57,0,0,1,0,0,2,0,3,Review,"elevated credited campaign discount: 195000, shared IP used by 57 users, "
U048102,195000,6,6,6,2022-06-06 15:15:22,2022-06-18 09:27:54,0,0,0,,,7,2022-06-08 16:05:00,2022-06-16 03:19:19,3,21,1,0,1,0,0,1,1,3,Review,"elevated credited campaign discount: 195000, shared IP used by 21 users, reciprocal transfer loop with 1 partner(s), "
U061890,195000,7,7,7,2022-06-17 13:07:48,2022-06-18 17:38:02,135000,5,5,2022-06-17 13:07:48,2022-06-17 17:46:37,0,,,1,57,0,0,1,0,0,2,0,3,Review,"elevated credited campaign discount: 195000, shared IP used by 57 users, "
U082077,195000,7,7,7,2022-06-15 01:17:32,2022-06-16 16:40:26,135000,5,5,2022-06-15 01:17:32,2022-06-15 23:25:22,0,,,2,57,0,0,1,0,0,2,0,3,Review,"elevated credited campaign discount: 195000, shared IP used by 57 users, "
U000079,185000,4,4,4,2022-07-15 14:55:58,2022-07-15 17:22:50,185000,4,4,2022-07-15 14:55:58,2022-07-15 17:22:50,3,2022-07-15 16:30:58,2022-07-15 17:22:19,1,165,0,0,1,0,0,2,0,3,Review,"elevated credited campaign discount: 185000, shared IP used by 165 users, "
U000566,185000,7,7,7,2022-06-10 16:37:50,2022-06-10 21:59:52,0,0,0,,,0,,,1,48,1,0,1,0,0,1,1,3,Review,"elevated credited campaign discount: 185000, shared IP used by 48 users, reciprocal transfer loop with 1 partner(s), "
U003646,185000,4,4,4,2022-07-13 16:58:36,2022-07-14 14:54:09,185000,4,4,2022-07-13 16:58:36,2022-07-14 14:54:09,3,2022-07-14 14:13:55,2022-07-14 14:53:57,1,165,0,0,1,0,0,2,0,3,Review,"elevated credited campaign discount: 185000, shared IP used by 165 users, "
U003864,185000,4,4,4,2022-07-13 10:08:29,2022-07-13 11:43:00,185000,4,4,2022-07-13 10:08:29,2022-07-13 11:43:00,3,2022-07-13 11:02:26,2022-07-13 11:42:50,1,83,0,0,1,0,0,2,0,3,Review,"elevated credited campaign discount: 185000, shared IP used by 83 users, "
U003932,185000,4,4,4,2022-07-13 10:05:39,2022-07-13 12:21:09,185000,4,4,2022-07-13 10:05:39,2022-07-13 12:21:09,3,2022-07-13 11:23:21,2022-07-13 12:20:08,1,83,0,0,1,0,0,2,0,3,Review,"elevated credited campaign discount: 185000, shared IP used by 83 users, "
U004512,185000,4,4,4,2022-07-12 23:15:44,2022-07-13 10:14:49,185000,4,4,2022-07-12 23:15:44,2022-07-13 10:14:49,3,2022-07-13 09:04:13,2022-07-13 10:14:40,1,83,0,0,1,0,0,2,0,3,Review,"elevated credited campaign discount: 185000, shared IP used by 83 users, "
U004541,185000,4,4,4,2022-07-14 15:40:02,2022-07-14 21:41:15,185000,4,4,2022-07-14 15:40:02,2022-07-14 21:41:15,3,2022-07-14 20:45:18,2022-07-14 21:40:52,1,165,0,0,1,0,0,2,0,3,Review,"elevated credited campaign discount: 185000, shared IP used by 165 users, "
U004613,185000,4,4,4,2022-07-13 20:03:47,2022-07-14 15:13:10,185000,4,4,2022-07-13 20:03:47,2022-07-14 15:13:10,3,2022-07-14 14:23:10,2022-07-14 15:13:00,1,165,0,0,1,0,0,2,0,3,Review,"elevated credited campaign discount: 185000, shared IP used by 165 users, "
U005572,185000,4,4,4,2022-07-14 20:57:36,2022-07-15 13:36:43,185000,4,4,2022-07-14 20:57:36,2022-07-15 13:36:43,3,2022-07-15 10:56:12,2022-07-15 13:36:26,1,165,0,0,1,0,0,2,0,3,Review,"elevated credited campaign discount: 185000, shared IP used by 165 users, "
U008604,185000,4,4,4,2022-07-11 21:16:02,2022-07-12 16:15:35,185000,4,4,2022-07-11 21:16:02,2022-07-12 16:15:35,3,2022-07-12 14:43:38,2022-07-12 16:15:10,1,73,0,0,1,0,0,2,0,3,Review,"elevated credited campaign discount: 185000, shared IP used by 73 users, "
U009511,185000,4,4,4,2022-07-12 16:51:46,2022-07-12 23:17:44,185000,4,4,2022-07-12 16:51:46,2022-07-12 23:17:44,3,2022-07-12 22:47:10,2022-07-12 23:17:35,1,83,0,0,1,0,0,2,0,3,Review,"elevated credited campaign discount: 185000, shared IP used by 83 users, "
U010548,185000,4,4,4,2022-07-12 12:32:11,2022-07-12 21:48:31,185000,4,4,2022-07-12 12:32:11,2022-07-12 21:48:31,3,2022-07-12 20:33:06,2022-07-12 21:48:01,1,73,0,0,1,0,0,2,0,3,Review,"elevated credited campaign discount: 185000, shared IP used by 73 users, "
U010697,185000,4,4,4,2022-07-14 15:56:31,2022-07-14 20:15:52,185000,4,4,2022-07-14 15:56:31,2022-07-14 20:15:52,3,2022-07-14 18:54:22,2022-07-14 20:15:42,1,165,0,0,1,0,0,2,0,3,Review,"elevated credited campaign discount: 185000, shared IP used by 165 users, "
U011618,185000,4,4,4,2022-07-11 15:03:25,2022-07-11 19:52:49,185000,4,4,2022-07-11 15:03:25,2022-07-11 19:52:49,3,2022-07-11 17:05:50,2022-07-11 19:52:38,1,73,0,0,1,0,0,2,0,3,Review,"elevated credited campaign discount: 185000, shared IP used by 73 users, "
U014091,185000,4,4,4,2022-07-11 15:09:53,2022-07-11 20:56:46,185000,4,4,2022-07-11 15:09:53,2022-07-11 20:56:46,4,2022-07-11 18:23:33,2022-07-11 20:56:37,1,73,0,0,1,0,0,2,0,3,Review,"elevated credited campaign discount: 185000, shared IP used by 73 users, "
U016279,185000,4,4,4,2022-07-13 10:02:36,2022-07-13 11:54:25,185000,4,4,2022-07-13 10:02:36,2022-07-13 11:54:25,3,2022-07-13 11:06:37,2022-07-13 11:54:16,1,83,0,0,1,0,0,2,0,3,Review,"elevated credited campaign discount: 185000, shared IP used by 83 users, "
U017153,185000,4,4,4,2022-07-14 20:40:23,2022-07-15 13:46:36,185000,4,4,2022-07-14 20:40:23,2022-07-15 13:46:36,3,2022-07-15 11:09:29,2022-07-15 13:46:19,1,165,0,0,1,0,0,2,0,3,Review,"elevated credited campaign discount: 185000, shared IP used by 165 users, "
U019852,185000,4,4,4,2022-07-14 20:27:18,2022-07-15 12:50:54,185000,4,4,2022-07-14 20:27:18,2022-07-15 12:50:54,3,2022-07-15 11:43:26,2022-07-15 12:50:45,1,165,0,0,1,0,0,2,0,3,Review,"elevated credited campaign discount: 185000, shared IP used by 165 users, "
U021316,185000,4,4,4,2022-07-13 23:37:42,2022-07-14 16:30:34,185000,4,4,2022-07-13 23:37:42,2022-07-14 16:30:34,3,2022-07-14 15:51:20,2022-07-14 16:30:26,1,165,0,0,1,0,0,2,0,3,Review,"elevated credited campaign discount: 185000, shared IP used by 165 users, "
U023295,185000,4,4,4,2022-07-13 11:46:26,2022-07-13 12:48:41,185000,4,4,2022-07-13 11:46:26,2022-07-13 12:48:41,3,2022-07-13 11:55:01,2022-07-13 12:48:33,1,83,0,0,1,0,0,2,0,3,Review,"elevated credited campaign discount: 185000, shared IP used by 83 users, "
U023312,185000,4,4,4,2022-07-15 12:48:21,2022-07-15 14:39:41,185000,4,4,2022-07-15 12:48:21,2022-07-15 14:39:41,3,2022-07-15 13:22:10,2022-07-15 14:39:18,1,165,0,0,1,0,0,2,0,3,Review,"elevated credited campaign discount: 185000, shared IP used by 165 users, "
U023649,185000,4,4,4,2022-07-15 12:39:11,2022-07-15 15:27:43,185000,4,4,2022-07-15 12:39:11,2022-07-15 15:27:43,3,2022-07-15 13:54:23,2022-07-15 15:27:33,1,165,0,0,1,0,0,2,0,3,Review,"elevated credited campaign discount: 185000, shared IP used by 165 users, "
U023860,185000,7,7,7,2022-06-28 15:01:14,2022-06-30 15:59:29,145000,5,5,2022-06-28 15:01:14,2022-06-28 20:03:41,0,,,2,57,0,0,1,0,0,2,0,3,Review,"elevated credited campaign discount: 185000, shared IP used by 57 users, "
U024930,185000,7,7,7,2022-06-05 14:47:26,2022-06-05 23:27:22,0,0,0,,,0,,,1,48,1,0,1,0,0,1,1,3,Review,"elevated credited campaign discount: 185000, shared IP used by 48 users, reciprocal transfer loop with 1 partner(s), "
U025921,185000,4,4,4,2022-07-11 14:51:56,2022-07-11 19:31:02,185000,4,4,2022-07-11 14:51:56,2022-07-11 19:31:02,3,2022-07-11 16:18:12,2022-07-11 19:30:43,1,73,0,0,1,0,0,2,0,3,Review,"elevated credited campaign discount: 185000, shared IP used by 73 users, "
U029827,185000,7,7,7,2022-06-09 15:51:31,2022-06-10 10:21:53,0,0,0,,,0,,,1,48,1,0,1,0,0,1,1,3,Review,"elevated credited campaign discount: 185000, shared IP used by 48 users, reciprocal transfer loop with 1 partner(s), "
U029910,185000,4,4,4,2022-07-12 12:37:25,2022-07-12 21:21:19,185000,4,4,2022-07-12 12:37:25,2022-07-12 21:21:19,3,2022-07-12 20:20:46,2022-07-12 21:20:55,1,73,0,0,1,0,0,2,0,3,Review,"elevated credited campaign discount: 185000, shared IP used by 73 users, "
U029944,185000,4,4,4,2022-07-13 13:49:15,2022-07-13 23:08:16,185000,4,4,2022-07-13 13:49:15,2022-07-13 23:08:16,3,2022-07-13 22:06:43,2022-07-13 23:08:03,1,83,0,0,1,0,0,2,0,3,Review,"elevated credited campaign discount: 185000, shared IP used by 83 users, "
U032408,185000,4,4,4,2022-07-13 11:43:26,2022-07-13 12:59:26,185000,4,4,2022-07-13 11:43:26,2022-07-13 12:59:26,3,2022-07-13 12:01:27,2022-07-13 12:59:12,1,83,0,0,1,0,0,2,0,3,Review,"elevated credited campaign discount: 185000, shared IP used by 83 users, "
U034235,185000,4,4,4,2022-07-11 19:36:05,2022-07-12 18:08:41,185000,4,4,2022-07-11 19:36:05,2022-07-12 18:08:41,3,2022-07-12 16:20:59,2022-07-12 18:08:06,1,73,0,0,1,0,0,2,0,3,Review,"elevated credited campaign discount: 185000, shared IP used by 73 users, "
U035279,185000,4,4,4,2022-07-13 17:43:44,2022-07-13 20:13:44,185000,4,4,2022-07-13 17:43:44,2022-07-13 20:13:44,3,2022-07-13 19:13:26,2022-07-13 20:13:20,1,165,0,0,1,0,0,2,0,3,Review,"elevated credited campaign discount: 185000, shared IP used by 165 users, "
U037792,185000,7,7,7,2022-06-12 18:01:47,2022-06-12 23:59:35,0,0,0,,,0,,,1,72,0,0,1,0,0,2,0,3,Review,"elevated credited campaign discount: 185000, shared IP used by 72 users, "
U040798,185000,4,4,4,2022-07-15 12:22:48,2022-07-15 15:47:42,185000,4,4,2022-07-15 12:22:48,2022-07-15 15:47:42,3,2022-07-15 15:08:39,2022-07-15 15:47:33,1,165,0,0,1,0,0,2,0,3,Review,"elevated credited campaign discount: 185000, shared IP used by 165 users, "
U041774,185000,4,4,4,2022-07-14 15:52:23,2022-07-14 20:43:07,185000,4,4,2022-07-14 15:52:23,2022-07-14 20:43:07,3,2022-07-14 20:02:09,2022-07-14 20:42:58,1,165,0,0,1,0,0,2,0,3,Review,"elevated credited campaign discount: 185000, shared IP used by 165 users, "
U042968,185000,4,4,4,2022-07-13 19:57:35,2022-07-14 16:03:29,185000,4,4,2022-07-13 19:57:35,2022-07-14 16:03:29,3,2022-07-14 14:43:23,2022-07-14 16:03:20,1,165,0,0,1,0,0,2,0,3,Review,"elevated credited campaign discount: 185000, shared IP used by 165 users, "
U044309,185000,7,7,7,2022-06-09 15:40:38,2022-06-10 10:25:33,0,0,0,,,0,,,1,48,1,0,1,0,0,1,1,3,Review,"elevated credited campaign discount: 185000, shared IP used by 48 users, reciprocal transfer loop with 1 partner(s), "
U045211,185000,4,4,4,2022-07-13 23:28:26,2022-07-14 15:36:27,185000,4,4,2022-07-13 23:28:26,2022-07-14 15:36:27,3,2022-07-14 14:32:43,2022-07-14 15:36:18,1,165,0,0,1,0,0,2,0,3,Review,"elevated credited campaign discount: 185000, shared IP used by 165 users, "
U046354,185000,4,4,4,2022-07-13 12:52:42,2022-07-13 18:15:28,185000,4,4,2022-07-13 12:52:42,2022-07-13 18:15:28,3,2022-07-13 16:45:18,2022-07-13 18:15:19,1,83,0,0,1,0,0,2,0,3,Review,"elevated credited campaign discount: 185000, shared IP used by 83 users, "
U046496,185000,4,4,4,2022-07-13 12:56:31,2022-07-13 17:37:26,185000,4,4,2022-07-13 12:56:31,2022-07-13 17:37:26,3,2022-07-13 16:07:38,2022-07-13 17:37:10,1,83,0,0,1,0,0,2,0,3,Review,"elevated credited campaign discount: 185000, shared IP used by 83 users, "
U046528,185000,4,4,4,2022-07-14 15:36:57,2022-07-14 21:50:40,185000,4,4,2022-07-14 15:36:57,2022-07-14 21:50:40,3,2022-07-14 20:54:56,2022-07-14 21:50:23,1,165,0,0,1,0,0,2,0,3,Review,"elevated credited campaign discount: 185000, shared IP used by 165 users, "
U051874,185000,4,4,4,2022-07-14 16:25:12,2022-07-15 12:19:26,185000,4,4,2022-07-14 16:25:12,2022-07-15 12:19:26,3,2022-07-15 10:29:22,2022-07-15 12:18:43,1,165,0,0,1,0,0,2,0,3,Review,"elevated credited campaign discount: 185000, shared IP used by 165 users, "
U052800,185000,4,4,4,2022-07-13 23:24:18,2022-07-14 18:04:13,185000,4,4,2022-07-13 23:24:18,2022-07-14 18:04:13,3,2022-07-14 16:37:54,2022-07-14 18:04:02,1,165,0,0,1,0,0,2,0,3,Review,"elevated credited campaign discount: 185000, shared IP used by 165 users, "
U055280,185000,4,4,4,2022-07-13 10:11:59,2022-07-13 11:29:34,185000,4,4,2022-07-13 10:11:59,2022-07-13 11:29:34,3,2022-07-13 10:47:41,2022-07-13 11:29:24,1,83,0,0,1,0,0,2,0,3,Review,"elevated credited campaign discount: 185000, shared IP used by 83 users, "
U057604,185000,4,4,4,2022-07-11 18:42:48,2022-07-11 21:30:02,185000,4,4,2022-07-11 18:42:48,2022-07-11 21:30:02,3,2022-07-11 20:29:10,2022-07-11 21:29:48,1,73,0,0,1,0,0,2,0,3,Review,"elevated credited campaign discount: 185000, shared IP used by 73 users, "
U058318,185000,4,4,4,2022-07-13 23:42:47,2022-07-14 15:56:00,185000,4,4,2022-07-13 23:42:47,2022-07-14 15:56:00,3,2022-07-14 14:50:19,2022-07-14 15:55:50,1,165,0,0,1,0,0,2,0,3,Review,"elevated credited campaign discount: 185000, shared IP used by 165 users, "
U058337,185000,4,4,4,2022-07-11 19:44:38,2022-07-12 17:43:31,185000,4,4,2022-07-11 19:44:38,2022-07-12 17:43:31,3,2022-07-12 16:02:53,2022-07-12 17:43:00,1,73,0,0,1,0,0,2,0,3,Review,"elevated credited campaign discount: 185000, shared IP used by 73 users, "
U059991,185000,4,4,4,2022-07-11 21:12:15,2022-07-12 16:03:01,185000,4,4,2022-07-11 21:12:15,2022-07-12 16:03:01,3,2022-07-12 14:20:52,2022-07-12 16:02:27,1,73,0,0,1,0,0,2,0,3,Review,"elevated credited campaign discount: 185000, shared IP used by 73 users, "
U062189,185000,4,4,4,2022-07-13 23:12:23,2022-07-14 18:01:07,185000,4,4,2022-07-13 23:12:23,2022-07-14 18:01:07,3,2022-07-14 17:19:45,2022-07-14 18:00:44,1,165,0,0,1,0,0,2,0,3,Review,"elevated credited campaign discount: 185000, shared IP used by 165 users, "
U063658,185000,4,4,4,2022-07-14 20:32:05,2022-07-15 12:38:38,185000,4,4,2022-07-14 20:32:05,2022-07-15 12:38:38,3,2022-07-15 11:32:07,2022-07-15 12:38:27,1,165,0,0,1,0,0,2,0,3,Review,"elevated credited campaign discount: 185000, shared IP used by 165 users, "
U064662,185000,4,4,4,2022-07-11 21:09:12,2022-07-12 16:58:34,185000,4,4,2022-07-11 21:09:12,2022-07-12 16:58:34,3,2022-07-12 13:51:16,2022-07-12 16:58:20,1,73,0,0,1,0,0,2,0,3,Review,"elevated credited campaign discount: 185000, shared IP used by 73 users, "
U065534,185000,4,4,4,2022-07-13 23:33:51,2022-07-14 17:22:00,185000,4,4,2022-07-13 23:33:51,2022-07-14 17:22:00,3,2022-07-14 16:17:34,2022-07-14 17:21:49,1,165,0,0,1,0,0,2,0,3,Review,"elevated credited campaign discount: 185000, shared IP used by 165 users, "
U066205,185000,4,4,4,2022-07-13 13:46:01,2022-07-13 23:18:16,185000,4,4,2022-07-13 13:46:01,2022-07-13 23:18:16,3,2022-07-13 22:19:45,2022-07-13 23:18:04,1,83,0,0,1,0,0,2,0,3,Review,"elevated credited campaign discount: 185000, shared IP used by 83 users, "
U066447,185000,7,7,7,2022-06-10 16:49:59,2022-06-10 21:57:47,0,0,0,,,1,2022-06-11 09:21:10,2022-06-11 09:36:02,1,48,1,0,1,0,0,1,1,3,Review,"elevated credited campaign discount: 185000, shared IP used by 48 users, reciprocal transfer loop with 1 partner(s), "
U067194,185000,4,4,4,2022-07-13 17:46:37,2022-07-13 20:03:02,185000,4,4,2022-07-13 17:46:37,2022-07-13 20:03:02,3,2022-07-13 18:57:03,2022-07-13 20:02:53,1,165,0,0,1,0,0,2,0,3,Review,"elevated credited campaign discount: 185000, shared IP used by 165 users, "
U067449,185000,4,4,4,2022-07-13 23:37:42,2022-07-14 17:07:19,185000,4,4,2022-07-13 23:37:42,2022-07-14 17:07:19,3,2022-07-14 16:00:43,2022-07-14 17:07:09,1,165,0,0,1,0,0,2,0,3,Review,"elevated credited campaign discount: 185000, shared IP used by 165 users, "
U067749,185000,4,4,4,2022-07-11 18:38:35,2022-07-11 21:15:25,185000,4,4,2022-07-11 18:38:35,2022-07-11 21:15:25,4,2022-07-11 20:12:35,2022-07-11 21:15:15,1,73,0,0,1,0,0,2,0,3,Review,"elevated credited campaign discount: 185000, shared IP used by 73 users, "
U069206,185000,4,4,4,2022-07-13 17:40:45,2022-07-13 20:42:28,185000,4,4,2022-07-13 17:40:45,2022-07-13 20:42:28,3,2022-07-13 19:24:12,2022-07-13 20:42:19,1,165,0,0,1,0,0,2,0,3,Review,"elevated credited campaign discount: 185000, shared IP used by 165 users, "
U069257,185000,7,7,7,2022-07-04 22:04:02,2022-07-04 22:36:46,185000,7,7,2022-07-04 22:04:02,2022-07-04 22:36:46,0,,,1,27,1,0,1,0,0,1,1,3,Review,"elevated credited campaign discount: 185000, shared IP used by 27 users, reciprocal transfer loop with 1 partner(s), "
U069978,185000,4,4,4,2022-07-14 20:12:09,2022-07-15 12:59:40,185000,4,4,2022-07-14 20:12:09,2022-07-15 12:59:40,3,2022-07-15 11:54:40,2022-07-15 12:59:31,1,165,0,0,1,0,0,2,0,3,Review,"elevated credited campaign discount: 185000, shared IP used by 165 users, "
U070073,185000,7,7,7,2022-07-06 23:52:52,2022-07-08 19:48:01,40000,1,1,2022-07-06 23:52:52,2022-07-06 23:52:52,0,,,1,7,3,0,1,0,0,0,2,3,Review,"elevated credited campaign discount: 185000, reciprocal transfer loop with 3 partner(s), "
U070290,185000,7,7,7,2022-06-10 18:26:29,2022-06-11 00:31:48,0,0,0,,,0,,,1,2,3,0,1,0,0,0,2,3,Review,"elevated credited campaign discount: 185000, reciprocal transfer loop with 3 partner(s), "
U072557,185000,4,4,4,2022-07-11 14:55:43,2022-07-11 19:41:26,185000,4,4,2022-07-11 14:55:43,2022-07-11 19:41:26,3,2022-07-11 16:33:44,2022-07-11 19:41:16,1,73,0,0,1,0,0,2,0,3,Review,"elevated credited campaign discount: 185000, shared IP used by 73 users, "
U074766,185000,4,4,4,2022-07-14 20:08:39,2022-07-15 13:18:51,185000,4,4,2022-07-14 20:08:39,2022-07-15 13:18:51,3,2022-07-15 12:17:29,2022-07-15 13:18:42,1,165,0,0,1,0,0,2,0,3,Review,"elevated credited campaign discount: 185000, shared IP used by 165 users, "
U075262,185000,7,7,7,2022-06-09 15:59:33,2022-06-10 10:39:35,0,0,0,,,0,,,1,48,1,0,1,0,0,1,1,3,Review,"elevated credited campaign discount: 185000, shared IP used by 48 users, reciprocal transfer loop with 1 partner(s), "
U077120,185000,4,4,4,2022-07-12 12:20:06,2022-07-12 22:10:23,185000,4,4,2022-07-12 12:20:06,2022-07-12 22:10:23,3,2022-07-12 21:27:42,2022-07-12 22:10:15,1,73,0,0,1,0,0,2,0,3,Review,"elevated credited campaign discount: 185000, shared IP used by 73 users, "
U077297,185000,4,4,4,2022-07-12 14:49:43,2022-07-12 22:49:14,185000,4,4,2022-07-12 14:49:43,2022-07-12 22:49:14,3,2022-07-12 21:59:58,2022-07-12 22:49:05,1,73,0,0,1,0,0,2,0,3,Review,"elevated credited campaign discount: 185000, shared IP used by 73 users, "
U080131,185000,7,7,7,2022-06-29 17:04:14,2022-06-29 17:57:33,0,0,0,,,0,,,2,57,0,0,1,0,0,2,0,3,Review,"elevated credited campaign discount: 185000, shared IP used by 57 users, "
U081193,185000,4,4,4,2022-07-11 21:30:30,2022-07-12 12:16:27,185000,4,4,2022-07-11 21:30:30,2022-07-12 12:16:27,4,2022-07-12 10:39:12,2022-07-12 12:16:18,1,73,0,0,1,0,0,2,0,3,Review,"elevated credited campaign discount: 185000, shared IP used by 73 users, "
U081226,185000,4,4,4,2022-07-14 17:22:28,2022-07-14 22:39:47,185000,4,4,2022-07-14 17:22:28,2022-07-14 22:39:47,3,2022-07-14 22:06:11,2022-07-14 22:39:37,1,165,0,0,1,0,0,2,0,3,Review,"elevated credited campaign discount: 185000, shared IP used by 165 users, "
U081736,185000,4,4,4,2022-07-12 23:13:02,2022-07-13 10:05:07,185000,4,4,2022-07-12 23:13:02,2022-07-13 10:05:07,3,2022-07-13 08:56:39,2022-07-13 10:04:58,1,83,0,0,1,0,0,2,0,3,Review,"elevated credited campaign discount: 185000, shared IP used by 83 users, "
U082299,185000,4,4,4,2022-07-14 16:04:10,2022-07-14 20:31:13,185000,4,4,2022-07-14 16:04:10,2022-07-14 20:31:13,3,2022-07-14 19:53:10,2022-07-14 20:31:03,1,165,0,0,1,0,0,2,0,3,Review,"elevated credited campaign discount: 185000, shared IP used by 165 users, "
U083662,185000,4,4,4,2022-07-13 23:08:49,2022-07-14 18:16:19,185000,4,4,2022-07-13 23:08:49,2022-07-14 18:16:19,3,2022-07-14 17:36:28,2022-07-14 18:16:08,1,165,0,0,1,0,0,2,0,3,Review,"elevated credited campaign discount: 185000, shared IP used by 165 users, "
U083677,185000,4,4,4,2022-07-11 19:31:32,2022-07-12 21:07:16,185000,4,4,2022-07-11 19:31:32,2022-07-12 21:07:16,3,2022-07-12 18:03:20,2022-07-12 21:06:45,1,73,0,0,1,0,0,2,0,3,Review,"elevated credited campaign discount: 185000, shared IP used by 73 users, "
U083895,185000,4,4,4,2022-06-18 12:58:11,2022-06-18 13:45:00,185000,4,4,2022-06-18 12:58:11,2022-06-18 13:45:00,5,2022-06-18 12:59:16,2022-06-18 13:12:12,1,5,14,0,1,0,0,0,2,3,Review,"elevated credited campaign discount: 185000, reciprocal transfer loop with 14 partner(s), "
U085845,185000,4,4,4,2022-07-13 13:53:17,2022-07-13 23:00:02,185000,4,4,2022-07-13 13:53:17,2022-07-13 23:00:02,3,2022-07-13 21:53:09,2022-07-13 22:59:24,1,83,0,0,1,0,0,2,0,3,Review,"elevated credited campaign discount: 185000, shared IP used by 83 users, "
U088521,185000,4,4,4,2022-07-14 20:16:46,2022-07-15 13:09:50,185000,4,4,2022-07-14 20:16:46,2022-07-15 13:09:50,3,2022-07-15 12:04:11,2022-07-15 13:09:42,1,165,0,0,1,0,0,2,0,3,Review,"elevated credited campaign discount: 185000, shared IP used by 165 users, "
U089079,185000,7,7,7,2022-07-02 11:32:18,2022-07-02 11:47:06,0,0,0,,,0,,,1,1,46,0,1,0,0,0,2,3,Review,"elevated credited campaign discount: 185000, reciprocal transfer loop with 46 partner(s), "
U089274,185000,4,4,4,2022-07-11 21:27:38,2022-07-12 11:54:22,185000,4,4,2022-07-11 21:27:38,2022-07-12 11:54:22,4,2022-07-12 10:09:49,2022-07-12 11:54:12,1,73,0,0,1,0,0,2,0,3,Review,"elevated credited campaign discount: 185000, shared IP used by 73 users, "
U072670,180000,5,5,5,2022-07-03 17:10:49,2022-07-10 16:30:01,30000,2,2,2022-07-03 17:10:49,2022-07-03 17:13:57,3,2022-07-09 20:46:37,2022-07-10 16:09:15,1,21,1,0,1,0,0,1,1,3,Review,"elevated credited campaign discount: 180000, shared IP used by 21 users, reciprocal transfer loop with 1 partner(s), "
U028455,175000,7,7,7,2022-06-11 10:53:49,2022-06-11 11:19:08,0,0,0,,,1,2022-06-09 13:26:22,2022-06-09 13:26:22,3,4,40,0,1,0,0,0,2,3,Review,"elevated credited campaign discount: 175000, reciprocal transfer loop with 40 partner(s), "
U029092,175000,7,7,7,2022-06-10 19:31:58,2022-06-10 19:36:41,0,0,0,,,0,,,1,20,1,0,1,0,0,1,1,3,Review,"elevated credited campaign discount: 175000, shared IP used by 20 users, reciprocal transfer loop with 1 partner(s), "
U078718,175000,5,5,5,2022-07-24 16:00:02,2022-07-26 19:38:25,0,0,0,,,3,2022-07-24 15:33:16,2022-07-25 08:46:24,1,3,3,0,1,0,0,0,2,3,Review,"elevated credited campaign discount: 175000, reciprocal transfer loop with 3 partner(s), "
U079058,175000,7,7,7,2022-06-11 19:36:29,2022-06-12 13:29:44,0,0,0,,,0,,,1,9,28,0,1,0,0,0,2,3,Review,"elevated credited campaign discount: 175000, reciprocal transfer loop with 28 partner(s), "
U080250,175000,6,6,6,2022-06-07 19:41:20,2022-06-08 03:25:58,0,0,0,,,0,,,1,23,2,0,1,0,0,1,1,3,Review,"elevated credited campaign discount: 175000, shared IP used by 23 users, reciprocal transfer loop with 2 partner(s), "
U016043,170000,7,7,7,2022-06-06 21:22:23,2022-06-06 21:38:31,0,0,0,,,0,,,3,2,41,0,1,0,0,0,2,3,Review,"elevated credited campaign discount: 170000, reciprocal transfer loop with 41 partner(s), "
U040141,170000,7,7,7,2022-06-06 21:44:37,2022-06-06 21:48:57,0,0,0,,,0,,,3,2,17,0,1,0,0,0,2,3,Review,"elevated credited campaign discount: 170000, reciprocal transfer loop with 17 partner(s), "
U040257,170000,7,7,7,2022-06-06 18:35:09,2022-06-06 19:18:02,0,0,0,,,0,,,1,1,19,0,1,0,0,0,2,3,Review,"elevated credited campaign discount: 170000, reciprocal transfer loop with 19 partner(s), "
U042231,170000,7,7,7,2022-06-06 21:22:41,2022-06-06 21:39:34,0,0,0,,,0,,,2,2,34,0,1,0,0,0,2,3,Review,"elevated credited campaign discount: 170000, reciprocal transfer loop with 34 partner(s), "
U086726,170000,7,7,7,2022-06-06 21:23:01,2022-06-06 21:37:59,0,0,0,,,0,,,2,3,29,0,1,0,0,0,2,3,Review,"elevated credited campaign discount: 170000, reciprocal transfer loop with 29 partner(s), "
U009250,165000,6,6,6,2022-06-20 20:47:26,2022-06-22 02:13:33,70000,2,2,2022-06-20 20:47:26,2022-06-20 23:28:56,0,,,1,57,0,0,1,0,0,2,0,3,Review,"elevated credited campaign discount: 165000, shared IP used by 57 users, "
U009961,165000,6,6,6,2022-06-20 20:40:26,2022-06-22 02:21:00,70000,2,2,2022-06-20 20:40:26,2022-06-20 23:25:55,0,,,1,57,0,0,1,0,0,2,0,3,Review,"elevated credited campaign discount: 165000, shared IP used by 57 users, "
U023755,165000,6,6,6,2022-06-20 23:46:10,2022-06-22 02:17:17,135000,5,5,2022-06-20 23:46:10,2022-06-21 14:56:40,0,,,1,57,0,0,1,0,0,2,0,3,Review,"elevated credited campaign discount: 165000, shared IP used by 57 users, "
U025168,165000,7,7,7,2022-06-21 18:18:41,2022-06-27 11:01:06,0,0,0,,,0,,,1,22,1,0,1,0,0,1,1,3,Review,"elevated credited campaign discount: 165000, shared IP used by 22 users, reciprocal transfer loop with 1 partner(s), "
U044167,165000,6,6,6,2022-06-09 15:33:06,2022-06-09 22:07:05,0,0,0,,,0,,,1,23,1,0,1,0,0,1,1,3,Review,"elevated credited campaign discount: 165000, shared IP used by 23 users, reciprocal transfer loop with 1 partner(s), "
U050062,165000,6,6,6,2022-06-11 16:30:01,2022-06-12 18:19:01,0,0,0,,,1,2022-06-11 16:01:20,2022-06-11 16:05:28,1,20,1,0,1,0,0,1,1,3,Review,"elevated credited campaign discount: 165000, shared IP used by 20 users, reciprocal transfer loop with 1 partner(s), "
U061678,165000,6,6,6,2022-06-25 15:56:48,2022-06-25 18:40:51,165000,6,6,2022-06-25 15:56:48,2022-06-25 18:40:51,0,,,1,57,0,0,1,0,0,2,0,3,Review,"elevated credited campaign discount: 165000, shared IP used by 57 users, "
U065504,165000,6,6,6,2022-06-28 10:20:31,2022-06-28 14:10:20,0,0,0,,,1,2022-06-28 14:08:46,2022-06-28 14:09:58,1,59,0,0,1,0,0,2,0,3,Review,"elevated credited campaign discount: 165000, shared IP used by 59 users, "
U070914,165000,6,6,6,2022-06-25 16:13:54,2022-06-25 18:41:02,165000,6,6,2022-06-25 16:13:54,2022-06-25 18:41:02,0,,,1,57,0,0,1,0,0,2,0,3,Review,"elevated credited campaign discount: 165000, shared IP used by 57 users, "
U077979,165000,6,6,6,2022-06-25 15:35:15,2022-06-25 18:40:53,165000,6,6,2022-06-25 15:35:15,2022-06-25 18:40:53,0,,,1,57,0,0,1,0,0,2,0,3,Review,"elevated credited campaign discount: 165000, shared IP used by 57 users, "
U084375,165000,6,6,6,2022-06-20 23:38:29,2022-06-22 02:01:23,135000,5,5,2022-06-20 23:38:29,2022-06-21 14:46:55,0,,,1,57,0,0,1,0,0,2,0,3,Review,"elevated credited campaign discount: 165000, shared IP used by 57 users, "
U018285,160000,6,6,6,2022-07-08 13:08:05,2022-07-08 19:53:48,0,0,0,,,0,,,1,17,29,0,1,0,0,0,2,3,Review,"elevated credited campaign discount: 160000, reciprocal transfer loop with 29 partner(s), "
U018880,160000,4,4,4,2022-07-27 20:33:05,2022-07-27 21:15:50,160000,4,4,2022-07-27 20:33:05,2022-07-27 21:15:50,3,2022-07-27 21:04:22,2022-07-27 21:15:09,1,21,1,0,1,0,0,1,1,3,Review,"elevated credited campaign discount: 160000, shared IP used by 21 users, reciprocal transfer loop with 1 partner(s), "
U030731,160000,4,4,4,2022-07-21 15:26:31,2022-07-21 21:16:05,160000,4,4,2022-07-21 15:26:31,2022-07-21 21:16:05,3,2022-07-21 19:16:36,2022-07-21 21:13:50,1,27,1,0,1,0,0,1,1,3,Review,"elevated credited campaign discount: 160000, shared IP used by 27 users, reciprocal transfer loop with 1 partner(s), "
U049612,160000,4,4,4,2022-06-16 18:04:22,2022-07-11 19:07:17,0,0,0,,,8,2022-06-17 13:38:45,2022-07-30 19:39:00,2,20,1,0,1,0,0,1,1,3,Review,"elevated credited campaign discount: 160000, shared IP used by 20 users, reciprocal transfer loop with 1 partner(s), "
U055894,160000,8,8,8,2022-07-28 18:19:43,2022-07-30 23:56:03,0,0,0,,,0,,,1,1,3,0,1,0,0,0,2,3,Review,"elevated credited campaign discount: 160000, reciprocal transfer loop with 3 partner(s), "
U068255,160000,7,7,7,2022-06-09 12:58:59,2022-06-12 19:53:16,0,0,0,,,0,,,1,8,36,0,1,0,0,0,2,3,Review,"elevated credited campaign discount: 160000, reciprocal transfer loop with 36 partner(s), "
U068557,160000,4,4,4,2022-07-27 19:48:58,2022-07-27 20:00:28,160000,4,4,2022-07-27 19:48:58,2022-07-27 20:00:28,3,2022-07-27 19:50:06,2022-07-27 20:00:02,1,23,1,0,1,0,0,1,1,3,Review,"elevated credited campaign discount: 160000, shared IP used by 23 users, reciprocal transfer loop with 1 partner(s), "
U075000,160000,4,4,4,2022-07-20 02:45:00,2022-07-22 13:29:26,0,0,0,,,5,2022-07-20 02:02:48,2022-07-26 11:56:23,1,4,4,0,1,0,0,0,2,3,Review,"elevated credited campaign discount: 160000, reciprocal transfer loop with 4 partner(s), "
U078855,160000,7,7,7,2022-06-11 21:34:33,2022-06-11 22:39:38,160000,7,7,2022-06-11 21:34:33,2022-06-11 22:39:38,0,,,1,8,79,0,1,0,0,0,2,3,Review,"elevated credited campaign discount: 160000, reciprocal transfer loop with 79 partner(s), "
U005166,155000,6,6,6,2022-07-21 18:08:47,2022-07-21 23:59:14,155000,6,6,2022-07-21 18:08:47,2022-07-21 23:59:14,0,,,1,9,15,0,1,0,0,0,2,3,Review,"elevated credited campaign discount: 155000, reciprocal transfer loop with 15 partner(s), "
U007146,155000,6,6,6,2022-06-08 19:40:43,2022-06-08 20:06:46,155000,6,6,2022-06-08 19:40:43,2022-06-08 20:06:46,0,,,1,5,3,0,1,0,0,0,2,3,Review,"elevated credited campaign discount: 155000, reciprocal transfer loop with 3 partner(s), "
U010079,155000,6,6,6,2022-07-02 00:05:45,2022-07-02 10:09:45,155000,6,6,2022-07-02 00:05:45,2022-07-02 10:09:45,0,,,1,41,1,0,1,0,0,1,1,3,Review,"elevated credited campaign discount: 155000, shared IP used by 41 users, reciprocal transfer loop with 1 partner(s), "
U013857,155000,5,5,5,2022-07-02 08:42:38,2022-07-02 08:52:09,0,0,0,,,0,,,2,14,5,0,1,0,0,0,2,3,Review,"elevated credited campaign discount: 155000, reciprocal transfer loop with 5 partner(s), "
U025823,155000,6,6,6,2022-07-24 19:28:27,2022-07-25 14:58:48,0,0,0,,,0,,,1,12,18,0,1,0,0,0,2,3,Review,"elevated credited campaign discount: 155000, reciprocal transfer loop with 18 partner(s), "
U028845,155000,6,6,6,2022-07-22 00:11:36,2022-07-22 15:50:47,0,0,0,,,0,,,1,12,20,0,1,0,0,0,2,3,Review,"elevated credited campaign discount: 155000, reciprocal transfer loop with 20 partner(s), "
U032428,155000,6,6,6,2022-06-12 23:57:59,2022-06-14 16:50:29,0,0,0,,,0,,,1,13,3,0,1,0,0,0,2,3,Review,"elevated credited campaign discount: 155000, reciprocal transfer loop with 3 partner(s), "
U032954,155000,5,5,5,2022-06-21 14:38:17,2022-06-22 02:26:58,125000,4,4,2022-06-21 14:38:17,2022-06-21 15:27:55,0,,,1,57,0,0,1,0,0,2,0,3,Review,"elevated credited campaign discount: 155000, shared IP used by 57 users, "
U038075,155000,7,7,7,2022-07-04 18:58:43,2022-07-17 16:34:08,0,0,0,,,0,,,2,24,1,0,1,0,0,1,1,3,Review,"elevated credited campaign discount: 155000, shared IP used by 24 users, reciprocal transfer loop with 1 partner(s), "
U039129,155000,6,6,6,2022-06-10 23:47:08,2022-06-11 23:42:32,155000,6,6,2022-06-10 23:47:08,2022-06-11 23:42:32,0,,,1,27,1,0,1,0,0,1,1,3,Review,"elevated credited campaign discount: 155000, shared IP used by 27 users, reciprocal transfer loop with 1 partner(s), "
U042014,155000,6,6,6,2022-07-24 19:46:41,2022-07-25 14:39:24,145000,5,5,2022-07-24 19:46:41,2022-07-24 21:12:59,0,,,1,13,36,0,1,0,0,0,2,3,Review,"elevated credited campaign discount: 155000, reciprocal transfer loop with 36 partner(s), "
U042078,155000,6,6,6,2022-06-30 01:30:17,2022-06-30 14:54:16,155000,6,6,2022-06-30 01:30:17,2022-06-30 14:54:16,0,,,2,57,0,0,1,0,0,2,0,3,Review,"elevated credited campaign discount: 155000, shared IP used by 57 users, "
U044430,155000,6,6,6,2022-07-24 20:18:23,2022-07-25 14:21:06,145000,5,5,2022-07-24 20:18:23,2022-07-24 20:25:56,0,,,1,14,39,0,1,0,0,0,2,3,Review,"elevated credited campaign discount: 155000, reciprocal transfer loop with 39 partner(s), "
U045021,155000,6,6,6,2022-07-22 12:22:17,2022-07-22 15:57:48,0,0,0,,,0,,,1,11,15,0,1,0,0,0,2,3,Review,"elevated credited campaign discount: 155000, reciprocal transfer loop with 15 partner(s), "
U049496,155000,6,6,6,2022-06-14 14:27:38,2022-06-14 17:01:07,0,0,0,,,0,,,1,72,0,0,1,0,0,2,0,3,Review,"elevated credited campaign discount: 155000, shared IP used by 72 users, "
U050566,155000,6,6,6,2022-07-24 11:18:27,2022-07-24 20:41:53,0,0,0,,,0,,,3,6,4,0,1,0,0,0,2,3,Review,"elevated credited campaign discount: 155000, reciprocal transfer loop with 4 partner(s), "
U056128,155000,6,6,6,2022-06-11 13:03:37,2022-06-11 13:58:23,155000,6,6,2022-06-11 13:03:37,2022-06-11 13:58:23,0,,,1,4,20,0,1,0,0,0,2,3,Review,"elevated credited campaign discount: 155000, reciprocal transfer loop with 20 partner(s), "
U056248,155000,6,6,6,2022-06-05 16:48:42,2022-06-05 21:25:28,0,0,0,,,0,,,1,48,1,0,1,0,0,1,1,3,Review,"elevated credited campaign discount: 155000, shared IP used by 48 users, reciprocal transfer loop with 1 partner(s), "
U056468,155000,7,7,7,2022-06-03 15:58:42,2022-06-16 11:40:29,0,0,0,,,0,,,1,2,20,0,1,0,0,0,2,3,Review,"elevated credited campaign discount: 155000, reciprocal transfer loop with 20 partner(s), "
U059585,155000,6,6,6,2022-06-01 15:47:26,2022-06-01 20:44:06,0,0,0,,,0,,,1,48,1,0,1,0,0,1,1,3,Review,"elevated credited campaign discount: 155000, shared IP used by 48 users, reciprocal transfer loop with 1 partner(s), "
U062629,155000,6,6,6,2022-06-06 15:22:29,2022-06-07 00:26:04,0,0,0,,,0,,,1,48,1,0,1,0,0,1,1,3,Review,"elevated credited campaign discount: 155000, shared IP used by 48 users, reciprocal transfer loop with 1 partner(s), "
U073399,155000,6,6,6,2022-06-10 20:09:52,2022-06-11 08:24:23,0,0,0,,,0,,,1,48,1,0,1,0,0,1,1,3,Review,"elevated credited campaign discount: 155000, shared IP used by 48 users, reciprocal transfer loop with 1 partner(s), "
U075757,155000,6,6,6,2022-06-15 22:18:50,2022-06-15 23:01:12,0,0,0,,,1,2022-06-15 23:46:39,2022-06-15 23:48:32,3,27,1,0,1,0,0,1,1,3,Review,"elevated credited campaign discount: 155000, shared IP used by 27 users, reciprocal transfer loop with 1 partner(s), "
U078591,155000,6,6,6,2022-06-03 21:10:34,2022-06-03 23:16:07,0,0,0,,,0,,,1,48,1,0,1,0,0,1,1,3,Review,"elevated credited campaign discount: 155000, shared IP used by 48 users, reciprocal transfer loop with 1 partner(s), "
U082186,155000,6,6,6,2022-06-01 16:29:11,2022-06-01 20:40:34,0,0,0,,,0,,,1,48,1,0,1,0,0,1,1,3,Review,"elevated credited campaign discount: 155000, shared IP used by 48 users, reciprocal transfer loop with 1 partner(s), "
U088039,155000,6,6,6,2022-06-25 15:27:55,2022-06-26 22:23:04,145000,5,5,2022-06-25 15:27:55,2022-06-25 17:35:08,0,,,1,57,0,0,1,0,0,2,0,3,Review,"elevated credited campaign discount: 155000, shared IP used by 57 users, "
U089360,155000,7,7,7,2022-07-11 13:50:26,2022-07-21 21:05:04,115000,5,5,2022-07-11 13:50:26,2022-07-11 21:16:47,0,,,1,12,4,0,1,0,0,0,2,3,Review,"elevated credited campaign discount: 155000, reciprocal transfer loop with 4 partner(s), "
U000546,150000,3,3,3,2022-07-27 20:57:23,2022-07-27 21:02:24,150000,3,3,2022-07-27 20:57:23,2022-07-27 21:02:24,3,2022-07-27 18:56:26,2022-07-27 21:01:59,1,218,0,0,1,0,0,2,0,3,Review,"elevated credited campaign discount: 150000, shared IP used by 218 users, "
U001478,150000,3,3,3,2022-07-22 16:54:03,2022-07-22 17:12:50,150000,3,3,2022-07-22 16:54:03,2022-07-22 17:12:50,3,2022-07-22 14:40:15,2022-07-22 17:12:39,1,218,0,0,1,0,0,2,0,3,Review,"elevated credited campaign discount: 150000, shared IP used by 218 users, "
U002244,150000,3,3,3,2022-06-26 01:03:38,2022-07-10 20:00:02,0,0,0,,,6,2022-06-07 21:53:28,2022-07-23 22:09:39,2,2,3,0,1,0,0,0,2,3,Review,"elevated credited campaign discount: 150000, reciprocal transfer loop with 3 partner(s), "
U002359,150000,3,3,3,2022-07-22 01:00:00,2022-07-26 06:55:25,0,0,0,,,3,2022-07-22 00:32:45,2022-07-26 02:12:37,1,3,4,0,1,0,0,0,2,3,Review,"elevated credited campaign discount: 150000, reciprocal transfer loop with 4 partner(s), "
U002691,150000,6,6,6,2022-07-08 16:35:50,2022-07-08 16:49:43,0,0,0,,,0,,,1,17,18,0,1,0,0,0,2,3,Review,"elevated credited campaign discount: 150000, reciprocal transfer loop with 18 partner(s), "
U004172,150000,3,3,3,2022-07-24 22:53:40,2022-07-24 22:58:15,150000,3,3,2022-07-24 22:53:40,2022-07-24 22:58:15,3,2022-07-24 21:30:00,2022-07-24 22:58:06,1,218,0,0,1,0,0,2,0,3,Review,"elevated credited campaign discount: 150000, shared IP used by 218 users, "
U005987,150000,3,3,3,2022-07-27 22:10:53,2022-07-27 23:50:45,150000,3,3,2022-07-27 22:10:53,2022-07-27 23:50:45,3,2022-07-27 21:28:17,2022-07-27 23:50:34,1,218,0,0,1,0,0,2,0,3,Review,"elevated credited campaign discount: 150000, shared IP used by 218 users, "
U006153,150000,3,3,3,2022-07-26 18:01:25,2022-07-26 18:09:14,150000,3,3,2022-07-26 18:01:25,2022-07-26 18:09:14,3,2022-07-26 16:28:41,2022-07-26 18:09:07,1,218,0,0,1,0,0,2,0,3,Review,"elevated credited campaign discount: 150000, shared IP used by 218 users, "
U006419,150000,3,3,3,2022-07-26 16:00:40,2022-07-26 16:07:00,150000,3,3,2022-07-26 16:00:40,2022-07-26 16:07:00,3,2022-07-26 14:27:10,2022-07-26 16:06:51,1,218,0,0,1,0,0,2,0,3,Review,"elevated credited campaign discount: 150000, shared IP used by 218 users, "
U006955,150000,3,3,3,2022-07-22 20:53:22,2022-07-22 20:59:24,150000,3,3,2022-07-22 20:53:22,2022-07-22 20:59:24,3,2022-07-22 20:17:53,2022-07-22 20:59:12,1,218,0,0,1,0,0,2,0,3,Review,"elevated credited campaign discount: 150000, shared IP used by 218 users, "
U007378,150000,6,6,6,2022-06-03 19:54:01,2022-06-03 20:05:30,150000,6,6,2022-06-03 19:54:01,2022-06-03 20:05:30,0,,,1,2,42,0,1,0,0,0,2,3,Review,"elevated credited campaign discount: 150000, reciprocal transfer loop with 42 partner(s), "
U008078,150000,3,3,3,2022-06-11 16:32:13,2022-06-14 15:52:47,0,0,0,,,6,2022-06-10 20:59:10,2022-06-14 17:47:59,1,1,4,0,1,0,0,0,2,3,Review,"elevated credited campaign discount: 150000, reciprocal transfer loop with 4 partner(s), "
U008448,150000,3,3,3,2022-07-27 23:15:05,2022-07-31 23:15:03,0,0,0,,,27,2022-07-27 20:10:17,2022-08-01 20:06:52,1,1,0,0,1,2,0,0,0,3,Review,"elevated credited campaign discount: 150000, high referral count: 27, "
U008553,150000,3,3,3,2022-06-20 18:39:58,2022-07-29 15:30:03,0,0,0,,,3,2022-06-20 18:20:09,2022-07-29 14:58:41,0,0,12,0,1,0,0,0,2,3,Review,"elevated credited campaign discount: 150000, reciprocal transfer loop with 12 partner(s), "
U009395,150000,3,3,3,2022-07-21 18:02:00,2022-07-21 18:11:14,150000,3,3,2022-07-21 18:02:00,2022-07-21 18:11:14,3,2022-07-21 16:56:43,2022-07-21 18:11:05,1,218,0,0,1,0,0,2,0,3,Review,"elevated credited campaign discount: 150000, shared IP used by 218 users, "
U009790,150000,3,3,3,2022-07-26 20:25:17,2022-07-26 20:31:43,150000,3,3,2022-07-26 20:25:17,2022-07-26 20:31:43,3,2022-07-26 19:22:43,2022-07-26 20:31:14,1,218,0,0,1,0,0,2,0,3,Review,"elevated credited campaign discount: 150000, shared IP used by 218 users, "
U010027,150000,3,3,3,2022-07-21 18:28:17,2022-07-21 18:33:50,150000,3,3,2022-07-21 18:28:17,2022-07-21 18:33:50,3,2022-07-21 17:21:43,2022-07-21 18:33:41,1,218,0,0,1,0,0,2,0,3,Review,"elevated credited campaign discount: 150000, shared IP used by 218 users, "
U010376,150000,3,3,3,2022-07-28 00:15:12,2022-07-28 00:20:09,0,0,0,,,3,2022-07-27 23:02:11,2022-07-28 00:19:57,1,218,0,0,1,0,0,2,0,3,Review,"elevated credited campaign discount: 150000, shared IP used by 218 users, "
U010850,150000,3,3,3,2022-07-24 21:56:47,2022-07-24 22:01:31,0,0,0,,,3,2022-07-24 20:12:32,2022-07-24 22:01:21,1,218,0,0,1,0,0,2,0,3,Review,"elevated credited campaign discount: 150000, shared IP used by 218 users, "
U011313,150000,3,3,3,2022-07-24 21:49:26,2022-07-24 21:54:19,0,0,0,,,3,2022-07-24 20:07:40,2022-07-24 21:54:09,1,218,0,0,1,0,0,2,0,3,Review,"elevated credited campaign discount: 150000, shared IP used by 218 users, "
U011577,150000,3,3,3,2022-07-25 21:53:20,2022-07-25 22:01:50,150000,3,3,2022-07-25 21:53:20,2022-07-25 22:01:50,3,2022-07-25 21:18:31,2022-07-25 22:01:42,1,218,0,0,1,0,0,2,0,3,Review,"elevated credited campaign discount: 150000, shared IP used by 218 users, "
U013110,150000,3,3,3,2022-07-27 21:52:37,2022-07-27 21:57:08,150000,3,3,2022-07-27 21:52:37,2022-07-27 21:57:08,3,2022-07-27 20:55:26,2022-07-27 21:56:57,1,218,0,0,1,0,0,2,0,3,Review,"elevated credited campaign discount: 150000, shared IP used by 218 users, "
U013378,150000,3,3,3,2022-07-27 20:33:25,2022-07-27 20:38:01,150000,3,3,2022-07-27 20:33:25,2022-07-27 20:38:01,3,2022-07-27 18:15:35,2022-07-27 20:37:48,1,218,0,0,1,0,0,2,0,3,Review,"elevated credited campaign discount: 150000, shared IP used by 218 users, "
U013639,150000,3,3,3,2022-07-31 11:28:50,2022-07-31 18:15:03,0,0,0,,,7,2022-07-31 10:53:47,2022-08-01 13:53:21,1,2,3,0,1,0,0,0,2,3,Review,"elevated credited campaign discount: 150000, reciprocal transfer loop with 3 partner(s), "
U014211,150000,3,3,3,2022-07-22 20:34:50,2022-07-22 20:40:51,150000,3,3,2022-07-22 20:34:50,2022-07-22 20:40:51,3,2022-07-22 20:04:40,2022-07-22 20:40:42,1,218,0,0,1,0,0,2,0,3,Review,"elevated credited campaign discount: 150000, shared IP used by 218 users, "
U014581,150000,3,3,3,2022-07-21 20:39:08,2022-07-21 20:45:45,150000,3,3,2022-07-21 20:39:08,2022-07-21 20:45:45,3,2022-07-21 18:19:02,2022-07-21 20:45:33,1,218,0,0,1,0,0,2,0,3,Review,"elevated credited campaign discount: 150000, shared IP used by 218 users, "
U014677,150000,3,3,3,2022-07-16 18:43:31,2022-07-19 09:45:01,0,0,0,,,16,2022-07-16 18:29:20,2022-07-20 18:24:50,1,2,7,0,1,0,0,0,2,3,Review,"elevated credited campaign discount: 150000, reciprocal transfer loop with 7 partner(s), "
U014915,150000,3,3,3,2022-06-26 12:15:00,2022-06-29 09:00:00,0,0,0,,,3,2022-06-26 11:41:56,2022-06-29 08:30:26,1,1,3,0,1,0,0,0,2,3,Review,"elevated credited campaign discount: 150000, reciprocal transfer loop with 3 partner(s), "
U015651,150000,3,3,3,2022-07-27 13:30:23,2022-07-27 13:36:22,0,0,0,,,3,2022-07-27 11:35:19,2022-07-27 13:36:14,1,218,0,0,1,0,0,2,0,3,Review,"elevated credited campaign discount: 150000, shared IP used by 218 users, "
U015770,150000,3,3,3,2022-07-25 16:45:06,2022-07-25 16:51:04,150000,3,3,2022-07-25 16:45:06,2022-07-25 16:51:04,3,2022-07-25 16:20:37,2022-07-25 16:50:54,1,218,0,0,1,0,0,2,0,3,Review,"elevated credited campaign discount: 150000, shared IP used by 218 users, "
U016309,150000,3,3,3,2022-07-21 19:05:56,2022-07-21 20:36:05,150000,3,3,2022-07-21 19:05:56,2022-07-21 20:36:05,3,2022-07-21 18:05:29,2022-07-21 20:35:54,1,218,0,0,1,0,0,2,0,3,Review,"elevated credited campaign discount: 150000, shared IP used by 218 users, "
U016916,150000,3,3,3,2022-07-04 09:19:39,2022-07-24 20:19:24,0,0,0,,,4,2022-07-02 18:55:08,2022-07-24 20:15:20,1,5,3,0,1,0,0,0,2,3,Review,"elevated credited campaign discount: 150000, reciprocal transfer loop with 3 partner(s), "
U016984,150000,3,3,3,2022-07-21 17:31:22,2022-07-21 17:40:40,150000,3,3,2022-07-21 17:31:22,2022-07-21 17:40:40,3,2022-07-21 16:32:53,2022-07-21 17:40:26,1,218,0,0,1,0,0,2,0,3,Review,"elevated credited campaign discount: 150000, shared IP used by 218 users, "
U017102,150000,3,3,3,2022-07-15 14:51:58,2022-07-15 15:01:23,150000,3,3,2022-07-15 14:51:58,2022-07-15 15:01:23,3,2022-07-15 13:46:26,2022-07-15 15:01:13,1,165,0,0,1,0,0,2,0,3,Review,"elevated credited campaign discount: 150000, shared IP used by 165 users, "
U017313,150000,3,3,3,2022-07-22 20:26:08,2022-07-22 20:31:48,150000,3,3,2022-07-22 20:26:08,2022-07-22 20:31:48,3,2022-07-22 19:40:46,2022-07-22 20:31:39,1,218,0,0,1,0,0,2,0,3,Review,"elevated credited campaign discount: 150000, shared IP used by 218 users, "
U017817,150000,3,3,3,2022-07-15 16:15:02,2022-07-15 18:45:02,0,0,0,,,5,2022-07-15 14:34:36,2022-07-15 18:28:56,1,2,4,0,1,0,0,0,2,3,Review,"elevated credited campaign discount: 150000, reciprocal transfer loop with 4 partner(s), "
U018557,150000,3,3,3,2022-07-22 13:40:19,2022-07-22 13:46:34,150000,3,3,2022-07-22 13:40:19,2022-07-22 13:46:34,3,2022-07-22 12:45:35,2022-07-22 13:46:24,1,218,0,0,1,0,0,2,0,3,Review,"elevated credited campaign discount: 150000, shared IP used by 218 users, "
U018585,150000,3,3,3,2022-06-05 16:03:10,2022-06-06 14:24:31,0,0,0,,,5,2022-06-05 15:42:35,2022-06-06 14:21:50,5,4,1,0,1,0,1,0,1,3,Review,"elevated credited campaign discount: 150000, shared device used by 5 users, reciprocal transfer loop with 1 partner(s), "
U018749,150000,3,3,3,2022-07-25 23:32:23,2022-07-25 23:38:14,150000,3,3,2022-07-25 23:32:23,2022-07-25 23:38:14,4,2022-07-25 22:57:23,2022-07-25 23:38:05,1,218,0,0,1,0,0,2,0,3,Review,"elevated credited campaign discount: 150000, shared IP used by 218 users, "
U018897,150000,3,3,3,2022-07-27 20:12:31,2022-07-27 20:17:48,150000,3,3,2022-07-27 20:12:31,2022-07-27 20:17:48,3,2022-07-27 17:48:06,2022-07-27 20:17:37,1,218,0,0,1,0,0,2,0,3,Review,"elevated credited campaign discount: 150000, shared IP used by 218 users, "
U018942,150000,3,3,3,2022-07-27 15:33:33,2022-07-27 15:40:12,150000,3,3,2022-07-27 15:33:33,2022-07-27 15:40:12,3,2022-07-27 13:48:56,2022-07-27 15:40:02,1,218,0,0,1,0,0,2,0,3,Review,"elevated credited campaign discount: 150000, shared IP used by 218 users, "
U019523,150000,3,3,3,2022-07-26 12:44:31,2022-07-26 12:52:02,150000,3,3,2022-07-26 12:44:31,2022-07-26 12:52:02,3,2022-07-26 11:52:37,2022-07-26 12:51:52,1,218,0,0,1,0,0,2,0,3,Review,"elevated credited campaign discount: 150000, shared IP used by 218 users, "
U020358,150000,3,3,3,2022-07-27 14:09:40,2022-07-27 14:18:39,0,0,0,,,3,2022-07-27 10:06:35,2022-07-27 14:18:31,1,218,0,0,1,0,0,2,0,3,Review,"elevated credited campaign discount: 150000, shared IP used by 218 users, "
U022051,150000,3,3,3,2022-07-27 14:41:57,2022-07-27 16:23:57,150000,3,3,2022-07-27 14:41:57,2022-07-27 16:23:57,3,2022-07-27 12:55:25,2022-07-27 16:22:18,1,218,0,0,1,0,0,2,0,3,Review,"elevated credited campaign discount: 150000, shared IP used by 218 users, "
U022747,150000,3,3,3,2022-07-22 17:24:57,2022-07-22 17:31:56,150000,3,3,2022-07-22 17:24:57,2022-07-22 17:31:56,3,2022-07-22 14:47:54,2022-07-22 17:31:45,1,218,0,0,1,0,0,2,0,3,Review,"elevated credited campaign discount: 150000, shared IP used by 218 users, "
U022895,150000,3,3,3,2022-07-19 14:28:24,2022-07-19 14:45:04,150000,3,3,2022-07-19 14:28:24,2022-07-19 14:45:04,4,2022-07-19 14:25:27,2022-07-19 15:28:27,1,23,1,0,1,0,0,1,1,3,Review,"elevated credited campaign discount: 150000, shared IP used by 23 users, reciprocal transfer loop with 1 partner(s), "
U022907,150000,3,3,3,2022-06-01 13:30:00,2022-06-01 14:15:00,0,0,0,,,3,2022-06-01 13:12:53,2022-06-01 13:56:34,1,2,30,0,1,0,0,0,2,3,Review,"elevated credited campaign discount: 150000, reciprocal transfer loop with 30 partner(s), "
U023239,150000,3,3,3,2022-07-25 12:06:08,2022-07-25 12:11:32,0,0,0,,,3,2022-07-25 11:38:57,2022-07-25 12:11:23,1,218,0,0,1,0,0,2,0,3,Review,"elevated credited campaign discount: 150000, shared IP used by 218 users, "
U024549,150000,3,3,3,2022-07-22 13:41:55,2022-07-22 13:58:03,150000,3,3,2022-07-22 13:41:55,2022-07-22 13:58:03,3,2022-07-22 13:14:52,2022-07-22 13:57:47,1,218,0,0,1,0,0,2,0,3,Review,"elevated credited campaign discount: 150000, shared IP used by 218 users, "
U026983,150000,3,3,3,2022-07-27 14:54:34,2022-07-27 15:00:46,150000,3,3,2022-07-27 14:54:34,2022-07-27 15:00:46,3,2022-07-27 13:15:58,2022-07-27 15:00:38,1,218,0,0,1,0,0,2,0,3,Review,"elevated credited campaign discount: 150000, shared IP used by 218 users, "
U027890,150000,3,3,3,2022-06-10 23:31:00,2022-06-10 23:40:59,150000,3,3,2022-06-10 23:31:00,2022-06-10 23:40:59,3,2022-06-10 22:39:32,2022-06-10 23:40:44,1,99,0,0,1,0,0,2,0,3,Review,"elevated credited campaign discount: 150000, shared IP used by 99 users, "
U029024,150000,3,3,3,2022-06-02 16:00:00,2022-06-03 12:59:34,0,0,0,,,37,2022-06-02 15:28:28,2022-06-07 21:12:54,0,0,0,0,1,2,0,0,0,3,Review,"elevated credited campaign discount: 150000, high referral count: 37, "
U029837,150000,3,3,3,2022-07-27 13:08:05,2022-07-27 13:52:20,0,0,0,,,3,2022-07-27 10:50:14,2022-07-27 13:52:12,1,218,0,0,1,0,0,2,0,3,Review,"elevated credited campaign discount: 150000, shared IP used by 218 users, "
U030158,150000,3,3,3,2022-07-21 21:05:22,2022-07-21 21:12:24,150000,3,3,2022-07-21 21:05:22,2022-07-21 21:12:24,3,2022-07-21 18:46:57,2022-07-21 21:12:12,1,218,0,0,1,0,0,2,0,3,Review,"elevated credited campaign discount: 150000, shared IP used by 218 users, "
U030575,150000,3,3,3,2022-07-22 21:22:42,2022-07-22 21:28:24,150000,3,3,2022-07-22 21:22:42,2022-07-22 21:28:24,3,2022-07-22 20:30:09,2022-07-22 21:28:15,1,218,0,0,1,0,0,2,0,3,Review,"elevated credited campaign discount: 150000, shared IP used by 218 users, "
U031179,150000,3,3,3,2022-07-27 14:02:53,2022-07-27 14:12:33,0,0,0,,,3,2022-07-27 10:22:15,2022-07-27 14:12:25,1,218,0,0,1,0,0,2,0,3,Review,"elevated credited campaign discount: 150000, shared IP used by 218 users, "
U031292,150000,3,3,3,2022-08-01 13:57:37,2022-08-01 20:15:01,0,0,0,,,5,2022-07-27 14:44:36,2022-08-01 21:20:16,1,2,4,0,1,0,0,0,2,3,Review,"elevated credited campaign discount: 150000, reciprocal transfer loop with 4 partner(s), "
U031864,150000,3,3,3,2022-07-26 11:10:17,2022-07-26 11:16:47,150000,3,3,2022-07-26 11:10:17,2022-07-26 11:16:47,3,2022-07-26 10:32:13,2022-07-26 11:16:39,1,218,0,0,1,0,0,2,0,3,Review,"elevated credited campaign discount: 150000, shared IP used by 218 users, "
U033107,150000,3,3,3,2022-07-20 22:24:21,2022-07-20 22:45:06,150000,3,3,2022-07-20 22:24:21,2022-07-20 22:45:06,3,2022-07-20 21:42:15,2022-07-20 22:40:07,1,218,0,0,1,0,0,2,0,3,Review,"elevated credited campaign discount: 150000, shared IP used by 218 users, "
U033213,150000,3,3,3,2022-07-25 23:55:26,2022-07-26 00:00:12,150000,3,3,2022-07-25 23:55:26,2022-07-26 00:00:12,3,2022-07-25 23:25:05,2022-07-25 23:59:53,1,218,0,0,1,0,0,2,0,3,Review,"elevated credited campaign discount: 150000, shared IP used by 218 users, "
U034022,150000,3,3,3,2022-07-26 20:03:05,2022-07-26 20:12:27,150000,3,3,2022-07-26 20:03:05,2022-07-26 20:12:27,3,2022-07-26 18:56:42,2022-07-26 20:12:18,1,218,0,0,1,0,0,2,0,3,Review,"elevated credited campaign discount: 150000, shared IP used by 218 users, "
U034452,150000,3,3,3,2022-07-27 16:01:02,2022-07-27 16:07:42,150000,3,3,2022-07-27 16:01:02,2022-07-27 16:07:42,3,2022-07-27 14:20:57,2022-07-27 16:07:34,1,218,0,0,1,0,0,2,0,3,Review,"elevated credited campaign discount: 150000, shared IP used by 218 users, "
U035258,150000,3,3,3,2022-07-25 14:30:59,2022-07-25 14:37:05,0,0,0,,,3,2022-07-25 13:43:12,2022-07-25 14:36:55,1,218,0,0,1,0,0,2,0,3,Review,"elevated credited campaign discount: 150000, shared IP used by 218 users, "
U035650,150000,3,3,3,2022-07-25 20:12:43,2022-07-25 20:24:30,150000,3,3,2022-07-25 20:12:43,2022-07-25 20:24:30,3,2022-07-25 19:36:32,2022-07-25 20:24:20,1,218,0,0,1,0,0,2,0,3,Review,"elevated credited campaign discount: 150000, shared IP used by 218 users, "
U036940,150000,3,3,3,2022-07-25 10:40:17,2022-07-25 10:46:43,0,0,0,,,3,2022-07-25 09:49:39,2022-07-25 10:46:30,1,218,0,0,1,0,0,2,0,3,Review,"elevated credited campaign discount: 150000, shared IP used by 218 users, "
U036987,150000,3,3,3,2022-06-17 13:55:57,2022-06-18 00:30:00,0,0,0,,,5,2022-06-17 13:54:14,2022-06-20 20:12:26,1,1,3,0,1,0,0,0,2,3,Review,"elevated credited campaign discount: 150000, reciprocal transfer loop with 3 partner(s), "
U038816,150000,3,3,3,2022-07-19 13:30:00,2022-07-19 18:15:00,150000,3,3,2022-07-19 13:30:00,2022-07-19 18:15:00,6,2022-07-19 12:57:17,2022-07-26 13:01:18,1,7,3,0,1,0,0,0,2,3,Review,"elevated credited campaign discount: 150000, reciprocal transfer loop with 3 partner(s), "
U038898,150000,3,3,3,2022-07-26 13:13:39,2022-07-26 13:19:19,150000,3,3,2022-07-26 13:13:39,2022-07-26 13:19:19,3,2022-07-26 12:25:42,2022-07-26 13:19:08,1,218,0,0,1,0,0,2,0,3,Review,"elevated credited campaign discount: 150000, shared IP used by 218 users, "
U038975,150000,3,3,3,2022-07-25 22:04:59,2022-07-25 22:10:28,150000,3,3,2022-07-25 22:04:59,2022-07-25 22:10:28,3,2022-07-25 21:25:29,2022-07-25 22:10:19,1,218,0,0,1,0,0,2,0,3,Review,"elevated credited campaign discount: 150000, shared IP used by 218 users, "
U039216,150000,3,3,3,2022-07-21 23:16:02,2022-07-21 23:21:51,150000,3,3,2022-07-21 23:16:02,2022-07-21 23:21:51,3,2022-07-21 22:37:55,2022-07-21 23:21:39,1,218,0,0,1,0,0,2,0,3,Review,"elevated credited campaign discount: 150000, shared IP used by 218 users, "
U039291,150000,3,3,3,2022-06-04 21:00:00,2022-06-09 11:58:08,0,0,0,,,3,2022-06-04 20:34:08,2022-06-09 11:53:31,0,0,3,0,1,0,0,0,2,3,Review,"elevated credited campaign discount: 150000, reciprocal transfer loop with 3 partner(s), "
U039898,150000,3,3,3,2022-07-22 17:15:46,2022-07-22 17:22:02,150000,3,3,2022-07-22 17:15:46,2022-07-22 17:22:02,3,2022-07-22 14:13:30,2022-07-22 17:21:53,1,218,0,0,1,0,0,2,0,3,Review,"elevated credited campaign discount: 150000, shared IP used by 218 users, "
U041202,150000,3,3,3,2022-07-15 16:45:28,2022-07-15 16:53:03,150000,3,3,2022-07-15 16:45:28,2022-07-15 16:53:03,3,2022-07-15 15:52:45,2022-07-15 16:52:33,1,165,0,0,1,0,0,2,0,3,Review,"elevated credited campaign discount: 150000, shared IP used by 165 users, "
U041347,150000,3,3,3,2022-07-25 12:50:34,2022-07-25 12:56:17,0,0,0,,,3,2022-07-25 12:08:58,2022-07-25 12:56:08,1,218,0,0,1,0,0,2,0,3,Review,"elevated credited campaign discount: 150000, shared IP used by 218 users, "
U041391,150000,3,3,3,2022-06-22 00:00:00,2022-06-30 12:30:01,0,0,0,,,6,2022-06-19 08:58:51,2022-06-30 12:17:45,1,1,11,0,1,0,0,0,2,3,Review,"elevated credited campaign discount: 150000, reciprocal transfer loop with 11 partner(s), "
U041539,150000,3,3,3,2022-07-22 16:36:49,2022-07-22 16:49:25,150000,3,3,2022-07-22 16:36:49,2022-07-22 16:49:25,3,2022-07-22 14:24:26,2022-07-22 16:45:20,1,218,0,0,1,0,0,2,0,3,Review,"elevated credited campaign discount: 150000, shared IP used by 218 users, "
U041681,150000,3,3,3,2022-07-21 20:57:24,2022-07-21 21:02:32,150000,3,3,2022-07-21 20:57:24,2022-07-21 21:02:32,3,2022-07-21 18:35:50,2022-07-21 21:02:22,1,218,0,0,1,0,0,2,0,3,Review,"elevated credited campaign discount: 150000, shared IP used by 218 users, "
U042325,150000,3,3,3,2022-07-27 14:44:51,2022-07-27 14:51:27,150000,3,3,2022-07-27 14:44:51,2022-07-27 14:51:27,3,2022-07-27 13:06:13,2022-07-27 14:51:19,1,218,0,0,1,0,0,2,0,3,Review,"elevated credited campaign discount: 150000, shared IP used by 218 users, "
U044201,150000,3,3,3,2022-07-26 11:51:39,2022-07-26 11:57:37,150000,3,3,2022-07-26 11:51:39,2022-07-26 11:57:37,3,2022-07-26 10:39:46,2022-07-26 11:57:25,1,218,0,0,1,0,0,2,0,3,Review,"elevated credited campaign discount: 150000, shared IP used by 218 users, "
U044832,150000,3,3,3,2022-07-29 11:15:02,2022-07-29 21:26:05,0,0,0,,,5,2022-07-29 10:45:54,2022-07-29 21:24:41,1,2,3,0,1,0,0,0,2,3,Review,"elevated credited campaign discount: 150000, reciprocal transfer loop with 3 partner(s), "
U045072,150000,3,3,3,2022-07-15 12:54:16,2022-07-19 20:15:01,0,0,0,,,7,2022-07-14 12:40:33,2022-07-27 17:15:03,1,7,3,0,1,0,0,0,2,3,Review,"elevated credited campaign discount: 150000, reciprocal transfer loop with 3 partner(s), "
U045172,150000,3,3,3,2022-07-24 21:39:44,2022-07-24 21:47:12,150000,3,3,2022-07-24 21:39:44,2022-07-24 21:47:12,3,2022-07-24 20:01:52,2022-07-24 21:47:03,1,218,0,0,1,0,0,2,0,3,Review,"elevated credited campaign discount: 150000, shared IP used by 218 users, "
U045359,150000,3,3,3,2022-07-26 17:45:50,2022-07-26 17:51:37,150000,3,3,2022-07-26 17:45:50,2022-07-26 17:51:37,3,2022-07-26 16:15:49,2022-07-26 17:51:27,1,218,0,0,1,0,0,2,0,3,Review,"elevated credited campaign discount: 150000, shared IP used by 218 users, "
U045512,150000,3,3,3,2022-06-12 13:41:45,2022-06-17 11:24:39,0,0,0,,,4,2022-06-11 18:17:01,2022-06-17 11:04:03,1,3,4,0,1,0,0,0,2,3,Review,"elevated credited campaign discount: 150000, reciprocal transfer loop with 4 partner(s), "
U045618,150000,3,3,3,2022-07-26 10:59:00,2022-07-26 11:05:46,150000,3,3,2022-07-26 10:59:00,2022-07-26 11:05:46,3,2022-07-26 10:13:54,2022-07-26 11:05:14,1,218,0,0,1,0,0,2,0,3,Review,"elevated credited campaign discount: 150000, shared IP used by 218 users, "
U045730,150000,3,3,3,2022-07-25 19:25:18,2022-07-25 19:34:12,150000,3,3,2022-07-25 19:25:18,2022-07-25 19:34:12,3,2022-07-25 18:10:41,2022-07-25 19:34:02,1,218,0,0,1,0,0,2,0,3,Review,"elevated credited campaign discount: 150000, shared IP used by 218 users, "
U046345,150000,3,3,3,2022-06-12 15:14:29,2022-06-12 16:45:01,0,0,0,,,3,2022-06-12 11:02:56,2022-06-12 16:21:42,1,3,26,0,1,0,0,0,2,3,Review,"elevated credited campaign discount: 150000, reciprocal transfer loop with 26 partner(s), "
U046598,150000,3,3,3,2022-07-22 12:12:30,2022-07-22 12:18:18,150000,3,3,2022-07-22 12:12:30,2022-07-22 12:18:18,3,2022-07-22 11:13:47,2022-07-22 12:18:06,1,218,0,0,1,0,0,2,0,3,Review,"elevated credited campaign discount: 150000, shared IP used by 218 users, "
U046983,150000,3,3,3,2022-07-25 23:04:34,2022-07-25 23:10:32,150000,3,3,2022-07-25 23:04:34,2022-07-25 23:10:32,3,2022-07-25 22:14:18,2022-07-25 23:10:23,1,218,0,0,1,0,0,2,0,3,Review,"elevated credited campaign discount: 150000, shared IP used by 218 users, "
U047291,150000,3,3,3,2022-07-27 15:23:39,2022-07-27 15:30:42,150000,3,3,2022-07-27 15:23:39,2022-07-27 15:30:42,3,2022-07-27 13:38:56,2022-07-27 15:30:34,1,218,0,0,1,0,0,2,0,3,Review,"elevated credited campaign discount: 150000, shared IP used by 218 users, "
U047586,150000,3,3,3,2022-07-25 23:49:42,2022-07-25 23:54:19,150000,3,3,2022-07-25 23:49:42,2022-07-25 23:54:19,3,2022-07-25 23:15:04,2022-07-25 23:54:01,1,218,0,0,1,0,0,2,0,3,Review,"elevated credited campaign discount: 150000, shared IP used by 218 users, "
U047775,150000,3,3,3,2022-07-22 11:38:02,2022-07-22 11:50:14,150000,3,3,2022-07-22 11:38:02,2022-07-22 11:50:14,3,2022-07-22 10:43:36,2022-07-22 11:50:05,1,218,0,0,1,0,0,2,0,3,Review,"elevated credited campaign discount: 150000, shared IP used by 218 users, "
U048371,150000,3,3,3,2022-07-22 14:40:12,2022-07-22 14:46:29,150000,3,3,2022-07-22 14:40:12,2022-07-22 14:46:29,3,2022-07-22 13:50:07,2022-07-22 14:46:19,1,218,0,0,1,0,0,2,0,3,Review,"elevated credited campaign discount: 150000, shared IP used by 218 users, "
U048495,150000,3,3,3,2022-07-22 18:55:09,2022-07-22 19:15:46,150000,3,3,2022-07-22 18:55:09,2022-07-22 19:15:46,3,2022-07-22 17:52:48,2022-07-22 19:15:35,1,218,0,0,1,0,0,2,0,3,Review,"elevated credited campaign discount: 150000, shared IP used by 218 users, "
U048709,150000,3,3,3,2022-07-22 22:55:48,2022-07-22 23:02:11,150000,3,3,2022-07-22 22:55:48,2022-07-22 23:02:11,3,2022-07-22 21:37:35,2022-07-22 23:02:02,1,218,0,0,1,0,0,2,0,3,Review,"elevated credited campaign discount: 150000, shared IP used by 218 users, "
U048821,150000,3,3,3,2022-07-22 21:57:30,2022-07-22 22:07:56,150000,3,3,2022-07-22 21:57:30,2022-07-22 22:07:56,3,2022-07-22 21:23:26,2022-07-22 22:07:47,1,218,0,0,1,0,0,2,0,3,Review,"elevated credited campaign discount: 150000, shared IP used by 218 users, "
U049379,150000,3,3,3,2022-07-22 12:45:59,2022-07-22 12:51:49,150000,3,3,2022-07-22 12:45:59,2022-07-22 12:51:49,3,2022-07-22 11:59:07,2022-07-22 12:51:36,1,218,0,0,1,0,0,2,0,3,Review,"elevated credited campaign discount: 150000, shared IP used by 218 users, "
U049933,150000,3,3,3,2022-07-29 21:30:05,2022-08-01 15:45:01,0,0,0,,,3,2022-07-29 21:02:07,2022-08-01 15:14:23,1,1,4,0,1,0,0,0,2,3,Review,"elevated credited campaign discount: 150000, reciprocal transfer loop with 4 partner(s), "
U050202,150000,3,3,3,2022-07-21 20:49:01,2022-07-21 20:55:05,150000,3,3,2022-07-21 20:49:01,2022-07-21 20:55:05,3,2022-07-21 18:27:05,2022-07-21 20:54:55,1,218,0,0,1,0,0,2,0,3,Review,"elevated credited campaign discount: 150000, shared IP used by 218 users, "
U050249,150000,3,3,3,2022-06-26 00:35:28,2022-08-01 19:22:49,0,0,0,,,5,2022-06-26 00:19:35,2022-08-01 19:20:32,1,1,5,0,1,0,0,0,2,3,Review,"elevated credited campaign discount: 150000, reciprocal transfer loop with 5 partner(s), "
U050982,150000,3,3,3,2022-07-26 12:00:34,2022-07-26 12:06:19,150000,3,3,2022-07-26 12:00:34,2022-07-26 12:06:19,3,2022-07-26 11:12:43,2022-07-26 12:06:11,1,218,0,0,1,0,0,2,0,3,Review,"elevated credited campaign discount: 150000, shared IP used by 218 users, "
U051184,150000,3,3,3,2022-07-21 16:51:43,2022-07-21 17:03:08,150000,3,3,2022-07-21 16:51:43,2022-07-21 17:03:08,3,2022-07-21 14:57:04,2022-07-21 17:02:53,1,218,0,0,1,0,0,2,0,3,Review,"elevated credited campaign discount: 150000, shared IP used by 218 users, "
U052401,150000,3,3,3,2022-07-22 12:03:04,2022-07-22 12:09:17,150000,3,3,2022-07-22 12:03:04,2022-07-22 12:09:17,3,2022-07-22 11:02:24,2022-07-22 12:09:07,1,218,0,0,1,0,0,2,0,3,Review,"elevated credited campaign discount: 150000, shared IP used by 218 users, "
U052794,150000,3,3,3,2022-07-11 18:37:47,2022-07-11 18:47:57,150000,3,3,2022-07-11 18:37:47,2022-07-11 18:47:57,3,2022-07-11 15:56:01,2022-07-11 18:47:46,1,73,0,0,1,0,0,2,0,3,Review,"elevated credited campaign discount: 150000, shared IP used by 73 users, "
U053106,150000,3,3,3,2022-07-27 20:40:51,2022-07-27 20:45:58,150000,3,3,2022-07-27 20:40:51,2022-07-27 20:45:58,3,2022-07-27 18:25:08,2022-07-27 20:45:12,1,218,0,0,1,0,0,2,0,3,Review,"elevated credited campaign discount: 150000, shared IP used by 218 users, "
U053455,150000,3,3,3,2022-06-16 15:30:55,2022-07-21 22:07:49,0,0,0,,,4,2022-06-16 11:57:56,2022-07-31 20:34:45,1,2,3,0,1,0,0,0,2,3,Review,"elevated credited campaign discount: 150000, reciprocal transfer loop with 3 partner(s), "
U053575,150000,3,3,3,2022-07-26 22:13:25,2022-07-26 22:22:52,150000,3,3,2022-07-26 22:13:25,2022-07-26 22:22:52,3,2022-07-26 20:48:16,2022-07-26 22:20:47,1,218,0,0,1,0,0,2,0,3,Review,"elevated credited campaign discount: 150000, shared IP used by 218 users, "
U054037,150000,3,3,3,2022-07-26 16:31:47,2022-07-26 19:56:38,0,0,0,,,10,2022-07-26 14:30:50,2022-07-27 16:44:47,1,1,3,0,1,0,0,0,2,3,Review,"elevated credited campaign discount: 150000, reciprocal transfer loop with 3 partner(s), "
U054293,150000,3,3,3,2022-07-28 00:07:58,2022-07-28 00:12:47,0,0,0,,,3,2022-07-27 22:55:49,2022-07-28 00:12:01,1,218,0,0,1,0,0,2,0,3,Review,"elevated credited campaign discount: 150000, shared IP used by 218 users, "
U054525,150000,3,3,3,2022-06-30 17:40:37,2022-07-07 15:45:02,0,0,0,,,9,2022-06-24 10:34:00,2022-07-18 08:10:09,1,1,3,0,1,0,0,0,2,3,Review,"elevated credited campaign discount: 150000, reciprocal transfer loop with 3 partner(s), "
U054620,150000,3,3,3,2022-07-27 20:50:32,2022-07-27 20:55:07,150000,3,3,2022-07-27 20:50:32,2022-07-27 20:55:07,4,2022-07-27 18:35:42,2022-07-27 20:54:57,1,218,0,0,1,0,0,2,0,3,Review,"elevated credited campaign discount: 150000, shared IP used by 218 users, "
U054985,150000,3,3,3,2022-07-30 17:30:00,2022-07-31 19:45:02,0,0,0,,,4,2022-07-30 14:59:34,2022-07-31 19:40:04,1,1,3,0,1,0,0,0,2,3,Review,"elevated credited campaign discount: 150000, reciprocal transfer loop with 3 partner(s), "
U055554,150000,3,3,3,2022-07-26 16:10:15,2022-07-26 16:17:24,150000,3,3,2022-07-26 16:10:15,2022-07-26 16:17:24,3,2022-07-26 14:41:12,2022-07-26 16:17:16,1,218,0,0,1,0,0,2,0,3,Review,"elevated credited campaign discount: 150000, shared IP used by 218 users, "
U055915,150000,3,3,3,2022-07-23 09:21:19,2022-07-25 17:51:33,0,0,0,,,6,2022-07-22 17:33:21,2022-07-25 18:15:45,1,1,3,0,1,0,0,0,2,3,Review,"elevated credited campaign discount: 150000, reciprocal transfer loop with 3 partner(s), "
U055987,150000,3,3,3,2022-07-26 19:43:33,2022-07-26 19:49:59,150000,3,3,2022-07-26 19:43:33,2022-07-26 19:49:59,3,2022-07-26 18:24:09,2022-07-26 19:49:50,1,218,0,0,1,0,0,2,0,3,Review,"elevated credited campaign discount: 150000, shared IP used by 218 users, "
U056183,150000,3,3,3,2022-07-25 22:52:49,2022-07-25 22:59:29,150000,3,3,2022-07-25 22:52:49,2022-07-25 22:59:29,3,2022-07-25 21:58:42,2022-07-25 22:59:19,1,218,0,0,1,0,0,2,0,3,Review,"elevated credited campaign discount: 150000, shared IP used by 218 users, "
U056236,150000,3,3,3,2022-07-21 18:51:16,2022-07-21 19:03:12,150000,3,3,2022-07-21 18:51:16,2022-07-21 19:03:12,3,2022-07-21 17:34:16,2022-07-21 19:03:03,1,218,0,0,1,0,0,2,0,3,Review,"elevated credited campaign discount: 150000, shared IP used by 218 users, "
U056238,150000,3,3,3,2022-07-25 21:10:16,2022-07-25 21:26:14,150000,3,3,2022-07-25 21:10:16,2022-07-25 21:26:14,3,2022-07-25 20:22:14,2022-07-25 21:25:58,1,218,0,0,1,0,0,2,0,3,Review,"elevated credited campaign discount: 150000, shared IP used by 218 users, "
U056529,150000,3,3,3,2022-07-11 18:51:12,2022-07-11 18:57:15,150000,3,3,2022-07-11 18:51:12,2022-07-11 18:57:15,3,2022-07-11 16:38:45,2022-07-11 18:57:07,1,73,0,0,1,0,0,2,0,3,Review,"elevated credited campaign discount: 150000, shared IP used by 73 users, "
U057090,150000,3,3,3,2022-07-19 17:30:01,2022-07-22 01:45:00,0,0,0,,,4,2022-07-18 09:07:48,2022-07-29 18:06:41,1,1,3,0,1,0,0,0,2,3,Review,"elevated credited campaign discount: 150000, reciprocal transfer loop with 3 partner(s), "
U058238,150000,3,3,3,2022-07-14 18:45:00,2022-07-16 11:34:25,0,0,0,,,4,2022-07-11 18:41:45,2022-07-16 11:21:33,1,1,3,0,1,0,0,0,2,3,Review,"elevated credited campaign discount: 150000, reciprocal transfer loop with 3 partner(s), "
U058779,150000,3,3,3,2022-07-11 15:02:30,2022-07-11 15:09:12,150000,3,3,2022-07-11 15:02:30,2022-07-11 15:09:12,3,2022-07-11 14:24:25,2022-07-11 15:09:02,1,73,0,0,1,0,0,2,0,3,Review,"elevated credited campaign discount: 150000, shared IP used by 73 users, "
U059308,150000,3,3,3,2022-07-24 22:12:00,2022-07-24 22:16:39,0,0,0,,,3,2022-07-24 20:31:44,2022-07-24 22:16:29,1,218,0,0,1,0,0,2,0,3,Review,"elevated credited campaign discount: 150000, shared IP used by 218 users, "
U059495,150000,3,3,3,2022-07-25 10:49:37,2022-07-25 10:56:09,0,0,0,,,3,2022-07-25 10:02:19,2022-07-25 10:55:59,1,218,0,0,1,0,0,2,0,3,Review,"elevated credited campaign discount: 150000, shared IP used by 218 users, "
U059527,150000,3,3,3,2022-07-14 14:45:00,2022-07-17 18:19:01,0,0,0,,,4,2022-07-14 14:13:14,2022-07-17 18:17:35,1,47,1,0,1,0,0,1,1,3,Review,"elevated credited campaign discount: 150000, shared IP used by 47 users, reciprocal transfer loop with 1 partner(s), "
U062075,150000,3,3,3,2022-07-25 11:16:29,2022-07-25 11:22:46,0,0,0,,,3,2022-07-25 10:40:02,2022-07-25 11:22:36,1,218,0,0,1,0,0,2,0,3,Review,"elevated credited campaign discount: 150000, shared IP used by 218 users, "
U062811,150000,3,3,3,2022-06-01 16:30:00,2022-06-04 19:48:04,0,0,0,,,7,2022-06-01 16:03:03,2022-07-03 15:06:55,1,1,5,0,1,0,0,0,2,3,Review,"elevated credited campaign discount: 150000, reciprocal transfer loop with 5 partner(s), "
U062933,150000,3,3,3,2022-07-26 16:47:00,2022-07-26 16:52:45,150000,3,3,2022-07-26 16:47:00,2022-07-26 16:52:45,3,2022-07-26 14:31:31,2022-07-26 16:52:37,1,218,0,0,1,0,0,2,0,3,Review,"elevated credited campaign discount: 150000, shared IP used by 218 users, "
U063832,150000,3,3,3,2022-06-01 12:45:00,2022-06-20 13:00:00,0,0,0,,,4,2022-06-01 12:22:12,2022-06-20 12:38:28,1,5,4,0,1,0,0,0,2,3,Review,"elevated credited campaign discount: 150000, reciprocal transfer loop with 4 partner(s), "
U064909,150000,3,3,3,2022-07-26 21:40:05,2022-07-26 21:54:02,150000,3,3,2022-07-26 21:40:05,2022-07-26 21:54:02,3,2022-07-26 20:13:55,2022-07-26 21:53:51,1,218,0,0,1,0,0,2,0,3,Review,"elevated credited campaign discount: 150000, shared IP used by 218 users, "
U065199,150000,3,3,3,2022-07-23 20:51:22,2022-07-23 20:55:43,150000,3,3,2022-07-23 20:51:22,2022-07-23 20:55:43,3,2022-07-23 20:11:36,2022-07-23 20:55:32,1,218,0,0,1,0,0,2,0,3,Review,"elevated credited campaign discount: 150000, shared IP used by 218 users, "
U065269,150000,3,3,3,2022-07-10 09:29:29,2022-07-10 19:45:02,0,0,0,,,3,2022-07-10 10:24:57,2022-07-10 19:25:47,1,1,3,0,1,0,0,0,2,3,Review,"elevated credited campaign discount: 150000, reciprocal transfer loop with 3 partner(s), "
U065394,150000,3,3,3,2022-07-26 16:55:35,2022-07-26 17:01:02,150000,3,3,2022-07-26 16:55:35,2022-07-26 17:01:02,3,2022-07-26 14:53:56,2022-07-26 17:00:54,1,218,0,0,1,0,0,2,0,3,Review,"elevated credited campaign discount: 150000, shared IP used by 218 users, "
U065538,150000,3,3,3,2022-07-13 23:36:52,2022-07-13 23:42:19,150000,3,3,2022-07-13 23:36:52,2022-07-13 23:42:19,3,2022-07-13 23:06:34,2022-07-13 23:42:10,1,165,0,0,1,0,0,2,0,3,Review,"elevated credited campaign discount: 150000, shared IP used by 165 users, "
U066030,150000,3,3,3,2022-07-22 11:53:16,2022-07-22 12:00:03,150000,3,3,2022-07-22 11:53:16,2022-07-22 12:00:03,3,2022-07-22 10:53:36,2022-07-22 11:59:49,1,218,0,0,1,0,0,2,0,3,Review,"elevated credited campaign discount: 150000, shared IP used by 218 users, "
U066729,150000,3,3,3,2022-07-19 21:30:02,2022-07-27 22:30:01,0,0,0,,,5,2022-07-19 21:07:31,2022-07-27 21:59:37,1,5,3,0,1,0,0,0,2,3,Review,"elevated credited campaign discount: 150000, reciprocal transfer loop with 3 partner(s), "
U066907,150000,3,3,3,2022-07-23 00:22:43,2022-07-23 00:27:14,150000,3,3,2022-07-23 00:22:43,2022-07-23 00:27:14,3,2022-07-22 23:53:35,2022-07-23 00:27:06,1,218,0,0,1,0,0,2,0,3,Review,"elevated credited campaign discount: 150000, shared IP used by 218 users, "
U067112,150000,3,3,3,2022-07-26 22:35:58,2022-07-26 22:46:36,150000,3,3,2022-07-26 22:35:58,2022-07-26 22:46:36,3,2022-07-26 21:36:23,2022-07-26 22:46:25,1,218,0,0,1,0,0,2,0,3,Review,"elevated credited campaign discount: 150000, shared IP used by 218 users, "
U067259,150000,3,3,3,2022-07-22 12:30:56,2022-07-22 12:43:11,150000,3,3,2022-07-22 12:30:56,2022-07-22 12:43:11,3,2022-07-22 11:39:45,2022-07-22 12:43:01,1,218,0,0,1,0,0,2,0,3,Review,"elevated credited campaign discount: 150000, shared IP used by 218 users, "
U067563,150000,3,3,3,2022-06-28 20:52:35,2022-07-05 21:08:53,0,0,0,,,6,2022-06-28 17:56:17,2022-07-18 12:11:09,1,2,3,0,1,0,0,0,2,3,Review,"elevated credited campaign discount: 150000, reciprocal transfer loop with 3 partner(s), "
U067860,150000,3,3,3,2022-06-11 16:00:59,2022-06-11 16:14:01,150000,3,3,2022-06-11 16:00:59,2022-06-11 16:14:01,3,2022-06-11 14:47:01,2022-06-11 16:13:51,1,99,0,0,1,0,0,2,0,3,Review,"elevated credited campaign discount: 150000, shared IP used by 99 users, "
U067971,150000,3,3,3,2022-07-22 21:48:45,2022-07-22 21:54:26,150000,3,3,2022-07-22 21:48:45,2022-07-22 21:54:26,3,2022-07-22 21:18:00,2022-07-22 21:54:17,1,218,0,0,1,0,0,2,0,3,Review,"elevated credited campaign discount: 150000, shared IP used by 218 users, "
U068524,150000,3,3,3,2022-07-23 16:45:02,2022-07-23 16:51:37,150000,3,3,2022-07-23 16:45:02,2022-07-23 16:51:37,3,2022-07-23 14:46:54,2022-07-23 16:51:09,1,218,0,0,1,0,0,2,0,3,Review,"elevated credited campaign discount: 150000, shared IP used by 218 users, "
U068786,150000,3,3,3,2022-07-29 10:35:09,2022-07-29 10:42:51,150000,3,3,2022-07-29 10:35:09,2022-07-29 10:42:51,3,2022-07-29 10:33:23,2022-07-29 10:42:24,1,2,3,0,1,0,0,0,2,3,Review,"elevated credited campaign discount: 150000, reciprocal transfer loop with 3 partner(s), "
U068868,150000,3,3,3,2022-07-11 19:12:25,2022-07-11 19:18:06,150000,3,3,2022-07-11 19:12:25,2022-07-11 19:18:06,3,2022-07-11 16:54:27,2022-07-11 19:17:57,1,73,0,0,1,0,0,2,0,3,Review,"elevated credited campaign discount: 150000, shared IP used by 73 users, "
U069021,150000,3,3,3,2022-07-26 15:50:21,2022-07-26 15:57:53,150000,3,3,2022-07-26 15:50:21,2022-07-26 15:57:53,3,2022-07-26 13:02:12,2022-07-26 15:57:45,1,218,0,0,1,0,0,2,0,3,Review,"elevated credited campaign discount: 150000, shared IP used by 218 users, "
U069164,150000,3,3,3,2022-07-26 19:53:22,2022-07-26 19:59:57,150000,3,3,2022-07-26 19:53:22,2022-07-26 19:59:57,3,2022-07-26 18:37:23,2022-07-26 19:59:47,1,218,0,0,1,0,0,2,0,3,Review,"elevated credited campaign discount: 150000, shared IP used by 218 users, "
U069672,150000,3,3,3,2022-07-21 17:13:18,2022-07-21 17:18:59,150000,3,3,2022-07-21 17:13:18,2022-07-21 17:18:59,3,2022-07-21 15:07:05,2022-07-21 17:18:48,1,218,0,0,1,0,0,2,0,3,Review,"elevated credited campaign discount: 150000, shared IP used by 218 users, "
U069734,150000,3,3,3,2022-07-23 15:52:10,2022-07-23 16:00:07,150000,3,3,2022-07-23 15:52:10,2022-07-23 16:00:07,3,2022-07-23 13:40:19,2022-07-23 15:59:50,1,218,0,0,1,0,0,2,0,3,Review,"elevated credited campaign discount: 150000, shared IP used by 218 users, "
U069870,150000,3,3,3,2022-07-22 23:04:49,2022-07-22 23:10:43,150000,3,3,2022-07-22 23:04:49,2022-07-22 23:10:43,3,2022-07-22 22:22:34,2022-07-22 23:10:33,1,218,0,0,1,0,0,2,0,3,Review,"elevated credited campaign discount: 150000, shared IP used by 218 users, "
U069973,150000,3,3,3,2022-07-23 00:07:37,2022-07-23 00:12:36,150000,3,3,2022-07-23 00:07:37,2022-07-23 00:12:36,3,2022-07-22 23:22:13,2022-07-23 00:12:25,1,218,0,0,1,0,0,2,0,3,Review,"elevated credited campaign discount: 150000, shared IP used by 218 users, "
U070023,150000,3,3,3,2022-07-25 18:05:40,2022-07-25 18:25:14,150000,3,3,2022-07-25 18:05:40,2022-07-25 18:25:14,3,2022-07-25 17:29:08,2022-07-25 18:25:01,1,218,0,0,1,0,0,2,0,3,Review,"elevated credited campaign discount: 150000, shared IP used by 218 users, "
U070325,150000,3,3,3,2022-07-22 14:50:22,2022-07-22 14:57:56,150000,3,3,2022-07-22 14:50:22,2022-07-22 14:57:56,3,2022-07-22 14:05:37,2022-07-22 14:57:45,1,218,0,0,1,0,0,2,0,3,Review,"elevated credited campaign discount: 150000, shared IP used by 218 users, "
U071154,150000,3,3,3,2022-07-25 22:13:26,2022-07-25 22:19:26,150000,3,3,2022-07-25 22:13:26,2022-07-25 22:19:26,3,2022-07-25 21:37:17,2022-07-25 22:19:17,1,218,0,0,1,0,0,2,0,3,Review,"elevated credited campaign discount: 150000, shared IP used by 218 users, "
U071292,150000,3,3,3,2022-07-03 15:05:50,2022-07-16 09:42:36,0,0,0,,,6,2022-07-03 14:49:59,2022-07-15 22:58:30,1,2,7,0,1,0,0,0,2,3,Review,"elevated credited campaign discount: 150000, reciprocal transfer loop with 7 partner(s), "
U072081,150000,3,3,3,2022-07-25 21:29:32,2022-07-25 21:35:45,150000,3,3,2022-07-25 21:29:32,2022-07-25 21:35:45,3,2022-07-25 21:00:33,2022-07-25 21:35:36,1,218,0,0,1,0,0,2,0,3,Review,"elevated credited campaign discount: 150000, shared IP used by 218 users, "
U072637,150000,3,3,3,2022-07-25 11:55:52,2022-07-25 12:02:48,0,0,0,,,3,2022-07-25 11:31:37,2022-07-25 12:02:39,1,218,0,0,1,0,0,2,0,3,Review,"elevated credited campaign discount: 150000, shared IP used by 218 users, "
U073066,150000,3,3,3,2022-07-26 20:48:37,2022-07-26 20:56:12,150000,3,3,2022-07-26 20:48:37,2022-07-26 20:56:12,3,2022-07-26 20:00:30,2022-07-26 20:56:04,1,218,0,0,1,0,0,2,0,3,Review,"elevated credited campaign discount: 150000, shared IP used by 218 users, "
U073306,150000,3,3,3,2022-07-27 15:03:53,2022-07-27 15:12:39,150000,3,3,2022-07-27 15:03:53,2022-07-27 15:12:39,3,2022-07-27 13:20:56,2022-07-27 15:12:28,1,218,0,0,1,0,0,2,0,3,Review,"elevated credited campaign discount: 150000, shared IP used by 218 users, "
U074496,150000,3,3,3,2022-07-27 16:10:45,2022-07-27 16:17:00,150000,3,3,2022-07-27 16:10:45,2022-07-27 16:17:00,3,2022-07-27 12:46:20,2022-07-27 16:16:51,1,218,0,0,1,0,0,2,0,3,Review,"elevated credited campaign discount: 150000, shared IP used by 218 users, "
U074695,150000,3,3,3,2022-06-13 19:54:04,2022-06-14 19:42:00,0,0,0,,,4,2022-06-13 11:38:51,2022-06-14 19:39:01,1,37,2,0,1,0,0,1,1,3,Review,"elevated credited campaign discount: 150000, shared IP used by 37 users, reciprocal transfer loop with 2 partner(s), "
U074877,150000,3,3,3,2022-07-27 19:24:53,2022-07-27 19:53:06,150000,3,3,2022-07-27 19:24:53,2022-07-27 19:53:06,3,2022-07-27 16:57:09,2022-07-27 19:52:58,1,218,0,0,1,0,0,2,0,3,Review,"elevated credited campaign discount: 150000, shared IP used by 218 users, "
U075753,150000,3,3,3,2022-07-25 16:54:46,2022-07-25 17:48:10,150000,3,3,2022-07-25 16:54:46,2022-07-25 17:48:10,3,2022-07-25 16:34:13,2022-07-25 17:47:58,1,218,0,0,1,0,0,2,0,3,Review,"elevated credited campaign discount: 150000, shared IP used by 218 users, "
U077046,150000,3,3,3,2022-07-25 11:06:22,2022-07-25 11:12:36,0,0,0,,,3,2022-07-25 10:09:05,2022-07-25 11:12:24,1,218,0,0,1,0,0,2,0,3,Review,"elevated credited campaign discount: 150000, shared IP used by 218 users, "
U077165,150000,3,3,3,2022-07-19 19:00:01,2022-07-20 14:00:01,0,0,0,,,4,2022-07-19 16:54:39,2022-07-20 13:31:44,1,2,4,0,1,0,0,0,2,3,Review,"elevated credited campaign discount: 150000, reciprocal transfer loop with 4 partner(s), "
U078577,150000,3,3,3,2022-07-26 22:31:48,2022-07-26 22:36:59,150000,3,3,2022-07-26 22:31:48,2022-07-26 22:36:59,3,2022-07-26 21:19:23,2022-07-26 22:36:49,1,218,0,0,1,0,0,2,0,3,Review,"elevated credited campaign discount: 150000, shared IP used by 218 users, "
U078635,150000,3,3,3,2022-07-21 17:43:53,2022-07-21 17:50:05,150000,3,3,2022-07-21 17:43:53,2022-07-21 17:50:05,3,2022-07-21 16:40:47,2022-07-21 17:49:56,1,218,0,0,1,0,0,2,0,3,Review,"elevated credited campaign discount: 150000, shared IP used by 218 users, "
U078689,150000,3,3,3,2022-07-25 20:03:06,2022-07-25 20:09:47,150000,3,3,2022-07-25 20:03:06,2022-07-25 20:09:47,3,2022-07-25 19:16:54,2022-07-25 20:09:37,1,218,0,0,1,0,0,2,0,3,Review,"elevated credited campaign discount: 150000, shared IP used by 218 users, "
U078707,150000,3,3,3,2022-07-26 18:12:25,2022-07-26 19:40:28,150000,3,3,2022-07-26 18:12:25,2022-07-26 19:40:28,3,2022-07-26 16:39:47,2022-07-26 19:40:20,1,218,0,0,1,0,0,2,0,3,Review,"elevated credited campaign discount: 150000, shared IP used by 218 users, "
U079232,150000,3,3,3,2022-07-22 22:11:20,2022-07-22 22:15:03,150000,3,3,2022-07-22 22:11:20,2022-07-22 22:15:03,3,2022-07-22 21:43:01,2022-07-22 22:13:47,1,218,0,0,1,0,0,2,0,3,Review,"elevated credited campaign discount: 150000, shared IP used by 218 users, "
U079271,150000,3,3,3,2022-07-27 15:15:23,2022-07-27 15:20:45,150000,3,3,2022-07-27 15:15:23,2022-07-27 15:20:45,3,2022-07-27 13:33:00,2022-07-27 15:20:37,1,218,0,0,1,0,0,2,0,3,Review,"elevated credited campaign discount: 150000, shared IP used by 218 users, "
U080395,150000,3,3,3,2022-07-25 13:55:13,2022-07-25 14:02:12,0,0,0,,,3,2022-07-25 13:05:32,2022-07-25 14:02:00,1,218,0,0,1,0,0,2,0,3,Review,"elevated credited campaign discount: 150000, shared IP used by 218 users, "
U081014,150000,3,3,3,2022-07-27 21:44:53,2022-07-27 21:50:27,150000,3,3,2022-07-27 21:44:53,2022-07-27 21:50:27,3,2022-07-27 20:27:49,2022-07-27 21:50:10,1,218,0,0,1,0,0,2,0,3,Review,"elevated credited campaign discount: 150000, shared IP used by 218 users, "
U081647,150000,3,3,3,2022-07-27 23:53:03,2022-07-27 23:57:12,150000,3,3,2022-07-27 23:53:03,2022-07-27 23:57:12,3,2022-07-27 22:37:46,2022-07-27 23:57:01,1,218,0,0,1,0,0,2,0,3,Review,"elevated credited campaign discount: 150000, shared IP used by 218 users, "
U081725,150000,3,3,3,2022-07-28 00:23:15,2022-07-28 00:27:19,0,0,0,,,3,2022-07-27 23:14:37,2022-07-28 00:27:08,1,218,0,0,1,0,0,2,0,3,Review,"elevated credited campaign discount: 150000, shared IP used by 218 users, "
U082604,150000,3,3,3,2022-06-26 18:15:31,2022-07-16 11:04:59,0,0,0,,,5,2022-06-26 04:16:48,2022-07-16 09:48:41,1,3,3,0,1,0,0,0,2,3,Review,"elevated credited campaign discount: 150000, reciprocal transfer loop with 3 partner(s), "
U082655,150000,3,3,3,2022-07-27 13:11:48,2022-07-27 13:17:54,0,0,0,,,3,2022-07-27 11:09:47,2022-07-27 13:17:36,1,218,0,0,1,0,0,2,0,3,Review,"elevated credited campaign discount: 150000, shared IP used by 218 users, "
U083230,150000,3,3,3,2022-07-23 00:15:13,2022-07-23 00:20:25,150000,3,3,2022-07-23 00:15:13,2022-07-23 00:20:25,3,2022-07-22 23:47:33,2022-07-23 00:20:12,1,218,0,0,1,0,0,2,0,3,Review,"elevated credited campaign discount: 150000, shared IP used by 218 users, "
U083270,150000,3,3,3,2022-07-15 22:05:21,2022-07-16 09:42:35,150000,3,3,2022-07-15 22:05:21,2022-07-16 09:42:35,3,2022-07-15 20:04:35,2022-07-15 22:08:33,1,27,1,0,1,0,0,1,1,3,Review,"elevated credited campaign discount: 150000, shared IP used by 27 users, reciprocal transfer loop with 1 partner(s), "
U083588,150000,3,3,3,2022-06-09 19:15:00,2022-06-12 22:28:21,0,0,0,,,10,2022-06-09 18:41:13,2022-06-13 11:57:35,1,1,16,0,1,0,0,0,2,3,Review,"elevated credited campaign discount: 150000, reciprocal transfer loop with 16 partner(s), "
U083760,150000,3,3,3,2022-07-25 19:12:25,2022-07-25 19:21:34,150000,3,3,2022-07-25 19:12:25,2022-07-25 19:21:34,3,2022-07-25 18:04:32,2022-07-25 19:21:23,1,218,0,0,1,0,0,2,0,3,Review,"elevated credited campaign discount: 150000, shared IP used by 218 users, "
U084987,150000,3,3,3,2022-07-23 15:21:13,2022-07-23 15:27:42,150000,3,3,2022-07-23 15:21:13,2022-07-23 15:27:42,4,2022-07-23 13:11:44,2022-07-23 15:27:13,1,218,0,0,1,0,0,2,0,3,Review,"elevated credited campaign discount: 150000, shared IP used by 218 users, "
U085231,150000,3,3,3,2022-07-21 23:06:53,2022-07-21 23:12:36,150000,3,3,2022-07-21 23:06:53,2022-07-21 23:12:36,3,2022-07-21 22:30:22,2022-07-21 23:12:26,1,218,0,0,1,0,0,2,0,3,Review,"elevated credited campaign discount: 150000, shared IP used by 218 users, "
U085775,150000,3,3,3,2022-07-24 22:29:33,2022-07-24 22:44:12,0,0,0,,,3,2022-07-24 21:14:23,2022-07-24 22:44:02,1,218,0,0,1,0,0,2,0,3,Review,"elevated credited campaign discount: 150000, shared IP used by 218 users, "
U085873,150000,3,3,3,2022-07-24 22:04:01,2022-07-24 22:09:45,0,0,0,,,3,2022-07-24 20:20:16,2022-07-24 22:09:32,1,218,0,0,1,0,0,2,0,3,Review,"elevated credited campaign discount: 150000, shared IP used by 218 users, "
U085943,150000,3,3,3,2022-07-22 14:27:39,2022-07-22 14:34:04,150000,3,3,2022-07-22 14:27:39,2022-07-22 14:34:04,3,2022-07-22 13:29:53,2022-07-22 14:33:53,1,218,0,0,1,0,0,2,0,3,Review,"elevated credited campaign discount: 150000, shared IP used by 218 users, "
U088224,150000,3,3,3,2022-07-23 14:50:38,2022-07-23 14:58:29,150000,3,3,2022-07-23 14:50:38,2022-07-23 14:58:29,3,2022-07-23 11:54:48,2022-07-23 14:58:15,1,218,0,0,1,0,0,2,0,3,Review,"elevated credited campaign discount: 150000, shared IP used by 218 users, "
U088358,150000,3,3,3,2022-07-23 17:41:39,2022-07-23 17:47:25,150000,3,3,2022-07-23 17:41:39,2022-07-23 17:47:25,3,2022-07-23 15:17:49,2022-07-23 17:46:58,1,218,0,0,1,0,0,2,0,3,Review,"elevated credited campaign discount: 150000, shared IP used by 218 users, "
U089177,150000,3,3,3,2022-06-13 10:17:04,2022-06-21 13:45:00,0,0,0,,,3,2022-06-13 08:35:22,2022-06-21 13:24:39,1,23,2,0,1,0,0,1,1,3,Review,"elevated credited campaign discount: 150000, shared IP used by 23 users, reciprocal transfer loop with 2 partner(s), "
U089236,150000,3,3,3,2022-07-23 18:21:54,2022-07-23 18:27:53,150000,3,3,2022-07-23 18:21:54,2022-07-23 18:27:53,3,2022-07-23 15:55:53,2022-07-23 18:27:25,1,218,0,0,1,0,0,2,0,3,Review,"elevated credited campaign discount: 150000, shared IP used by 218 users, "
U089686,150000,3,3,3,2022-07-25 11:25:42,2022-07-25 11:32:09,0,0,0,,,3,2022-07-25 10:55:40,2022-07-25 11:31:52,1,218,0,0,1,0,0,2,0,3,Review,"elevated credited campaign discount: 150000, shared IP used by 218 users, "
U089707,150000,3,3,3,2022-06-26 08:59:13,2022-07-05 22:01:23,0,0,0,,,17,2022-06-24 12:19:30,2022-07-28 22:50:23,1,1,4,0,1,0,0,0,2,3,Review,"elevated credited campaign discount: 150000, reciprocal transfer loop with 4 partner(s), "
U090256,150000,3,3,3,2022-07-12 09:08:41,2022-07-17 17:45:02,0,0,0,,,4,2022-07-12 09:06:44,2022-07-18 11:04:11,1,2,3,0,1,0,0,0,2,3,Review,"elevated credited campaign discount: 150000, reciprocal transfer loop with 3 partner(s), "
U002259,145000,6,6,6,2022-07-09 22:35:31,2022-07-09 22:38:26,0,0,0,,,0,,,1,28,1,0,1,0,0,1,1,3,Review,"elevated credited campaign discount: 145000, shared IP used by 28 users, reciprocal transfer loop with 1 partner(s), "
U002521,145000,5,5,5,2022-06-11 19:37:44,2022-06-11 22:48:05,0,0,0,,,0,,,1,23,2,0,1,0,0,1,1,3,Review,"elevated credited campaign discount: 145000, shared IP used by 23 users, reciprocal transfer loop with 2 partner(s), "
U009391,145000,5,5,5,2022-06-28 11:32:45,2022-06-28 20:00:15,0,0,0,,,0,,,1,57,0,0,1,0,0,2,0,3,Review,"elevated credited campaign discount: 145000, shared IP used by 57 users, "
U012761,145000,6,6,6,2022-06-09 13:29:17,2022-06-09 13:45:09,0,0,0,,,0,,,1,4,45,0,1,0,0,0,2,3,Review,"elevated credited campaign discount: 145000, reciprocal transfer loop with 45 partner(s), "
U017991,145000,6,6,6,2022-06-15 14:51:38,2022-06-21 16:47:58,10000,1,1,2022-06-15 14:51:38,2022-06-15 14:51:38,0,,,1,11,16,0,1,0,0,0,2,3,Review,"elevated credited campaign discount: 145000, reciprocal transfer loop with 16 partner(s), "
U018457,145000,6,6,6,2022-07-01 23:15:09,2022-07-09 20:53:01,0,0,0,,,0,,,1,34,1,0,1,0,0,1,1,3,Review,"elevated credited campaign discount: 145000, shared IP used by 34 users, reciprocal transfer loop with 1 partner(s), "
U019687,145000,6,6,6,2022-07-01 23:10:23,2022-07-09 21:03:57,0,0,0,,,0,,,1,34,1,0,1,0,0,1,1,3,Review,"elevated credited campaign discount: 145000, shared IP used by 34 users, reciprocal transfer loop with 1 partner(s), "
U021086,145000,5,5,5,2022-06-30 13:36:59,2022-07-01 21:43:47,0,0,0,,,5,2022-06-30 11:07:32,2022-07-26 19:14:17,1,17,3,0,1,0,0,0,2,3,Review,"elevated credited campaign discount: 145000, reciprocal transfer loop with 3 partner(s), "
U024171,145000,6,6,6,2022-06-07 03:16:39,2022-06-07 15:17:10,0,0,0,,,0,,,1,48,1,0,1,0,0,1,1,3,Review,"elevated credited campaign discount: 145000, shared IP used by 48 users, reciprocal transfer loop with 1 partner(s), "
U026061,145000,6,6,6,2022-06-05 17:19:01,2022-06-05 23:24:15,0,0,0,,,0,,,1,48,1,0,1,0,0,1,1,3,Review,"elevated credited campaign discount: 145000, shared IP used by 48 users, reciprocal transfer loop with 1 partner(s), "
U028050,145000,6,6,6,2022-07-01 23:12:41,2022-07-09 21:02:21,0,0,0,,,0,,,1,34,1,0,1,0,0,1,1,3,Review,"elevated credited campaign discount: 145000, shared IP used by 34 users, reciprocal transfer loop with 1 partner(s), "
U034542,145000,5,5,5,2022-06-11 22:08:17,2022-06-12 00:33:47,0,0,0,,,0,,,1,23,2,0,1,0,0,1,1,3,Review,"elevated credited campaign discount: 145000, shared IP used by 23 users, reciprocal transfer loop with 2 partner(s), "
U035846,145000,6,6,6,2022-06-27 16:40:58,2022-06-30 21:00:42,0,0,0,,,0,,,1,34,1,0,1,0,0,1,1,3,Review,"elevated credited campaign discount: 145000, shared IP used by 34 users, reciprocal transfer loop with 1 partner(s), "
U036256,145000,5,5,5,2022-07-23 17:14:51,2022-07-24 20:47:00,40000,1,1,2022-07-23 17:14:51,2022-07-23 17:14:51,0,,,1,10,34,0,1,0,0,0,2,3,Review,"elevated credited campaign discount: 145000, reciprocal transfer loop with 34 partner(s), "
U037797,145000,6,6,6,2022-07-04 22:01:51,2022-07-09 21:20:34,0,0,0,,,0,,,1,28,1,0,1,0,0,1,1,3,Review,"elevated credited campaign discount: 145000, shared IP used by 28 users, reciprocal transfer loop with 1 partner(s), "
U040620,145000,6,6,6,2022-07-09 22:29:40,2022-07-09 22:32:13,0,0,0,,,0,,,1,28,1,0,1,0,0,1,1,3,Review,"elevated credited campaign discount: 145000, shared IP used by 28 users, reciprocal transfer loop with 1 partner(s), "
U045461,145000,6,6,6,2022-07-04 21:31:28,2022-07-09 21:18:48,0,0,0,,,0,,,1,34,1,0,1,0,0,1,1,3,Review,"elevated credited campaign discount: 145000, shared IP used by 34 users, reciprocal transfer loop with 1 partner(s), "
U050005,145000,5,5,5,2022-06-11 22:30:27,2022-06-12 00:41:41,0,0,0,,,0,,,1,2,3,0,1,0,0,0,2,3,Review,"elevated credited campaign discount: 145000, reciprocal transfer loop with 3 partner(s), "
U050635,145000,6,6,6,2022-06-05 18:45:31,2022-06-05 23:19:08,0,0,0,,,0,,,1,48,1,0,1,0,0,1,1,3,Review,"elevated credited campaign discount: 145000, shared IP used by 48 users, reciprocal transfer loop with 1 partner(s), "
U052476,145000,6,6,6,2022-07-01 23:08:20,2022-07-09 21:05:24,0,0,0,,,1,2022-07-01 08:48:45,2022-07-01 08:48:45,1,34,1,0,1,0,0,1,1,3,Review,"elevated credited campaign discount: 145000, shared IP used by 34 users, reciprocal transfer loop with 1 partner(s), "
U053255,145000,6,6,6,2022-07-10 16:40:21,2022-07-10 16:42:31,0,0,0,,,0,,,1,25,1,0,1,0,0,1,1,3,Review,"elevated credited campaign discount: 145000, shared IP used by 25 users, reciprocal transfer loop with 1 partner(s), "
U058244,145000,6,6,6,2022-07-10 15:34:27,2022-07-10 15:37:02,0,0,0,,,0,,,1,25,1,0,1,0,0,1,1,3,Review,"elevated credited campaign discount: 145000, shared IP used by 25 users, reciprocal transfer loop with 1 partner(s), "
U065573,145000,6,6,6,2022-06-20 15:37:54,2022-06-30 20:54:57,0,0,0,,,0,,,1,34,1,0,1,0,0,1,1,3,Review,"elevated credited campaign discount: 145000, shared IP used by 34 users, reciprocal transfer loop with 1 partner(s), "
U067310,145000,6,6,6,2022-06-05 15:00:12,2022-06-05 23:20:20,0,0,0,,,0,,,1,48,1,0,1,0,0,1,1,3,Review,"elevated credited campaign discount: 145000, shared IP used by 48 users, reciprocal transfer loop with 1 partner(s), "
U069153,145000,6,6,6,2022-06-22 14:19:29,2022-06-30 20:51:42,0,0,0,,,2,2022-06-24 09:36:21,2022-07-24 09:32:33,1,34,1,0,1,0,0,1,1,3,Review,"elevated credited campaign discount: 145000, shared IP used by 34 users, reciprocal transfer loop with 1 partner(s), "
U072135,145000,6,6,6,2022-07-10 16:30:38,2022-07-10 16:44:11,0,0,0,,,0,,,1,25,1,0,1,0,0,1,1,3,Review,"elevated credited campaign discount: 145000, shared IP used by 25 users, reciprocal transfer loop with 1 partner(s), "
U072152,145000,5,5,5,2022-07-11 11:15:01,2022-07-31 10:13:33,50000,1,1,2022-07-11 11:15:01,2022-07-11 11:15:01,1,2022-07-11 10:44:30,2022-07-11 10:48:40,1,25,1,0,1,0,0,1,1,3,Review,"elevated credited campaign discount: 145000, shared IP used by 25 users, reciprocal transfer loop with 1 partner(s), "
U072970,145000,6,6,6,2022-06-06 13:43:06,2022-06-06 22:15:39,0,0,0,,,0,,,1,48,1,0,1,0,0,1,1,3,Review,"elevated credited campaign discount: 145000, shared IP used by 48 users, reciprocal transfer loop with 1 partner(s), "
U090415,145000,6,6,6,2022-07-04 21:27:16,2022-07-09 21:16:57,0,0,0,,,0,,,1,34,1,0,1,0,0,1,1,3,Review,"elevated credited campaign discount: 145000, shared IP used by 34 users, reciprocal transfer loop with 1 partner(s), "
U021266,140000,4,4,4,2022-06-03 09:00:00,2022-06-05 22:37:18,0,0,0,,,1,2022-06-03 08:31:23,2022-06-03 08:35:19,1,22,1,0,1,0,0,1,1,3,Review,"elevated credited campaign discount: 140000, shared IP used by 22 users, reciprocal transfer loop with 1 partner(s), "
U070775,140000,4,4,4,2022-07-09 21:27:18,2022-08-01 20:45:02,0,0,0,,,6,2022-07-09 22:19:00,2022-08-01 20:21:56,1,21,1,0,1,0,0,1,1,3,Review,"elevated credited campaign discount: 140000, shared IP used by 21 users, reciprocal transfer loop with 1 partner(s), "
U000578,135000,3,3,3,2022-07-11 21:42:39,2022-07-12 12:36:54,135000,3,3,2022-07-11 21:42:39,2022-07-12 12:36:54,3,2022-07-12 11:00:12,2022-07-12 12:36:44,1,73,0,0,1,0,0,2,0,3,Review,"elevated credited campaign discount: 135000, shared IP used by 73 users, "
U002144,135000,3,3,3,2022-07-13 23:43:21,2022-07-14 15:20:52,135000,3,3,2022-07-13 23:43:21,2022-07-14 15:20:52,3,2022-07-14 14:31:19,2022-07-14 15:20:42,1,165,0,0,1,0,0,2,0,3,Review,"elevated credited campaign discount: 135000, shared IP used by 165 users, "
U002436,135000,3,3,3,2022-07-14 20:36:50,2022-07-15 13:49:53,135000,3,3,2022-07-14 20:36:50,2022-07-15 13:49:53,3,2022-07-15 11:21:42,2022-07-15 13:49:37,1,165,0,0,1,0,0,2,0,3,Review,"elevated credited campaign discount: 135000, shared IP used by 165 users, "
U004715,135000,6,6,6,2022-07-08 21:31:23,2022-07-20 12:37:42,115000,5,5,2022-07-08 21:31:23,2022-07-09 11:24:55,0,,,1,8,4,0,1,0,0,0,2,3,Review,"elevated credited campaign discount: 135000, reciprocal transfer loop with 4 partner(s), "
U004989,135000,3,3,3,2022-07-13 11:40:27,2022-07-13 13:15:27,135000,3,3,2022-07-13 11:40:27,2022-07-13 13:15:27,3,2022-07-13 12:40:40,2022-07-13 13:15:18,1,83,0,0,1,0,0,2,0,3,Review,"elevated credited campaign discount: 135000, shared IP used by 83 users, "
U008422,135000,3,3,3,2022-07-15 12:27:44,2022-07-15 15:34:29,135000,3,3,2022-07-15 12:27:44,2022-07-15 15:34:29,3,2022-07-15 14:58:55,2022-07-15 15:34:18,1,165,0,0,1,0,0,2,0,3,Review,"elevated credited campaign discount: 135000, shared IP used by 165 users, "
U008861,135000,3,3,3,2022-07-11 21:33:45,2022-07-12 12:22:45,135000,3,3,2022-07-11 21:33:45,2022-07-12 12:22:45,3,2022-07-12 10:52:44,2022-07-12 12:26:56,1,73,0,0,1,0,0,2,0,3,Review,"elevated credited campaign discount: 135000, shared IP used by 73 users, "
U011233,135000,3,3,3,2022-07-14 15:45:57,2022-07-14 21:29:35,135000,3,3,2022-07-14 15:45:57,2022-07-14 21:29:35,3,2022-07-14 20:33:47,2022-07-14 21:29:06,1,165,0,0,1,0,0,2,0,3,Review,"elevated credited campaign discount: 135000, shared IP used by 165 users, "
U011621,135000,3,3,3,2022-07-13 11:58:39,2022-07-13 13:45:31,135000,3,3,2022-07-13 11:58:39,2022-07-13 13:45:31,2,2022-07-13 13:18:06,2022-07-13 13:45:20,1,83,0,0,1,0,0,2,0,3,Review,"elevated credited campaign discount: 135000, shared IP used by 83 users, "
U015232,135000,6,6,6,2022-07-28 01:37:20,2022-07-29 16:39:28,0,0,0,,,0,,,1,9,6,0,1,0,0,0,2,3,Review,"elevated credited campaign discount: 135000, reciprocal transfer loop with 6 partner(s), "
U015577,135000,3,3,3,2022-07-11 14:46:32,2022-07-11 18:53:20,135000,3,3,2022-07-11 14:46:32,2022-07-11 18:53:20,3,2022-07-11 15:47:15,2022-07-11 18:53:08,1,73,0,0,1,0,0,2,0,3,Review,"elevated credited campaign discount: 135000, shared IP used by 73 users, "
U015807,135000,7,7,7,2022-07-21 12:26:13,2022-07-26 17:16:44,0,0,0,,,0,,,1,5,3,0,1,0,0,0,2,3,Review,"elevated credited campaign discount: 135000, reciprocal transfer loop with 3 partner(s), "
U022111,135000,3,3,3,2022-07-11 18:58:46,2022-07-12 14:10:07,135000,3,3,2022-07-11 18:58:46,2022-07-12 14:10:07,3,2022-07-12 13:16:19,2022-07-12 14:09:53,1,73,0,0,1,0,0,2,0,3,Review,"elevated credited campaign discount: 135000, shared IP used by 73 users, "
U029559,135000,3,3,3,2022-07-11 19:56:17,2022-07-12 16:26:04,135000,3,3,2022-07-11 19:56:17,2022-07-12 16:26:04,3,2022-07-12 14:57:24,2022-07-12 16:25:48,1,73,0,0,1,0,0,2,0,3,Review,"elevated credited campaign discount: 135000, shared IP used by 73 users, "
U029653,135000,3,3,3,2022-07-12 16:46:13,2022-07-13 10:26:56,135000,3,3,2022-07-12 16:46:13,2022-07-13 10:26:56,3,2022-07-13 09:18:34,2022-07-13 10:26:46,1,83,0,0,1,0,0,2,0,3,Review,"elevated credited campaign discount: 135000, shared IP used by 83 users, "
U030461,135000,3,3,3,2022-07-14 15:33:43,2022-07-14 22:04:42,135000,3,3,2022-07-14 15:33:43,2022-07-14 22:04:42,3,2022-07-14 21:07:02,2022-07-14 22:04:20,1,165,0,0,1,0,0,2,0,3,Review,"elevated credited campaign discount: 135000, shared IP used by 165 users, "
U031388,135000,6,6,6,2022-07-10 08:21:20,2022-07-14 23:15:30,0,0,0,,,0,,,1,7,4,0,1,0,0,0,2,3,Review,"elevated credited campaign discount: 135000, reciprocal transfer loop with 4 partner(s), "
U032692,135000,5,5,5,2022-06-17 01:06:54,2022-06-17 16:53:55,135000,5,5,2022-06-17 01:06:54,2022-06-17 16:53:55,0,,,1,57,0,0,1,0,0,2,0,3,Review,"elevated credited campaign discount: 135000, shared IP used by 57 users, "
U034209,135000,5,5,5,2022-06-24 13:45:02,2022-07-09 21:50:12,0,0,0,,,7,2022-06-24 11:52:08,2022-06-30 17:03:11,1,20,1,0,1,0,0,1,1,3,Review,"elevated credited campaign discount: 135000, shared IP used by 20 users, reciprocal transfer loop with 1 partner(s), "
U035444,135000,3,3,3,2022-07-13 13:43:00,2022-07-13 23:27:28,135000,3,3,2022-07-13 13:43:00,2022-07-13 23:27:28,3,2022-07-13 22:33:10,2022-07-13 23:27:19,1,83,0,0,1,0,0,2,0,3,Review,"elevated credited campaign discount: 135000, shared IP used by 83 users, "
U035828,135000,3,3,3,2022-07-13 23:15:42,2022-07-14 17:50:00,135000,3,3,2022-07-13 23:15:42,2022-07-14 17:50:00,3,2022-07-14 17:04:27,2022-07-14 17:49:35,1,165,0,0,1,0,0,2,0,3,Review,"elevated credited campaign discount: 135000, shared IP used by 165 users, "
U036892,135000,5,5,5,2022-07-01 13:09:19,2022-07-01 19:49:57,135000,5,5,2022-07-01 13:09:19,2022-07-01 19:49:57,0,,,1,24,1,0,1,0,0,1,1,3,Review,"elevated credited campaign discount: 135000, shared IP used by 24 users, reciprocal transfer loop with 1 partner(s), "
U039289,135000,3,3,3,2022-06-05 11:22:53,2022-06-27 11:30:03,0,0,0,,,3,2022-06-27 09:45:58,2022-06-27 11:16:37,1,1,8,0,1,0,0,0,2,3,Review,"elevated credited campaign discount: 135000, reciprocal transfer loop with 8 partner(s), "
U039663,135000,3,3,3,2022-07-13 17:37:58,2022-07-13 20:59:04,135000,3,3,2022-07-13 17:37:58,2022-07-13 20:59:04,3,2022-07-13 20:21:41,2022-07-13 20:58:43,1,165,0,0,1,0,0,2,0,3,Review,"elevated credited campaign discount: 135000, shared IP used by 165 users, "
U039830,135000,3,3,3,2022-07-12 14:58:58,2022-07-12 22:39:24,135000,3,3,2022-07-12 14:58:58,2022-07-12 22:39:24,3,2022-07-12 21:50:42,2022-07-12 22:38:59,1,73,0,0,1,0,0,2,0,3,Review,"elevated credited campaign discount: 135000, shared IP used by 73 users, "
U044403,135000,5,5,5,2022-07-01 20:10:02,2022-07-02 08:37:21,135000,5,5,2022-07-01 20:10:02,2022-07-02 08:37:21,0,,,4,10,4,0,1,0,0,0,2,3,Review,"elevated credited campaign discount: 135000, reciprocal transfer loop with 4 partner(s), "
U047657,135000,6,6,6,2022-06-18 18:24:55,2022-06-18 18:37:41,0,0,0,,,1,2022-06-18 17:09:13,2022-06-18 17:10:32,1,10,13,0,1,0,0,0,2,3,Review,"elevated credited campaign discount: 135000, reciprocal transfer loop with 13 partner(s), "
U050498,135000,5,5,5,2022-06-17 22:47:48,2022-06-18 02:16:37,65000,2,2,2022-06-17 22:47:48,2022-06-17 23:28:55,0,,,1,57,0,0,1,0,0,2,0,3,Review,"elevated credited campaign discount: 135000, shared IP used by 57 users, "
U051125,135000,3,3,3,2022-06-29 22:30:01,2022-08-01 11:32:07,0,0,0,,,6,2022-06-29 22:06:58,2022-08-01 11:08:03,1,1,3,0,1,0,0,0,2,3,Review,"elevated credited campaign discount: 135000, reciprocal transfer loop with 3 partner(s), "
U053582,135000,3,3,3,2022-07-11 19:28:10,2022-07-12 20:53:28,135000,3,3,2022-07-11 19:28:10,2022-07-12 20:53:28,3,2022-07-12 17:36:10,2022-07-12 20:52:57,1,73,0,0,1,0,0,2,0,3,Review,"elevated credited campaign discount: 135000, shared IP used by 73 users, "
U053583,135000,6,6,6,2022-07-11 15:58:32,2022-07-23 15:32:27,0,0,0,,,0,,,1,27,1,0,1,0,0,1,1,3,Review,"elevated credited campaign discount: 135000, shared IP used by 27 users, reciprocal transfer loop with 1 partner(s), "
U054205,135000,3,3,3,2022-07-11 21:06:56,2022-07-12 16:50:56,135000,3,3,2022-07-11 21:06:56,2022-07-12 16:50:56,3,2022-07-12 13:44:47,2022-07-12 16:50:47,1,73,0,0,1,0,0,2,0,3,Review,"elevated credited campaign discount: 135000, shared IP used by 73 users, "
U058537,135000,3,3,3,2022-07-11 21:19:40,2022-07-12 11:38:03,135000,3,3,2022-07-11 21:19:40,2022-07-12 11:38:03,3,2022-07-12 10:07:20,2022-07-12 11:37:22,1,73,0,0,1,0,0,2,0,3,Review,"elevated credited campaign discount: 135000, shared IP used by 73 users, "
U058988,135000,3,3,3,2022-07-11 15:06:22,2022-07-11 19:58:39,135000,3,3,2022-07-11 15:06:22,2022-07-11 19:58:39,3,2022-07-11 18:15:55,2022-07-11 19:58:30,1,73,0,0,1,0,0,2,0,3,Review,"elevated credited campaign discount: 135000, shared IP used by 73 users, "
U068153,135000,3,3,3,2022-07-12 12:23:17,2022-07-12 21:55:23,135000,3,3,2022-07-12 12:23:17,2022-07-12 21:55:23,3,2022-07-12 20:59:54,2022-07-12 21:55:07,1,73,0,0,1,0,0,2,0,3,Review,"elevated credited campaign discount: 135000, shared IP used by 73 users, "
U071272,135000,3,3,3,2022-07-13 20:06:51,2022-07-14 10:53:01,135000,3,3,2022-07-13 20:06:51,2022-07-14 10:53:01,3,2022-07-14 09:38:26,2022-07-14 10:52:32,1,165,0,0,1,0,0,2,0,3,Review,"elevated credited campaign discount: 135000, shared IP used by 165 users, "
U071423,135000,3,3,3,2022-07-12 12:16:58,2022-07-12 22:21:47,135000,3,3,2022-07-12 12:16:58,2022-07-12 22:21:47,3,2022-07-12 21:36:32,2022-07-12 22:21:38,1,73,0,0,1,0,0,2,0,3,Review,"elevated credited campaign discount: 135000, shared IP used by 73 users, "
U072847,135000,3,3,3,2022-07-13 11:35:10,2022-07-13 13:28:17,135000,3,3,2022-07-13 11:35:10,2022-07-13 13:28:17,3,2022-07-13 12:54:17,2022-07-13 13:28:01,1,83,0,0,1,0,0,2,0,3,Review,"elevated credited campaign discount: 135000, shared IP used by 83 users, "
U076829,135000,3,3,3,2022-07-11 19:53:21,2022-07-12 17:23:36,135000,3,3,2022-07-11 19:53:21,2022-07-12 17:23:36,3,2022-07-12 15:44:42,2022-07-12 17:23:09,1,73,0,0,1,0,0,2,0,3,Review,"elevated credited campaign discount: 135000, shared IP used by 73 users, "
U076985,135000,6,6,6,2022-06-16 17:41:31,2022-06-18 21:10:09,0,0,0,,,0,,,1,10,30,0,1,0,0,0,2,3,Review,"elevated credited campaign discount: 135000, reciprocal transfer loop with 30 partner(s), "
U077434,135000,3,3,3,2022-07-11 18:47:41,2022-07-12 14:57:12,135000,3,3,2022-07-11 18:47:41,2022-07-12 14:57:12,3,2022-07-12 13:31:52,2022-07-12 14:56:38,1,73,0,0,1,0,0,2,0,3,Review,"elevated credited campaign discount: 135000, shared IP used by 73 users, "
U081237,135000,3,3,3,2022-07-11 19:38:56,2022-07-12 17:56:03,135000,3,3,2022-07-11 19:38:56,2022-07-12 17:56:03,3,2022-07-12 16:12:45,2022-07-12 17:55:33,1,73,0,0,1,0,0,2,0,3,Review,"elevated credited campaign discount: 135000, shared IP used by 73 users, "
U083278,135000,3,3,3,2022-07-13 17:35:10,2022-07-13 21:11:37,135000,3,3,2022-07-13 17:35:10,2022-07-13 21:11:37,3,2022-07-13 20:31:42,2022-07-13 21:11:09,1,165,0,0,1,0,0,2,0,3,Review,"elevated credited campaign discount: 135000, shared IP used by 165 users, "
U086215,135000,3,3,3,2022-07-15 12:54:09,2022-07-15 15:54:06,135000,3,3,2022-07-15 12:54:09,2022-07-15 15:54:06,3,2022-07-15 15:14:34,2022-07-15 15:53:58,1,165,0,0,1,0,0,2,0,3,Review,"elevated credited campaign discount: 135000, shared IP used by 165 users, "
U034087,130000,5,5,5,2022-06-11 12:58:17,2022-06-11 16:14:24,0,0,0,,,0,,,1,1,5,0,1,0,0,0,2,3,Review,"elevated credited campaign discount: 130000, reciprocal transfer loop with 5 partner(s), "
U016163,125000,5,5,5,2022-06-24 10:58:30,2022-06-24 11:14:23,0,0,0,,,0,,,1,20,2,0,1,0,0,1,1,3,Review,"elevated credited campaign discount: 125000, shared IP used by 20 users, reciprocal transfer loop with 2 partner(s), "
U016346,125000,5,5,5,2022-06-23 16:43:21,2022-06-23 16:50:25,0,0,0,,,0,,,1,20,1,0,1,0,0,1,1,3,Review,"elevated credited campaign discount: 125000, shared IP used by 20 users, reciprocal transfer loop with 1 partner(s), "
U017624,125000,6,6,6,2022-06-08 08:41:09,2022-06-11 21:25:43,0,0,0,,,0,,,1,8,33,0,1,0,0,0,2,3,Review,"elevated credited campaign discount: 125000, reciprocal transfer loop with 33 partner(s), "
U020320,125000,5,5,5,2022-06-23 17:21:42,2022-06-23 17:29:57,125000,5,5,2022-06-23 17:21:42,2022-06-23 17:29:57,0,,,1,20,1,0,1,0,0,1,1,3,Review,"elevated credited campaign discount: 125000, shared IP used by 20 users, reciprocal transfer loop with 1 partner(s), "
U028506,125000,5,5,5,2022-06-22 10:23:25,2022-07-01 20:26:12,0,0,0,,,1,2022-06-29 14:33:52,2022-06-29 14:35:11,1,29,1,0,1,0,0,1,1,3,Review,"elevated credited campaign discount: 125000, shared IP used by 29 users, reciprocal transfer loop with 1 partner(s), "
U030362,125000,5,5,5,2022-06-26 17:40:53,2022-06-27 09:01:43,0,0,0,,,0,,,1,20,1,0,1,0,0,1,1,3,Review,"elevated credited campaign discount: 125000, shared IP used by 20 users, reciprocal transfer loop with 1 partner(s), "
U041520,125000,5,5,5,2022-07-12 21:16:24,2022-07-13 08:04:50,0,0,0,,,0,,,1,28,1,0,1,0,0,1,1,3,Review,"elevated credited campaign discount: 125000, shared IP used by 28 users, reciprocal transfer loop with 1 partner(s), "
U041707,125000,5,5,5,2022-06-23 09:18:28,2022-06-23 09:38:50,0,0,0,,,0,,,1,20,1,0,1,0,0,1,1,3,Review,"elevated credited campaign discount: 125000, shared IP used by 20 users, reciprocal transfer loop with 1 partner(s), "
U053174,125000,5,5,5,2022-06-22 14:09:55,2022-06-30 20:53:36,95000,4,4,2022-06-22 14:09:55,2022-06-22 14:14:24,0,,,1,34,1,0,1,0,0,1,1,3,Review,"elevated credited campaign discount: 125000, shared IP used by 34 users, reciprocal transfer loop with 1 partner(s), "
U061986,125000,5,5,5,2022-06-23 09:38:03,2022-07-01 20:38:21,95000,4,4,2022-06-23 09:38:03,2022-06-23 09:39:47,0,,,1,29,1,0,1,0,0,1,1,3,Review,"elevated credited campaign discount: 125000, shared IP used by 29 users, reciprocal transfer loop with 1 partner(s), "
U074802,125000,5,5,5,2022-06-26 11:33:39,2022-06-26 11:42:50,125000,5,5,2022-06-26 11:33:39,2022-06-26 11:42:50,0,,,1,20,2,0,1,0,0,1,1,3,Review,"elevated credited campaign discount: 125000, shared IP used by 20 users, reciprocal transfer loop with 2 partner(s), "
U078482,125000,5,5,5,2022-07-11 09:41:34,2022-07-11 10:06:24,0,0,0,,,0,,,1,28,1,0,1,0,0,1,1,3,Review,"elevated credited campaign discount: 125000, shared IP used by 28 users, reciprocal transfer loop with 1 partner(s), "
U088610,125000,5,5,5,2022-06-17 20:08:20,2022-06-30 20:37:55,95000,4,4,2022-06-17 20:08:20,2022-06-17 20:10:48,0,,,1,34,1,0,1,0,0,1,1,3,Review,"elevated credited campaign discount: 125000, shared IP used by 34 users, reciprocal transfer loop with 1 partner(s), "
U089484,125000,5,5,5,2022-06-22 13:35:57,2022-06-22 13:49:06,0,0,0,,,0,,,1,20,1,0,1,0,0,1,1,3,Review,"elevated credited campaign discount: 125000, shared IP used by 20 users, reciprocal transfer loop with 1 partner(s), "
U089893,125000,5,5,5,2022-06-16 15:40:36,2022-06-25 21:16:23,0,0,0,,,0,,,1,3,33,0,1,0,0,0,2,3,Review,"elevated credited campaign discount: 125000, reciprocal transfer loop with 33 partner(s), "
U013308,120000,6,6,6,2022-06-03 03:10:12,2022-06-03 05:59:27,0,0,0,,,0,,,1,23,2,0,1,0,0,1,1,3,Review,"elevated credited campaign discount: 120000, shared IP used by 23 users, reciprocal transfer loop with 2 partner(s), "
U026641,120000,4,4,4,2022-07-10 11:00:05,2022-07-10 20:23:39,0,0,0,,,4,2022-07-10 10:37:26,2022-07-11 11:50:59,1,10,3,0,1,0,0,0,2,3,Review,"elevated credited campaign discount: 120000, reciprocal transfer loop with 3 partner(s), "
U049764,120000,3,3,3,2022-07-26 09:14:53,2022-07-29 09:27:52,0,0,0,,,3,2022-07-24 08:21:28,2022-07-26 08:21:08,1,3,3,0,1,0,0,0,2,3,Review,"elevated credited campaign discount: 120000, reciprocal transfer loop with 3 partner(s), "
U065672,120000,5,5,5,2022-06-04 14:57:26,2022-06-04 21:16:17,0,0,0,,,0,,,1,9,29,0,1,0,0,0,2,3,Review,"elevated credited campaign discount: 120000, reciprocal transfer loop with 29 partner(s), "
U076631,120000,3,3,3,2022-06-07 12:36:23,2022-06-27 12:15:15,0,0,0,,,7,2022-06-01 16:28:46,2022-07-19 19:13:35,1,1,6,0,1,0,0,0,2,3,Review,"elevated credited campaign discount: 120000, reciprocal transfer loop with 6 partner(s), "
U089377,120000,3,3,3,2022-07-09 10:57:58,2022-07-09 13:30:01,120000,3,3,2022-07-09 10:57:58,2022-07-09 13:30:01,2,2022-07-09 12:57:54,2022-07-09 13:07:26,1,1,4,0,1,0,0,0,2,3,Review,"elevated credited campaign discount: 120000, reciprocal transfer loop with 4 partner(s), "
U001476,115000,5,5,5,2022-06-13 16:58:10,2022-06-13 19:12:10,0,0,0,,,0,,,1,72,0,0,1,0,0,2,0,3,Review,"elevated credited campaign discount: 115000, shared IP used by 72 users, "
U005395,115000,5,5,5,2022-06-13 20:05:05,2022-06-13 22:40:27,0,0,0,,,0,,,1,72,0,0,1,0,0,2,0,3,Review,"elevated credited campaign discount: 115000, shared IP used by 72 users, "
U007291,115000,5,5,5,2022-06-25 08:55:34,2022-06-25 08:59:56,115000,5,5,2022-06-25 08:55:34,2022-06-25 08:59:56,0,,,1,29,1,0,1,0,0,1,1,3,Review,"elevated credited campaign discount: 115000, shared IP used by 29 users, reciprocal transfer loop with 1 partner(s), "
U007515,115000,5,5,5,2022-06-13 22:08:00,2022-06-14 00:27:39,0,0,0,,,0,,,1,72,0,0,1,0,0,2,0,3,Review,"elevated credited campaign discount: 115000, shared IP used by 72 users, "
U013245,115000,5,5,5,2022-06-24 15:49:42,2022-06-24 15:52:18,115000,5,5,2022-06-24 15:49:42,2022-06-24 15:52:18,0,,,1,29,1,0,1,0,0,1,1,3,Review,"elevated credited campaign discount: 115000, shared IP used by 29 users, reciprocal transfer loop with 1 partner(s), "
U013999,115000,5,5,5,2022-07-11 07:16:12,2022-07-30 17:07:36,35000,1,1,2022-07-11 07:16:12,2022-07-11 07:16:12,0,,,1,25,1,0,1,0,0,1,1,3,Review,"elevated credited campaign discount: 115000, shared IP used by 25 users, reciprocal transfer loop with 1 partner(s), "
U015313,115000,5,5,5,2022-06-08 12:15:07,2022-06-08 13:01:03,0,0,0,,,0,,,1,8,3,0,1,0,0,0,2,3,Review,"elevated credited campaign discount: 115000, reciprocal transfer loop with 3 partner(s), "
U016821,115000,5,5,5,2022-06-04 07:52:37,2022-06-04 10:58:32,0,0,0,,,0,,,1,48,1,0,1,0,0,1,1,3,Review,"elevated credited campaign discount: 115000, shared IP used by 48 users, reciprocal transfer loop with 1 partner(s), "
U019529,115000,5,5,5,2022-07-23 15:40:05,2022-07-23 15:59:43,0,0,0,,,0,,,1,9,10,0,1,0,0,0,2,3,Review,"elevated credited campaign discount: 115000, reciprocal transfer loop with 10 partner(s), "
U020049,115000,5,5,5,2022-06-06 16:38:17,2022-06-06 22:03:21,0,0,0,,,0,,,1,48,1,0,1,0,0,1,1,3,Review,"elevated credited campaign discount: 115000, shared IP used by 48 users, reciprocal transfer loop with 1 partner(s), "
U022970,115000,5,5,5,2022-06-04 19:25:31,2022-06-04 22:08:25,0,0,0,,,0,,,1,48,1,0,1,0,0,1,1,3,Review,"elevated credited campaign discount: 115000, shared IP used by 48 users, reciprocal transfer loop with 1 partner(s), "
U023507,115000,5,5,5,2022-06-01 18:23:31,2022-06-01 21:06:34,0,0,0,,,0,,,1,48,1,0,1,0,0,1,1,3,Review,"elevated credited campaign discount: 115000, shared IP used by 48 users, reciprocal transfer loop with 1 partner(s), "
U024854,115000,4,4,4,2022-06-01 01:19:12,2022-06-01 12:39:44,0,0,0,,,1,2022-06-01 12:07:19,2022-06-01 12:38:47,1,48,1,0,1,0,0,1,1,3,Review,"elevated credited campaign discount: 115000, shared IP used by 48 users, reciprocal transfer loop with 1 partner(s), "
U025693,115000,5,5,5,2022-06-29 08:24:43,2022-06-29 10:11:29,0,0,0,,,0,,,1,59,0,0,1,0,0,2,0,3,Review,"elevated credited campaign discount: 115000, shared IP used by 59 users, "
U026248,115000,5,5,5,2022-07-08 15:07:56,2022-07-14 18:04:33,0,0,0,,,1,2022-08-01 19:38:51,2022-08-01 19:38:51,1,20,2,0,1,0,0,1,1,3,Review,"elevated credited campaign discount: 115000, shared IP used by 20 users, reciprocal transfer loop with 2 partner(s), "
U026857,115000,5,5,5,2022-06-12 19:35:46,2022-06-12 22:48:29,0,0,0,,,0,,,1,72,0,0,1,0,0,2,0,3,Review,"elevated credited campaign discount: 115000, shared IP used by 72 users, "
U029839,115000,5,5,5,2022-06-12 22:39:29,2022-06-13 01:09:09,0,0,0,,,0,,,1,72,0,0,1,0,0,2,0,3,Review,"elevated credited campaign discount: 115000, shared IP used by 72 users, "
U031814,115000,5,5,5,2022-06-24 11:34:40,2022-06-24 11:45:05,0,0,0,,,0,,,1,2,4,0,1,0,0,0,2,3,Review,"elevated credited campaign discount: 115000, reciprocal transfer loop with 4 partner(s), "
U032297,115000,5,5,5,2022-06-06 14:36:09,2022-06-06 17:55:19,0,0,0,,,0,,,1,48,1,0,1,0,0,1,1,3,Review,"elevated credited campaign discount: 115000, shared IP used by 48 users, reciprocal transfer loop with 1 partner(s), "
U034189,115000,5,5,5,2022-06-01 20:24:25,2022-06-01 22:39:26,0,0,0,,,0,,,1,48,1,0,1,0,0,1,1,3,Review,"elevated credited campaign discount: 115000, shared IP used by 48 users, reciprocal transfer loop with 1 partner(s), "
U037682,115000,5,5,5,2022-06-26 13:42:31,2022-06-26 13:48:07,0,0,0,,,0,,,1,34,1,0,1,0,0,1,1,3,Review,"elevated credited campaign discount: 115000, shared IP used by 34 users, reciprocal transfer loop with 1 partner(s), "
U038001,115000,5,5,5,2022-06-12 19:24:39,2022-06-12 22:23:57,0,0,0,,,0,,,1,72,0,0,1,0,0,2,0,3,Review,"elevated credited campaign discount: 115000, shared IP used by 72 users, "
U038744,115000,5,5,5,2022-06-06 22:54:13,2022-06-07 00:44:39,0,0,0,,,0,,,1,27,1,0,1,0,0,1,1,3,Review,"elevated credited campaign discount: 115000, shared IP used by 27 users, reciprocal transfer loop with 1 partner(s), "
U040369,115000,5,5,5,2022-06-28 10:05:46,2022-06-28 11:16:48,0,0,0,,,0,,,1,59,0,0,1,0,0,2,0,3,Review,"elevated credited campaign discount: 115000, shared IP used by 59 users, "
U043667,115000,5,5,5,2022-06-27 16:54:48,2022-06-27 16:56:51,0,0,0,,,0,,,1,34,1,0,1,0,0,1,1,3,Review,"elevated credited campaign discount: 115000, shared IP used by 34 users, reciprocal transfer loop with 1 partner(s), "
U043671,115000,5,5,5,2022-06-12 19:30:20,2022-06-12 22:29:11,0,0,0,,,0,,,1,72,0,0,1,0,0,2,0,3,Review,"elevated credited campaign discount: 115000, shared IP used by 72 users, "
U044108,115000,5,5,5,2022-06-14 13:29:38,2022-06-14 16:18:20,0,0,0,,,0,,,1,72,0,0,1,0,0,2,0,3,Review,"elevated credited campaign discount: 115000, shared IP used by 72 users, "
U044739,115000,5,5,5,2022-06-10 13:44:32,2022-06-12 03:25:05,35000,1,1,2022-06-10 13:44:32,2022-06-10 13:44:32,0,,,1,24,1,0,1,0,0,1,1,3,Review,"elevated credited campaign discount: 115000, shared IP used by 24 users, reciprocal transfer loop with 1 partner(s), "
U053474,115000,5,5,5,2022-06-12 18:18:26,2022-06-12 21:04:39,0,0,0,,,0,,,1,72,0,0,1,0,0,2,0,3,Review,"elevated credited campaign discount: 115000, shared IP used by 72 users, "
U055842,115000,5,5,5,2022-06-23 21:27:08,2022-06-24 13:21:37,0,0,0,,,0,,,1,1,3,0,1,0,0,0,2,3,Review,"elevated credited campaign discount: 115000, reciprocal transfer loop with 3 partner(s), "
U057909,115000,5,5,5,2022-06-04 17:49:25,2022-06-05 01:27:37,0,0,0,,,0,,,1,23,2,0,1,0,0,1,1,3,Review,"elevated credited campaign discount: 115000, shared IP used by 23 users, reciprocal transfer loop with 2 partner(s), "
U061576,115000,5,5,5,2022-06-25 00:02:28,2022-06-28 11:06:48,0,0,0,,,0,,,1,22,1,0,1,0,0,1,1,3,Review,"elevated credited campaign discount: 115000, shared IP used by 22 users, reciprocal transfer loop with 1 partner(s), "
U061912,115000,5,5,5,2022-06-01 18:28:21,2022-06-01 20:57:19,0,0,0,,,0,,,1,48,1,0,1,0,0,1,1,3,Review,"elevated credited campaign discount: 115000, shared IP used by 48 users, reciprocal transfer loop with 1 partner(s), "
U062520,115000,5,5,5,2022-06-24 17:21:34,2022-06-24 17:28:22,115000,5,5,2022-06-24 17:21:34,2022-06-24 17:28:22,0,,,1,29,1,0,1,0,0,1,1,3,Review,"elevated credited campaign discount: 115000, shared IP used by 29 users, reciprocal transfer loop with 1 partner(s), "
U064204,115000,5,5,5,2022-06-13 16:46:33,2022-06-13 19:07:34,0,0,0,,,0,,,1,72,0,0,1,0,0,2,0,3,Review,"elevated credited campaign discount: 115000, shared IP used by 72 users, "
U064977,115000,5,5,5,2022-06-05 19:33:51,2022-06-15 22:24:27,0,0,0,,,0,,,1,27,1,0,1,0,0,1,1,3,Review,"elevated credited campaign discount: 115000, shared IP used by 27 users, reciprocal transfer loop with 1 partner(s), "
U066845,115000,5,5,5,2022-06-27 08:56:23,2022-06-27 09:39:39,0,0,0,,,0,,,1,2,16,0,1,0,0,0,2,3,Review,"elevated credited campaign discount: 115000, reciprocal transfer loop with 16 partner(s), "
U071409,115000,5,5,5,2022-06-13 15:26:25,2022-06-13 17:58:07,0,0,0,,,0,,,1,72,0,0,1,0,0,2,0,3,Review,"elevated credited campaign discount: 115000, shared IP used by 72 users, "
U073270,115000,5,5,5,2022-06-13 18:28:49,2022-06-13 22:35:38,0,0,0,,,0,,,1,72,0,0,1,0,0,2,0,3,Review,"elevated credited campaign discount: 115000, shared IP used by 72 users, "
U074447,115000,5,5,5,2022-06-05 21:13:29,2022-06-05 23:33:07,0,0,0,,,0,,,1,48,1,0,1,0,0,1,1,3,Review,"elevated credited campaign discount: 115000, shared IP used by 48 users, reciprocal transfer loop with 1 partner(s), "
U075430,115000,5,5,5,2022-07-09 12:12:48,2022-07-09 16:02:42,0,0,0,,,0,,,1,8,4,0,1,0,0,0,2,3,Review,"elevated credited campaign discount: 115000, reciprocal transfer loop with 4 partner(s), "
U075554,115000,5,5,5,2022-07-01 22:37:42,2022-07-01 23:15:50,115000,5,5,2022-07-01 22:37:42,2022-07-01 23:15:50,0,,,1,23,1,0,1,0,0,1,1,3,Review,"elevated credited campaign discount: 115000, shared IP used by 23 users, reciprocal transfer loop with 1 partner(s), "
U076214,115000,5,5,5,2022-06-04 18:47:05,2022-06-04 21:21:05,0,0,0,,,0,,,1,48,1,0,1,0,0,1,1,3,Review,"elevated credited campaign discount: 115000, shared IP used by 48 users, reciprocal transfer loop with 1 partner(s), "
U076357,115000,5,5,5,2022-06-19 14:55:11,2022-06-29 02:54:24,35000,1,1,2022-06-19 14:55:11,2022-06-19 14:55:11,0,,,1,74,0,0,1,0,0,2,0,3,Review,"elevated credited campaign discount: 115000, shared IP used by 74 users, "
U077955,115000,5,5,5,2022-07-10 12:36:22,2022-07-30 16:35:38,0,0,0,,,0,,,1,34,1,0,1,0,0,1,1,3,Review,"elevated credited campaign discount: 115000, shared IP used by 34 users, reciprocal transfer loop with 1 partner(s), "
U078865,115000,5,5,5,2022-06-06 19:41:50,2022-06-06 23:50:23,0,0,0,,,0,,,1,48,1,0,1,0,0,1,1,3,Review,"elevated credited campaign discount: 115000, shared IP used by 48 users, reciprocal transfer loop with 1 partner(s), "
U080138,115000,5,5,5,2022-06-21 15:37:54,2022-06-21 19:55:43,0,0,0,,,0,,,7,12,1,0,1,0,1,0,1,3,Review,"elevated credited campaign discount: 115000, shared device used by 7 users, reciprocal transfer loop with 1 partner(s), "
U085922,115000,5,5,5,2022-06-12 19:44:31,2022-06-12 22:54:11,0,0,0,,,0,,,1,72,0,0,1,0,0,2,0,3,Review,"elevated credited campaign discount: 115000, shared IP used by 72 users, "
U087733,115000,5,5,5,2022-06-12 12:48:30,2022-06-12 15:12:11,0,0,0,,,0,,,2,30,1,0,1,0,0,1,1,3,Review,"elevated credited campaign discount: 115000, shared IP used by 30 users, reciprocal transfer loop with 1 partner(s), "
U089449,115000,5,5,5,2022-07-01 19:45:04,2022-07-01 19:51:22,115000,5,5,2022-07-01 19:45:04,2022-07-01 19:51:22,0,,,1,21,1,0,1,0,0,1,1,3,Review,"elevated credited campaign discount: 115000, shared IP used by 21 users, reciprocal transfer loop with 1 partner(s), "
U012484,110000,4,4,4,2022-07-23 10:30:04,2022-08-01 00:43:13,0,0,0,,,1,2022-07-23 10:08:32,2022-07-23 10:12:38,1,2,3,0,1,0,0,0,2,3,Review,"elevated credited campaign discount: 110000, reciprocal transfer loop with 3 partner(s), "
U021427,110000,5,5,5,2022-06-04 15:06:55,2022-06-04 18:22:02,0,0,0,,,0,,,1,4,29,0,1,0,0,0,2,3,Review,"elevated credited campaign discount: 110000, reciprocal transfer loop with 29 partner(s), "
U028071,110000,3,3,3,2022-07-03 16:30:01,2022-07-22 10:30:03,0,0,0,,,5,2022-07-03 15:07:00,2022-07-27 14:59:49,1,4,5,0,1,0,0,0,2,3,Review,"elevated credited campaign discount: 110000, reciprocal transfer loop with 5 partner(s), "
U032661,110000,3,3,3,2022-07-09 21:45:00,2022-07-18 21:45:02,0,0,0,,,3,2022-07-09 21:13:52,2022-07-20 09:33:14,1,24,2,0,1,0,0,1,1,3,Review,"elevated credited campaign discount: 110000, shared IP used by 24 users, reciprocal transfer loop with 2 partner(s), "
U057532,110000,4,4,4,2022-06-01 09:32:19,2022-06-05 20:42:21,0,0,0,,,0,,,1,22,2,0,1,0,0,1,1,3,Review,"elevated credited campaign discount: 110000, shared IP used by 22 users, reciprocal transfer loop with 2 partner(s), "
U061787,110000,5,5,5,2022-06-02 20:02:12,2022-06-02 23:05:38,0,0,0,,,0,,,1,4,3,0,1,0,0,0,2,3,Review,"elevated credited campaign discount: 110000, reciprocal transfer loop with 3 partner(s), "
U065103,110000,5,5,5,2022-07-01 23:03:49,2022-07-04 21:00:04,20000,1,1,2022-07-01 23:03:49,2022-07-01 23:03:49,0,,,1,34,1,0,1,0,0,1,1,3,Review,"elevated credited campaign discount: 110000, shared IP used by 34 users, reciprocal transfer loop with 1 partner(s), "
U074525,110000,3,3,3,2022-06-24 23:12:30,2022-07-22 22:30:02,0,0,0,,,3,2022-07-12 09:16:52,2022-07-22 22:13:21,1,2,4,0,1,0,0,0,2,3,Review,"elevated credited campaign discount: 110000, reciprocal transfer loop with 4 partner(s), "
U078720,110000,3,3,3,2022-06-19 11:15:01,2022-07-17 19:15:02,0,0,0,,,3,2022-06-19 10:51:09,2022-07-17 18:51:09,1,14,3,0,1,0,0,0,2,3,Review,"elevated credited campaign discount: 110000, reciprocal transfer loop with 3 partner(s), "
U079463,110000,3,3,3,2022-07-26 01:15:00,2022-07-27 21:40:37,0,0,0,,,3,2022-07-25 23:57:44,2022-07-26 01:14:51,1,2,3,0,1,0,0,0,2,3,Review,"elevated credited campaign discount: 110000, reciprocal transfer loop with 3 partner(s), "
U081580,110000,3,3,3,2022-07-06 19:50:51,2022-07-24 01:17:44,0,0,0,,,6,2022-07-06 00:22:41,2022-07-07 20:08:06,1,3,3,0,1,0,0,0,2,3,Review,"elevated credited campaign discount: 110000, reciprocal transfer loop with 3 partner(s), "
U081717,110000,3,3,3,2022-06-05 02:08:56,2022-07-28 14:58:59,0,0,0,,,4,2022-06-18 16:42:35,2022-07-29 06:25:15,1,26,2,0,1,0,0,1,1,3,Review,"elevated credited campaign discount: 110000, shared IP used by 26 users, reciprocal transfer loop with 2 partner(s), "
U083491,110000,5,5,5,2022-06-04 15:06:59,2022-06-04 18:20:05,0,0,0,,,0,,,1,2,46,0,1,0,0,0,2,3,Review,"elevated credited campaign discount: 110000, reciprocal transfer loop with 46 partner(s), "
U001295,105000,5,5,5,2022-06-24 15:45:11,2022-07-04 13:47:38,0,0,0,,,0,,,1,7,3,0,1,0,0,0,2,3,Review,"elevated credited campaign discount: 105000, reciprocal transfer loop with 3 partner(s), "
U021331,105000,6,6,6,2022-06-07 00:19:17,2022-06-07 00:28:54,0,0,0,,,0,,,7,1,1,0,1,0,1,0,1,3,Review,"elevated credited campaign discount: 105000, shared device used by 7 users, reciprocal transfer loop with 1 partner(s), "
U023474,105000,4,4,4,2022-07-10 20:44:01,2022-07-10 20:58:46,0,0,0,,,0,,,1,28,1,0,1,0,0,1,1,3,Review,"elevated credited campaign discount: 105000, shared IP used by 28 users, reciprocal transfer loop with 1 partner(s), "
U026900,105000,4,4,4,2022-06-08 21:58:49,2022-06-08 22:03:06,0,0,0,,,0,,,1,5,27,0,1,0,0,0,2,3,Review,"elevated credited campaign discount: 105000, reciprocal transfer loop with 27 partner(s), "
U031265,105000,4,4,4,2022-06-19 17:58:50,2022-07-07 20:11:00,0,0,0,,,0,,,1,24,1,0,1,0,0,1,1,3,Review,"elevated credited campaign discount: 105000, shared IP used by 24 users, reciprocal transfer loop with 1 partner(s), "
U045184,105000,4,4,4,2022-06-24 11:27:33,2022-06-24 11:34:34,105000,4,4,2022-06-24 11:27:33,2022-06-24 11:34:34,0,,,1,7,16,0,1,0,0,0,2,3,Review,"elevated credited campaign discount: 105000, reciprocal transfer loop with 16 partner(s), "
U047744,105000,4,4,4,2022-07-23 15:31:12,2022-07-30 17:01:25,0,0,0,,,0,,,1,34,1,0,1,0,0,1,1,3,Review,"elevated credited campaign discount: 105000, shared IP used by 34 users, reciprocal transfer loop with 1 partner(s), "
U000153,100000,2,2,2,2022-06-08 08:00:00,2022-06-09 08:15:00,0,0,0,,,2,2022-06-08 07:31:56,2022-06-09 07:50:15,1,1,4,0,1,0,0,0,2,3,Review,"elevated credited campaign discount: 100000, reciprocal transfer loop with 4 partner(s), "
U000249,100000,2,2,2,2022-07-20 19:25:49,2022-07-21 15:30:00,0,0,0,,,2,2022-07-20 17:29:42,2022-07-21 15:01:40,1,2,3,0,1,0,0,0,2,3,Review,"elevated credited campaign discount: 100000, reciprocal transfer loop with 3 partner(s), "
U000353,100000,2,2,2,2022-06-11 16:36:00,2022-06-11 16:42:21,100000,2,2,2022-06-11 16:36:00,2022-06-11 16:42:21,2,2022-06-11 15:10:39,2022-06-11 16:42:10,1,99,0,0,1,0,0,2,0,3,Review,"elevated credited campaign discount: 100000, shared IP used by 99 users, "
U000356,100000,2,2,2,2022-06-10 20:00:13,2022-06-10 20:03:25,100000,2,2,2022-06-10 20:00:13,2022-06-10 20:03:25,2,2022-06-10 18:40:56,2022-06-10 20:03:13,1,99,0,0,1,0,0,2,0,3,Review,"elevated credited campaign discount: 100000, shared IP used by 99 users, "
U000635,100000,2,2,2,2022-06-11 15:24:37,2022-06-11 15:28:16,100000,2,2,2022-06-11 15:24:37,2022-06-11 15:28:16,2,2022-06-11 14:35:35,2022-06-11 15:28:06,1,99,0,0,1,0,0,2,0,3,Review,"elevated credited campaign discount: 100000, shared IP used by 99 users, "
U001073,100000,2,2,2,2022-07-09 21:00:01,2022-07-13 15:00:01,0,0,0,,,2,2022-07-09 20:32:07,2022-07-13 14:30:59,1,2,9,0,1,0,0,0,2,3,Review,"elevated credited campaign discount: 100000, reciprocal transfer loop with 9 partner(s), "
U001528,100000,2,2,2,2022-07-19 14:19:44,2022-08-01 16:25:31,0,0,0,,,4,2022-07-17 09:06:27,2022-07-31 13:46:35,0,0,3,0,1,0,0,0,2,3,Review,"elevated credited campaign discount: 100000, reciprocal transfer loop with 3 partner(s), "
U001683,100000,2,2,2,2022-06-11 12:53:40,2022-06-11 12:57:10,100000,2,2,2022-06-11 12:53:40,2022-06-11 12:57:10,2,2022-06-11 10:38:03,2022-06-11 12:57:01,1,99,0,0,1,0,0,2,0,3,Review,"elevated credited campaign discount: 100000, shared IP used by 99 users, "
U001963,100000,2,2,2,2022-07-26 08:26:49,2022-07-31 09:34:43,0,0,0,,,6,2022-06-09 19:00:23,2022-07-31 20:34:34,1,1,4,0,1,0,0,0,2,3,Review,"elevated credited campaign discount: 100000, reciprocal transfer loop with 4 partner(s), "
U002257,100000,2,2,2,2022-07-25 15:49:47,2022-07-25 15:53:01,100000,2,2,2022-07-25 15:49:47,2022-07-25 15:53:01,3,2022-07-25 15:23:08,2022-07-25 15:52:53,1,218,0,0,1,0,0,2,0,3,Review,"elevated credited campaign discount: 100000, shared IP used by 218 users, "
U002584,100000,2,2,2,2022-06-14 20:45:00,2022-07-04 13:16:59,0,0,0,,,2,2022-06-14 20:18:05,2022-07-03 22:35:03,1,1,3,0,1,0,0,0,2,3,Review,"elevated credited campaign discount: 100000, reciprocal transfer loop with 3 partner(s), "
U002915,100000,2,2,2,2022-07-23 20:40:29,2022-07-23 20:43:23,100000,2,2,2022-07-23 20:40:29,2022-07-23 20:43:23,3,2022-07-23 18:15:07,2022-07-23 20:43:14,1,218,0,0,1,0,0,2,0,3,Review,"elevated credited campaign discount: 100000, shared IP used by 218 users, "
U003497,100000,2,2,2,2022-07-23 15:13:45,2022-07-23 15:17:53,100000,2,2,2022-07-23 15:13:45,2022-07-23 15:17:53,3,2022-07-23 12:58:43,2022-07-23 15:17:35,1,218,0,0,1,0,0,2,0,3,Review,"elevated credited campaign discount: 100000, shared IP used by 218 users, "
U003637,100000,2,2,2,2022-06-04 13:26:19,2022-06-23 21:04:43,0,0,0,,,7,2022-06-04 13:15:19,2022-06-23 20:52:13,1,1,15,0,1,0,0,0,2,3,Review,"elevated credited campaign discount: 100000, reciprocal transfer loop with 15 partner(s), "
U004120,100000,2,2,2,2022-06-11 23:26:44,2022-06-11 23:33:02,100000,2,2,2022-06-11 23:26:44,2022-06-11 23:33:02,2,2022-06-11 20:51:32,2022-06-11 23:32:46,1,99,0,0,1,0,0,2,0,3,Review,"elevated credited campaign discount: 100000, shared IP used by 99 users, "
U004187,100000,2,2,2,2022-07-25 20:40:33,2022-07-25 20:43:50,100000,2,2,2022-07-25 20:40:33,2022-07-25 20:43:50,3,2022-07-25 19:46:03,2022-07-25 20:43:39,1,218,0,0,1,0,0,2,0,3,Review,"elevated credited campaign discount: 100000, shared IP used by 218 users, "
U004409,100000,2,2,2,2022-06-17 08:53:48,2022-06-30 09:58:23,0,0,0,,,6,2022-06-17 08:45:18,2022-06-30 09:44:43,0,0,3,0,1,0,0,0,2,3,Review,"elevated credited campaign discount: 100000, reciprocal transfer loop with 3 partner(s), "
U004470,100000,2,2,2,2022-07-23 16:31:36,2022-07-23 16:34:50,100000,2,2,2022-07-23 16:31:36,2022-07-23 16:34:50,4,2022-07-23 14:21:30,2022-07-23 16:34:38,1,218,0,0,1,0,0,2,0,3,Review,"elevated credited campaign discount: 100000, shared IP used by 218 users, "
U006373,100000,2,2,2,2022-06-30 18:47:52,2022-06-30 23:15:01,0,0,0,,,2,2022-06-30 00:10:50,2022-06-30 18:44:46,1,1,6,0,1,0,0,0,2,3,Review,"elevated credited campaign discount: 100000, reciprocal transfer loop with 6 partner(s), "
U006440,100000,2,2,2,2022-06-12 01:06:42,2022-06-12 01:09:29,100000,2,2,2022-06-12 01:06:42,2022-06-12 01:09:29,2,2022-06-11 23:11:33,2022-06-12 01:09:20,1,99,0,0,1,0,0,2,0,3,Review,"elevated credited campaign discount: 100000, shared IP used by 99 users, "
U006577,100000,2,2,2,2022-06-11 16:26:07,2022-06-11 16:36:18,100000,2,2,2022-06-11 16:26:07,2022-06-11 16:36:18,2,2022-06-11 15:07:31,2022-06-11 16:36:09,1,99,0,0,1,0,0,2,0,3,Review,"elevated credited campaign discount: 100000, shared IP used by 99 users, "
U007028,100000,2,2,2,2022-06-12 00:36:24,2022-06-12 00:46:53,100000,2,2,2022-06-12 00:36:24,2022-06-12 00:46:53,2,2022-06-11 21:39:21,2022-06-12 00:46:47,1,99,0,0,1,0,0,2,0,3,Review,"elevated credited campaign discount: 100000, shared IP used by 99 users, "
U007976,100000,2,2,2,2022-07-31 09:22:55,2022-07-31 19:30:01,0,0,0,,,4,2022-07-27 19:12:11,2022-07-31 19:04:10,1,4,3,0,1,0,0,0,2,3,Review,"elevated credited campaign discount: 100000, reciprocal transfer loop with 3 partner(s), "
U008123,100000,2,2,2,2022-06-29 20:10:37,2022-06-29 21:15:01,0,0,0,,,4,2022-06-28 21:59:05,2022-06-29 21:52:05,1,9,4,0,1,0,0,0,2,3,Review,"elevated credited campaign discount: 100000, reciprocal transfer loop with 4 partner(s), "
U008136,100000,2,2,2,2022-06-07 11:29:08,2022-06-16 13:30:01,0,0,0,,,12,2022-06-07 11:18:57,2022-07-11 14:29:49,1,1,3,0,1,0,0,0,2,3,Review,"elevated credited campaign discount: 100000, reciprocal transfer loop with 3 partner(s), "
U008144,100000,2,2,2,2022-07-01 15:25:01,2022-07-01 16:15:00,0,0,0,,,2,2022-07-01 15:20:57,2022-07-01 15:44:38,1,4,3,0,1,0,0,0,2,3,Review,"elevated credited campaign discount: 100000, reciprocal transfer loop with 3 partner(s), "
U008220,100000,2,2,2,2022-06-12 00:36:42,2022-06-12 00:43:39,100000,2,2,2022-06-12 00:36:42,2022-06-12 00:43:39,2,2022-06-11 22:39:02,2022-06-12 00:43:22,1,99,0,0,1,0,0,2,0,3,Review,"elevated credited campaign discount: 100000, shared IP used by 99 users, "
U008381,100000,2,2,2,2022-06-29 22:03:58,2022-06-29 23:15:00,0,0,0,,,3,2022-06-29 21:04:46,2022-06-29 23:01:00,1,5,17,0,1,0,0,0,2,3,Review,"elevated credited campaign discount: 100000, reciprocal transfer loop with 17 partner(s), "
U009115,100000,2,2,2,2022-07-29 19:45:00,2022-07-29 20:15:02,0,0,0,,,5,2022-07-29 19:13:07,2022-07-30 17:37:17,1,47,1,0,1,0,0,1,1,3,Review,"elevated credited campaign discount: 100000, shared IP used by 47 users, reciprocal transfer loop with 1 partner(s), "
U009209,100000,2,2,2,2022-06-11 11:26:00,2022-06-11 11:28:32,100000,2,2,2022-06-11 11:26:00,2022-06-11 11:28:32,2,2022-06-11 09:55:44,2022-06-11 11:28:22,0,99,0,0,1,0,0,2,0,3,Review,"elevated credited campaign discount: 100000, shared IP used by 99 users, "
U009238,100000,2,2,2,2022-07-12 20:45:01,2022-07-13 12:00:00,0,0,0,,,5,2022-07-12 09:47:50,2022-07-13 12:18:34,1,1,3,0,1,0,0,0,2,3,Review,"elevated credited campaign discount: 100000, reciprocal transfer loop with 3 partner(s), "
U009541,100000,2,2,2,2022-07-23 20:30:02,2022-07-25 20:00:07,0,0,0,,,4,2022-07-23 16:42:31,2022-07-28 09:56:51,1,1,5,0,1,0,0,0,2,3,Review,"elevated credited campaign discount: 100000, reciprocal transfer loop with 5 partner(s), "
U010531,100000,2,2,2,2022-07-25 13:47:33,2022-07-25 13:51:04,0,0,0,,,3,2022-07-25 12:59:31,2022-07-25 13:50:54,1,218,0,0,1,0,0,2,0,3,Review,"elevated credited campaign discount: 100000, shared IP used by 218 users, "
U010553,100000,2,2,2,2022-06-11 18:59:47,2022-06-11 19:08:29,100000,2,2,2022-06-11 18:59:47,2022-06-11 19:08:29,2,2022-06-11 17:17:26,2022-06-11 19:08:18,1,99,0,0,1,0,0,2,0,3,Review,"elevated credited campaign discount: 100000, shared IP used by 99 users, "
U010564,100000,2,2,2,2022-06-11 17:13:19,2022-06-11 17:17:16,100000,2,2,2022-06-11 17:13:19,2022-06-11 17:17:16,2,2022-06-11 15:51:46,2022-06-11 17:17:07,1,99,0,0,1,0,0,2,0,3,Review,"elevated credited campaign discount: 100000, shared IP used by 99 users, "
U010710,100000,2,2,2,2022-06-11 00:19:02,2022-06-11 00:19:28,100000,2,2,2022-06-11 00:19:02,2022-06-11 00:19:28,3,2022-06-10 23:47:25,2022-06-11 00:19:18,1,99,0,0,1,0,0,2,0,3,Review,"elevated credited campaign discount: 100000, shared IP used by 99 users, "
U011025,100000,2,2,2,2022-07-16 14:44:39,2022-07-16 15:15:02,0,0,0,,,29,2022-07-16 12:20:05,2022-07-17 08:10:06,0,0,0,0,1,2,0,0,0,3,Review,"elevated credited campaign discount: 100000, high referral count: 29, "
U011212,100000,2,2,2,2022-06-11 20:33:28,2022-06-11 20:37:52,100000,2,2,2022-06-11 20:33:28,2022-06-11 20:37:52,2,2022-06-11 18:00:15,2022-06-11 20:37:41,1,99,0,0,1,0,0,2,0,3,Review,"elevated credited campaign discount: 100000, shared IP used by 99 users, "
U011417,100000,2,2,2,2022-07-10 08:22:49,2022-07-29 16:30:04,0,0,0,,,2,2022-07-09 13:03:31,2022-07-29 16:10:23,1,16,9,0,1,0,0,0,2,3,Review,"elevated credited campaign discount: 100000, reciprocal transfer loop with 9 partner(s), "
U011609,100000,2,2,2,2022-07-31 10:30:00,2022-07-31 20:30:02,0,0,0,,,3,2022-07-30 18:27:29,2022-07-31 20:07:23,1,1,5,0,1,0,0,0,2,3,Review,"elevated credited campaign discount: 100000, reciprocal transfer loop with 5 partner(s), "
U011624,100000,2,2,2,2022-06-12 00:20:07,2022-06-12 00:30:00,0,0,0,,,2,2022-06-11 23:58:09,2022-06-12 00:08:12,1,1,3,0,1,0,0,0,2,3,Review,"elevated credited campaign discount: 100000, reciprocal transfer loop with 3 partner(s), "
U011669,100000,2,2,2,2022-06-08 15:23:14,2022-08-01 16:19:28,0,0,0,,,22,2022-06-01 08:01:41,2022-07-31 20:56:13,1,1,0,0,1,2,0,0,0,3,Review,"elevated credited campaign discount: 100000, high referral count: 22, "
U012027,100000,2,2,2,2022-07-28 10:45:05,2022-07-28 11:00:05,0,0,0,,,22,2022-07-28 10:24:50,2022-07-29 09:54:43,0,0,0,0,1,2,0,0,0,3,Review,"elevated credited campaign discount: 100000, high referral count: 22, "
U012439,100000,2,2,2,2022-07-13 23:33:17,2022-07-13 23:36:00,100000,2,2,2022-07-13 23:33:17,2022-07-13 23:36:00,3,2022-07-13 22:45:39,2022-07-13 23:35:50,1,83,0,0,1,0,0,2,0,3,Review,"elevated credited campaign discount: 100000, shared IP used by 83 users, "
U012510,100000,2,2,2,2022-07-31 14:00:59,2022-08-01 14:15:03,0,0,0,,,2,2022-07-18 14:41:54,2022-08-01 13:51:53,1,1,3,0,1,0,0,0,2,3,Review,"elevated credited campaign discount: 100000, reciprocal transfer loop with 3 partner(s), "
U012771,100000,2,2,2,2022-07-01 12:30:00,2022-07-01 12:45:00,0,0,0,,,4,2022-07-01 11:56:37,2022-07-29 14:44:22,1,4,4,0,1,0,0,0,2,3,Review,"elevated credited campaign discount: 100000, reciprocal transfer loop with 4 partner(s), "
U013535,100000,2,2,2,2022-06-08 08:00:01,2022-06-08 12:30:00,0,0,0,,,3,2022-06-07 23:42:36,2022-06-08 12:01:14,1,6,6,0,1,0,0,0,2,3,Review,"elevated credited campaign discount: 100000, reciprocal transfer loop with 6 partner(s), "
U013589,100000,2,2,2,2022-06-13 12:15:00,2022-06-13 12:30:00,0,0,0,,,4,2022-06-13 11:43:57,2022-08-01 06:42:09,0,0,3,0,1,0,0,0,2,3,Review,"elevated credited campaign discount: 100000, reciprocal transfer loop with 3 partner(s), "
U014204,100000,2,2,2,2022-07-20 21:23:01,2022-07-20 21:26:38,100000,2,2,2022-07-20 21:23:01,2022-07-20 21:26:38,3,2022-07-20 20:50:09,2022-07-20 21:26:26,1,218,0,0,1,0,0,2,0,3,Review,"elevated credited campaign discount: 100000, shared IP used by 218 users, "
U015236,100000,2,2,2,2022-06-10 12:32:59,2022-06-11 14:45:02,0,0,0,,,3,2022-06-10 12:27:16,2022-07-03 01:24:44,1,2,3,0,1,0,0,0,2,3,Review,"elevated credited campaign discount: 100000, reciprocal transfer loop with 3 partner(s), "
U015542,100000,2,2,2,2022-06-29 20:45:00,2022-07-22 10:50:28,0,0,0,,,2,2022-06-29 17:31:09,2022-07-22 10:48:30,1,1,3,0,1,0,0,0,2,3,Review,"elevated credited campaign discount: 100000, reciprocal transfer loop with 3 partner(s), "
U015737,100000,2,2,2,2022-07-17 19:04:06,2022-07-18 11:12:24,0,0,0,,,4,2022-07-17 18:37:40,2022-07-18 18:46:00,1,1,4,0,1,0,0,0,2,3,Review,"elevated credited campaign discount: 100000, reciprocal transfer loop with 4 partner(s), "
U015968,100000,2,2,2,2022-07-21 12:00:02,2022-08-01 21:55:33,0,0,0,,,4,2022-06-20 00:07:17,2022-08-01 21:54:24,1,15,14,0,1,0,0,0,2,3,Review,"elevated credited campaign discount: 100000, reciprocal transfer loop with 14 partner(s), "
U016761,100000,2,2,2,2022-07-16 05:50:23,2022-07-20 15:30:02,0,0,0,,,6,2022-07-16 01:57:25,2022-07-25 20:35:30,2,2,4,0,1,0,0,0,2,3,Review,"elevated credited campaign discount: 100000, reciprocal transfer loop with 4 partner(s), "
U017552,100000,2,2,2,2022-07-26 21:57:57,2022-07-26 22:06:31,100000,2,2,2022-07-26 21:57:57,2022-07-26 22:06:31,3,2022-07-26 20:33:07,2022-07-26 22:06:08,1,218,0,0,1,0,0,2,0,3,Review,"elevated credited campaign discount: 100000, shared IP used by 218 users, "
U017813,100000,2,2,2,2022-07-06 12:15:00,2022-07-07 13:15:01,0,0,0,,,2,2022-07-06 11:47:11,2022-07-07 12:50:51,1,4,4,0,1,0,0,0,2,3,Review,"elevated credited campaign discount: 100000, reciprocal transfer loop with 4 partner(s), "
U017871,100000,2,2,2,2022-07-28 01:30:00,2022-07-31 00:45:00,0,0,0,,,2,2022-07-28 01:07:01,2022-07-31 00:19:10,1,23,2,0,1,0,0,1,1,3,Review,"elevated credited campaign discount: 100000, shared IP used by 23 users, reciprocal transfer loop with 2 partner(s), "
U017904,100000,2,2,2,2022-07-29 21:45:05,2022-07-29 22:30:03,0,0,0,,,2,2022-07-29 21:18:51,2022-07-29 22:13:25,1,1,7,0,1,0,0,0,2,3,Review,"elevated credited campaign discount: 100000, reciprocal transfer loop with 7 partner(s), "
U017988,100000,2,2,2,2022-07-09 19:45:01,2022-07-22 19:21:47,0,0,0,,,2,2022-07-09 19:22:14,2022-07-22 19:21:23,1,2,3,0,1,0,0,0,2,3,Review,"elevated credited campaign discount: 100000, reciprocal transfer loop with 3 partner(s), "
U018131,100000,2,2,2,2022-07-25 19:55:17,2022-07-25 19:59:16,100000,2,2,2022-07-25 19:55:17,2022-07-25 19:59:16,3,2022-07-25 19:06:15,2022-07-25 19:59:06,1,218,0,0,1,0,0,2,0,3,Review,"elevated credited campaign discount: 100000, shared IP used by 218 users, "
U018618,100000,2,2,2,2022-06-05 17:39:03,2022-06-05 22:41:36,0,0,0,,,2,2022-06-05 17:30:04,2022-06-05 22:40:48,1,2,18,0,1,0,0,0,2,3,Review,"elevated credited campaign discount: 100000, reciprocal transfer loop with 18 partner(s), "
U018742,100000,2,2,2,2022-07-26 12:23:47,2022-07-26 12:30:03,100000,2,2,2022-07-26 12:23:47,2022-07-26 12:30:03,3,2022-07-26 11:35:12,2022-07-26 12:29:54,1,218,0,0,1,0,0,2,0,3,Review,"elevated credited campaign discount: 100000, shared IP used by 218 users, "
U018853,100000,2,2,2,2022-07-23 23:15:02,2022-07-24 20:00:01,0,0,0,,,4,2022-07-23 22:49:06,2022-07-27 16:17:28,1,1,3,0,1,0,0,0,2,3,Review,"elevated credited campaign discount: 100000, reciprocal transfer loop with 3 partner(s), "
U019498,100000,2,2,2,2022-06-11 18:02:11,2022-06-11 18:12:39,100000,2,2,2022-06-11 18:02:11,2022-06-11 18:12:39,2,2022-06-11 16:17:56,2022-06-11 18:12:29,1,99,0,0,1,0,0,2,0,3,Review,"elevated credited campaign discount: 100000, shared IP used by 99 users, "
U019678,100000,2,2,2,2022-07-10 11:45:04,2022-07-24 23:17:51,0,0,0,,,4,2022-07-10 11:20:22,2022-07-24 23:15:32,1,4,7,0,1,0,0,0,2,3,Review,"elevated credited campaign discount: 100000, reciprocal transfer loop with 7 partner(s), "
U019811,100000,2,2,2,2022-07-11 12:28:12,2022-07-18 23:15:02,0,0,0,,,2,2022-07-10 19:56:08,2022-07-18 22:49:30,1,4,7,0,1,0,0,0,2,3,Review,"elevated credited campaign discount: 100000, reciprocal transfer loop with 7 partner(s), "
U020440,100000,2,2,2,2022-07-21 22:14:20,2022-07-21 22:17:54,100000,2,2,2022-07-21 22:14:20,2022-07-21 22:17:54,3,2022-07-21 21:23:07,2022-07-21 22:17:45,1,218,0,0,1,0,0,2,0,3,Review,"elevated credited campaign discount: 100000, shared IP used by 218 users, "
U020709,100000,2,2,2,2022-07-28 19:00:00,2022-07-28 19:45:00,0,0,0,,,2,2022-07-28 18:25:51,2022-07-28 19:17:10,1,9,17,0,1,0,0,0,2,3,Review,"elevated credited campaign discount: 100000, reciprocal transfer loop with 17 partner(s), "
U021285,100000,2,2,2,2022-07-17 23:28:58,2022-07-22 14:15:03,0,0,0,,,3,2022-07-11 03:50:04,2022-07-31 13:08:47,2,3,4,0,1,0,0,0,2,3,Review,"elevated credited campaign discount: 100000, reciprocal transfer loop with 4 partner(s), "
U021447,100000,2,2,2,2022-07-18 14:28:34,2022-07-22 10:00:02,0,0,0,,,2,2022-07-11 18:50:05,2022-07-20 07:28:37,1,5,3,0,1,0,0,0,2,3,Review,"elevated credited campaign discount: 100000, reciprocal transfer loop with 3 partner(s), "
U022191,100000,2,2,2,2022-07-23 20:57:56,2022-07-23 21:00:36,100000,2,2,2022-07-23 20:57:56,2022-07-23 21:00:36,2,2022-07-23 20:19:08,2022-07-23 21:00:26,1,218,0,0,1,0,0,2,0,3,Review,"elevated credited campaign discount: 100000, shared IP used by 218 users, "
U022272,100000,2,2,2,2022-07-25 14:25:09,2022-07-25 14:28:18,0,0,0,,,3,2022-07-25 13:30:29,2022-07-25 14:28:08,1,218,0,0,1,0,0,2,0,3,Review,"elevated credited campaign discount: 100000, shared IP used by 218 users, "
U022387,100000,2,2,2,2022-07-29 17:38:14,2022-08-01 09:30:00,0,0,0,,,1,2022-07-27 21:16:45,2022-08-01 08:58:36,1,2,3,0,1,0,0,0,2,3,Review,"elevated credited campaign discount: 100000, reciprocal transfer loop with 3 partner(s), "
U022556,100000,2,2,2,2022-07-12 18:45:02,2022-07-12 21:30:00,0,0,0,,,4,2022-07-12 18:18:34,2022-07-13 00:03:53,1,1,3,0,1,0,0,0,2,3,Review,"elevated credited campaign discount: 100000, reciprocal transfer loop with 3 partner(s), "
U022766,100000,2,2,2,2022-07-22 19:22:50,2022-07-22 19:25:53,100000,2,2,2022-07-22 19:22:50,2022-07-22 19:25:53,3,2022-07-22 18:24:48,2022-07-22 19:25:43,1,218,0,0,1,0,0,2,0,3,Review,"elevated credited campaign discount: 100000, shared IP used by 218 users, "
U023125,100000,2,2,2,2022-07-11 21:51:09,2022-07-29 21:45:00,50000,1,1,2022-07-11 21:51:09,2022-07-11 21:51:09,3,2022-07-11 17:48:24,2022-08-01 12:25:58,1,1,3,0,1,0,0,0,2,3,Review,"elevated credited campaign discount: 100000, reciprocal transfer loop with 3 partner(s), "
U023462,100000,2,2,2,2022-06-06 15:52:43,2022-06-06 15:52:52,100000,2,2,2022-06-06 15:52:43,2022-06-06 15:52:52,2,2022-06-06 15:27:38,2022-06-06 15:52:30,1,99,0,0,1,0,0,2,0,3,Review,"elevated credited campaign discount: 100000, shared IP used by 99 users, "
U023838,100000,2,2,2,2022-06-05 17:45:00,2022-06-06 11:30:00,0,0,0,,,4,2022-06-05 17:21:01,2022-07-24 07:25:45,1,4,9,0,1,0,0,0,2,3,Review,"elevated credited campaign discount: 100000, reciprocal transfer loop with 9 partner(s), "
U024578,100000,2,2,2,2022-07-23 17:59:56,2022-07-23 18:08:30,100000,2,2,2022-07-23 17:59:56,2022-07-23 18:08:30,3,2022-07-23 15:38:55,2022-07-23 18:08:09,1,218,0,0,1,0,0,2,0,3,Review,"elevated credited campaign discount: 100000, shared IP used by 218 users, "
U024838,100000,2,2,2,2022-06-10 23:34:35,2022-06-10 23:37:16,100000,2,2,2022-06-10 23:34:35,2022-06-10 23:37:16,2,2022-06-10 22:41:00,2022-06-10 23:36:50,1,99,0,0,1,0,0,2,0,3,Review,"elevated credited campaign discount: 100000, shared IP used by 99 users, "
U024961,100000,2,2,2,2022-06-11 23:45:09,2022-06-11 23:52:54,100000,2,2,2022-06-11 23:45:09,2022-06-11 23:52:54,2,2022-06-11 21:07:26,2022-06-11 23:52:41,1,99,0,0,1,0,0,2,0,3,Review,"elevated credited campaign discount: 100000, shared IP used by 99 users, "
U025214,100000,2,2,2,2022-07-04 21:30:00,2022-07-07 09:30:02,0,0,0,,,5,2022-07-04 20:56:07,2022-07-07 09:19:05,1,2,3,0,1,0,0,0,2,3,Review,"elevated credited campaign discount: 100000, reciprocal transfer loop with 3 partner(s), "
U026056,100000,2,2,2,2022-06-09 13:00:00,2022-06-09 13:45:00,0,0,0,,,2,2022-06-09 12:36:33,2022-06-09 13:27:44,3,1,43,0,1,0,0,0,2,3,Review,"elevated credited campaign discount: 100000, reciprocal transfer loop with 43 partner(s), "
U026476,100000,2,2,2,2022-06-10 23:48:48,2022-06-10 23:57:28,100000,2,2,2022-06-10 23:48:48,2022-06-10 23:57:28,3,2022-06-10 22:55:44,2022-06-10 23:57:17,1,99,0,0,1,0,0,2,0,3,Review,"elevated credited campaign discount: 100000, shared IP used by 99 users, "
U026570,100000,2,2,2,2022-06-06 15:57:52,2022-06-06 15:57:58,100000,2,2,2022-06-06 15:57:52,2022-06-06 15:57:58,2,2022-06-06 15:31:36,2022-06-06 15:57:41,1,99,0,0,1,0,0,2,0,3,Review,"elevated credited campaign discount: 100000, shared IP used by 99 users, "
U026898,100000,2,2,2,2022-07-25 21:38:32,2022-07-25 21:48:11,100000,2,2,2022-07-25 21:38:32,2022-07-25 21:48:11,3,2022-07-25 21:10:08,2022-07-25 22:38:44,1,218,0,0,1,0,0,2,0,3,Review,"elevated credited campaign discount: 100000, shared IP used by 218 users, "
U027445,100000,2,2,2,2022-06-12 00:40:04,2022-06-12 00:49:47,100000,2,2,2022-06-12 00:40:04,2022-06-12 00:49:47,2,2022-06-11 21:45:48,2022-06-12 00:49:36,1,99,0,0,1,0,0,2,0,3,Review,"elevated credited campaign discount: 100000, shared IP used by 99 users, "
U027604,100000,2,2,2,2022-06-02 03:15:00,2022-07-09 19:04:51,0,0,0,,,2,2022-06-02 02:44:18,2022-07-09 19:03:17,1,2,3,0,1,0,0,0,2,3,Review,"elevated credited campaign discount: 100000, reciprocal transfer loop with 3 partner(s), "
U027622,100000,2,2,2,2022-07-03 20:15:00,2022-07-03 21:00:01,0,0,0,,,6,2022-07-02 16:45:28,2022-07-11 02:15:04,1,2,4,0,1,0,0,0,2,3,Review,"elevated credited campaign discount: 100000, reciprocal transfer loop with 4 partner(s), "
U029026,100000,2,2,2,2022-06-11 16:17:51,2022-06-11 16:21:27,100000,2,2,2022-06-11 16:17:51,2022-06-11 16:21:27,2,2022-06-11 15:03:30,2022-06-11 16:21:17,1,99,0,0,1,0,0,2,0,3,Review,"elevated credited campaign discount: 100000, shared IP used by 99 users, "
U029238,100000,2,2,2,2022-06-30 13:24:52,2022-06-30 16:00:00,0,0,0,,,4,2022-06-30 13:20:04,2022-06-30 17:57:15,1,5,17,0,1,0,0,0,2,3,Review,"elevated credited campaign discount: 100000, reciprocal transfer loop with 17 partner(s), "
U029293,100000,2,2,2,2022-07-14 18:45:00,2022-07-14 19:00:00,0,0,0,,,2,2022-07-14 18:11:18,2022-07-14 18:26:14,1,1,4,0,1,0,0,0,2,3,Review,"elevated credited campaign discount: 100000, reciprocal transfer loop with 4 partner(s), "
U029834,100000,2,2,2,2022-06-04 16:46:20,2022-06-09 22:30:00,0,0,0,,,7,2022-06-04 10:47:01,2022-06-09 22:01:35,1,2,3,0,1,0,0,0,2,3,Review,"elevated credited campaign discount: 100000, reciprocal transfer loop with 3 partner(s), "
U029984,100000,2,2,2,2022-07-03 16:45:03,2022-07-29 22:25:18,0,0,0,,,2,2022-07-03 16:21:45,2022-07-29 22:24:13,1,2,4,0,1,0,0,0,2,3,Review,"elevated credited campaign discount: 100000, reciprocal transfer loop with 4 partner(s), "
U030017,100000,2,2,2,2022-07-11 19:24:40,2022-07-11 19:27:36,100000,2,2,2022-07-11 19:24:40,2022-07-11 19:27:36,3,2022-07-11 17:03:35,2022-07-11 19:27:26,1,73,0,0,1,0,0,2,0,3,Review,"elevated credited campaign discount: 100000, shared IP used by 73 users, "
U030538,100000,2,2,2,2022-07-26 22:23:44,2022-07-26 22:29:11,100000,2,2,2022-07-26 22:23:44,2022-07-26 22:29:11,3,2022-07-26 21:03:43,2022-07-26 22:28:59,1,218,0,0,1,0,0,2,0,3,Review,"elevated credited campaign discount: 100000, shared IP used by 218 users, "
U030668,100000,2,2,2,2022-07-14 22:15:02,2022-07-29 18:49:24,0,0,0,,,4,2022-07-14 21:50:42,2022-07-19 18:53:23,1,4,3,0,1,0,0,0,2,3,Review,"elevated credited campaign discount: 100000, reciprocal transfer loop with 3 partner(s), "
U031060,100000,2,2,2,2022-07-22 12:21:11,2022-07-22 12:28:01,100000,2,2,2022-07-22 12:21:11,2022-07-22 12:28:01,3,2022-07-22 11:25:52,2022-07-22 12:27:44,1,218,0,0,1,0,0,2,0,3,Review,"elevated credited campaign discount: 100000, shared IP used by 218 users, "
U031387,100000,2,2,2,2022-06-01 20:55:04,2022-07-05 11:00:00,0,0,0,,,5,2022-06-01 20:46:19,2022-07-05 10:32:12,0,0,3,0,1,0,0,0,2,3,Review,"elevated credited campaign discount: 100000, reciprocal transfer loop with 3 partner(s), "
U031973,100000,2,2,2,2022-07-04 00:15:00,2022-07-18 23:48:37,0,0,0,,,5,2022-07-03 23:47:10,2022-07-25 01:16:27,1,20,2,0,1,0,0,1,1,3,Review,"elevated credited campaign discount: 100000, shared IP used by 20 users, reciprocal transfer loop with 2 partner(s), "
U031988,100000,2,2,2,2022-07-25 23:14:05,2022-07-25 23:46:19,100000,2,2,2022-07-25 23:14:05,2022-07-25 23:46:19,3,2022-07-25 22:29:40,2022-07-25 23:46:10,1,218,0,0,1,0,0,2,0,3,Review,"elevated credited campaign discount: 100000, shared IP used by 218 users, "
U032017,100000,2,2,2,2022-06-11 20:50:52,2022-06-11 20:55:58,100000,2,2,2022-06-11 20:50:52,2022-06-11 20:55:58,2,2022-06-11 18:10:16,2022-06-11 20:55:49,1,99,0,0,1,0,0,2,0,3,Review,"elevated credited campaign discount: 100000, shared IP used by 99 users, "
U032699,100000,2,2,2,2022-06-28 07:59:02,2022-07-03 16:15:02,0,0,0,,,27,2022-06-04 15:42:49,2022-07-31 18:31:04,1,1,0,0,1,2,0,0,0,3,Review,"elevated credited campaign discount: 100000, high referral count: 27, "
U033316,100000,2,2,2,2022-07-23 00:02:10,2022-07-23 00:05:03,100000,2,2,2022-07-23 00:02:10,2022-07-23 00:05:03,3,2022-07-22 23:15:33,2022-07-23 00:04:48,1,218,0,0,1,0,0,2,0,3,Review,"elevated credited campaign discount: 100000, shared IP used by 218 users, "
U033363,100000,2,2,2,2022-07-13 12:15:00,2022-07-21 11:42:40,0,0,0,,,2,2022-07-13 11:40:53,2022-07-21 11:42:04,0,0,3,0,1,0,0,0,2,3,Review,"elevated credited campaign discount: 100000, reciprocal transfer loop with 3 partner(s), "
U034913,100000,2,2,2,2022-07-22 21:57:40,2022-07-22 22:05:47,100000,2,2,2022-07-22 21:57:40,2022-07-22 22:05:47,3,2022-07-22 21:33:27,2022-07-22 22:05:33,1,218,0,0,1,0,0,2,0,3,Review,"elevated credited campaign discount: 100000, shared IP used by 218 users, "
U035113,100000,2,2,2,2022-07-25 13:50:46,2022-07-25 14:00:02,0,0,0,,,5,2022-07-25 13:25:29,2022-07-25 15:02:34,1,2,5,0,1,0,0,0,2,3,Review,"elevated credited campaign discount: 100000, reciprocal transfer loop with 5 partner(s), "
U035236,100000,2,2,2,2022-06-10 21:15:13,2022-06-10 21:21:58,100000,2,2,2022-06-10 21:15:13,2022-06-10 21:21:58,2,2022-06-10 20:26:17,2022-06-10 21:21:48,1,99,0,0,1,0,0,2,0,3,Review,"elevated credited campaign discount: 100000, shared IP used by 99 users, "
U036172,100000,2,2,2,2022-06-11 00:23:52,2022-06-11 00:25:50,100000,2,2,2022-06-11 00:23:52,2022-06-11 00:25:50,2,2022-06-10 23:54:11,2022-06-11 00:25:39,1,99,0,0,1,0,0,2,0,3,Review,"elevated credited campaign discount: 100000, shared IP used by 99 users, "
U036812,100000,2,2,2,2022-06-30 11:45:02,2022-06-30 13:00:00,0,0,0,,,4,2022-06-30 11:22:18,2022-06-30 14:16:43,1,3,35,0,1,0,0,0,2,3,Review,"elevated credited campaign discount: 100000, reciprocal transfer loop with 35 partner(s), "
U037200,100000,2,2,2,2022-06-11 00:04:45,2022-06-11 00:06:23,100000,2,2,2022-06-11 00:04:45,2022-06-11 00:06:23,2,2022-06-10 23:15:43,2022-06-11 00:06:13,1,99,0,0,1,0,0,2,0,3,Review,"elevated credited campaign discount: 100000, shared IP used by 99 users, "
U037585,100000,2,2,2,2022-07-27 19:13:23,2022-07-27 19:16:14,100000,2,2,2022-07-27 19:13:23,2022-07-27 19:16:14,3,2022-07-27 14:53:52,2022-07-27 19:16:04,1,218,0,0,1,0,0,2,0,3,Review,"elevated credited campaign discount: 100000, shared IP used by 218 users, "
U037667,100000,2,2,2,2022-06-11 21:00:55,2022-06-11 21:08:58,100000,2,2,2022-06-11 21:00:55,2022-06-11 21:08:58,2,2022-06-11 18:21:36,2022-06-11 21:08:46,1,99,0,0,1,0,0,2,0,3,Review,"elevated credited campaign discount: 100000, shared IP used by 99 users, "
U037700,100000,2,2,2,2022-07-26 16:25:37,2022-07-26 16:28:43,100000,2,2,2022-07-26 16:25:37,2022-07-26 16:28:43,3,2022-07-26 14:58:07,2022-07-26 16:28:35,1,218,0,0,1,0,0,2,0,3,Review,"elevated credited campaign discount: 100000, shared IP used by 218 users, "
U037738,100000,2,2,2,2022-06-01 13:13:29,2022-06-02 10:45:00,0,0,0,,,4,2022-06-01 13:09:45,2022-06-24 13:36:42,1,7,3,0,1,0,0,0,2,3,Review,"elevated credited campaign discount: 100000, reciprocal transfer loop with 3 partner(s), "
U037947,100000,2,2,2,2022-06-11 17:04:44,2022-06-11 17:09:38,100000,2,2,2022-06-11 17:04:44,2022-06-11 17:09:38,2,2022-06-11 15:46:52,2022-06-11 17:09:29,1,99,0,0,1,0,0,2,0,3,Review,"elevated credited campaign discount: 100000, shared IP used by 99 users, "
U037956,100000,2,2,2,2022-06-12 00:54:21,2022-06-12 01:17:47,100000,2,2,2022-06-12 00:54:21,2022-06-12 01:17:47,2,2022-06-11 21:57:43,2022-06-12 01:17:38,1,99,0,0,1,0,0,2,0,3,Review,"elevated credited campaign discount: 100000, shared IP used by 99 users, "
U038099,100000,2,2,2,2022-06-03 20:13:17,2022-06-13 15:18:02,0,0,0,,,7,2022-06-02 17:46:25,2022-07-18 20:21:11,1,34,1,0,1,0,0,1,1,3,Review,"elevated credited campaign discount: 100000, shared IP used by 34 users, reciprocal transfer loop with 1 partner(s), "
U038245,100000,2,2,2,2022-06-01 20:45:00,2022-07-31 20:15:03,0,0,0,,,3,2022-06-01 20:26:39,2022-07-31 19:57:37,1,1,4,0,1,0,0,0,2,3,Review,"elevated credited campaign discount: 100000, reciprocal transfer loop with 4 partner(s), "
U038336,100000,2,2,2,2022-06-10 19:53:13,2022-06-10 19:56:17,100000,2,2,2022-06-10 19:53:13,2022-06-10 19:56:17,2,2022-06-10 18:31:46,2022-06-10 19:56:08,1,99,0,0,1,0,0,2,0,3,Review,"elevated credited campaign discount: 100000, shared IP used by 99 users, "
U038647,100000,2,2,2,2022-06-12 00:58:26,2022-06-12 01:02:45,100000,2,2,2022-06-12 00:58:26,2022-06-12 01:02:45,2,2022-06-11 22:59:21,2022-06-12 01:02:36,1,99,0,0,1,0,0,2,0,3,Review,"elevated credited campaign discount: 100000, shared IP used by 99 users, "
U038714,100000,2,2,2,2022-07-11 14:45:34,2022-07-11 14:51:18,100000,2,2,2022-07-11 14:45:34,2022-07-11 14:51:18,3,2022-07-11 13:42:44,2022-07-11 14:50:45,1,73,0,0,1,0,0,2,0,3,Review,"elevated credited campaign discount: 100000, shared IP used by 73 users, "
U038793,100000,2,2,2,2022-07-29 14:26:44,2022-07-29 19:53:05,0,0,0,,,3,2022-07-29 12:40:09,2022-07-29 19:40:43,1,1,3,0,1,0,0,0,2,3,Review,"elevated credited campaign discount: 100000, reciprocal transfer loop with 3 partner(s), "
U038814,100000,2,2,2,2022-07-26 13:24:57,2022-07-26 13:28:14,100000,2,2,2022-07-26 13:24:57,2022-07-26 13:28:14,3,2022-07-26 12:39:19,2022-07-26 13:28:06,1,218,0,0,1,0,0,2,0,3,Review,"elevated credited campaign discount: 100000, shared IP used by 218 users, "
U039197,100000,2,2,2,2022-06-11 15:15:48,2022-06-11 15:19:55,100000,2,2,2022-06-11 15:15:48,2022-06-11 15:19:55,2,2022-06-11 14:22:08,2022-06-11 15:19:46,1,99,0,0,1,0,0,2,0,3,Review,"elevated credited campaign discount: 100000, shared IP used by 99 users, "
U039470,100000,2,2,2,2022-07-28 00:29:17,2022-07-28 00:31:16,0,0,0,,,3,2022-07-27 23:23:31,2022-07-28 00:31:03,1,218,0,0,1,0,0,2,0,3,Review,"elevated credited campaign discount: 100000, shared IP used by 218 users, "
U039779,100000,2,2,2,2022-06-11 15:45:30,2022-06-11 15:56:20,100000,2,2,2022-06-11 15:45:30,2022-06-11 15:56:20,2,2022-06-11 14:43:40,2022-06-11 15:56:07,1,99,0,0,1,0,0,2,0,3,Review,"elevated credited campaign discount: 100000, shared IP used by 99 users, "
U040916,100000,2,2,2,2022-06-03 18:00:00,2022-06-04 10:02:12,0,0,0,,,5,2022-06-03 17:30:42,2022-06-13 15:02:01,1,21,2,0,1,0,0,1,1,3,Review,"elevated credited campaign discount: 100000, shared IP used by 21 users, reciprocal transfer loop with 2 partner(s), "
U041055,100000,2,2,2,2022-06-09 13:00:00,2022-07-24 16:15:47,0,0,0,,,2,2022-06-09 12:29:59,2022-07-24 16:12:18,1,27,1,0,1,0,0,1,1,3,Review,"elevated credited campaign discount: 100000, shared IP used by 27 users, reciprocal transfer loop with 1 partner(s), "
U041388,100000,2,2,2,2022-07-14 22:15:56,2022-07-14 22:19:53,100000,2,2,2022-07-14 22:15:56,2022-07-14 22:19:53,3,2022-07-14 21:40:37,2022-07-14 22:19:28,1,165,0,0,1,0,0,2,0,3,Review,"elevated credited campaign discount: 100000, shared IP used by 165 users, "
U041605,100000,2,2,2,2022-07-25 16:25:12,2022-07-25 16:28:37,100000,2,2,2022-07-25 16:25:12,2022-07-25 16:28:37,3,2022-07-25 15:37:40,2022-07-25 16:28:28,1,218,0,0,1,0,0,2,0,3,Review,"elevated credited campaign discount: 100000, shared IP used by 218 users, "
U041719,100000,2,2,2,2022-06-10 23:08:57,2022-06-10 23:14:25,100000,2,2,2022-06-10 23:08:57,2022-06-10 23:14:25,2,2022-06-10 22:15:43,2022-06-10 23:14:15,1,99,0,0,1,0,0,2,0,3,Review,"elevated credited campaign discount: 100000, shared IP used by 99 users, "
U041819,100000,2,2,2,2022-06-08 12:40:23,2022-06-29 00:36:23,0,0,0,,,74,2022-06-01 14:40:58,2022-08-01 21:00:05,1,1,0,0,1,2,0,0,0,3,Review,"elevated credited campaign discount: 100000, high referral count: 74, "
U041963,100000,2,2,2,2022-06-10 22:54:45,2022-06-10 22:57:48,100000,2,2,2022-06-10 22:54:45,2022-06-10 22:57:48,2,2022-06-10 22:02:16,2022-06-10 22:57:39,1,99,0,0,1,0,0,2,0,3,Review,"elevated credited campaign discount: 100000, shared IP used by 99 users, "
U042376,100000,2,2,2,2022-06-11 13:46:30,2022-06-11 13:50:15,100000,2,2,2022-06-11 13:46:30,2022-06-11 13:50:15,2,2022-06-11 10:36:03,2022-06-11 13:50:07,1,99,0,0,1,0,0,2,0,3,Review,"elevated credited campaign discount: 100000, shared IP used by 99 users, "
U042392,100000,2,2,2,2022-07-14 23:30:01,2022-07-17 17:43:31,0,0,0,,,2,2022-07-14 22:56:45,2022-07-17 17:13:15,1,1,4,0,1,0,0,0,2,3,Review,"elevated credited campaign discount: 100000, reciprocal transfer loop with 4 partner(s), "
U042661,100000,2,2,2,2022-06-11 10:30:00,2022-06-11 13:53:42,0,0,0,,,3,2022-06-11 09:58:24,2022-06-11 11:55:47,1,39,1,0,1,0,0,1,1,3,Review,"elevated credited campaign discount: 100000, shared IP used by 39 users, reciprocal transfer loop with 1 partner(s), "
U043006,100000,2,2,2,2022-07-23 16:59:21,2022-07-23 17:10:15,100000,2,2,2022-07-23 16:59:21,2022-07-23 17:10:15,4,2022-07-23 14:57:29,2022-07-23 17:04:59,1,218,0,0,1,0,0,2,0,3,Review,"elevated credited campaign discount: 100000, shared IP used by 218 users, "
U043555,100000,2,2,2,2022-06-18 00:00:00,2022-07-01 16:42:50,0,0,0,,,5,2022-06-17 23:32:19,2022-07-31 04:10:38,1,3,3,0,1,0,0,0,2,3,Review,"elevated credited campaign discount: 100000, reciprocal transfer loop with 3 partner(s), "
U044035,100000,2,2,2,2022-07-21 21:51:48,2022-07-21 22:00:29,100000,2,2,2022-07-21 21:51:48,2022-07-21 22:00:29,3,2022-07-21 21:02:49,2022-07-21 21:56:23,1,218,0,0,1,0,0,2,0,3,Review,"elevated credited campaign discount: 100000, shared IP used by 218 users, "
U044054,100000,2,2,2,2022-06-04 20:15:00,2022-06-24 22:00:00,0,0,0,,,2,2022-06-04 19:43:53,2022-06-24 21:35:29,2,2,3,0,1,0,0,0,2,3,Review,"elevated credited campaign discount: 100000, reciprocal transfer loop with 3 partner(s), "
U044126,100000,2,2,2,2022-07-22 02:34:57,2022-07-22 03:30:00,0,0,0,,,6,2022-07-11 22:48:01,2022-07-22 16:19:36,1,1,11,0,1,0,0,0,2,3,Review,"elevated credited campaign discount: 100000, reciprocal transfer loop with 11 partner(s), "
U045640,100000,2,2,2,2022-06-11 19:11:59,2022-06-11 19:17:06,100000,2,2,2022-06-11 19:11:59,2022-06-11 19:17:06,2,2022-06-11 17:26:13,2022-06-11 19:16:56,1,99,0,0,1,0,0,2,0,3,Review,"elevated credited campaign discount: 100000, shared IP used by 99 users, "
U046378,100000,4,4,4,2022-06-05 10:35:25,2022-06-15 07:35:23,0,0,0,,,0,,,1,24,1,0,1,0,0,1,1,3,Review,"elevated credited campaign discount: 100000, shared IP used by 24 users, reciprocal transfer loop with 1 partner(s), "
U046405,100000,2,2,2,2022-07-23 17:07:43,2022-07-23 17:37:49,100000,2,2,2022-07-23 17:07:43,2022-07-23 17:37:49,3,2022-07-23 15:11:04,2022-07-23 17:37:37,1,218,0,0,1,0,0,2,0,3,Review,"elevated credited campaign discount: 100000, shared IP used by 218 users, "
U046504,100000,2,2,2,2022-07-18 08:57:57,2022-07-18 09:40:41,0,0,0,,,4,2022-07-15 14:09:57,2022-07-19 10:25:53,1,28,1,0,1,0,0,1,1,3,Review,"elevated credited campaign discount: 100000, shared IP used by 28 users, reciprocal transfer loop with 1 partner(s), "
U046923,100000,2,2,2,2022-07-14 22:41:00,2022-07-15 09:45:01,0,0,0,,,22,2022-07-14 22:19:05,2022-07-20 10:09:20,1,1,0,0,1,2,0,0,0,3,Review,"elevated credited campaign discount: 100000, high referral count: 22, "
U046935,100000,2,2,2,2022-06-22 20:14:08,2022-06-27 12:15:01,0,0,0,,,2,2022-06-22 20:02:23,2022-06-27 11:48:47,1,3,4,0,1,0,0,0,2,3,Review,"elevated credited campaign discount: 100000, reciprocal transfer loop with 4 partner(s), "
U047440,100000,2,2,2,2022-07-05 09:00:01,2022-07-29 14:45:01,0,0,0,,,3,2022-07-05 08:35:31,2022-07-29 14:18:43,1,1,13,0,1,0,0,0,2,3,Review,"elevated credited campaign discount: 100000, reciprocal transfer loop with 13 partner(s), "
U047717,100000,2,2,2,2022-07-22 15:05:31,2022-07-22 16:33:24,100000,2,2,2022-07-22 15:05:31,2022-07-22 16:33:24,3,2022-07-22 14:15:13,2022-07-22 16:33:15,1,218,0,0,1,0,0,2,0,3,Review,"elevated credited campaign discount: 100000, shared IP used by 218 users, "
U048168,100000,2,2,2,2022-06-10 21:41:52,2022-06-10 21:43:47,100000,2,2,2022-06-10 21:41:52,2022-06-10 21:43:47,2,2022-06-10 20:46:20,2022-06-10 21:43:38,1,99,0,0,1,0,0,2,0,3,Review,"elevated credited campaign discount: 100000, shared IP used by 99 users, "
U048306,100000,2,2,2,2022-07-07 18:30:00,2022-07-07 19:00:01,0,0,0,,,5,2022-07-07 15:20:26,2022-07-08 11:21:57,1,2,119,0,1,0,0,0,2,3,Review,"elevated credited campaign discount: 100000, reciprocal transfer loop with 119 partner(s), "
U048610,100000,2,2,2,2022-07-13 21:30:00,2022-07-14 01:09:39,0,0,0,,,24,2022-07-01 02:13:28,2022-07-29 06:36:04,1,1,0,0,1,2,0,0,0,3,Review,"elevated credited campaign discount: 100000, high referral count: 24, "
U048675,100000,2,2,2,2022-07-15 10:45:00,2022-07-15 11:30:02,0,0,0,,,2,2022-07-15 10:08:51,2022-07-15 11:02:07,1,4,3,0,1,0,0,0,2,3,Review,"elevated credited campaign discount: 100000, reciprocal transfer loop with 3 partner(s), "
U049335,100000,2,2,2,2022-06-14 21:16:40,2022-07-24 12:45:07,0,0,0,,,9,2022-06-14 21:09:27,2022-07-29 20:06:02,1,2,3,0,1,0,0,0,2,3,Review,"elevated credited campaign discount: 100000, reciprocal transfer loop with 3 partner(s), "
U049926,100000,2,2,2,2022-06-04 20:10:33,2022-06-09 20:09:29,0,0,0,,,2,2022-06-04 20:08:00,2022-06-09 20:07:40,0,0,3,0,1,0,0,0,2,3,Review,"elevated credited campaign discount: 100000, reciprocal transfer loop with 3 partner(s), "
U050660,100000,2,2,2,2022-07-23 16:06:04,2022-07-23 16:11:18,100000,2,2,2022-07-23 16:06:04,2022-07-23 16:11:18,3,2022-07-23 13:50:57,2022-07-23 16:10:54,1,218,0,0,1,0,0,2,0,3,Review,"elevated credited campaign discount: 100000, shared IP used by 218 users, "
U051026,100000,2,2,2,2022-06-11 17:23:01,2022-06-11 17:32:35,100000,2,2,2022-06-11 17:23:01,2022-06-11 17:32:35,2,2022-06-11 15:57:06,2022-06-11 17:32:24,1,99,0,0,1,0,0,2,0,3,Review,"elevated credited campaign discount: 100000, shared IP used by 99 users, "
U051117,100000,2,2,2,2022-07-26 00:07:28,2022-07-26 00:09:22,100000,2,2,2022-07-26 00:07:28,2022-07-26 00:09:22,3,2022-07-25 23:35:59,2022-07-26 00:09:11,1,218,0,0,1,0,0,2,0,3,Review,"elevated credited campaign discount: 100000, shared IP used by 218 users, "
U051574,100000,2,2,2,2022-07-26 12:23:46,2022-07-29 22:15:03,0,0,0,,,2,2022-07-26 09:20:38,2022-07-29 21:56:11,1,1,4,0,1,0,0,0,2,3,Review,"elevated credited campaign discount: 100000, reciprocal transfer loop with 4 partner(s), "
U051676,100000,2,2,2,2022-06-14 02:27:37,2022-07-01 00:45:00,0,0,0,,,10,2022-06-14 02:18:54,2022-07-11 00:36:57,1,10,5,0,1,0,0,0,2,3,Review,"elevated credited campaign discount: 100000, reciprocal transfer loop with 5 partner(s), "
U051723,100000,2,2,2,2022-07-18 16:00:03,2022-07-18 16:05:27,0,0,0,,,2,2022-07-18 15:13:48,2022-07-18 15:41:57,1,1,4,0,1,0,0,0,2,3,Review,"elevated credited campaign discount: 100000, reciprocal transfer loop with 4 partner(s), "
U051774,100000,2,2,2,2022-06-25 23:01:44,2022-07-09 22:48:38,0,0,0,,,3,2022-06-25 22:38:22,2022-07-09 22:11:32,2,17,5,0,1,0,0,0,2,3,Review,"elevated credited campaign discount: 100000, reciprocal transfer loop with 5 partner(s), "
U051978,100000,2,2,2,2022-07-28 14:38:43,2022-07-29 09:00:01,0,0,0,,,4,2022-07-28 12:20:53,2022-07-29 12:29:12,1,3,3,0,1,0,0,0,2,3,Review,"elevated credited campaign discount: 100000, reciprocal transfer loop with 3 partner(s), "
U052414,100000,2,2,2,2022-07-20 22:27:27,2022-07-20 22:30:08,100000,2,2,2022-07-20 22:27:27,2022-07-20 22:30:08,3,2022-07-20 21:54:31,2022-07-20 22:29:58,1,218,0,0,1,0,0,2,0,3,Review,"elevated credited campaign discount: 100000, shared IP used by 218 users, "
U052513,100000,2,2,2,2022-07-26 11:29:46,2022-07-26 11:32:58,100000,2,2,2022-07-26 11:29:46,2022-07-26 11:32:58,3,2022-07-26 10:03:01,2022-07-26 11:32:50,1,218,0,0,1,0,0,2,0,3,Review,"elevated credited campaign discount: 100000, shared IP used by 218 users, "
U052947,100000,2,2,2,2022-06-11 18:34:04,2022-06-11 18:37:54,100000,2,2,2022-06-11 18:34:04,2022-06-11 18:37:54,2,2022-06-11 16:28:20,2022-06-11 18:37:25,1,99,0,0,1,0,0,2,0,3,Review,"elevated credited campaign discount: 100000, shared IP used by 99 users, "
U052990,100000,2,2,2,2022-07-05 11:00:02,2022-07-05 21:30:02,0,0,0,,,5,2022-06-16 20:13:35,2022-07-10 08:31:58,1,2,3,0,1,0,0,0,2,3,Review,"elevated credited campaign discount: 100000, reciprocal transfer loop with 3 partner(s), "
U053616,100000,2,2,2,2022-07-24 11:00:04,2022-07-25 15:15:04,0,0,0,,,4,2022-07-24 10:27:18,2022-07-26 22:39:13,1,1,9,0,1,0,0,0,2,3,Review,"elevated credited campaign discount: 100000, reciprocal transfer loop with 9 partner(s), "
U053623,100000,2,2,2,2022-07-14 17:35:44,2022-07-14 17:39:44,100000,2,2,2022-07-14 17:35:44,2022-07-14 17:39:44,3,2022-07-14 16:46:22,2022-07-14 17:39:17,1,165,0,0,1,0,0,2,0,3,Review,"elevated credited campaign discount: 100000, shared IP used by 165 users, "
U053965,100000,2,2,2,2022-06-12 00:11:23,2022-06-12 00:26:04,100000,2,2,2022-06-12 00:11:23,2022-06-12 00:26:04,2,2022-06-11 21:27:59,2022-06-12 00:25:55,1,99,0,0,1,0,0,2,0,3,Review,"elevated credited campaign discount: 100000, shared IP used by 99 users, "
U053988,100000,2,2,2,2022-06-11 00:10:13,2022-06-11 00:13:10,100000,2,2,2022-06-11 00:10:13,2022-06-11 00:13:10,3,2022-06-10 23:26:02,2022-06-11 00:12:58,1,99,0,0,1,0,0,2,0,3,Review,"elevated credited campaign discount: 100000, shared IP used by 99 users, "
U054147,100000,2,2,2,2022-06-11 16:57:00,2022-06-11 17:00:48,100000,2,2,2022-06-11 16:57:00,2022-06-11 17:00:48,2,2022-06-11 15:42:17,2022-06-11 17:00:37,1,99,0,0,1,0,0,2,0,3,Review,"elevated credited campaign discount: 100000, shared IP used by 99 users, "
U054238,100000,2,2,2,2022-07-19 09:00:02,2022-07-22 13:19:40,0,0,0,,,3,2022-06-30 17:32:18,2022-07-22 13:18:41,1,2,6,0,1,0,0,0,2,3,Review,"elevated credited campaign discount: 100000, reciprocal transfer loop with 6 partner(s), "
U054411,100000,2,2,2,2022-06-11 15:31:40,2022-06-11 15:51:14,100000,2,2,2022-06-11 15:31:40,2022-06-11 15:51:14,2,2022-06-11 14:39:08,2022-06-11 15:51:02,1,99,0,0,1,0,0,2,0,3,Review,"elevated credited campaign discount: 100000, shared IP used by 99 users, "
U055095,100000,2,2,2,2022-07-04 10:30:02,2022-07-20 22:00:00,0,0,0,,,3,2022-07-04 10:07:45,2022-07-26 17:27:14,1,1,5,0,1,0,0,0,2,3,Review,"elevated credited campaign discount: 100000, reciprocal transfer loop with 5 partner(s), "
U055524,100000,2,2,2,2022-07-18 01:30:00,2022-07-18 11:30:01,0,0,0,,,2,2022-07-18 00:57:38,2022-07-18 10:58:23,1,2,3,0,1,0,0,0,2,3,Review,"elevated credited campaign discount: 100000, reciprocal transfer loop with 3 partner(s), "
U055599,100000,2,2,2,2022-06-29 01:30:00,2022-06-29 02:56:37,0,0,0,,,5,2022-06-29 01:07:29,2022-06-30 00:06:53,2,3,33,0,1,0,0,0,2,3,Review,"elevated credited campaign discount: 100000, reciprocal transfer loop with 33 partner(s), "
U055709,100000,2,2,2,2022-06-18 22:23:18,2022-06-23 11:45:00,0,0,0,,,6,2022-06-18 22:15:03,2022-07-25 07:51:25,1,10,5,0,1,0,0,0,2,3,Review,"elevated credited campaign discount: 100000, reciprocal transfer loop with 5 partner(s), "
U056161,100000,2,2,2,2022-06-13 14:46:18,2022-07-04 13:15:01,0,0,0,,,2,2022-06-13 14:19:52,2022-07-04 12:55:46,1,3,6,0,1,0,0,0,2,3,Review,"elevated credited campaign discount: 100000, reciprocal transfer loop with 6 partner(s), "
U056829,100000,2,2,2,2022-07-12 18:30:01,2022-07-13 15:15:01,0,0,0,,,2,2022-07-12 18:04:06,2022-07-13 14:43:56,1,1,4,0,1,0,0,0,2,3,Review,"elevated credited campaign discount: 100000, reciprocal transfer loop with 4 partner(s), "
U057070,100000,2,2,2,2022-06-11 21:31:06,2022-06-11 21:35:59,100000,2,2,2022-06-11 21:31:06,2022-06-11 21:35:59,2,2022-06-11 18:51:08,2022-06-11 21:35:51,1,99,0,0,1,0,0,2,0,3,Review,"elevated credited campaign discount: 100000, shared IP used by 99 users, "
U057095,100000,2,2,2,2022-07-06 21:53:16,2022-07-07 08:00:05,0,0,0,,,12,2022-07-06 14:58:25,2022-07-08 11:37:48,1,1,3,0,1,0,0,0,2,3,Review,"elevated credited campaign discount: 100000, reciprocal transfer loop with 3 partner(s), "
U057338,100000,2,2,2,2022-06-11 11:37:04,2022-06-11 11:40:51,100000,2,2,2022-06-11 11:37:04,2022-06-11 11:40:51,2,2022-06-11 10:01:53,2022-06-11 11:40:42,1,99,0,0,1,0,0,2,0,3,Review,"elevated credited campaign discount: 100000, shared IP used by 99 users, "
U057356,100000,2,2,2,2022-06-25 19:31:32,2022-07-10 22:45:02,0,0,0,,,3,2022-06-25 20:56:46,2022-07-11 19:40:41,1,1,6,0,1,0,0,0,2,3,Review,"elevated credited campaign discount: 100000, reciprocal transfer loop with 6 partner(s), "
U057472,100000,2,2,2,2022-07-13 09:11:17,2022-07-19 06:34:59,0,0,0,,,3,2022-07-10 07:11:14,2022-07-13 09:10:23,1,5,5,0,1,0,0,0,2,3,Review,"elevated credited campaign discount: 100000, reciprocal transfer loop with 5 partner(s), "
U057542,100000,2,2,2,2022-07-25 15:39:53,2022-07-25 15:43:02,100000,2,2,2022-07-25 15:39:53,2022-07-25 15:43:02,3,2022-07-25 15:08:16,2022-07-25 15:42:50,1,218,0,0,1,0,0,2,0,3,Review,"elevated credited campaign discount: 100000, shared IP used by 218 users, "
U057613,100000,2,2,2,2022-07-23 20:45:38,2022-07-23 20:48:35,100000,2,2,2022-07-23 20:45:38,2022-07-23 20:48:35,3,2022-07-23 18:19:50,2022-07-23 20:48:22,1,218,0,0,1,0,0,2,0,3,Review,"elevated credited campaign discount: 100000, shared IP used by 218 users, "
U058059,100000,2,2,2,2022-06-10 19:33:25,2022-06-10 19:43:26,100000,2,2,2022-06-10 19:33:25,2022-06-10 19:43:26,2,2022-06-10 18:16:09,2022-06-10 19:43:16,1,99,0,0,1,0,0,2,0,3,Review,"elevated credited campaign discount: 100000, shared IP used by 99 users, "
U058079,100000,2,2,2,2022-06-11 18:57:18,2022-06-11 19:04:37,100000,2,2,2022-06-11 18:57:18,2022-06-11 19:04:37,2,2022-06-11 17:13:44,2022-06-11 19:04:22,1,99,0,0,1,0,0,2,0,3,Review,"elevated credited campaign discount: 100000, shared IP used by 99 users, "
U058596,100000,2,2,2,2022-07-04 13:00:02,2022-07-25 20:22:52,0,0,0,,,2,2022-06-14 19:26:47,2022-07-25 20:20:11,1,2,5,0,1,0,0,0,2,3,Review,"elevated credited campaign discount: 100000, reciprocal transfer loop with 5 partner(s), "
U058774,100000,2,2,2,2022-07-22 20:00:05,2022-07-22 20:00:06,100000,2,2,2022-07-22 20:00:05,2022-07-22 20:00:06,3,2022-07-22 19:32:52,2022-07-22 19:54:01,1,218,0,0,1,0,0,2,0,3,Review,"elevated credited campaign discount: 100000, shared IP used by 218 users, "
U058880,100000,2,2,2,2022-06-11 17:42:10,2022-06-11 17:46:01,100000,2,2,2022-06-11 17:42:10,2022-06-11 17:46:01,2,2022-06-11 16:01:57,2022-06-11 17:45:49,1,99,0,0,1,0,0,2,0,3,Review,"elevated credited campaign discount: 100000, shared IP used by 99 users, "
U058895,100000,2,2,2,2022-07-18 15:15:02,2022-07-30 12:21:36,0,0,0,,,2,2022-07-18 14:40:46,2022-07-30 12:21:11,1,3,3,0,1,0,0,0,2,3,Review,"elevated credited campaign discount: 100000, reciprocal transfer loop with 3 partner(s), "
U059245,100000,2,2,2,2022-07-25 17:54:43,2022-07-25 17:58:20,100000,2,2,2022-07-25 17:54:43,2022-07-25 17:58:20,3,2022-07-25 17:10:18,2022-07-25 17:58:09,1,218,0,0,1,0,0,2,0,3,Review,"elevated credited campaign discount: 100000, shared IP used by 218 users, "
U059393,100000,2,2,2,2022-06-28 11:02:24,2022-07-16 20:30:00,0,0,0,,,2,2022-06-28 11:00:30,2022-07-16 20:08:14,1,3,7,0,1,0,0,0,2,3,Review,"elevated credited campaign discount: 100000, reciprocal transfer loop with 7 partner(s), "
U059613,100000,2,2,2,2022-07-11 10:12:30,2022-07-11 10:16:25,100000,2,2,2022-07-11 10:12:30,2022-07-11 10:16:25,2,2022-07-11 09:46:50,2022-07-11 10:16:12,1,73,0,0,1,0,0,2,0,3,Review,"elevated credited campaign discount: 100000, shared IP used by 73 users, "
U059729,100000,2,2,2,2022-06-20 22:45:00,2022-06-21 14:30:02,0,0,0,,,17,2022-06-20 19:28:14,2022-07-06 21:59:40,7,13,2,0,1,0,1,0,1,3,Review,"elevated credited campaign discount: 100000, shared device used by 7 users, reciprocal transfer loop with 2 partner(s), "
U059746,100000,2,2,2,2022-07-26 12:24:07,2022-07-29 13:00:02,0,0,0,,,2,2022-07-26 12:18:21,2022-07-29 12:27:08,1,11,3,0,1,0,0,0,2,3,Review,"elevated credited campaign discount: 100000, reciprocal transfer loop with 3 partner(s), "
U059984,100000,2,2,2,2022-07-21 20:45:01,2022-07-22 19:23:06,0,0,0,,,5,2022-07-21 20:11:57,2022-07-26 15:19:34,1,1,4,0,1,0,0,0,2,3,Review,"elevated credited campaign discount: 100000, reciprocal transfer loop with 4 partner(s), "
U060173,100000,2,2,2,2022-07-26 11:42:49,2022-07-26 11:48:48,100000,2,2,2022-07-26 11:42:49,2022-07-26 11:48:48,3,2022-07-26 10:17:46,2022-07-26 11:48:40,1,218,0,0,1,0,0,2,0,3,Review,"elevated credited campaign discount: 100000, shared IP used by 218 users, "
U060395,100000,2,2,2,2022-07-05 18:03:12,2022-07-11 23:00:02,0,0,0,,,5,2022-06-11 15:08:21,2022-07-19 23:42:13,1,4,4,0,1,0,0,0,2,3,Review,"elevated credited campaign discount: 100000, reciprocal transfer loop with 4 partner(s), "
U061494,100000,2,2,2,2022-07-10 20:28:47,2022-07-15 11:00:01,0,0,0,,,3,2022-06-03 10:58:19,2022-07-15 10:34:58,0,0,6,0,1,0,0,0,2,3,Review,"elevated credited campaign discount: 100000, reciprocal transfer loop with 6 partner(s), "
U061686,100000,2,2,2,2022-06-04 18:15:00,2022-06-16 12:00:00,0,0,0,,,2,2022-06-04 17:45:59,2022-06-16 11:42:06,1,3,3,0,1,0,0,0,2,3,Review,"elevated credited campaign discount: 100000, reciprocal transfer loop with 3 partner(s), "
U062192,100000,2,2,2,2022-07-11 21:03:18,2022-07-15 10:38:00,0,0,0,,,5,2022-07-10 09:08:48,2022-07-16 07:42:28,1,1,3,0,1,0,0,0,2,3,Review,"elevated credited campaign discount: 100000, reciprocal transfer loop with 3 partner(s), "
U062400,100000,2,2,2,2022-06-12 00:46:42,2022-06-12 00:51:55,100000,2,2,2022-06-12 00:46:42,2022-06-12 00:51:55,2,2022-06-11 22:48:27,2022-06-12 00:51:49,1,99,0,0,1,0,0,2,0,3,Review,"elevated credited campaign discount: 100000, shared IP used by 99 users, "
U062541,100000,2,2,2,2022-06-11 21:18:00,2022-07-16 09:42:36,0,0,0,,,3,2022-06-06 10:05:44,2022-07-21 10:21:07,1,2,3,0,1,0,0,0,2,3,Review,"elevated credited campaign discount: 100000, reciprocal transfer loop with 3 partner(s), "
U062738,100000,2,2,2,2022-06-07 06:15:00,2022-07-12 20:00:01,0,0,0,,,3,2022-06-07 05:50:34,2022-07-12 19:37:30,1,1,5,0,1,0,0,0,2,3,Review,"elevated credited campaign discount: 100000, reciprocal transfer loop with 5 partner(s), "
U062790,100000,2,2,2,2022-06-02 18:02:02,2022-06-14 18:45:00,0,0,0,,,2,2022-06-01 10:54:22,2022-06-14 18:20:50,0,0,56,0,1,0,0,0,2,3,Review,"elevated credited campaign discount: 100000, reciprocal transfer loop with 56 partner(s), "
U063300,100000,2,2,2,2022-07-27 13:20:53,2022-07-27 13:27:28,0,0,0,,,3,2022-07-27 11:25:38,2022-07-27 13:27:20,1,218,0,0,1,0,0,2,0,3,Review,"elevated credited campaign discount: 100000, shared IP used by 218 users, "
U063825,100000,2,2,2,2022-07-22 12:56:09,2022-07-22 12:59:36,100000,2,2,2022-07-22 12:56:09,2022-07-22 12:59:36,3,2022-07-22 12:10:08,2022-07-22 12:59:28,1,218,0,0,1,0,0,2,0,3,Review,"elevated credited campaign discount: 100000, shared IP used by 218 users, "
U064092,100000,2,2,2,2022-07-08 01:15:00,2022-07-09 00:53:28,0,0,0,,,5,2022-07-04 06:02:51,2022-07-09 00:44:16,1,22,1,0,1,0,0,1,1,3,Review,"elevated credited campaign discount: 100000, shared IP used by 22 users, reciprocal transfer loop with 1 partner(s), "
U065098,100000,2,2,2,2022-06-12 15:26:32,2022-07-09 21:45:00,0,0,0,,,1,2022-06-12 11:12:54,2022-06-12 11:15:01,1,2,17,0,1,0,0,0,2,3,Review,"elevated credited campaign discount: 100000, reciprocal transfer loop with 17 partner(s), "
U065151,100000,2,2,2,2022-07-10 14:00:02,2022-07-10 14:30:02,0,0,0,,,2,2022-07-10 13:35:19,2022-07-10 14:06:08,1,3,3,0,1,0,0,0,2,3,Review,"elevated credited campaign discount: 100000, reciprocal transfer loop with 3 partner(s), "
U065420,100000,2,2,2,2022-07-27 13:49:14,2022-07-27 13:55:28,0,0,0,,,3,2022-07-27 10:35:37,2022-07-27 13:55:20,1,218,0,0,1,0,0,2,0,3,Review,"elevated credited campaign discount: 100000, shared IP used by 218 users, "
U065509,100000,2,2,2,2022-07-12 19:15:02,2022-07-18 11:30:02,0,0,0,,,2,2022-07-12 18:52:24,2022-07-18 11:04:29,1,2,3,0,1,0,0,0,2,3,Review,"elevated credited campaign discount: 100000, reciprocal transfer loop with 3 partner(s), "
U065701,100000,2,2,2,2022-07-25 19:37:39,2022-07-25 19:43:38,100000,2,2,2022-07-25 19:37:39,2022-07-25 19:43:38,3,2022-07-25 18:36:20,2022-07-25 19:43:29,1,218,0,0,1,0,0,2,0,3,Review,"elevated credited campaign discount: 100000, shared IP used by 218 users, "
U065784,100000,2,2,2,2022-06-06 16:03:43,2022-06-06 16:04:30,100000,2,2,2022-06-06 16:03:43,2022-06-06 16:04:30,2,2022-06-06 15:35:06,2022-06-06 16:04:02,1,99,0,0,1,0,0,2,0,3,Review,"elevated credited campaign discount: 100000, shared IP used by 99 users, "
U065797,100000,2,2,2,2022-07-11 14:55:02,2022-07-11 14:58:29,100000,2,2,2022-07-11 14:55:02,2022-07-11 14:58:29,2,2022-07-11 14:00:57,2022-07-11 14:58:18,1,73,0,0,1,0,0,2,0,3,Review,"elevated credited campaign discount: 100000, shared IP used by 73 users, "
U065919,100000,2,2,2,2022-06-10 23:02:08,2022-06-10 23:06:27,100000,2,2,2022-06-10 23:02:08,2022-06-10 23:06:27,2,2022-06-10 22:05:45,2022-06-10 23:06:17,1,99,0,0,1,0,0,2,0,3,Review,"elevated credited campaign discount: 100000, shared IP used by 99 users, "
U066480,100000,2,2,2,2022-06-11 11:19:18,2022-06-11 11:24:31,100000,2,2,2022-06-11 11:19:18,2022-06-11 11:24:31,2,2022-06-11 09:50:14,2022-06-11 11:24:16,1,99,0,0,1,0,0,2,0,3,Review,"elevated credited campaign discount: 100000, shared IP used by 99 users, "
U066513,100000,2,2,2,2022-06-06 20:45:00,2022-06-07 11:30:01,0,0,0,,,5,2022-06-06 15:43:54,2022-06-07 11:09:31,0,0,4,0,1,0,0,0,2,3,Review,"elevated credited campaign discount: 100000, reciprocal transfer loop with 4 partner(s), "
U066551,100000,2,2,2,2022-07-17 17:55:37,2022-07-22 00:48:22,0,0,0,,,4,2022-07-16 06:32:56,2022-07-25 22:28:20,1,2,9,0,1,0,0,0,2,3,Review,"elevated credited campaign discount: 100000, reciprocal transfer loop with 9 partner(s), "
U066737,100000,2,2,2,2022-06-07 16:28:45,2022-06-07 21:00:21,0,0,0,,,2,2022-06-04 21:37:29,2022-06-07 20:48:38,0,0,4,0,1,0,0,0,2,3,Review,"elevated credited campaign discount: 100000, reciprocal transfer loop with 4 partner(s), "
U066804,100000,2,2,2,2022-07-21 22:04:45,2022-07-21 22:08:06,100000,2,2,2022-07-21 22:04:45,2022-07-21 22:08:06,3,2022-07-21 21:12:49,2022-07-21 22:07:57,1,218,0,0,1,0,0,2,0,3,Review,"elevated credited campaign discount: 100000, shared IP used by 218 users, "
U067578,100000,2,2,2,2022-06-21 20:45:00,2022-07-30 10:15:03,0,0,0,,,2,2022-06-21 20:17:59,2022-07-30 09:55:39,1,1,4,0,1,0,0,0,2,3,Review,"elevated credited campaign discount: 100000, reciprocal transfer loop with 4 partner(s), "
U067622,100000,2,2,2,2022-06-28 23:00:01,2022-06-30 15:30:01,0,0,0,,,2,2022-06-28 22:37:42,2022-06-30 15:07:01,1,1,3,0,1,0,0,0,2,3,Review,"elevated credited campaign discount: 100000, reciprocal transfer loop with 3 partner(s), "
U067848,100000,2,2,2,2022-07-22 19:28:53,2022-07-22 19:35:11,100000,2,2,2022-07-22 19:28:53,2022-07-22 19:35:11,3,2022-07-22 18:46:35,2022-07-22 19:34:57,1,218,0,0,1,0,0,2,0,3,Review,"elevated credited campaign discount: 100000, shared IP used by 218 users, "
U067863,100000,2,2,2,2022-06-10 23:22:12,2022-06-10 23:27:12,100000,2,2,2022-06-10 23:22:12,2022-06-10 23:27:12,2,2022-06-10 22:25:23,2022-06-10 23:27:02,1,99,0,0,1,0,0,2,0,3,Review,"elevated credited campaign discount: 100000, shared IP used by 99 users, "
U068034,100000,2,2,2,2022-06-10 21:30:17,2022-06-10 21:39:35,100000,2,2,2022-06-10 21:30:17,2022-06-10 21:39:35,2,2022-06-10 20:35:37,2022-06-10 21:39:25,1,99,0,0,1,0,0,2,0,3,Review,"elevated credited campaign discount: 100000, shared IP used by 99 users, "
U068161,100000,2,2,2,2022-07-16 13:00:13,2022-07-16 18:45:02,0,0,0,,,2,2022-07-15 20:50:18,2022-07-16 18:30:05,1,1,3,0,1,0,0,0,2,3,Review,"elevated credited campaign discount: 100000, reciprocal transfer loop with 3 partner(s), "
U068923,100000,2,2,2,2022-06-11 11:57:25,2022-06-11 13:16:11,100000,2,2,2022-06-11 11:57:25,2022-06-11 13:16:11,2,2022-06-11 10:17:21,2022-06-11 13:16:02,0,99,0,0,1,0,0,2,0,3,Review,"elevated credited campaign discount: 100000, shared IP used by 99 users, "
U070244,100000,2,2,2,2022-07-08 13:32:31,2022-07-12 06:50:39,0,0,0,,,2,2022-07-08 08:34:43,2022-07-12 06:50:08,1,7,3,0,1,0,0,0,2,3,Review,"elevated credited campaign discount: 100000, reciprocal transfer loop with 3 partner(s), "
U070406,100000,2,2,2,2022-06-25 15:30:02,2022-06-26 09:51:04,0,0,0,,,4,2022-06-25 10:15:48,2022-07-21 22:48:37,0,0,6,0,1,0,0,0,2,3,Review,"elevated credited campaign discount: 100000, reciprocal transfer loop with 6 partner(s), "
U070741,100000,2,2,2,2022-07-22 11:15:00,2022-07-22 17:15:01,0,0,0,,,4,2022-07-21 22:09:01,2022-07-24 16:39:06,1,2,3,0,1,0,0,0,2,3,Review,"elevated credited campaign discount: 100000, reciprocal transfer loop with 3 partner(s), "
U070822,100000,2,2,2,2022-07-11 14:00:01,2022-07-11 20:06:00,0,0,0,,,3,2022-07-11 12:59:13,2022-07-11 18:05:51,1,11,5,0,1,0,0,0,2,3,Review,"elevated credited campaign discount: 100000, reciprocal transfer loop with 5 partner(s), "
U070943,100000,2,2,2,2022-06-27 16:00:01,2022-07-15 12:47:56,0,0,0,,,3,2022-06-27 15:30:38,2022-07-15 12:22:33,1,3,34,0,1,0,0,0,2,3,Review,"elevated credited campaign discount: 100000, reciprocal transfer loop with 34 partner(s), "
U071059,100000,2,2,2,2022-07-26 12:17:50,2022-07-26 12:20:38,100000,2,2,2022-07-26 12:17:50,2022-07-26 12:20:38,3,2022-07-26 11:23:38,2022-07-26 12:20:29,1,218,0,0,1,0,0,2,0,3,Review,"elevated credited campaign discount: 100000, shared IP used by 218 users, "
U071675,100000,2,2,2,2022-07-26 13:31:42,2022-07-26 13:40:48,100000,2,2,2022-07-26 13:31:42,2022-07-26 13:40:48,3,2022-07-26 12:53:29,2022-07-26 13:40:40,1,218,0,0,1,0,0,2,0,3,Review,"elevated credited campaign discount: 100000, shared IP used by 218 users, "
U072562,100000,2,2,2,2022-07-23 15:05:25,2022-07-23 15:09:12,100000,2,2,2022-07-23 15:05:25,2022-07-23 15:09:12,3,2022-07-23 12:02:26,2022-07-23 15:08:58,1,218,0,0,1,0,0,2,0,3,Review,"elevated credited campaign discount: 100000, shared IP used by 218 users, "
U072713,100000,2,2,2,2022-06-04 14:45:00,2022-06-10 21:45:00,0,0,0,,,2,2022-06-04 14:11:24,2022-06-10 21:15:26,1,27,1,0,1,0,0,1,1,3,Review,"elevated credited campaign discount: 100000, shared IP used by 27 users, reciprocal transfer loop with 1 partner(s), "
U073711,100000,2,2,2,2022-06-10 19:46:39,2022-06-10 19:49:45,100000,2,2,2022-06-10 19:46:39,2022-06-10 19:49:45,2,2022-06-10 18:26:34,2022-06-10 19:49:33,1,99,0,0,1,0,0,2,0,3,Review,"elevated credited campaign discount: 100000, shared IP used by 99 users, "
U074689,100000,2,2,2,2022-07-19 17:00:01,2022-07-20 19:45:01,0,0,0,,,4,2022-07-19 12:53:04,2022-07-21 18:29:31,1,2,3,0,1,0,0,0,2,3,Review,"elevated credited campaign discount: 100000, reciprocal transfer loop with 3 partner(s), "
U075189,100000,2,2,2,2022-06-27 09:13:41,2022-06-30 12:45:00,0,0,0,,,13,2022-06-27 08:53:40,2022-07-18 19:59:21,1,3,8,0,1,0,0,0,2,3,Review,"elevated credited campaign discount: 100000, reciprocal transfer loop with 8 partner(s), "
U075516,100000,2,2,2,2022-06-11 13:54:00,2022-06-11 13:58:10,100000,2,2,2022-06-11 13:54:00,2022-06-11 13:58:10,2,2022-06-11 11:05:32,2022-06-11 13:58:00,1,99,0,0,1,0,0,2,0,3,Review,"elevated credited campaign discount: 100000, shared IP used by 99 users, "
U075713,100000,2,2,2,2022-07-17 06:36:56,2022-07-22 17:00:03,0,0,0,,,4,2022-07-17 05:51:55,2022-07-22 16:42:55,1,1,3,0,1,0,0,0,2,3,Review,"elevated credited campaign discount: 100000, reciprocal transfer loop with 3 partner(s), "
U076018,100000,2,2,2,2022-07-22 18:45:02,2022-07-22 18:52:06,100000,2,2,2022-07-22 18:45:02,2022-07-22 18:52:06,3,2022-07-22 16:13:14,2022-07-22 18:51:51,1,218,0,0,1,0,0,2,0,3,Review,"elevated credited campaign discount: 100000, shared IP used by 218 users, "
U076606,100000,2,2,2,2022-06-11 20:27:29,2022-06-11 20:29:24,100000,2,2,2022-06-11 20:27:29,2022-06-11 20:29:24,2,2022-06-11 17:50:14,2022-06-11 20:29:14,1,99,0,0,1,0,0,2,0,3,Review,"elevated credited campaign discount: 100000, shared IP used by 99 users, "
U077584,100000,2,2,2,2022-07-21 22:34:36,2022-07-21 22:37:28,100000,2,2,2022-07-21 22:34:36,2022-07-21 22:37:28,3,2022-07-21 22:03:24,2022-07-21 22:37:19,1,218,0,0,1,0,0,2,0,3,Review,"elevated credited campaign discount: 100000, shared IP used by 218 users, "
U077729,100000,2,2,2,2022-06-09 17:07:14,2022-06-09 18:45:00,0,0,0,,,6,2022-06-08 12:13:41,2022-06-15 15:34:31,1,3,4,0,1,0,0,0,2,3,Review,"elevated credited campaign discount: 100000, reciprocal transfer loop with 4 partner(s), "
U077731,100000,2,2,2,2022-07-27 23:59:44,2022-07-28 00:05:37,50000,1,1,2022-07-27 23:59:44,2022-07-27 23:59:44,2,2022-07-27 22:46:11,2022-07-28 00:05:24,1,218,0,0,1,0,0,2,0,3,Review,"elevated credited campaign discount: 100000, shared IP used by 218 users, "
U078038,100000,2,2,2,2022-07-13 09:45:01,2022-07-13 10:15:02,0,0,0,,,5,2022-07-05 01:19:12,2022-07-24 12:32:09,1,3,12,0,1,0,0,0,2,3,Review,"elevated credited campaign discount: 100000, reciprocal transfer loop with 12 partner(s), "
U078102,100000,2,2,2,2022-06-30 21:45:00,2022-07-01 16:00:00,0,0,0,,,3,2022-06-30 21:23:07,2022-07-01 21:54:51,1,6,5,0,1,0,0,0,2,3,Review,"elevated credited campaign discount: 100000, reciprocal transfer loop with 5 partner(s), "
U078328,100000,2,2,2,2022-07-21 23:00:55,2022-07-21 23:03:57,100000,2,2,2022-07-21 23:00:55,2022-07-21 23:03:57,3,2022-07-21 22:18:48,2022-07-21 23:03:48,1,218,0,0,1,0,0,2,0,3,Review,"elevated credited campaign discount: 100000, shared IP used by 218 users, "
U078472,100000,2,2,2,2022-07-10 09:45:02,2022-07-16 15:40:45,0,0,0,,,6,2022-06-01 12:02:51,2022-07-16 15:40:18,1,2,4,0,1,0,0,0,2,3,Review,"elevated credited campaign discount: 100000, reciprocal transfer loop with 4 partner(s), "
U078490,100000,2,2,2,2022-07-27 00:45:00,2022-07-28 17:30:04,0,0,0,,,2,2022-07-27 00:15:08,2022-07-28 17:09:59,0,0,7,0,1,0,0,0,2,3,Review,"elevated credited campaign discount: 100000, reciprocal transfer loop with 7 partner(s), "
U079090,100000,2,2,2,2022-06-11 21:13:30,2022-06-11 21:25:42,100000,2,2,2022-06-11 21:13:30,2022-06-11 21:25:42,2,2022-06-11 18:46:58,2022-06-11 21:25:32,1,99,0,0,1,0,0,2,0,3,Review,"elevated credited campaign discount: 100000, shared IP used by 99 users, "
U079102,100000,2,2,2,2022-06-11 19:21:12,2022-06-11 19:32:27,100000,2,2,2022-06-11 19:21:12,2022-06-11 19:32:27,2,2022-06-11 17:41:48,2022-06-11 19:32:17,1,99,0,0,1,0,0,2,0,3,Review,"elevated credited campaign discount: 100000, shared IP used by 99 users, "
U079282,100000,2,2,2,2022-06-08 19:45:00,2022-06-08 19:59:36,0,0,0,,,3,2022-06-07 14:26:35,2022-06-08 19:26:09,0,0,5,0,1,0,0,0,2,3,Review,"elevated credited campaign discount: 100000, reciprocal transfer loop with 5 partner(s), "
U079291,100000,2,2,2,2022-06-11 23:56:40,2022-06-12 00:20:59,100000,2,2,2022-06-11 23:56:40,2022-06-12 00:20:59,2,2022-06-11 21:22:02,2022-06-12 00:20:50,1,99,0,0,1,0,0,2,0,3,Review,"elevated credited campaign discount: 100000, shared IP used by 99 users, "
U079511,100000,2,2,2,2022-07-15 12:15:03,2022-07-24 19:15:02,0,0,0,,,8,2022-07-05 19:17:10,2022-07-30 19:17:27,1,1,4,0,1,0,0,0,2,3,Review,"elevated credited campaign discount: 100000, reciprocal transfer loop with 4 partner(s), "
U079760,100000,2,2,2,2022-06-30 18:27:03,2022-07-13 12:45:02,0,0,0,,,3,2022-06-23 19:00:35,2022-07-13 13:29:17,1,2,4,0,1,0,0,0,2,3,Review,"elevated credited campaign discount: 100000, reciprocal transfer loop with 4 partner(s), "
U079778,100000,2,2,2,2022-06-10 08:45:00,2022-06-11 14:45:01,0,0,0,,,4,2022-06-10 08:09:28,2022-07-12 20:38:32,1,3,3,0,1,0,0,0,2,3,Review,"elevated credited campaign discount: 100000, reciprocal transfer loop with 3 partner(s), "
U080636,100000,2,2,2,2022-06-11 13:20:58,2022-06-11 13:24:57,100000,2,2,2022-06-11 13:20:58,2022-06-11 13:24:57,2,2022-06-11 10:31:54,2022-06-11 13:24:48,1,99,0,0,1,0,0,2,0,3,Review,"elevated credited campaign discount: 100000, shared IP used by 99 users, "
U080643,100000,2,2,2,2022-06-28 20:45:00,2022-07-05 22:00:00,0,0,0,,,8,2022-06-28 20:13:32,2022-07-29 17:25:24,1,1,4,0,1,0,0,0,2,3,Review,"elevated credited campaign discount: 100000, reciprocal transfer loop with 4 partner(s), "
U080790,100000,2,2,2,2022-06-29 19:40:48,2022-07-05 12:00:01,0,0,0,,,2,2022-06-29 19:21:29,2022-07-05 11:29:34,1,1,3,0,1,0,0,0,2,3,Review,"elevated credited campaign discount: 100000, reciprocal transfer loop with 3 partner(s), "
U081201,100000,2,2,2,2022-06-13 12:11:27,2022-07-18 02:49:15,0,0,0,,,3,2022-07-18 00:55:20,2022-07-18 06:26:13,1,1,3,0,1,0,0,0,2,3,Review,"elevated credited campaign discount: 100000, reciprocal transfer loop with 3 partner(s), "
U081780,100000,2,2,2,2022-06-11 20:43:34,2022-06-11 20:47:21,100000,2,2,2022-06-11 20:43:34,2022-06-11 20:47:21,2,2022-06-11 18:05:44,2022-06-11 20:47:11,1,99,0,0,1,0,0,2,0,3,Review,"elevated credited campaign discount: 100000, shared IP used by 99 users, "
U082405,100000,2,2,2,2022-06-11 13:09:28,2022-06-11 13:12:44,100000,2,2,2022-06-11 13:09:28,2022-06-11 13:12:44,2,2022-06-11 11:02:42,2022-06-11 13:12:35,1,99,0,0,1,0,0,2,0,3,Review,"elevated credited campaign discount: 100000, shared IP used by 99 users, "
U083398,100000,2,2,2,2022-07-25 15:05:43,2022-07-25 15:09:07,100000,2,2,2022-07-25 15:05:43,2022-07-25 15:09:07,3,2022-07-25 14:20:51,2022-07-25 15:08:58,1,218,0,0,1,0,0,2,0,3,Review,"elevated credited campaign discount: 100000, shared IP used by 218 users, "
U083980,100000,2,2,2,2022-06-06 12:44:07,2022-07-01 21:00:00,0,0,0,,,3,2022-06-06 12:36:11,2022-07-01 20:30:48,1,7,6,0,1,0,0,0,2,3,Review,"elevated credited campaign discount: 100000, reciprocal transfer loop with 6 partner(s), "
U084224,100000,2,2,2,2022-06-12 00:25:54,2022-06-12 01:12:30,100000,2,2,2022-06-12 00:25:54,2022-06-12 01:12:30,2,2022-06-11 22:25:20,2022-06-12 01:12:20,1,99,0,0,1,0,0,2,0,3,Review,"elevated credited campaign discount: 100000, shared IP used by 99 users, "
U084747,100000,2,2,2,2022-07-10 23:55:23,2022-07-13 18:30:02,0,0,0,,,5,2022-07-10 18:27:53,2022-07-13 18:11:05,1,2,3,0,1,0,0,0,2,3,Review,"elevated credited campaign discount: 100000, reciprocal transfer loop with 3 partner(s), "
U085432,100000,2,2,2,2022-07-22 20:43:40,2022-07-22 20:47:40,100000,2,2,2022-07-22 20:43:40,2022-07-22 20:47:40,3,2022-07-22 20:09:33,2022-07-22 20:47:31,1,218,0,0,1,0,0,2,0,3,Review,"elevated credited campaign discount: 100000, shared IP used by 218 users, "
U085470,100000,2,2,2,2022-06-16 21:00:00,2022-06-16 23:00:00,100000,2,2,2022-06-16 21:00:00,2022-06-16 23:00:00,2,2022-06-16 20:40:14,2022-06-16 22:37:16,2,24,1,0,1,0,0,1,1,3,Review,"elevated credited campaign discount: 100000, shared IP used by 24 users, reciprocal transfer loop with 1 partner(s), "
U086212,100000,2,2,2,2022-06-10 11:00:03,2022-07-04 11:17:47,0,0,0,,,2,2022-06-10 10:36:45,2022-07-04 00:54:35,1,3,4,0,1,0,0,0,2,3,Review,"elevated credited campaign discount: 100000, reciprocal transfer loop with 4 partner(s), "
U086667,100000,2,2,2,2022-06-12 00:29:54,2022-06-12 00:32:57,100000,2,2,2022-06-12 00:29:54,2022-06-12 00:32:57,2,2022-06-11 21:34:18,2022-06-12 00:32:48,1,99,0,0,1,0,0,2,0,3,Review,"elevated credited campaign discount: 100000, shared IP used by 99 users, "
U086766,100000,2,2,2,2022-06-12 00:30:26,2022-06-12 00:33:29,100000,2,2,2022-06-12 00:30:26,2022-06-12 00:33:29,2,2022-06-11 22:30:34,2022-06-12 00:33:18,1,99,0,0,1,0,0,2,0,3,Review,"elevated credited campaign discount: 100000, shared IP used by 99 users, "
U086882,100000,2,2,2,2022-07-16 06:53:20,2022-07-17 19:47:41,0,0,0,,,4,2022-07-14 21:51:52,2022-07-30 09:58:25,1,23,2,0,1,0,0,1,1,3,Review,"elevated credited campaign discount: 100000, shared IP used by 23 users, reciprocal transfer loop with 2 partner(s), "
U086969,100000,2,2,2,2022-07-20 19:15:02,2022-07-29 13:00:01,0,0,0,,,2,2022-07-20 18:30:10,2022-07-29 12:22:56,1,26,1,0,1,0,0,1,1,3,Review,"elevated credited campaign discount: 100000, shared IP used by 26 users, reciprocal transfer loop with 1 partner(s), "
U087646,100000,2,2,2,2022-06-11 16:48:08,2022-06-11 16:52:49,100000,2,2,2022-06-11 16:48:08,2022-06-11 16:52:49,2,2022-06-11 15:36:51,2022-06-11 16:52:40,1,99,0,0,1,0,0,2,0,3,Review,"elevated credited campaign discount: 100000, shared IP used by 99 users, "
U087719,100000,2,2,2,2022-07-21 22:28:35,2022-07-21 22:31:40,100000,2,2,2022-07-21 22:28:35,2022-07-21 22:31:40,3,2022-07-21 21:45:33,2022-07-21 22:31:30,1,218,0,0,1,0,0,2,0,3,Review,"elevated credited campaign discount: 100000, shared IP used by 218 users, "
U088212,100000,2,2,2,2022-07-14 06:57:39,2022-07-20 17:45:46,0,0,0,,,3,2022-07-14 06:27:21,2022-07-20 21:26:13,1,2,4,0,1,0,0,0,2,3,Review,"elevated credited campaign discount: 100000, reciprocal transfer loop with 4 partner(s), "
U088594,100000,2,2,2,2022-06-11 13:00:52,2022-06-11 13:04:54,100000,2,2,2022-06-11 13:00:52,2022-06-11 13:04:54,2,2022-06-11 10:58:56,2022-06-11 13:04:45,1,99,0,0,1,0,0,2,0,3,Review,"elevated credited campaign discount: 100000, shared IP used by 99 users, "
U088638,100000,2,2,2,2022-07-23 15:36:39,2022-07-23 15:41:27,100000,2,2,2022-07-23 15:36:39,2022-07-23 15:41:27,3,2022-07-23 13:29:03,2022-07-23 15:41:08,1,218,0,0,1,0,0,2,0,3,Review,"elevated credited campaign discount: 100000, shared IP used by 218 users, "
U088728,100000,2,2,2,2022-06-13 13:45:00,2022-07-10 08:15:00,0,0,0,,,3,2022-06-13 13:04:42,2022-07-10 07:47:52,1,6,4,0,1,0,0,0,2,3,Review,"elevated credited campaign discount: 100000, reciprocal transfer loop with 4 partner(s), "
U089372,100000,2,2,2,2022-07-12 20:33:29,2022-07-12 21:15:00,0,0,0,,,3,2022-07-02 21:38:01,2022-07-12 20:45:53,1,4,4,0,1,0,0,0,2,3,Review,"elevated credited campaign discount: 100000, reciprocal transfer loop with 4 partner(s), "
U089720,100000,2,2,2,2022-07-26 22:51:02,2022-07-26 22:52:12,100000,2,2,2022-07-26 22:51:02,2022-07-26 22:52:12,2,2022-07-26 22:04:49,2022-07-26 22:51:21,1,218,0,0,1,0,0,2,0,3,Review,"elevated credited campaign discount: 100000, shared IP used by 218 users, "
U090105,100000,2,2,2,2022-07-16 14:45:04,2022-07-16 19:00:15,0,0,0,,,0,,,1,8,4,0,1,0,0,0,2,3,Review,"elevated credited campaign discount: 100000, reciprocal transfer loop with 4 partner(s), "
U090296,100000,2,2,2,2022-06-11 18:21:53,2022-06-11 18:29:22,100000,2,2,2022-06-11 18:21:53,2022-06-11 18:29:22,2,2022-06-11 16:23:04,2022-06-11 18:29:12,1,99,0,0,1,0,0,2,0,3,Review,"elevated credited campaign discount: 100000, shared IP used by 99 users, "
U090313,100000,2,2,2,2022-06-11 23:37:39,2022-06-12 00:16:22,100000,2,2,2022-06-11 23:37:39,2022-06-12 00:16:22,2,2022-06-11 21:00:49,2022-06-12 00:16:14,1,99,0,0,1,0,0,2,0,3,Review,"elevated credited campaign discount: 100000, shared IP used by 99 users, "
U018532,95000,4,4,4,2022-06-27 16:03:37,2022-06-27 16:11:19,0,0,0,,,0,,,5,29,1,0,0,0,1,1,1,3,Review,"shared device used by 5 users, shared IP used by 29 users, reciprocal transfer loop with 1 partner(s), "
U027721,95000,4,4,4,2022-06-22 17:33:14,2022-06-22 18:33:26,0,0,0,,,0,,,1,59,1,0,0,0,0,2,1,3,Review,"shared IP used by 59 users, reciprocal transfer loop with 1 partner(s), "
U045879,95000,4,4,4,2022-06-26 14:58:29,2022-06-26 15:11:28,95000,4,4,2022-06-26 14:58:29,2022-06-26 15:11:28,0,,,5,29,1,0,0,0,1,1,1,3,Review,"shared device used by 5 users, shared IP used by 29 users, reciprocal transfer loop with 1 partner(s), "
U047714,95000,4,4,4,2022-06-24 22:28:01,2022-06-24 22:39:45,0,0,0,,,0,,,1,59,1,0,0,0,0,2,1,3,Review,"shared IP used by 59 users, reciprocal transfer loop with 1 partner(s), "
U048101,95000,4,4,4,2022-06-22 17:39:33,2022-06-22 18:35:06,0,0,0,,,0,,,1,59,1,0,0,0,0,2,1,3,Review,"shared IP used by 59 users, reciprocal transfer loop with 1 partner(s), "
U048594,95000,4,4,4,2022-06-19 17:57:42,2022-06-19 18:04:17,0,0,0,,,0,,,1,59,1,0,0,0,0,2,1,3,Review,"shared IP used by 59 users, reciprocal transfer loop with 1 partner(s), "
U060219,95000,4,4,4,2022-06-27 10:34:46,2022-06-27 10:41:31,95000,4,4,2022-06-27 10:34:46,2022-06-27 10:41:31,0,,,5,29,1,0,0,0,1,1,1,3,Review,"shared device used by 5 users, shared IP used by 29 users, reciprocal transfer loop with 1 partner(s), "
U026997,90000,3,3,3,2022-06-07 23:21:45,2022-06-08 22:03:39,0,0,0,,,0,,,11,10,1,0,0,0,2,0,1,3,Review,"shared device used by 11 users, reciprocal transfer loop with 1 partner(s), "
U086566,90000,3,3,3,2022-06-26 18:08:06,2022-07-20 08:50:31,0,0,0,,,22,2022-06-25 21:32:10,2022-07-21 03:19:46,1,2,1,0,0,2,0,0,1,3,Review,"high referral count: 22, reciprocal transfer loop with 1 partner(s), "
U005918,85000,3,3,3,2022-06-23 17:51:33,2022-06-23 18:04:43,0,0,0,,,0,,,1,59,1,0,0,0,0,2,1,3,Review,"shared IP used by 59 users, reciprocal transfer loop with 1 partner(s), "
U044860,85000,3,3,3,2022-06-21 11:26:02,2022-06-21 11:32:44,0,0,0,,,0,,,1,59,1,0,0,0,0,2,1,3,Review,"shared IP used by 59 users, reciprocal transfer loop with 1 partner(s), "
U077553,85000,5,5,5,2022-07-14 12:03:45,2022-08-01 08:51:26,0,0,0,,,0,,,1,21,3,0,0,0,0,1,2,3,Review,"shared IP used by 21 users, reciprocal transfer loop with 3 partner(s), "
U015714,80000,2,2,2,2022-07-12 21:45:02,2022-07-19 19:20:26,0,0,0,,,2,2022-07-12 21:22:01,2022-07-12 21:27:36,1,25,4,0,0,0,0,1,2,3,Review,"shared IP used by 25 users, reciprocal transfer loop with 4 partner(s), "
U043951,80000,4,4,4,2022-06-08 11:13:59,2022-06-08 22:20:44,80000,4,4,2022-06-08 11:13:59,2022-06-08 22:20:44,0,,,7,18,45,0,0,0,1,0,2,3,Review,"shared device used by 7 users, reciprocal transfer loop with 45 partner(s), "
U000309,70000,3,3,3,2022-07-14 14:07:29,2022-07-14 14:09:00,70000,3,3,2022-07-14 14:07:29,2022-07-14 14:09:00,0,,,1,254,1,0,0,0,0,2,1,3,Review,"shared IP used by 254 users, reciprocal transfer loop with 1 partner(s), "
U000565,70000,3,3,3,2022-07-12 13:09:56,2022-07-12 13:12:26,70000,3,3,2022-07-12 13:09:56,2022-07-12 13:12:26,0,,,1,254,1,0,0,0,0,2,1,3,Review,"shared IP used by 254 users, reciprocal transfer loop with 1 partner(s), "
U007500,70000,3,3,3,2022-07-12 13:02:20,2022-07-12 13:05:18,70000,3,3,2022-07-12 13:02:20,2022-07-12 13:05:18,0,,,1,254,1,0,0,0,0,2,1,3,Review,"shared IP used by 254 users, reciprocal transfer loop with 1 partner(s), "
U008912,70000,3,3,3,2022-07-12 13:40:04,2022-07-12 13:42:26,70000,3,3,2022-07-12 13:40:04,2022-07-12 13:42:26,0,,,1,254,1,0,0,0,0,2,1,3,Review,"shared IP used by 254 users, reciprocal transfer loop with 1 partner(s), "
U009626,70000,3,3,3,2022-07-15 13:43:39,2022-07-15 13:45:09,70000,3,3,2022-07-15 13:43:39,2022-07-15 13:45:09,0,,,1,296,1,0,0,0,0,2,1,3,Review,"shared IP used by 296 users, reciprocal transfer loop with 1 partner(s), "
U011068,70000,3,3,3,2022-07-14 20:46:27,2022-07-14 20:47:55,70000,3,3,2022-07-14 20:46:27,2022-07-14 20:47:55,0,,,1,254,1,0,0,0,0,2,1,3,Review,"shared IP used by 254 users, reciprocal transfer loop with 1 partner(s), "
U014772,70000,3,3,3,2022-07-11 22:18:34,2022-07-11 22:22:23,70000,3,3,2022-07-11 22:18:34,2022-07-11 22:22:23,0,,,1,254,1,0,0,0,0,2,1,3,Review,"shared IP used by 254 users, reciprocal transfer loop with 1 partner(s), "
U023683,70000,3,3,3,2022-07-14 20:52:59,2022-07-14 20:54:56,70000,3,3,2022-07-14 20:52:59,2022-07-14 20:54:56,0,,,1,254,1,0,0,0,0,2,1,3,Review,"shared IP used by 254 users, reciprocal transfer loop with 1 partner(s), "
U024779,70000,3,3,3,2022-07-12 15:13:32,2022-07-12 15:16:17,70000,3,3,2022-07-12 15:13:32,2022-07-12 15:16:17,0,,,1,254,1,0,0,0,0,2,1,3,Review,"shared IP used by 254 users, reciprocal transfer loop with 1 partner(s), "
U028809,70000,3,3,3,2022-07-13 13:12:42,2022-07-13 13:18:52,70000,3,3,2022-07-13 13:12:42,2022-07-13 13:18:52,0,,,1,254,1,0,0,0,0,2,1,3,Review,"shared IP used by 254 users, reciprocal transfer loop with 1 partner(s), "
U034621,70000,3,3,3,2022-07-13 20:32:39,2022-07-13 20:36:47,70000,3,3,2022-07-13 20:32:39,2022-07-13 20:36:47,0,,,1,254,1,0,0,0,0,2,1,3,Review,"shared IP used by 254 users, reciprocal transfer loop with 1 partner(s), "
U038111,70000,3,3,3,2022-07-14 21:00:26,2022-07-14 21:01:52,70000,3,3,2022-07-14 21:00:26,2022-07-14 21:01:52,0,,,1,254,1,0,0,0,0,2,1,3,Review,"shared IP used by 254 users, reciprocal transfer loop with 1 partner(s), "
U038266,70000,3,3,3,2022-07-12 13:46:22,2022-07-12 13:48:28,70000,3,3,2022-07-12 13:46:22,2022-07-12 13:48:28,0,,,1,254,1,0,0,0,0,2,1,3,Review,"shared IP used by 254 users, reciprocal transfer loop with 1 partner(s), "
U042220,70000,3,3,3,2022-07-14 22:08:14,2022-07-14 22:09:43,70000,3,3,2022-07-14 22:08:14,2022-07-14 22:09:43,0,,,1,254,1,0,0,0,0,2,1,3,Review,"shared IP used by 254 users, reciprocal transfer loop with 1 partner(s), "
U043086,70000,3,3,3,2022-07-14 15:01:58,2022-07-14 15:04:44,70000,3,3,2022-07-14 15:01:58,2022-07-14 15:04:44,0,,,1,254,1,0,0,0,0,2,1,3,Review,"shared IP used by 254 users, reciprocal transfer loop with 1 partner(s), "
U045479,70000,3,3,3,2022-07-13 14:26:21,2022-07-13 14:29:09,70000,3,3,2022-07-13 14:26:21,2022-07-13 14:29:09,0,,,1,254,1,0,0,0,0,2,1,3,Review,"shared IP used by 254 users, reciprocal transfer loop with 1 partner(s), "
U051905,70000,3,3,3,2022-07-12 15:07:20,2022-07-12 15:10:11,70000,3,3,2022-07-12 15:07:20,2022-07-12 15:10:11,0,,,1,254,1,0,0,0,0,2,1,3,Review,"shared IP used by 254 users, reciprocal transfer loop with 1 partner(s), "
U053484,70000,3,3,3,2022-06-13 00:58:42,2022-06-13 08:41:12,0,0,0,,,11,2022-06-14 08:06:19,2022-06-14 09:27:46,11,6,1,0,0,0,2,0,1,3,Review,"shared device used by 11 users, reciprocal transfer loop with 1 partner(s), "
U054261,70000,3,3,3,2022-07-14 14:18:40,2022-07-14 14:20:08,70000,3,3,2022-07-14 14:18:40,2022-07-14 14:20:08,0,,,1,254,1,0,0,0,0,2,1,3,Review,"shared IP used by 254 users, reciprocal transfer loop with 1 partner(s), "
U058171,70000,3,3,3,2022-07-14 20:35:15,2022-07-14 20:36:51,70000,3,3,2022-07-14 20:35:15,2022-07-14 20:36:51,0,,,1,254,1,0,0,0,0,2,1,3,Review,"shared IP used by 254 users, reciprocal transfer loop with 1 partner(s), "
U062116,70000,3,3,3,2022-07-15 12:16:43,2022-07-15 12:18:18,70000,3,3,2022-07-15 12:16:43,2022-07-15 12:18:18,0,,,1,254,1,0,0,0,0,2,1,3,Review,"shared IP used by 254 users, reciprocal transfer loop with 1 partner(s), "
U063919,70000,3,3,3,2022-07-12 15:20:05,2022-07-12 15:22:48,70000,3,3,2022-07-12 15:20:05,2022-07-12 15:22:48,0,,,1,254,1,0,0,0,0,2,1,3,Review,"shared IP used by 254 users, reciprocal transfer loop with 1 partner(s), "
U064603,70000,3,3,3,2022-07-11 22:00:15,2022-07-11 22:04:29,70000,3,3,2022-07-11 22:00:15,2022-07-11 22:04:29,0,,,1,254,1,0,0,0,0,2,1,3,Review,"shared IP used by 254 users, reciprocal transfer loop with 1 partner(s), "
U065614,70000,3,3,3,2022-07-14 14:13:23,2022-07-14 14:14:53,70000,3,3,2022-07-14 14:13:23,2022-07-14 14:14:53,0,,,1,254,1,0,0,0,0,2,1,3,Review,"shared IP used by 254 users, reciprocal transfer loop with 1 partner(s), "
U070412,70000,3,3,3,2022-07-12 11:41:55,2022-07-12 12:12:28,70000,3,3,2022-07-12 11:41:55,2022-07-12 12:12:28,0,,,1,254,1,0,0,0,0,2,1,3,Review,"shared IP used by 254 users, reciprocal transfer loop with 1 partner(s), "
U072616,70000,3,3,3,2022-07-12 12:54:39,2022-07-12 12:57:27,70000,3,3,2022-07-12 12:54:39,2022-07-12 12:57:27,0,,,1,254,1,0,0,0,0,2,1,3,Review,"shared IP used by 254 users, reciprocal transfer loop with 1 partner(s), "
U072910,70000,3,3,3,2022-07-14 20:41:20,2022-07-14 20:42:50,70000,3,3,2022-07-14 20:41:20,2022-07-14 20:42:50,0,,,1,254,1,0,0,0,0,2,1,3,Review,"shared IP used by 254 users, reciprocal transfer loop with 1 partner(s), "
U073148,70000,3,3,3,2022-07-14 22:01:39,2022-07-14 22:03:22,70000,3,3,2022-07-14 22:01:39,2022-07-14 22:03:22,0,,,1,254,1,0,0,0,0,2,1,3,Review,"shared IP used by 254 users, reciprocal transfer loop with 1 partner(s), "
U077757,70000,3,3,3,2022-07-13 14:06:31,2022-07-13 14:09:05,70000,3,3,2022-07-13 14:06:31,2022-07-13 14:09:05,0,,,1,254,1,0,0,0,0,2,1,3,Review,"shared IP used by 254 users, reciprocal transfer loop with 1 partner(s), "
U078967,70000,3,3,3,2022-07-12 12:24:02,2022-07-12 12:30:49,70000,3,3,2022-07-12 12:24:02,2022-07-12 12:30:49,0,,,1,254,1,0,0,0,0,2,1,3,Review,"shared IP used by 254 users, reciprocal transfer loop with 1 partner(s), "
U080808,70000,3,3,3,2022-07-12 12:43:05,2022-07-12 12:46:04,70000,3,3,2022-07-12 12:43:05,2022-07-12 12:46:04,0,,,1,254,1,0,0,0,0,2,1,3,Review,"shared IP used by 254 users, reciprocal transfer loop with 1 partner(s), "
U083243,70000,3,3,3,2022-07-13 14:19:49,2022-07-13 14:22:30,70000,3,3,2022-07-13 14:19:49,2022-07-13 14:22:30,0,,,1,254,1,0,0,0,0,2,1,3,Review,"shared IP used by 254 users, reciprocal transfer loop with 1 partner(s), "
U086986,70000,3,3,3,2022-07-12 13:26:13,2022-07-12 13:28:36,70000,3,3,2022-07-12 13:26:13,2022-07-12 13:28:36,0,,,1,254,1,0,0,0,0,2,1,3,Review,"shared IP used by 254 users, reciprocal transfer loop with 1 partner(s), "
U088470,70000,3,3,3,2022-07-13 21:38:53,2022-07-13 21:44:55,70000,3,3,2022-07-13 21:38:53,2022-07-13 21:44:55,0,,,1,254,1,0,0,0,0,2,1,3,Review,"shared IP used by 254 users, reciprocal transfer loop with 1 partner(s), "
U005056,65000,2,2,2,2022-06-20 01:26:08,2022-06-20 01:28:30,0,0,0,,,0,,,1,72,1,0,0,0,0,2,1,3,Review,"shared IP used by 72 users, reciprocal transfer loop with 1 partner(s), "
U044243,65000,2,2,2,2022-06-25 16:13:51,2022-07-04 01:41:27,35000,1,1,2022-06-25 16:13:51,2022-06-25 16:13:51,0,,,1,74,1,0,0,0,0,2,1,3,Review,"shared IP used by 74 users, reciprocal transfer loop with 1 partner(s), "
U077634,65000,2,2,2,2022-06-25 16:14:51,2022-07-04 01:31:17,35000,1,1,2022-06-25 16:14:51,2022-06-25 16:14:51,0,,,1,74,1,0,0,0,0,2,1,3,Review,"shared IP used by 74 users, reciprocal transfer loop with 1 partner(s), "
U081159,65000,2,2,2,2022-06-15 19:09:01,2022-06-15 19:10:46,0,0,0,,,0,,,1,72,1,0,0,0,0,2,1,3,Review,"shared IP used by 72 users, reciprocal transfer loop with 1 partner(s), "
U083741,65000,2,2,2,2022-06-17 14:31:34,2022-06-17 14:32:33,0,0,0,,,0,,,1,72,1,0,0,0,0,2,1,3,Review,"shared IP used by 72 users, reciprocal transfer loop with 1 partner(s), "
U089915,65000,2,2,2,2022-06-20 12:47:41,2022-06-20 12:51:04,0,0,0,,,0,,,1,59,1,0,0,0,0,2,1,3,Review,"shared IP used by 59 users, reciprocal transfer loop with 1 partner(s), "
U003355,60000,3,3,3,2022-07-13 12:45:59,2022-07-13 13:01:14,60000,3,3,2022-07-13 12:45:59,2022-07-13 13:01:14,0,,,1,254,1,0,0,0,0,2,1,3,Review,"shared IP used by 254 users, reciprocal transfer loop with 1 partner(s), "
U003365,60000,2,2,2,2022-06-01 12:15:00,2022-06-07 12:30:17,0,0,0,,,1,2022-06-01 11:48:57,2022-06-01 11:54:09,1,27,4,0,0,0,0,1,2,3,Review,"shared IP used by 27 users, reciprocal transfer loop with 4 partner(s), "
U016865,60000,3,3,3,2022-06-30 00:26:58,2022-07-08 00:14:17,40000,2,2,2022-06-30 00:26:58,2022-06-30 00:28:34,0,,,2,74,1,0,0,0,0,2,1,3,Review,"shared IP used by 74 users, reciprocal transfer loop with 1 partner(s), "
U038637,60000,3,3,3,2022-06-26 13:34:11,2022-06-26 13:36:02,0,0,0,,,0,,,1,59,1,0,0,0,0,2,1,3,Review,"shared IP used by 59 users, reciprocal transfer loop with 1 partner(s), "
U070631,60000,3,3,3,2022-07-13 13:06:20,2022-07-13 13:08:21,60000,3,3,2022-07-13 13:06:20,2022-07-13 13:08:21,0,,,1,254,1,0,0,0,0,2,1,3,Review,"shared IP used by 254 users, reciprocal transfer loop with 1 partner(s), "
U070809,60000,3,3,3,2022-07-13 12:58:10,2022-07-13 13:00:15,60000,3,3,2022-07-13 12:58:10,2022-07-13 13:00:15,0,,,1,254,1,0,0,0,0,2,1,3,Review,"shared IP used by 254 users, reciprocal transfer loop with 1 partner(s), "
U081428,60000,2,2,2,2022-06-10 23:15:00,2022-06-17 00:20:04,0,0,0,,,1,2022-06-10 22:53:49,2022-06-10 23:09:00,2,28,4,0,0,0,0,1,2,3,Review,"shared IP used by 28 users, reciprocal transfer loop with 4 partner(s), "
U073921,55000,2,2,2,2022-07-02 13:26:56,2022-07-02 16:00:01,55000,2,2,2022-07-02 13:26:56,2022-07-02 16:00:01,0,,,1,21,8,0,0,0,0,1,2,3,Review,"shared IP used by 21 users, reciprocal transfer loop with 8 partner(s), "
U076825,55000,2,2,2,2022-06-28 11:32:44,2022-06-28 11:33:34,55000,2,2,2022-06-28 11:32:44,2022-06-28 11:33:34,0,,,5,29,1,0,0,0,1,1,1,3,Review,"shared device used by 5 users, shared IP used by 29 users, reciprocal transfer loop with 1 partner(s), "
U089033,55000,2,2,2,2022-07-13 14:57:19,2022-07-13 15:01:46,0,0,0,,,0,,,7,18,6,0,0,0,1,0,2,3,Review,"shared device used by 7 users, reciprocal transfer loop with 6 partner(s), "
U000520,50000,1,1,1,2022-07-19 02:43:09,2022-07-19 02:43:09,0,0,0,,,1,2022-07-19 01:28:16,2022-07-19 01:44:48,1,57,1,0,0,0,0,2,1,3,Review,"shared IP used by 57 users, reciprocal transfer loop with 1 partner(s), "
U005052,50000,2,2,2,2022-06-27 23:12:41,2022-06-27 23:32:22,0,0,0,,,0,,,1,59,1,0,0,0,0,2,1,3,Review,"shared IP used by 59 users, reciprocal transfer loop with 1 partner(s), "
U008049,50000,1,1,1,2022-07-01 23:38:02,2022-07-01 23:38:02,0,0,0,,,1,2022-06-03 23:38:16,2022-07-01 23:16:07,1,57,1,0,0,0,0,2,1,3,Review,"shared IP used by 57 users, reciprocal transfer loop with 1 partner(s), "
U009300,50000,1,1,1,2022-07-16 09:42:34,2022-07-16 09:42:34,0,0,0,,,1,2022-07-15 20:36:19,2022-07-15 20:39:05,1,22,3,0,0,0,0,1,2,3,Review,"shared IP used by 22 users, reciprocal transfer loop with 3 partner(s), "
U017618,50000,2,2,2,2022-06-27 23:21:24,2022-06-27 23:22:59,0,0,0,,,0,,,1,59,1,0,0,0,0,2,1,3,Review,"shared IP used by 59 users, reciprocal transfer loop with 1 partner(s), "
U018126,50000,1,1,1,2022-07-14 23:30:01,2022-07-14 23:30:01,0,0,0,,,2,2022-07-14 23:06:09,2022-07-23 19:07:51,1,27,14,0,0,0,0,1,2,3,Review,"shared IP used by 27 users, reciprocal transfer loop with 14 partner(s), "
U018201,50000,1,1,1,2022-06-05 09:53:42,2022-06-05 09:53:42,0,0,0,,,3,2022-06-04 19:17:26,2022-06-26 07:36:35,1,24,4,0,0,0,0,1,2,3,Review,"shared IP used by 24 users, reciprocal transfer loop with 4 partner(s), "
U020342,50000,1,1,1,2022-07-07 15:07:50,2022-07-07 15:07:50,0,0,0,,,2,2022-07-07 14:55:34,2022-07-07 15:20:18,7,17,3,0,0,0,1,0,2,3,Review,"shared device used by 7 users, reciprocal transfer loop with 3 partner(s), "
U020737,50000,1,1,1,2022-06-29 11:45:00,2022-06-29 11:45:00,0,0,0,,,2,2022-06-29 11:12:24,2022-07-21 10:29:55,1,29,4,0,0,0,0,1,2,3,Review,"shared IP used by 29 users, reciprocal transfer loop with 4 partner(s), "
U022415,50000,1,1,1,2022-06-16 13:45:01,2022-06-16 13:45:01,0,0,0,,,6,2022-06-14 07:56:31,2022-06-18 07:09:48,1,30,3,0,0,0,0,1,2,3,Review,"shared IP used by 30 users, reciprocal transfer loop with 3 partner(s), "
U026408,50000,1,1,1,2022-06-13 21:30:01,2022-06-13 21:30:01,0,0,0,,,3,2022-06-13 21:06:05,2022-07-30 07:08:34,1,57,1,0,0,0,0,2,1,3,Review,"shared IP used by 57 users, reciprocal transfer loop with 1 partner(s), "
U029074,50000,2,2,2,2022-06-25 21:44:55,2022-06-25 21:45:45,0,0,0,,,0,,,1,59,1,0,0,0,0,2,1,3,Review,"shared IP used by 59 users, reciprocal transfer loop with 1 partner(s), "
U029264,50000,1,1,1,2022-06-23 10:55:48,2022-06-23 10:55:48,0,0,0,,,10,2022-06-22 05:51:30,2022-07-18 22:14:52,1,21,3,0,0,0,0,1,2,3,Review,"shared IP used by 21 users, reciprocal transfer loop with 3 partner(s), "
U030249,50000,1,1,1,2022-06-28 21:09:26,2022-06-28 21:09:26,0,0,0,,,4,2022-06-28 14:51:39,2022-06-30 00:13:00,1,47,5,0,0,0,0,1,2,3,Review,"shared IP used by 47 users, reciprocal transfer loop with 5 partner(s), "
U032837,50000,1,1,1,2022-06-15 04:27:16,2022-06-15 04:27:16,0,0,0,,,1,2022-06-13 19:09:29,2022-06-14 19:54:57,2,57,2,0,0,0,0,2,1,3,Review,"shared IP used by 57 users, reciprocal transfer loop with 2 partner(s), "
U033216,50000,1,1,1,2022-06-18 13:15:00,2022-06-18 13:15:00,0,0,0,,,1,2022-06-18 12:32:58,2022-06-18 12:36:09,1,57,1,0,0,0,0,2,1,3,Review,"shared IP used by 57 users, reciprocal transfer loop with 1 partner(s), "
U033315,50000,1,1,1,2022-06-25 10:45:01,2022-06-25 10:45:01,0,0,0,,,1,2022-06-25 10:06:59,2022-06-25 10:12:16,1,57,1,0,0,0,0,2,1,3,Review,"shared IP used by 57 users, reciprocal transfer loop with 1 partner(s), "
U033377,50000,1,1,1,2022-06-09 18:30:00,2022-06-09 18:30:00,0,0,0,,,8,2022-06-09 10:48:10,2022-06-11 22:06:04,2,29,21,0,0,0,0,1,2,3,Review,"shared IP used by 29 users, reciprocal transfer loop with 21 partner(s), "
U036309,50000,1,1,1,2022-07-02 07:56:20,2022-07-02 07:56:20,0,0,0,,,2,2022-06-24 23:07:03,2022-07-02 07:54:05,0,57,1,0,0,0,0,2,1,3,Review,"shared IP used by 57 users, reciprocal transfer loop with 1 partner(s), "
U038238,50000,1,1,1,2022-06-01 09:45:00,2022-06-01 09:45:00,0,0,0,,,2,2022-06-01 09:10:30,2022-07-08 21:59:39,1,57,1,0,0,0,0,2,1,3,Review,"shared IP used by 57 users, reciprocal transfer loop with 1 partner(s), "
U039247,50000,1,1,1,2022-07-13 11:48:43,2022-07-13 11:48:43,0,0,0,,,1,2022-07-12 08:00:46,2022-07-12 19:18:16,1,24,4,0,0,0,0,1,2,3,Review,"shared IP used by 24 users, reciprocal transfer loop with 4 partner(s), "
U043310,50000,2,2,2,2022-06-07 23:10:44,2022-06-07 23:11:37,50000,2,2,2022-06-07 23:10:44,2022-06-07 23:11:37,0,,,11,10,1,0,0,0,2,0,1,3,Review,"shared device used by 11 users, reciprocal transfer loop with 1 partner(s), "
U044576,50000,1,1,1,2022-06-07 17:04:14,2022-06-07 17:04:14,0,0,0,,,3,2022-06-07 16:03:06,2022-06-07 17:48:36,1,24,4,0,0,0,0,1,2,3,Review,"shared IP used by 24 users, reciprocal transfer loop with 4 partner(s), "
U044772,50000,1,1,1,2022-07-11 22:15:00,2022-07-11 22:15:00,0,0,0,,,1,2022-07-11 21:40:36,2022-07-11 21:42:57,1,37,5,0,0,0,0,1,2,3,Review,"shared IP used by 37 users, reciprocal transfer loop with 5 partner(s), "
U045286,50000,1,1,1,2022-07-24 10:24:25,2022-07-24 10:24:25,0,0,0,,,2,2022-06-16 06:50:19,2022-07-24 06:52:30,1,29,4,0,0,0,0,1,2,3,Review,"shared IP used by 29 users, reciprocal transfer loop with 4 partner(s), "
U046400,50000,1,1,1,2022-06-15 03:59:26,2022-06-15 03:59:26,0,0,0,,,0,,,1,57,1,0,0,0,0,2,1,3,Review,"shared IP used by 57 users, reciprocal transfer loop with 1 partner(s), "
U052145,50000,1,1,1,2022-07-30 10:27:01,2022-07-30 10:27:01,0,0,0,,,1,2022-07-29 08:44:42,2022-07-30 07:12:56,1,21,3,0,0,0,0,1,2,3,Review,"shared IP used by 21 users, reciprocal transfer loop with 3 partner(s), "
U062660,50000,1,1,1,2022-06-13 00:30:00,2022-06-13 00:30:00,0,0,0,,,2,2022-06-13 00:02:09,2022-06-13 00:09:31,1,24,95,0,0,0,0,1,2,3,Review,"shared IP used by 24 users, reciprocal transfer loop with 95 partner(s), "
U068197,50000,2,2,2,2022-06-25 21:49:32,2022-06-25 21:50:20,0,0,0,,,0,,,1,59,1,0,0,0,0,2,1,3,Review,"shared IP used by 59 users, reciprocal transfer loop with 1 partner(s), "
U068632,50000,1,1,1,2022-06-05 00:55:02,2022-06-05 00:55:02,0,0,0,,,1,2022-06-04 23:52:45,2022-06-05 00:14:45,1,57,1,0,0,0,0,2,1,3,Review,"shared IP used by 57 users, reciprocal transfer loop with 1 partner(s), "
U071927,50000,1,1,1,2022-06-26 18:57:39,2022-06-26 18:57:39,0,0,0,,,1,2022-07-14 06:38:42,2022-07-14 06:38:42,1,37,4,0,0,0,0,1,2,3,Review,"shared IP used by 37 users, reciprocal transfer loop with 4 partner(s), "
U079385,50000,1,1,1,2022-06-14 21:30:00,2022-06-14 21:30:00,0,0,0,,,1,2022-06-14 13:24:12,2022-06-14 21:08:17,1,23,4,0,0,0,0,1,2,3,Review,"shared IP used by 23 users, reciprocal transfer loop with 4 partner(s), "
U081410,50000,1,1,1,2022-06-22 19:30:00,2022-06-22 19:30:00,0,0,0,,,2,2022-06-04 12:14:04,2022-06-22 19:04:22,1,21,5,0,0,0,0,1,2,3,Review,"shared IP used by 21 users, reciprocal transfer loop with 5 partner(s), "
U083062,50000,1,1,1,2022-07-01 18:29:51,2022-07-01 18:29:51,0,0,0,,,2,2022-07-01 18:26:40,2022-07-01 20:04:22,1,27,5,0,0,0,0,1,2,3,Review,"shared IP used by 27 users, reciprocal transfer loop with 5 partner(s), "
U085293,50000,1,1,1,2022-07-17 18:00:00,2022-07-17 18:00:00,0,0,0,,,1,2022-07-17 17:25:38,2022-07-17 17:31:14,1,24,4,0,0,0,0,1,2,3,Review,"shared IP used by 24 users, reciprocal transfer loop with 4 partner(s), "
U086159,50000,2,2,2,2022-06-26 11:49:45,2022-06-26 11:50:41,0,0,0,,,0,,,1,59,1,0,0,0,0,2,1,3,Review,"shared IP used by 59 users, reciprocal transfer loop with 1 partner(s), "
U086170,50000,1,1,1,2022-07-29 19:00:04,2022-07-29 19:00:04,0,0,0,,,1,2022-07-29 18:37:31,2022-07-29 18:43:21,1,22,3,0,0,0,0,1,2,3,Review,"shared IP used by 22 users, reciprocal transfer loop with 3 partner(s), "
U087029,50000,1,1,1,2022-07-02 03:32:06,2022-07-02 03:32:06,0,0,0,,,2,2022-06-28 07:52:34,2022-07-02 03:09:26,1,57,2,0,0,0,0,2,1,3,Review,"shared IP used by 57 users, reciprocal transfer loop with 2 partner(s), "
U089395,50000,2,2,2,2022-06-22 17:36:34,2022-06-22 17:48:56,0,0,0,,,0,,,1,59,1,0,0,0,0,2,1,3,Review,"shared IP used by 59 users, reciprocal transfer loop with 1 partner(s), "
U090337,50000,2,2,2,2022-06-26 11:34:28,2022-06-26 11:40:57,0,0,0,,,0,,,1,59,1,0,0,0,0,2,1,3,Review,"shared IP used by 59 users, reciprocal transfer loop with 1 partner(s), "
U003439,45000,2,2,2,2022-07-01 10:17:52,2022-07-01 10:18:30,45000,2,2,2022-07-01 10:17:52,2022-07-01 10:18:30,0,,,1,74,1,0,0,0,0,2,1,3,Review,"shared IP used by 74 users, reciprocal transfer loop with 1 partner(s), "
U014208,45000,2,2,2,2022-06-20 10:05:08,2022-06-20 10:11:26,0,0,0,,,0,,,1,24,3,0,0,0,0,1,2,3,Review,"shared IP used by 24 users, reciprocal transfer loop with 3 partner(s), "
U018913,45000,3,3,3,2022-06-04 12:28:58,2022-06-15 04:50:50,0,0,0,,,0,,,1,57,1,0,0,0,0,2,1,3,Review,"shared IP used by 57 users, reciprocal transfer loop with 1 partner(s), "
U019673,45000,2,2,2,2022-06-18 20:45:50,2022-06-18 20:46:42,0,0,0,,,0,,,1,59,1,0,0,0,0,2,1,3,Review,"shared IP used by 59 users, reciprocal transfer loop with 1 partner(s), "
U035476,45000,2,2,2,2022-06-15 18:31:51,2022-06-15 18:32:53,45000,2,2,2022-06-15 18:31:51,2022-06-15 18:32:53,0,,,1,59,1,0,0,0,0,2,1,3,Review,"shared IP used by 59 users, reciprocal transfer loop with 1 partner(s), "
U035688,45000,2,2,2,2022-06-19 12:56:07,2022-06-19 13:00:57,0,0,0,,,0,,,1,59,1,0,0,0,0,2,1,3,Review,"shared IP used by 59 users, reciprocal transfer loop with 1 partner(s), "
U037529,45000,2,2,2,2022-06-30 15:21:37,2022-07-07 23:34:39,10000,1,1,2022-06-30 15:21:37,2022-06-30 15:21:37,0,,,1,74,1,0,0,0,0,2,1,3,Review,"shared IP used by 74 users, reciprocal transfer loop with 1 partner(s), "
U075060,45000,2,2,2,2022-06-16 16:46:26,2022-06-16 16:47:12,0,0,0,,,0,,,1,59,1,0,0,0,0,2,1,3,Review,"shared IP used by 59 users, reciprocal transfer loop with 1 partner(s), "
U004080,40000,2,2,2,2022-07-09 01:00:32,2022-07-09 01:02:16,0,0,0,,,0,,,1,74,1,0,0,0,0,2,1,3,Review,"shared IP used by 74 users, reciprocal transfer loop with 1 partner(s), "
U014378,40000,2,2,2,2022-06-18 10:05:53,2022-06-18 10:06:37,0,0,0,,,0,,,3,24,4,0,0,0,0,1,2,3,Review,"shared IP used by 24 users, reciprocal transfer loop with 4 partner(s), "
U016775,40000,2,2,2,2022-07-05 22:14:38,2022-07-05 22:15:15,40000,2,2,2022-07-05 22:14:38,2022-07-05 22:15:15,0,,,1,254,1,0,0,0,0,2,1,3,Review,"shared IP used by 254 users, reciprocal transfer loop with 1 partner(s), "
U016979,40000,2,2,2,2022-06-15 12:57:52,2022-06-15 13:00:15,0,0,0,,,0,,,12,1,1,0,0,0,2,0,1,3,Review,"shared device used by 12 users, reciprocal transfer loop with 1 partner(s), "
U019242,40000,2,2,2,2022-06-15 16:23:25,2022-06-15 16:27:02,0,0,0,,,0,,,1,21,5,0,0,0,0,1,2,3,Review,"shared IP used by 21 users, reciprocal transfer loop with 5 partner(s), "
U023222,40000,2,2,2,2022-07-13 08:51:08,2022-07-13 08:55:59,0,0,0,,,10,2022-07-13 12:19:15,2022-07-14 19:21:18,1,30,12,0,0,0,0,1,2,3,Review,"shared IP used by 30 users, reciprocal transfer loop with 12 partner(s), "
U026325,40000,2,2,2,2022-07-04 21:50:20,2022-07-04 21:51:14,40000,2,2,2022-07-04 21:50:20,2022-07-04 21:51:14,0,,,1,254,1,0,0,0,0,2,1,3,Review,"shared IP used by 254 users, reciprocal transfer loop with 1 partner(s), "
U029610,40000,2,2,2,2022-06-12 00:12:02,2022-06-12 00:13:55,0,0,0,,,0,,,12,4,1,0,0,0,2,0,1,3,Review,"shared device used by 12 users, reciprocal transfer loop with 1 partner(s), "
U034345,40000,2,2,2,2022-06-11 14:39:57,2022-06-11 14:46:01,0,0,0,,,0,,,12,4,1,0,0,0,2,0,1,3,Review,"shared device used by 12 users, reciprocal transfer loop with 1 partner(s), "
U036276,40000,2,2,2,2022-06-18 00:51:08,2022-06-18 00:52:31,0,0,0,,,1,2022-06-17 23:03:44,2022-06-17 23:03:44,3,24,8,0,0,0,0,1,2,3,Review,"shared IP used by 24 users, reciprocal transfer loop with 8 partner(s), "
U037321,40000,2,2,2,2022-07-04 20:57:35,2022-07-04 20:58:13,40000,2,2,2022-07-04 20:57:35,2022-07-04 20:58:13,0,,,1,254,1,0,0,0,0,2,1,3,Review,"shared IP used by 254 users, reciprocal transfer loop with 1 partner(s), "
U040508,40000,2,2,2,2022-07-09 00:45:26,2022-07-09 00:46:54,0,0,0,,,0,,,1,74,1,0,0,0,0,2,1,3,Review,"shared IP used by 74 users, reciprocal transfer loop with 1 partner(s), "
U041789,40000,2,2,2,2022-07-09 01:00:35,2022-07-09 01:02:18,0,0,0,,,0,,,1,74,1,0,0,0,0,2,1,3,Review,"shared IP used by 74 users, reciprocal transfer loop with 1 partner(s), "
U042079,40000,2,2,2,2022-07-09 00:10:26,2022-07-09 00:11:52,0,0,0,,,0,,,1,74,1,0,0,0,0,2,1,3,Review,"shared IP used by 74 users, reciprocal transfer loop with 1 partner(s), "
U049181,40000,2,2,2,2022-07-04 16:49:45,2022-07-04 16:50:12,40000,2,2,2022-07-04 16:49:45,2022-07-04 16:50:12,0,,,1,254,1,0,0,0,0,2,1,3,Review,"shared IP used by 254 users, reciprocal transfer loop with 1 partner(s), "
U050825,40000,2,2,2,2022-06-30 00:24:50,2022-06-30 00:25:26,40000,2,2,2022-06-30 00:24:50,2022-06-30 00:25:26,0,,,1,74,1,0,0,0,0,2,1,3,Review,"shared IP used by 74 users, reciprocal transfer loop with 1 partner(s), "
U054122,40000,2,2,2,2022-07-11 08:41:56,2022-07-11 08:43:59,40000,2,2,2022-07-11 08:41:56,2022-07-11 08:43:59,0,,,1,28,30,0,0,0,0,1,2,3,Review,"shared IP used by 28 users, reciprocal transfer loop with 30 partner(s), "
U054603,40000,2,2,2,2022-07-09 00:10:34,2022-07-09 00:11:53,0,0,0,,,0,,,1,74,1,0,0,0,0,2,1,3,Review,"shared IP used by 74 users, reciprocal transfer loop with 1 partner(s), "
U056010,40000,2,2,2,2022-06-15 22:01:02,2022-06-15 22:02:22,0,0,0,,,0,,,1,27,27,0,0,0,0,1,2,3,Review,"shared IP used by 27 users, reciprocal transfer loop with 27 partner(s), "
U061602,40000,1,1,1,2022-06-21 18:14:22,2022-06-21 18:14:22,0,0,0,,,0,,,1,57,1,0,0,0,0,2,1,3,Review,"shared IP used by 57 users, reciprocal transfer loop with 1 partner(s), "
U063379,40000,2,2,2,2022-06-29 04:31:08,2022-06-29 04:31:37,0,0,0,,,0,,,1,74,1,0,0,0,0,2,1,3,Review,"shared IP used by 74 users, reciprocal transfer loop with 1 partner(s), "
U064801,40000,2,2,2,2022-06-30 15:17:56,2022-07-07 23:26:42,10000,1,1,2022-06-30 15:17:56,2022-06-30 15:17:56,0,,,1,74,1,0,0,0,0,2,1,3,Review,"shared IP used by 74 users, reciprocal transfer loop with 1 partner(s), "
U066706,40000,2,2,2,2022-07-04 19:00:11,2022-07-04 19:01:08,40000,2,2,2022-07-04 19:00:11,2022-07-04 19:01:08,0,,,1,254,1,0,0,0,0,2,1,3,Review,"shared IP used by 254 users, reciprocal transfer loop with 1 partner(s), "
U066857,40000,2,2,2,2022-07-04 15:47:04,2022-07-04 15:47:50,40000,2,2,2022-07-04 15:47:04,2022-07-04 15:47:50,0,,,1,254,1,0,0,0,0,2,1,3,Review,"shared IP used by 254 users, reciprocal transfer loop with 1 partner(s), "
U068078,40000,2,2,2,2022-06-01 16:49:41,2022-06-01 17:00:27,0,0,0,,,0,,,12,2,1,0,0,0,2,0,1,3,Review,"shared device used by 12 users, reciprocal transfer loop with 1 partner(s), "
U073179,40000,2,2,2,2022-06-11 15:31:22,2022-06-11 15:38:32,0,0,0,,,0,,,12,4,1,0,0,0,2,0,1,3,Review,"shared device used by 12 users, reciprocal transfer loop with 1 partner(s), "
U075662,40000,2,2,2,2022-06-07 14:32:15,2022-06-07 14:53:13,40000,2,2,2022-06-07 14:32:15,2022-06-07 14:53:13,3,2022-06-07 16:31:24,2022-06-07 22:12:44,7,25,1,0,0,0,1,1,1,3,Review,"shared device used by 7 users, shared IP used by 25 users, reciprocal transfer loop with 1 partner(s), "
U076927,40000,2,2,2,2022-07-04 18:17:39,2022-07-04 18:19:26,40000,2,2,2022-07-04 18:17:39,2022-07-04 18:19:26,0,,,1,254,1,0,0,0,0,2,1,3,Review,"shared IP used by 254 users, reciprocal transfer loop with 1 partner(s), "
U077210,40000,2,2,2,2022-07-09 00:45:24,2022-07-09 00:46:53,0,0,0,,,0,,,1,74,1,0,0,0,0,2,1,3,Review,"shared IP used by 74 users, reciprocal transfer loop with 1 partner(s), "
U077507,40000,2,2,2,2022-07-04 11:31:58,2022-07-04 11:34:54,40000,2,2,2022-07-04 11:31:58,2022-07-04 11:34:54,0,,,1,254,1,0,0,0,0,2,1,3,Review,"shared IP used by 254 users, reciprocal transfer loop with 1 partner(s), "
U077938,40000,2,2,2,2022-06-06 11:35:45,2022-06-06 11:36:48,0,0,0,,,0,,,12,5,2,0,0,0,2,0,1,3,Review,"shared device used by 12 users, reciprocal transfer loop with 2 partner(s), "
U081872,40000,2,2,2,2022-07-04 15:10:05,2022-07-04 15:11:00,40000,2,2,2022-07-04 15:10:05,2022-07-04 15:11:00,0,,,1,254,1,0,0,0,0,2,1,3,Review,"shared IP used by 254 users, reciprocal transfer loop with 1 partner(s), "
U089450,40000,2,2,2,2022-06-09 19:08:01,2022-06-09 19:14:47,0,0,0,,,0,,,1,24,29,0,0,0,0,1,2,3,Review,"shared IP used by 24 users, reciprocal transfer loop with 29 partner(s), "
U002222,35000,1,1,1,2022-06-17 19:54:33,2022-06-17 19:54:33,35000,1,1,2022-06-17 19:54:33,2022-06-17 19:54:33,0,,,1,24,8,0,0,0,0,1,2,3,Review,"shared IP used by 24 users, reciprocal transfer loop with 8 partner(s), "
U069692,35000,1,1,1,2022-06-20 02:55:45,2022-06-20 02:55:45,0,0,0,,,0,,,1,72,1,0,0,0,0,2,1,3,Review,"shared IP used by 72 users, reciprocal transfer loop with 1 partner(s), "
U069809,35000,1,1,1,2022-07-11 08:04:57,2022-07-11 08:04:57,35000,1,1,2022-07-11 08:04:57,2022-07-11 08:04:57,0,,,1,74,1,0,0,0,0,2,1,3,Review,"shared IP used by 74 users, reciprocal transfer loop with 1 partner(s), "
U072317,35000,1,1,1,2022-06-25 16:12:45,2022-06-25 16:12:45,35000,1,1,2022-06-25 16:12:45,2022-06-25 16:12:45,0,,,3,74,1,0,0,0,0,2,1,3,Review,"shared IP used by 74 users, reciprocal transfer loop with 1 partner(s), "
U077402,35000,1,1,1,2022-06-10 12:59:17,2022-06-10 12:59:17,0,0,0,,,0,,,1,39,3,0,0,0,0,1,2,3,Review,"shared IP used by 39 users, reciprocal transfer loop with 3 partner(s), "
U090442,35000,1,1,1,2022-07-08 20:54:27,2022-07-08 20:54:27,35000,1,1,2022-07-08 20:54:27,2022-07-08 20:54:27,0,,,1,74,1,0,0,0,0,2,1,3,Review,"shared IP used by 74 users, reciprocal transfer loop with 1 partner(s), "
U000474,30000,2,2,2,2022-07-05 18:41:49,2022-07-05 18:42:13,30000,2,2,2022-07-05 18:41:49,2022-07-05 18:42:13,0,,,1,254,1,0,0,0,0,2,1,3,Review,"shared IP used by 254 users, reciprocal transfer loop with 1 partner(s), "
U000594,30000,2,2,2,2022-07-12 12:29:46,2022-07-12 12:30:17,30000,2,2,2022-07-12 12:29:46,2022-07-12 12:30:17,0,,,1,60,1,0,0,0,0,2,1,3,Review,"shared IP used by 60 users, reciprocal transfer loop with 1 partner(s), "
U001128,30000,2,2,2,2022-07-05 19:03:53,2022-07-05 19:04:22,30000,2,2,2022-07-05 19:03:53,2022-07-05 19:04:22,0,,,1,254,1,0,0,0,0,2,1,3,Review,"shared IP used by 254 users, reciprocal transfer loop with 1 partner(s), "
U001461,30000,2,2,2,2022-07-02 16:13:59,2022-07-02 16:15:11,30000,2,2,2022-07-02 16:13:59,2022-07-02 16:15:11,0,,,1,254,1,0,0,0,0,2,1,3,Review,"shared IP used by 254 users, reciprocal transfer loop with 1 partner(s), "
U001983,30000,2,2,2,2022-07-02 17:41:13,2022-07-02 17:41:55,30000,2,2,2022-07-02 17:41:13,2022-07-02 17:41:55,0,,,1,254,1,0,0,0,0,2,1,3,Review,"shared IP used by 254 users, reciprocal transfer loop with 1 partner(s), "
U002113,30000,1,1,1,2022-07-07 17:57:59,2022-07-07 17:57:59,30000,1,1,2022-07-07 17:57:59,2022-07-07 17:57:59,0,,,1,254,1,0,0,0,0,2,1,3,Review,"shared IP used by 254 users, reciprocal transfer loop with 1 partner(s), "
U002961,30000,1,1,1,2022-07-08 09:43:04,2022-07-08 09:43:04,30000,1,1,2022-07-08 09:43:04,2022-07-08 09:43:04,0,,,1,60,1,0,0,0,0,2,1,3,Review,"shared IP used by 60 users, reciprocal transfer loop with 1 partner(s), "
U003120,30000,1,1,1,2022-07-04 16:00:40,2022-07-04 16:00:40,30000,1,1,2022-07-04 16:00:40,2022-07-04 16:00:40,0,,,1,254,1,0,0,0,0,2,1,3,Review,"shared IP used by 254 users, reciprocal transfer loop with 1 partner(s), "
U003440,30000,2,2,2,2022-07-05 18:30:11,2022-07-05 18:30:46,30000,2,2,2022-07-05 18:30:11,2022-07-05 18:30:46,0,,,1,254,1,0,0,0,0,2,1,3,Review,"shared IP used by 254 users, reciprocal transfer loop with 1 partner(s), "
U003488,30000,2,2,2,2022-07-12 17:05:05,2022-07-12 17:05:32,30000,2,2,2022-07-12 17:05:05,2022-07-12 17:05:32,0,,,1,60,1,0,0,0,0,2,1,3,Review,"shared IP used by 60 users, reciprocal transfer loop with 1 partner(s), "
U004114,30000,2,2,2,2022-07-05 18:20:39,2022-07-05 18:21:26,30000,2,2,2022-07-05 18:20:39,2022-07-05 18:21:26,0,,,1,254,1,0,0,0,0,2,1,3,Review,"shared IP used by 254 users, reciprocal transfer loop with 1 partner(s), "
U004164,30000,2,2,2,2022-07-07 22:15:19,2022-07-07 22:16:39,30000,2,2,2022-07-07 22:15:19,2022-07-07 22:16:39,0,,,1,254,1,0,0,0,0,2,1,3,Review,"shared IP used by 254 users, reciprocal transfer loop with 1 partner(s), "
U005063,30000,2,2,2,2022-07-11 12:42:29,2022-07-11 12:42:52,30000,2,2,2022-07-11 12:42:29,2022-07-11 12:42:52,0,,,1,60,1,0,0,0,0,2,1,3,Review,"shared IP used by 60 users, reciprocal transfer loop with 1 partner(s), "
U006509,30000,1,1,1,2022-07-05 21:46:36,2022-07-05 21:46:36,30000,1,1,2022-07-05 21:46:36,2022-07-05 21:46:36,0,,,1,254,1,0,0,0,0,2,1,3,Review,"shared IP used by 254 users, reciprocal transfer loop with 1 partner(s), "
U006538,30000,2,2,2,2022-07-02 21:17:32,2022-07-02 21:18:20,30000,2,2,2022-07-02 21:17:32,2022-07-02 21:18:20,0,,,1,254,1,0,0,0,0,2,1,3,Review,"shared IP used by 254 users, reciprocal transfer loop with 1 partner(s), "
U007401,30000,1,1,1,2022-07-04 22:00:30,2022-07-04 22:00:30,30000,1,1,2022-07-04 22:00:30,2022-07-04 22:00:30,0,,,1,254,1,0,0,0,0,2,1,3,Review,"shared IP used by 254 users, reciprocal transfer loop with 1 partner(s), "
U007484,30000,1,1,1,2022-07-04 00:58:34,2022-07-04 00:58:34,0,0,0,,,0,,,1,74,1,0,0,0,0,2,1,3,Review,"shared IP used by 74 users, reciprocal transfer loop with 1 partner(s), "
U007958,30000,2,2,2,2022-07-03 21:55:56,2022-07-03 21:56:37,30000,2,2,2022-07-03 21:55:56,2022-07-03 21:56:37,0,,,1,254,1,0,0,0,0,2,1,3,Review,"shared IP used by 254 users, reciprocal transfer loop with 1 partner(s), "
U008858,30000,2,2,2,2022-07-07 15:08:26,2022-07-07 15:08:50,30000,2,2,2022-07-07 15:08:26,2022-07-07 15:08:50,0,,,1,254,1,0,0,0,0,2,1,3,Review,"shared IP used by 254 users, reciprocal transfer loop with 1 partner(s), "
U009249,30000,1,1,1,2022-07-05 22:13:40,2022-07-05 22:13:40,30000,1,1,2022-07-05 22:13:40,2022-07-05 22:13:40,0,,,1,254,1,0,0,0,0,2,1,3,Review,"shared IP used by 254 users, reciprocal transfer loop with 1 partner(s), "
U009383,30000,2,2,2,2022-07-02 17:57:02,2022-07-02 17:57:33,30000,2,2,2022-07-02 17:57:02,2022-07-02 17:57:33,0,,,1,254,1,0,0,0,0,2,1,3,Review,"shared IP used by 254 users, reciprocal transfer loop with 1 partner(s), "
U009933,30000,2,2,2,2022-07-03 22:07:01,2022-07-03 22:07:40,30000,2,2,2022-07-03 22:07:01,2022-07-03 22:07:40,0,,,1,254,1,0,0,0,0,2,1,3,Review,"shared IP used by 254 users, reciprocal transfer loop with 1 partner(s), "
U011002,30000,2,2,2,2022-07-06 22:12:30,2022-07-06 22:13:11,30000,2,2,2022-07-06 22:12:30,2022-07-06 22:13:11,0,,,1,254,1,0,0,0,0,2,1,3,Review,"shared IP used by 254 users, reciprocal transfer loop with 1 partner(s), "
U011248,30000,1,1,1,2022-07-07 18:01:16,2022-07-07 18:01:16,30000,1,1,2022-07-07 18:01:16,2022-07-07 18:01:16,0,,,1,254,1,0,0,0,0,2,1,3,Review,"shared IP used by 254 users, reciprocal transfer loop with 1 partner(s), "
U012113,30000,2,2,2,2022-07-07 14:09:11,2022-07-07 14:12:36,30000,2,2,2022-07-07 14:09:11,2022-07-07 14:12:36,0,,,1,60,1,0,0,0,0,2,1,3,Review,"shared IP used by 60 users, reciprocal transfer loop with 1 partner(s), "
U012460,30000,1,1,1,2022-07-04 11:39:27,2022-07-04 11:39:27,30000,1,1,2022-07-04 11:39:27,2022-07-04 11:39:27,0,,,1,254,1,0,0,0,0,2,1,3,Review,"shared IP used by 254 users, reciprocal transfer loop with 1 partner(s), "
U012835,30000,2,2,2,2022-07-05 18:37:08,2022-07-05 18:37:34,30000,2,2,2022-07-05 18:37:08,2022-07-05 18:37:34,0,,,1,254,1,0,0,0,0,2,1,3,Review,"shared IP used by 254 users, reciprocal transfer loop with 1 partner(s), "
U012957,30000,1,1,1,2022-07-04 00:43:42,2022-07-04 00:43:42,0,0,0,,,0,,,1,74,1,0,0,0,0,2,1,3,Review,"shared IP used by 74 users, reciprocal transfer loop with 1 partner(s), "
U013015,30000,2,2,2,2022-07-02 22:10:15,2022-07-02 22:10:52,30000,2,2,2022-07-02 22:10:15,2022-07-02 22:10:52,0,,,1,254,1,0,0,0,0,2,1,3,Review,"shared IP used by 254 users, reciprocal transfer loop with 1 partner(s), "
U013214,30000,1,1,1,2022-07-05 21:06:04,2022-07-05 21:06:04,30000,1,1,2022-07-05 21:06:04,2022-07-05 21:06:04,0,,,1,254,1,0,0,0,0,2,1,3,Review,"shared IP used by 254 users, reciprocal transfer loop with 1 partner(s), "
U013774,30000,1,1,1,2022-07-05 21:08:23,2022-07-05 21:08:23,30000,1,1,2022-07-05 21:08:23,2022-07-05 21:08:23,0,,,1,254,1,0,0,0,0,2,1,3,Review,"shared IP used by 254 users, reciprocal transfer loop with 1 partner(s), "
U015094,30000,2,2,2,2022-07-05 19:33:57,2022-07-05 19:34:51,30000,2,2,2022-07-05 19:33:57,2022-07-05 19:34:51,0,,,1,254,1,0,0,0,0,2,1,3,Review,"shared IP used by 254 users, reciprocal transfer loop with 1 partner(s), "
U015821,30000,1,1,1,2022-07-06 01:31:11,2022-07-06 01:31:11,0,0,0,,,0,,,1,74,1,0,0,0,0,2,1,3,Review,"shared IP used by 74 users, reciprocal transfer loop with 1 partner(s), "
U015831,30000,1,1,1,2022-07-04 14:37:05,2022-07-04 14:37:05,30000,1,1,2022-07-04 14:37:05,2022-07-04 14:37:05,0,,,1,254,1,0,0,0,0,2,1,3,Review,"shared IP used by 254 users, reciprocal transfer loop with 1 partner(s), "
U016632,30000,2,2,2,2022-07-07 17:15:21,2022-07-07 17:16:01,30000,2,2,2022-07-07 17:15:21,2022-07-07 17:16:01,0,,,1,254,1,0,0,0,0,2,1,3,Review,"shared IP used by 254 users, reciprocal transfer loop with 1 partner(s), "
U016835,30000,2,2,2,2022-07-06 21:21:46,2022-07-06 21:22:21,30000,2,2,2022-07-06 21:21:46,2022-07-06 21:22:21,0,,,1,254,1,0,0,0,0,2,1,3,Review,"shared IP used by 254 users, reciprocal transfer loop with 1 partner(s), "
U018122,30000,1,1,1,2022-07-04 17:57:21,2022-07-04 17:57:21,30000,1,1,2022-07-04 17:57:21,2022-07-04 17:57:21,0,,,1,254,1,0,0,0,0,2,1,3,Review,"shared IP used by 254 users, reciprocal transfer loop with 1 partner(s), "
U018372,30000,2,2,2,2022-07-03 18:02:11,2022-07-03 18:02:59,30000,2,2,2022-07-03 18:02:11,2022-07-03 18:02:59,0,,,1,254,1,0,0,0,0,2,1,3,Review,"shared IP used by 254 users, reciprocal transfer loop with 1 partner(s), "
U018409,30000,1,1,1,2022-07-08 08:48:48,2022-07-08 08:48:48,30000,1,1,2022-07-08 08:48:48,2022-07-08 08:48:48,0,,,1,60,1,0,0,0,0,2,1,3,Review,"shared IP used by 60 users, reciprocal transfer loop with 1 partner(s), "
U019188,30000,1,1,1,2022-07-05 22:19:43,2022-07-05 22:19:43,30000,1,1,2022-07-05 22:19:43,2022-07-05 22:19:43,0,,,1,254,1,0,0,0,0,2,1,3,Review,"shared IP used by 254 users, reciprocal transfer loop with 1 partner(s), "
U019945,30000,2,2,2,2022-07-02 16:04:36,2022-07-02 16:05:40,30000,2,2,2022-07-02 16:04:36,2022-07-02 16:05:40,0,,,1,254,1,0,0,0,0,2,1,3,Review,"shared IP used by 254 users, reciprocal transfer loop with 1 partner(s), "
U020809,30000,2,2,2,2022-07-02 20:36:17,2022-07-02 20:36:48,30000,2,2,2022-07-02 20:36:17,2022-07-02 20:36:48,0,,,1,254,1,0,0,0,0,2,1,3,Review,"shared IP used by 254 users, reciprocal transfer loop with 1 partner(s), "
U022543,30000,1,1,1,2022-07-04 18:21:46,2022-07-04 18:21:46,30000,1,1,2022-07-04 18:21:46,2022-07-04 18:21:46,0,,,1,254,1,0,0,0,0,2,1,3,Review,"shared IP used by 254 users, reciprocal transfer loop with 1 partner(s), "
U022667,30000,1,1,1,2022-07-08 10:53:25,2022-07-08 10:53:25,30000,1,1,2022-07-08 10:53:25,2022-07-08 10:53:25,0,,,1,60,1,0,0,0,0,2,1,3,Review,"shared IP used by 60 users, reciprocal transfer loop with 1 partner(s), "
U023284,30000,2,2,2,2022-07-03 22:12:27,2022-07-03 22:12:50,30000,2,2,2022-07-03 22:12:27,2022-07-03 22:12:50,0,,,1,254,1,0,0,0,0,2,1,3,Review,"shared IP used by 254 users, reciprocal transfer loop with 1 partner(s), "
U023647,30000,2,2,2,2022-07-07 13:03:21,2022-07-07 13:04:53,30000,2,2,2022-07-07 13:03:21,2022-07-07 13:04:53,0,,,1,254,1,0,0,0,0,2,1,3,Review,"shared IP used by 254 users, reciprocal transfer loop with 1 partner(s), "
U023661,30000,1,1,1,2022-07-04 18:07:40,2022-07-04 18:07:40,30000,1,1,2022-07-04 18:07:40,2022-07-04 18:07:40,0,,,1,254,1,0,0,0,0,2,1,3,Review,"shared IP used by 254 users, reciprocal transfer loop with 1 partner(s), "
U024860,30000,1,1,1,2022-07-08 10:56:19,2022-07-08 10:56:19,30000,1,1,2022-07-08 10:56:19,2022-07-08 10:56:19,0,,,1,60,1,0,0,0,0,2,1,3,Review,"shared IP used by 60 users, reciprocal transfer loop with 1 partner(s), "
U025356,30000,2,2,2,2022-07-02 22:18:36,2022-07-02 22:19:19,30000,2,2,2022-07-02 22:18:36,2022-07-02 22:19:19,0,,,1,254,1,0,0,0,0,2,1,3,Review,"shared IP used by 254 users, reciprocal transfer loop with 1 partner(s), "
U025844,30000,1,1,1,2022-07-07 17:41:54,2022-07-07 17:41:54,30000,1,1,2022-07-07 17:41:54,2022-07-07 17:41:54,0,,,1,254,1,0,0,0,0,2,1,3,Review,"shared IP used by 254 users, reciprocal transfer loop with 1 partner(s), "
U025957,30000,1,1,1,2022-07-04 18:16:24,2022-07-04 18:16:24,30000,1,1,2022-07-04 18:16:24,2022-07-04 18:16:24,0,,,1,254,1,0,0,0,0,2,1,3,Review,"shared IP used by 254 users, reciprocal transfer loop with 1 partner(s), "
U026116,30000,2,2,2,2022-07-05 16:08:25,2022-07-05 16:08:52,30000,2,2,2022-07-05 16:08:25,2022-07-05 16:08:52,0,,,1,254,1,0,0,0,0,2,1,3,Review,"shared IP used by 254 users, reciprocal transfer loop with 1 partner(s), "
U026277,30000,2,2,2,2022-07-03 17:14:11,2022-07-03 17:14:35,30000,2,2,2022-07-03 17:14:11,2022-07-03 17:14:35,0,,,1,254,1,0,0,0,0,2,1,3,Review,"shared IP used by 254 users, reciprocal transfer loop with 1 partner(s), "
U026858,30000,1,1,1,2022-07-04 22:02:47,2022-07-04 22:02:47,30000,1,1,2022-07-04 22:02:47,2022-07-04 22:02:47,0,,,1,254,1,0,0,0,0,2,1,3,Review,"shared IP used by 254 users, reciprocal transfer loop with 1 partner(s), "
U027245,30000,2,2,2,2022-07-02 18:47:36,2022-07-02 18:48:03,30000,2,2,2022-07-02 18:47:36,2022-07-02 18:48:03,0,,,1,254,1,0,0,0,0,2,1,3,Review,"shared IP used by 254 users, reciprocal transfer loop with 1 partner(s), "
U028468,30000,2,2,2,2022-07-02 17:52:06,2022-07-02 17:52:40,30000,2,2,2022-07-02 17:52:06,2022-07-02 17:52:40,0,,,1,254,1,0,0,0,0,2,1,3,Review,"shared IP used by 254 users, reciprocal transfer loop with 1 partner(s), "
U029268,30000,2,2,2,2022-07-03 22:58:51,2022-07-03 22:59:16,30000,2,2,2022-07-03 22:58:51,2022-07-03 22:59:16,0,,,1,254,1,0,0,0,0,2,1,3,Review,"shared IP used by 254 users, reciprocal transfer loop with 1 partner(s), "
U030636,30000,2,2,2,2022-07-05 16:58:53,2022-07-05 16:59:18,30000,2,2,2022-07-05 16:58:53,2022-07-05 16:59:18,0,,,1,254,1,0,0,0,0,2,1,3,Review,"shared IP used by 254 users, reciprocal transfer loop with 1 partner(s), "
U034337,30000,2,2,2,2022-07-03 21:35:09,2022-07-03 21:35:48,30000,2,2,2022-07-03 21:35:09,2022-07-03 21:35:48,0,,,1,254,1,0,0,0,0,2,1,3,Review,"shared IP used by 254 users, reciprocal transfer loop with 1 partner(s), "
U034439,30000,2,2,2,2022-07-07 18:56:09,2022-07-07 18:56:46,30000,2,2,2022-07-07 18:56:09,2022-07-07 18:56:46,0,,,1,254,1,0,0,0,0,2,1,3,Review,"shared IP used by 254 users, reciprocal transfer loop with 1 partner(s), "
U035013,30000,1,1,1,2022-07-04 18:13:33,2022-07-04 18:13:33,30000,1,1,2022-07-04 18:13:33,2022-07-04 18:13:33,0,,,1,254,1,0,0,0,0,2,1,3,Review,"shared IP used by 254 users, reciprocal transfer loop with 1 partner(s), "
U035740,30000,2,2,2,2022-07-05 18:34:17,2022-07-05 18:34:43,30000,2,2,2022-07-05 18:34:17,2022-07-05 18:34:43,0,,,1,254,1,0,0,0,0,2,1,3,Review,"shared IP used by 254 users, reciprocal transfer loop with 1 partner(s), "
U035746,30000,2,2,2,2022-07-06 21:48:20,2022-07-06 21:48:57,30000,2,2,2022-07-06 21:48:20,2022-07-06 21:48:57,0,,,1,254,1,0,0,0,0,2,1,3,Review,"shared IP used by 254 users, reciprocal transfer loop with 1 partner(s), "
U035989,30000,1,1,1,2022-07-04 13:21:53,2022-07-04 13:21:53,30000,1,1,2022-07-04 13:21:53,2022-07-04 13:21:53,0,,,1,254,1,0,0,0,0,2,1,3,Review,"shared IP used by 254 users, reciprocal transfer loop with 1 partner(s), "
U036165,30000,2,2,2,2022-07-02 16:00:49,2022-07-02 16:01:38,30000,2,2,2022-07-02 16:00:49,2022-07-02 16:01:38,0,,,1,254,1,0,0,0,0,2,1,3,Review,"shared IP used by 254 users, reciprocal transfer loop with 1 partner(s), "
U036211,30000,2,2,2,2022-07-07 13:44:58,2022-07-07 13:45:32,30000,2,2,2022-07-07 13:44:58,2022-07-07 13:45:32,0,,,1,254,1,0,0,0,0,2,1,3,Review,"shared IP used by 254 users, reciprocal transfer loop with 1 partner(s), "
U036850,30000,2,2,2,2022-07-12 16:59:11,2022-07-12 16:59:32,30000,2,2,2022-07-12 16:59:11,2022-07-12 16:59:32,0,,,1,60,1,0,0,0,0,2,1,3,Review,"shared IP used by 60 users, reciprocal transfer loop with 1 partner(s), "
U036981,30000,2,2,2,2022-07-05 17:05:59,2022-07-05 17:06:29,30000,2,2,2022-07-05 17:05:59,2022-07-05 17:06:29,0,,,1,254,1,0,0,0,0,2,1,3,Review,"shared IP used by 254 users, reciprocal transfer loop with 1 partner(s), "
U037629,30000,2,2,2,2022-07-07 14:37:09,2022-07-07 14:40:20,30000,2,2,2022-07-07 14:37:09,2022-07-07 14:40:20,0,,,1,60,1,0,0,0,0,2,1,3,Review,"shared IP used by 60 users, reciprocal transfer loop with 1 partner(s), "
U037768,30000,1,1,1,2022-07-08 08:42:07,2022-07-08 08:42:07,30000,1,1,2022-07-08 08:42:07,2022-07-08 08:42:07,0,,,1,60,1,0,0,0,0,2,1,3,Review,"shared IP used by 60 users, reciprocal transfer loop with 1 partner(s), "
U040014,30000,2,2,2,2022-07-03 22:10:05,2022-07-03 22:10:30,30000,2,2,2022-07-03 22:10:05,2022-07-03 22:10:30,0,,,1,254,1,0,0,0,0,2,1,3,Review,"shared IP used by 254 users, reciprocal transfer loop with 1 partner(s), "
U040120,30000,1,1,1,2022-07-04 15:54:00,2022-07-04 15:54:00,30000,1,1,2022-07-04 15:54:00,2022-07-04 15:54:00,0,,,1,254,1,0,0,0,0,2,1,3,Review,"shared IP used by 254 users, reciprocal transfer loop with 1 partner(s), "
U040296,30000,2,2,2,2022-07-07 19:03:29,2022-07-07 19:04:05,30000,2,2,2022-07-07 19:03:29,2022-07-07 19:04:05,0,,,1,254,1,0,0,0,0,2,1,3,Review,"shared IP used by 254 users, reciprocal transfer loop with 1 partner(s), "
U041701,30000,2,2,2,2022-07-05 15:43:59,2022-07-05 15:45:06,30000,2,2,2022-07-05 15:43:59,2022-07-05 15:45:06,0,,,1,254,1,0,0,0,0,2,1,3,Review,"shared IP used by 254 users, reciprocal transfer loop with 1 partner(s), "
U041989,30000,1,1,1,2022-07-04 00:23:25,2022-07-04 00:23:25,0,0,0,,,0,,,1,74,1,0,0,0,0,2,1,3,Review,"shared IP used by 74 users, reciprocal transfer loop with 1 partner(s), "
U042098,30000,2,2,2,2022-07-11 10:05:17,2022-07-11 10:06:08,30000,2,2,2022-07-11 10:05:17,2022-07-11 10:06:08,0,,,1,60,1,0,0,0,0,2,1,3,Review,"shared IP used by 60 users, reciprocal transfer loop with 1 partner(s), "
U043042,30000,1,1,1,2022-07-06 00:53:41,2022-07-06 00:53:41,0,0,0,,,0,,,1,74,1,0,0,0,0,2,1,3,Review,"shared IP used by 74 users, reciprocal transfer loop with 1 partner(s), "
U043491,30000,1,1,1,2022-07-08 14:03:25,2022-07-08 14:03:25,30000,1,1,2022-07-08 14:03:25,2022-07-08 14:03:25,0,,,1,60,1,0,0,0,0,2,1,3,Review,"shared IP used by 60 users, reciprocal transfer loop with 1 partner(s), "
U043549,30000,1,1,1,2022-07-05 13:36:39,2022-07-05 13:36:39,30000,1,1,2022-07-05 13:36:39,2022-07-05 13:36:39,0,,,1,254,1,0,0,0,0,2,1,3,Review,"shared IP used by 254 users, reciprocal transfer loop with 1 partner(s), "
U044005,30000,2,2,2,2022-07-02 20:32:42,2022-07-02 20:33:28,30000,2,2,2022-07-02 20:32:42,2022-07-02 20:33:28,0,,,1,254,1,0,0,0,0,2,1,3,Review,"shared IP used by 254 users, reciprocal transfer loop with 1 partner(s), "
U044450,30000,2,2,2,2022-07-07 21:16:18,2022-07-07 21:17:03,30000,2,2,2022-07-07 21:16:18,2022-07-07 21:17:03,0,,,1,254,1,0,0,0,0,2,1,3,Review,"shared IP used by 254 users, reciprocal transfer loop with 1 partner(s), "
U044600,30000,1,1,1,2022-07-05 01:11:44,2022-07-05 01:11:44,0,0,0,,,0,,,2,74,1,0,0,0,0,2,1,3,Review,"shared IP used by 74 users, reciprocal transfer loop with 1 partner(s), "
U044909,30000,2,2,2,2022-07-02 18:52:38,2022-07-02 18:53:01,30000,2,2,2022-07-02 18:52:38,2022-07-02 18:53:01,0,,,1,254,1,0,0,0,0,2,1,3,Review,"shared IP used by 254 users, reciprocal transfer loop with 1 partner(s), "
U045031,30000,1,1,1,2022-07-04 01:09:43,2022-07-04 01:09:43,0,0,0,,,0,,,1,74,1,0,0,0,0,2,1,3,Review,"shared IP used by 74 users, reciprocal transfer loop with 1 partner(s), "
U045044,30000,2,2,2,2022-07-02 20:30:37,2022-07-02 20:31:27,30000,2,2,2022-07-02 20:30:37,2022-07-02 20:31:27,0,,,1,254,1,0,0,0,0,2,1,3,Review,"shared IP used by 254 users, reciprocal transfer loop with 1 partner(s), "
U045783,30000,2,2,2,2022-07-05 13:55:45,2022-07-05 13:56:14,30000,2,2,2022-07-05 13:55:45,2022-07-05 13:56:14,0,,,1,254,1,0,0,0,0,2,1,3,Review,"shared IP used by 254 users, reciprocal transfer loop with 1 partner(s), "
U045874,30000,1,1,1,2022-07-04 21:05:22,2022-07-04 21:05:22,30000,1,1,2022-07-04 21:05:22,2022-07-04 21:05:22,0,,,1,254,1,0,0,0,0,2,1,3,Review,"shared IP used by 254 users, reciprocal transfer loop with 1 partner(s), "
U046418,30000,1,1,1,2022-07-04 19:10:09,2022-07-04 19:10:09,30000,1,1,2022-07-04 19:10:09,2022-07-04 19:10:09,0,,,1,254,1,0,0,0,0,2,1,3,Review,"shared IP used by 254 users, reciprocal transfer loop with 1 partner(s), "
U046538,30000,1,1,1,2022-07-04 22:04:55,2022-07-04 22:04:55,30000,1,1,2022-07-04 22:04:55,2022-07-04 22:04:55,0,,,1,254,1,0,0,0,0,2,1,3,Review,"shared IP used by 254 users, reciprocal transfer loop with 1 partner(s), "
U046642,30000,2,2,2,2022-07-02 17:48:21,2022-07-02 17:48:54,30000,2,2,2022-07-02 17:48:21,2022-07-02 17:48:54,0,,,1,254,1,0,0,0,0,2,1,3,Review,"shared IP used by 254 users, reciprocal transfer loop with 1 partner(s), "
U046765,30000,1,1,1,2022-07-04 12:53:07,2022-07-04 12:53:07,30000,1,1,2022-07-04 12:53:07,2022-07-04 12:53:07,0,,,1,254,1,0,0,0,0,2,1,3,Review,"shared IP used by 254 users, reciprocal transfer loop with 1 partner(s), "
U048128,30000,1,1,1,2022-07-04 18:02:54,2022-07-04 18:02:54,30000,1,1,2022-07-04 18:02:54,2022-07-04 18:02:54,0,,,1,254,1,0,0,0,0,2,1,3,Review,"shared IP used by 254 users, reciprocal transfer loop with 1 partner(s), "
U048170,30000,2,2,2,2022-07-03 18:11:54,2022-07-03 18:12:34,30000,2,2,2022-07-03 18:11:54,2022-07-03 18:12:34,0,,,1,254,1,0,0,0,0,2,1,3,Review,"shared IP used by 254 users, reciprocal transfer loop with 1 partner(s), "
U048274,30000,2,2,2,2022-06-05 14:36:59,2022-06-05 14:40:36,0,0,0,,,1,2022-06-03 17:00:09,2022-06-03 17:00:09,12,3,1,0,0,0,2,0,1,3,Review,"shared device used by 12 users, reciprocal transfer loop with 1 partner(s), "
U048840,30000,2,2,2,2022-07-05 15:28:25,2022-07-05 15:29:01,30000,2,2,2022-07-05 15:28:25,2022-07-05 15:29:01,0,,,1,254,1,0,0,0,0,2,1,3,Review,"shared IP used by 254 users, reciprocal transfer loop with 1 partner(s), "
U048901,30000,2,2,2,2022-07-02 18:54:31,2022-07-02 18:54:55,30000,2,2,2022-07-02 18:54:31,2022-07-02 18:54:55,0,,,1,254,1,0,0,0,0,2,1,3,Review,"shared IP used by 254 users, reciprocal transfer loop with 1 partner(s), "
U049179,30000,2,2,2,2022-07-05 19:09:37,2022-07-05 19:10:05,30000,2,2,2022-07-05 19:09:37,2022-07-05 19:10:05,0,,,1,254,1,0,0,0,0,2,1,3,Review,"shared IP used by 254 users, reciprocal transfer loop with 1 partner(s), "
U049632,30000,1,1,1,2022-07-05 01:22:43,2022-07-05 01:22:43,0,0,0,,,0,,,2,74,1,0,0,0,0,2,1,3,Review,"shared IP used by 74 users, reciprocal transfer loop with 1 partner(s), "
U049883,30000,1,1,1,2022-07-04 21:08:01,2022-07-04 21:08:01,30000,1,1,2022-07-04 21:08:01,2022-07-04 21:08:01,0,,,1,254,1,0,0,0,0,2,1,3,Review,"shared IP used by 254 users, reciprocal transfer loop with 1 partner(s), "
U049986,30000,2,2,2,2022-07-07 13:20:25,2022-07-07 13:21:00,30000,2,2,2022-07-07 13:20:25,2022-07-07 13:21:00,0,,,1,254,1,0,0,0,0,2,1,3,Review,"shared IP used by 254 users, reciprocal transfer loop with 1 partner(s), "
U050001,30000,2,2,2,2022-07-05 15:31:14,2022-07-05 15:31:57,30000,2,2,2022-07-05 15:31:14,2022-07-05 15:31:57,0,,,1,254,1,0,0,0,0,2,1,3,Review,"shared IP used by 254 users, reciprocal transfer loop with 1 partner(s), "
U050164,30000,2,2,2,2022-07-02 17:37:31,2022-07-02 17:38:13,30000,2,2,2022-07-02 17:37:31,2022-07-02 17:38:13,0,,,1,254,1,0,0,0,0,2,1,3,Review,"shared IP used by 254 users, reciprocal transfer loop with 1 partner(s), "
U050763,30000,2,2,2,2022-07-06 21:34:01,2022-07-06 21:34:42,30000,2,2,2022-07-06 21:34:01,2022-07-06 21:34:42,0,,,1,254,1,0,0,0,0,2,1,3,Review,"shared IP used by 254 users, reciprocal transfer loop with 1 partner(s), "
U050916,30000,1,1,1,2022-07-04 01:21:49,2022-07-04 01:21:49,0,0,0,,,0,,,1,74,1,0,0,0,0,2,1,3,Review,"shared IP used by 74 users, reciprocal transfer loop with 1 partner(s), "
U051041,30000,1,1,1,2022-07-08 14:08:05,2022-07-08 14:08:05,30000,1,1,2022-07-08 14:08:05,2022-07-08 14:08:05,0,,,1,60,1,0,0,0,0,2,1,3,Review,"shared IP used by 60 users, reciprocal transfer loop with 1 partner(s), "
U051564,30000,2,2,2,2022-07-02 18:42:57,2022-07-02 18:43:28,30000,2,2,2022-07-02 18:42:57,2022-07-02 18:43:28,0,,,1,254,1,0,0,0,0,2,1,3,Review,"shared IP used by 254 users, reciprocal transfer loop with 1 partner(s), "
U052148,30000,2,2,2,2022-07-07 17:36:23,2022-07-07 17:36:57,30000,2,2,2022-07-07 17:36:23,2022-07-07 17:36:57,0,,,1,254,1,0,0,0,0,2,1,3,Review,"shared IP used by 254 users, reciprocal transfer loop with 1 partner(s), "
U052736,30000,2,2,2,2022-07-05 19:50:19,2022-07-05 22:00:52,30000,2,2,2022-07-05 19:50:19,2022-07-05 22:00:52,0,,,2,254,1,0,0,0,0,2,1,3,Review,"shared IP used by 254 users, reciprocal transfer loop with 1 partner(s), "
U054559,30000,2,2,2,2022-07-06 21:37:14,2022-07-06 21:37:55,30000,2,2,2022-07-06 21:37:14,2022-07-06 21:37:55,0,,,1,254,1,0,0,0,0,2,1,3,Review,"shared IP used by 254 users, reciprocal transfer loop with 1 partner(s), "
U055263,30000,1,1,1,2022-07-04 12:55:38,2022-07-04 12:55:38,30000,1,1,2022-07-04 12:55:38,2022-07-04 12:55:38,0,,,1,254,1,0,0,0,0,2,1,3,Review,"shared IP used by 254 users, reciprocal transfer loop with 1 partner(s), "
U055636,30000,1,1,1,2022-07-07 17:53:46,2022-07-07 17:53:46,30000,1,1,2022-07-07 17:53:46,2022-07-07 17:53:46,0,,,1,254,1,0,0,0,0,2,1,3,Review,"shared IP used by 254 users, reciprocal transfer loop with 1 partner(s), "
U055713,30000,2,2,2,2022-07-05 16:04:16,2022-07-05 16:04:44,30000,2,2,2022-07-05 16:04:16,2022-07-05 16:04:44,0,,,1,254,1,0,0,0,0,2,1,3,Review,"shared IP used by 254 users, reciprocal transfer loop with 1 partner(s), "
U056012,30000,2,2,2,2022-07-03 17:11:38,2022-07-03 17:12:11,30000,2,2,2022-07-03 17:11:38,2022-07-03 17:12:11,0,,,1,254,1,0,0,0,0,2,1,3,Review,"shared IP used by 254 users, reciprocal transfer loop with 1 partner(s), "
U058495,30000,1,1,1,2022-07-05 21:34:27,2022-07-05 21:34:27,30000,1,1,2022-07-05 21:34:27,2022-07-05 21:34:27,0,,,1,254,1,0,0,0,0,2,1,3,Review,"shared IP used by 254 users, reciprocal transfer loop with 1 partner(s), "
U058577,30000,2,2,2,2022-07-11 14:25:48,2022-07-11 14:26:12,30000,2,2,2022-07-11 14:25:48,2022-07-11 14:26:12,0,,,1,60,1,0,0,0,0,2,1,3,Review,"shared IP used by 60 users, reciprocal transfer loop with 1 partner(s), "
U058910,30000,2,2,2,2022-07-03 17:16:22,2022-07-03 17:16:49,30000,2,2,2022-07-03 17:16:22,2022-07-03 17:16:49,0,,,1,254,1,0,0,0,0,2,1,3,Review,"shared IP used by 254 users, reciprocal transfer loop with 1 partner(s), "
U059131,30000,1,1,1,2022-07-06 00:40:23,2022-07-06 00:40:23,0,0,0,,,0,,,1,74,1,0,0,0,0,2,1,3,Review,"shared IP used by 74 users, reciprocal transfer loop with 1 partner(s), "
U060041,30000,1,1,1,2022-07-08 12:53:17,2022-07-08 12:53:17,30000,1,1,2022-07-08 12:53:17,2022-07-08 12:53:17,0,,,1,60,1,0,0,0,0,2,1,3,Review,"shared IP used by 60 users, reciprocal transfer loop with 1 partner(s), "
U060318,30000,1,1,1,2022-07-04 20:54:19,2022-07-04 20:54:19,30000,1,1,2022-07-04 20:54:19,2022-07-04 20:54:19,0,,,1,254,1,0,0,0,0,2,1,3,Review,"shared IP used by 254 users, reciprocal transfer loop with 1 partner(s), "
U060569,30000,1,1,1,2022-07-05 12:51:26,2022-07-05 12:51:26,30000,1,1,2022-07-05 12:51:26,2022-07-05 12:51:26,0,,,1,254,1,0,0,0,0,2,1,3,Review,"shared IP used by 254 users, reciprocal transfer loop with 1 partner(s), "
U060657,30000,2,2,2,2022-07-02 18:50:02,2022-07-02 18:50:27,30000,2,2,2022-07-02 18:50:02,2022-07-02 18:50:27,0,,,1,254,1,0,0,0,0,2,1,3,Review,"shared IP used by 254 users, reciprocal transfer loop with 1 partner(s), "
U060896,30000,1,1,1,2022-07-08 09:44:47,2022-07-08 09:44:47,30000,1,1,2022-07-08 09:44:47,2022-07-08 09:44:47,0,,,1,60,1,0,0,0,0,2,1,3,Review,"shared IP used by 60 users, reciprocal transfer loop with 1 partner(s), "
U061106,30000,2,2,2,2022-07-07 21:10:10,2022-07-07 21:11:39,30000,2,2,2022-07-07 21:10:10,2022-07-07 21:11:39,0,,,1,254,1,0,0,0,0,2,1,3,Review,"shared IP used by 254 users, reciprocal transfer loop with 1 partner(s), "
U061460,30000,2,2,2,2022-07-05 18:13:28,2022-07-05 18:14:38,30000,2,2,2022-07-05 18:13:28,2022-07-05 18:14:38,0,,,1,254,1,0,0,0,0,2,1,3,Review,"shared IP used by 254 users, reciprocal transfer loop with 1 partner(s), "
U061673,30000,2,2,2,2022-07-11 14:49:30,2022-07-11 14:49:52,30000,2,2,2022-07-11 14:49:30,2022-07-11 14:49:52,0,,,1,60,1,0,0,0,0,2,1,3,Review,"shared IP used by 60 users, reciprocal transfer loop with 1 partner(s), "
U062288,30000,2,2,2,2022-07-11 10:50:25,2022-07-11 10:51:24,30000,2,2,2022-07-11 10:50:25,2022-07-11 10:51:24,0,,,1,60,1,0,0,0,0,2,1,3,Review,"shared IP used by 60 users, reciprocal transfer loop with 1 partner(s), "
U062459,30000,1,1,1,2022-07-04 12:24:00,2022-07-04 12:24:00,30000,1,1,2022-07-04 12:24:00,2022-07-04 12:24:00,0,,,1,254,1,0,0,0,0,2,1,3,Review,"shared IP used by 254 users, reciprocal transfer loop with 1 partner(s), "
U062474,30000,1,1,1,2022-07-04 19:02:53,2022-07-04 19:02:53,30000,1,1,2022-07-04 19:02:53,2022-07-04 19:02:53,0,,,1,254,1,0,0,0,0,2,1,3,Review,"shared IP used by 254 users, reciprocal transfer loop with 1 partner(s), "
U063139,30000,1,1,1,2022-07-04 19:07:52,2022-07-04 19:07:52,30000,1,1,2022-07-04 19:07:52,2022-07-04 19:07:52,0,,,1,254,1,0,0,0,0,2,1,3,Review,"shared IP used by 254 users, reciprocal transfer loop with 1 partner(s), "
U063203,30000,2,2,2,2022-07-08 17:03:08,2022-07-08 21:11:31,30000,2,2,2022-07-08 17:03:08,2022-07-08 21:11:31,3,2022-07-08 22:11:12,2022-07-09 09:51:10,3,24,15,0,0,0,0,1,2,3,Review,"shared IP used by 24 users, reciprocal transfer loop with 15 partner(s), "
U063239,30000,1,1,1,2022-07-04 16:47:22,2022-07-04 16:47:22,30000,1,1,2022-07-04 16:47:22,2022-07-04 16:47:22,0,,,1,254,1,0,0,0,0,2,1,3,Review,"shared IP used by 254 users, reciprocal transfer loop with 1 partner(s), "
U063585,30000,2,2,2,2022-07-03 22:56:33,2022-07-03 22:56:59,30000,2,2,2022-07-03 22:56:33,2022-07-03 22:56:59,0,,,1,254,1,0,0,0,0,2,1,3,Review,"shared IP used by 254 users, reciprocal transfer loop with 1 partner(s), "
U065668,30000,2,2,2,2022-07-11 12:25:12,2022-07-11 12:25:36,30000,2,2,2022-07-11 12:25:12,2022-07-11 12:25:36,0,,,1,60,1,0,0,0,0,2,1,3,Review,"shared IP used by 60 users, reciprocal transfer loop with 1 partner(s), "
U065680,30000,2,2,2,2022-07-07 18:59:33,2022-07-07 19:00:26,30000,2,2,2022-07-07 18:59:33,2022-07-07 19:00:26,0,,,1,254,1,0,0,0,0,2,1,3,Review,"shared IP used by 254 users, reciprocal transfer loop with 1 partner(s), "
U065987,30000,1,1,1,2022-07-08 11:44:20,2022-07-08 11:44:20,30000,1,1,2022-07-08 11:44:20,2022-07-08 11:44:20,0,,,1,60,1,0,0,0,0,2,1,3,Review,"shared IP used by 60 users, reciprocal transfer loop with 1 partner(s), "
U067197,30000,2,2,2,2022-07-02 20:38:57,2022-07-02 20:39:25,30000,2,2,2022-07-02 20:38:57,2022-07-02 20:39:25,0,,,1,254,1,0,0,0,0,2,1,3,Review,"shared IP used by 254 users, reciprocal transfer loop with 1 partner(s), "
U068886,30000,2,2,2,2022-07-07 18:17:47,2022-07-07 18:18:15,30000,2,2,2022-07-07 18:17:47,2022-07-07 18:18:15,0,,,1,254,1,0,0,0,0,2,1,3,Review,"shared IP used by 254 users, reciprocal transfer loop with 1 partner(s), "
U069231,30000,2,2,2,2022-07-05 16:11:47,2022-07-05 16:12:33,30000,2,2,2022-07-05 16:11:47,2022-07-05 16:12:33,0,,,1,254,1,0,0,0,0,2,1,3,Review,"shared IP used by 254 users, reciprocal transfer loop with 1 partner(s), "
U071341,30000,2,2,2,2022-07-05 19:07:03,2022-07-05 19:07:31,30000,2,2,2022-07-05 19:07:03,2022-07-05 19:07:31,0,,,1,254,1,0,0,0,0,2,1,3,Review,"shared IP used by 254 users, reciprocal transfer loop with 1 partner(s), "
U071773,30000,1,1,1,2022-07-05 21:43:06,2022-07-05 21:43:06,30000,1,1,2022-07-05 21:43:06,2022-07-05 21:43:06,0,,,1,254,1,0,0,0,0,2,1,3,Review,"shared IP used by 254 users, reciprocal transfer loop with 1 partner(s), "
U072812,30000,2,2,2,2022-07-03 17:01:37,2022-07-03 17:02:08,30000,2,2,2022-07-03 17:01:37,2022-07-03 17:02:08,0,,,1,254,1,0,0,0,0,2,1,3,Review,"shared IP used by 254 users, reciprocal transfer loop with 1 partner(s), "
U072835,30000,1,1,1,2022-07-05 22:00:43,2022-07-05 22:00:43,30000,1,1,2022-07-05 22:00:43,2022-07-05 22:00:43,0,,,1,254,1,0,0,0,0,2,1,3,Review,"shared IP used by 254 users, reciprocal transfer loop with 1 partner(s), "
U072876,30000,2,2,2,2022-07-05 16:18:24,2022-07-05 16:19:02,30000,2,2,2022-07-05 16:18:24,2022-07-05 16:19:02,0,,,1,254,1,0,0,0,0,2,1,3,Review,"shared IP used by 254 users, reciprocal transfer loop with 1 partner(s), "
U073359,30000,2,2,2,2022-07-05 18:17:45,2022-07-05 18:18:12,30000,2,2,2022-07-05 18:17:45,2022-07-05 18:18:12,0,,,1,254,1,0,0,0,0,2,1,3,Review,"shared IP used by 254 users, reciprocal transfer loop with 1 partner(s), "
U073441,30000,2,2,2,2022-07-07 13:28:48,2022-07-07 13:29:23,30000,2,2,2022-07-07 13:28:48,2022-07-07 13:29:23,0,,,1,254,1,0,0,0,0,2,1,3,Review,"shared IP used by 254 users, reciprocal transfer loop with 1 partner(s), "
U074680,30000,2,2,2,2022-07-05 17:03:11,2022-07-05 17:03:46,30000,2,2,2022-07-05 17:03:11,2022-07-05 17:03:46,0,,,1,254,1,0,0,0,0,2,1,3,Review,"shared IP used by 254 users, reciprocal transfer loop with 1 partner(s), "
U074745,30000,1,1,1,2022-07-04 11:21:49,2022-07-04 11:21:49,30000,1,1,2022-07-04 11:21:49,2022-07-04 11:21:49,0,,,1,254,1,0,0,0,0,2,1,3,Review,"shared IP used by 254 users, reciprocal transfer loop with 1 partner(s), "
U076108,30000,1,1,1,2022-07-08 12:49:02,2022-07-08 12:49:02,30000,1,1,2022-07-08 12:49:02,2022-07-08 12:49:02,0,,,1,60,1,0,0,0,0,2,1,3,Review,"shared IP used by 60 users, reciprocal transfer loop with 1 partner(s), "
U076556,30000,1,1,1,2022-07-05 12:46:24,2022-07-05 12:46:24,30000,1,1,2022-07-05 12:46:24,2022-07-05 12:46:24,0,,,1,254,1,0,0,0,0,2,1,3,Review,"shared IP used by 254 users, reciprocal transfer loop with 1 partner(s), "
U076725,30000,1,1,1,2022-07-08 16:40:58,2022-07-08 16:40:58,30000,1,1,2022-07-08 16:40:58,2022-07-08 16:40:58,0,,,1,60,1,0,0,0,0,2,1,3,Review,"shared IP used by 60 users, reciprocal transfer loop with 1 partner(s), "
U077416,30000,2,2,2,2022-07-02 17:32:09,2022-07-02 17:32:47,30000,2,2,2022-07-02 17:32:09,2022-07-02 17:32:47,0,,,1,254,1,0,0,0,0,2,1,3,Review,"shared IP used by 254 users, reciprocal transfer loop with 1 partner(s), "
U077492,30000,1,1,1,2022-07-09 11:22:10,2022-07-09 11:22:10,30000,1,1,2022-07-09 11:22:10,2022-07-09 11:22:10,0,,,1,60,1,0,0,0,0,2,1,3,Review,"shared IP used by 60 users, reciprocal transfer loop with 1 partner(s), "
U077796,30000,2,2,2,2022-07-02 21:17:51,2022-07-02 21:19:31,30000,2,2,2022-07-02 21:17:51,2022-07-02 21:19:31,0,,,1,254,1,0,0,0,0,2,1,3,Review,"shared IP used by 254 users, reciprocal transfer loop with 1 partner(s), "
U077968,30000,1,1,1,2022-07-04 19:05:28,2022-07-04 19:05:28,30000,1,1,2022-07-04 19:05:28,2022-07-04 19:05:28,0,,,1,254,1,0,0,0,0,2,1,3,Review,"shared IP used by 254 users, reciprocal transfer loop with 1 partner(s), "
U077983,30000,2,2,2,2022-07-06 21:13:54,2022-07-06 21:14:39,30000,2,2,2022-07-06 21:13:54,2022-07-06 21:14:39,0,,,1,254,1,0,0,0,0,2,1,3,Review,"shared IP used by 254 users, reciprocal transfer loop with 1 partner(s), "
U079077,30000,2,2,2,2022-07-02 18:45:23,2022-07-02 18:45:51,30000,2,2,2022-07-02 18:45:23,2022-07-02 18:45:51,0,,,1,254,1,0,0,0,0,2,1,3,Review,"shared IP used by 254 users, reciprocal transfer loop with 1 partner(s), "
U080399,30000,2,2,2,2022-07-07 14:52:07,2022-07-07 14:52:34,30000,2,2,2022-07-07 14:52:07,2022-07-07 14:52:34,0,,,1,254,1,0,0,0,0,2,1,3,Review,"shared IP used by 254 users, reciprocal transfer loop with 1 partner(s), "
U080828,30000,2,2,2,2022-07-06 21:18:41,2022-07-06 21:19:21,30000,2,2,2022-07-06 21:18:41,2022-07-06 21:19:21,0,,,1,254,1,0,0,0,0,2,1,3,Review,"shared IP used by 254 users, reciprocal transfer loop with 1 partner(s), "
U081555,30000,1,1,1,2022-07-06 00:26:32,2022-07-06 00:26:32,0,0,0,,,0,,,1,74,1,0,0,0,0,2,1,3,Review,"shared IP used by 74 users, reciprocal transfer loop with 1 partner(s), "
U081753,30000,1,1,1,2022-07-04 17:57:18,2022-07-04 17:57:18,30000,1,1,2022-07-04 17:57:18,2022-07-04 17:57:18,0,,,1,254,1,0,0,0,0,2,1,3,Review,"shared IP used by 254 users, reciprocal transfer loop with 1 partner(s), "
U082511,30000,2,2,2,2022-07-07 14:14:29,2022-07-07 14:14:55,30000,2,2,2022-07-07 14:14:29,2022-07-07 14:14:55,0,,,1,254,1,0,0,0,0,2,1,3,Review,"shared IP used by 254 users, reciprocal transfer loop with 1 partner(s), "
U082939,30000,1,1,1,2022-07-04 15:57:18,2022-07-04 15:57:18,30000,1,1,2022-07-04 15:57:18,2022-07-04 15:57:18,0,,,1,254,1,0,0,0,0,2,1,3,Review,"shared IP used by 254 users, reciprocal transfer loop with 1 partner(s), "
U083540,30000,2,2,2,2022-07-07 14:55:37,2022-07-07 14:59:16,30000,2,2,2022-07-07 14:55:37,2022-07-07 14:59:16,0,,,1,60,1,0,0,0,0,2,1,3,Review,"shared IP used by 60 users, reciprocal transfer loop with 1 partner(s), "
U083890,30000,1,1,1,2022-07-08 11:36:46,2022-07-08 11:36:46,30000,1,1,2022-07-08 11:36:46,2022-07-08 11:36:46,0,,,1,60,1,0,0,0,0,2,1,3,Review,"shared IP used by 60 users, reciprocal transfer loop with 1 partner(s), "
U084080,30000,2,2,2,2022-07-03 17:05:08,2022-07-03 17:05:38,30000,2,2,2022-07-03 17:05:08,2022-07-03 17:05:38,0,,,1,254,1,0,0,0,0,2,1,3,Review,"shared IP used by 254 users, reciprocal transfer loop with 1 partner(s), "
U084823,30000,2,2,2,2022-07-07 15:11:02,2022-07-07 15:11:25,30000,2,2,2022-07-07 15:11:02,2022-07-07 15:11:25,0,,,1,254,1,0,0,0,0,2,1,3,Review,"shared IP used by 254 users, reciprocal transfer loop with 1 partner(s), "
U085628,30000,2,2,2,2022-07-07 14:42:47,2022-07-07 14:43:26,30000,2,2,2022-07-07 14:42:47,2022-07-07 14:43:26,0,,,1,254,1,0,0,0,0,2,1,3,Review,"shared IP used by 254 users, reciprocal transfer loop with 1 partner(s), "
U086217,30000,2,2,2,2022-07-05 19:32:00,2022-07-05 19:32:28,30000,2,2,2022-07-05 19:32:00,2022-07-05 19:32:28,0,,,1,254,1,0,0,0,0,2,1,3,Review,"shared IP used by 254 users, reciprocal transfer loop with 1 partner(s), "
U086881,30000,1,1,1,2022-07-04 16:52:34,2022-07-04 16:52:34,30000,1,1,2022-07-04 16:52:34,2022-07-04 16:52:34,0,,,1,254,1,0,0,0,0,2,1,3,Review,"shared IP used by 254 users, reciprocal transfer loop with 1 partner(s), "
U087223,30000,1,1,1,2022-07-05 22:17:17,2022-07-05 22:17:17,30000,1,1,2022-07-05 22:17:17,2022-07-05 22:17:17,0,,,1,254,1,0,0,0,0,2,1,3,Review,"shared IP used by 254 users, reciprocal transfer loop with 1 partner(s), "
U087260,30000,1,1,1,2022-07-04 01:04:45,2022-07-04 01:04:45,0,0,0,,,0,,,1,74,1,0,0,0,0,2,1,3,Review,"shared IP used by 74 users, reciprocal transfer loop with 1 partner(s), "
U087291,30000,2,2,2,2022-07-03 22:54:38,2022-07-03 22:55:04,30000,2,2,2022-07-03 22:54:38,2022-07-03 22:55:04,0,,,1,254,1,0,0,0,0,2,1,3,Review,"shared IP used by 254 users, reciprocal transfer loop with 1 partner(s), "
U087438,30000,1,1,1,2022-07-09 15:17:46,2022-07-09 15:17:46,30000,1,1,2022-07-09 15:17:46,2022-07-09 15:17:46,0,,,1,60,1,0,0,0,0,2,1,3,Review,"shared IP used by 60 users, reciprocal transfer loop with 1 partner(s), "
U088130,30000,1,1,1,2022-07-06 00:48:10,2022-07-06 00:48:10,0,0,0,,,0,,,1,74,1,0,0,0,0,2,1,3,Review,"shared IP used by 74 users, reciprocal transfer loop with 1 partner(s), "
U088316,30000,2,2,2,2022-07-03 21:20:36,2022-07-03 21:21:10,30000,2,2,2022-07-03 21:20:36,2022-07-03 21:21:10,0,,,1,254,1,0,0,0,0,2,1,3,Review,"shared IP used by 254 users, reciprocal transfer loop with 1 partner(s), "
U089002,30000,2,2,2,2022-07-02 23:33:16,2022-07-03 23:08:34,0,0,0,,,0,,,2,254,1,0,0,0,0,2,1,3,Review,"shared IP used by 254 users, reciprocal transfer loop with 1 partner(s), "
U089338,30000,2,2,2,2022-07-03 18:22:25,2022-07-03 18:23:10,30000,2,2,2022-07-03 18:22:25,2022-07-03 18:23:10,0,,,1,254,1,0,0,0,0,2,1,3,Review,"shared IP used by 254 users, reciprocal transfer loop with 1 partner(s), "
U089502,30000,2,2,2,2022-07-05 14:25:57,2022-07-05 14:26:23,30000,2,2,2022-07-05 14:25:57,2022-07-05 14:26:23,0,,,1,254,1,0,0,0,0,2,1,3,Review,"shared IP used by 254 users, reciprocal transfer loop with 1 partner(s), "
U090103,30000,2,2,2,2022-07-02 22:15:11,2022-07-02 22:16:23,30000,2,2,2022-07-02 22:15:11,2022-07-02 22:16:23,0,,,1,254,1,0,0,0,0,2,1,3,Review,"shared IP used by 254 users, reciprocal transfer loop with 1 partner(s), "
U000295,20000,1,1,1,2022-07-13 12:15:01,2022-07-13 12:15:01,20000,1,1,2022-07-13 12:15:01,2022-07-13 12:15:01,0,,,1,60,1,0,0,0,0,2,1,3,Review,"shared IP used by 60 users, reciprocal transfer loop with 1 partner(s), "
U000628,20000,1,1,1,2022-07-11 20:08:56,2022-07-11 20:08:56,20000,1,1,2022-07-11 20:08:56,2022-07-11 20:08:56,0,,,1,254,1,0,0,0,0,2,1,3,Review,"shared IP used by 254 users, reciprocal transfer loop with 1 partner(s), "
U000795,20000,1,1,1,2022-07-11 20:18:55,2022-07-11 20:18:55,20000,1,1,2022-07-11 20:18:55,2022-07-11 20:18:55,0,,,1,254,1,0,0,0,0,2,1,3,Review,"shared IP used by 254 users, reciprocal transfer loop with 1 partner(s), "
U000898,20000,1,1,1,2022-07-09 22:24:32,2022-07-09 22:24:32,20000,1,1,2022-07-09 22:24:32,2022-07-09 22:24:32,0,,,1,254,1,0,0,0,0,2,1,3,Review,"shared IP used by 254 users, reciprocal transfer loop with 1 partner(s), "
U001144,20000,1,1,1,2022-07-10 12:10:29,2022-07-10 12:10:29,20000,1,1,2022-07-10 12:10:29,2022-07-10 12:10:29,0,,,1,254,1,0,0,0,0,2,1,3,Review,"shared IP used by 254 users, reciprocal transfer loop with 1 partner(s), "
U002843,20000,1,1,1,2022-07-13 17:33:06,2022-07-13 17:33:06,20000,1,1,2022-07-13 17:33:06,2022-07-13 17:33:06,0,,,1,60,1,0,0,0,0,2,1,3,Review,"shared IP used by 60 users, reciprocal transfer loop with 1 partner(s), "
U004389,20000,1,1,1,2022-07-13 14:58:25,2022-07-13 14:58:25,20000,1,1,2022-07-13 14:58:25,2022-07-13 14:58:25,0,,,1,60,1,0,0,0,0,2,1,3,Review,"shared IP used by 60 users, reciprocal transfer loop with 1 partner(s), "
U004572,20000,1,1,1,2022-07-10 18:55:56,2022-07-10 18:55:56,20000,1,1,2022-07-10 18:55:56,2022-07-10 18:55:56,0,,,1,254,1,0,0,0,0,2,1,3,Review,"shared IP used by 254 users, reciprocal transfer loop with 1 partner(s), "
U005720,20000,1,1,1,2022-07-09 21:39:39,2022-07-09 21:39:39,20000,1,1,2022-07-09 21:39:39,2022-07-09 21:39:39,0,,,1,254,1,0,0,0,0,2,1,3,Review,"shared IP used by 254 users, reciprocal transfer loop with 1 partner(s), "
U006622,20000,1,1,1,2022-07-10 15:41:31,2022-07-10 15:41:31,20000,1,1,2022-07-10 15:41:31,2022-07-10 15:41:31,0,,,1,254,1,0,0,0,0,2,1,3,Review,"shared IP used by 254 users, reciprocal transfer loop with 1 partner(s), "
U006717,20000,1,1,1,2022-07-10 18:49:21,2022-07-10 18:49:21,20000,1,1,2022-07-10 18:49:21,2022-07-10 18:49:21,0,,,1,254,1,0,0,0,0,2,1,3,Review,"shared IP used by 254 users, reciprocal transfer loop with 1 partner(s), "
U007420,20000,1,1,1,2022-07-05 01:03:11,2022-07-05 01:03:11,0,0,0,,,0,,,2,74,1,0,0,0,0,2,1,3,Review,"shared IP used by 74 users, reciprocal transfer loop with 1 partner(s), "
U007921,20000,1,1,1,2022-07-09 21:42:48,2022-07-09 21:42:48,20000,1,1,2022-07-09 21:42:48,2022-07-09 21:42:48,0,,,1,254,1,0,0,0,0,2,1,3,Review,"shared IP used by 254 users, reciprocal transfer loop with 1 partner(s), "
U007999,20000,1,1,1,2022-07-10 13:09:01,2022-07-10 13:09:01,20000,1,1,2022-07-10 13:09:01,2022-07-10 13:09:01,0,,,1,254,1,0,0,0,0,2,1,3,Review,"shared IP used by 254 users, reciprocal transfer loop with 1 partner(s), "
U009114,20000,1,1,1,2022-07-10 20:08:26,2022-07-10 20:08:26,20000,1,1,2022-07-10 20:08:26,2022-07-10 20:08:26,0,,,1,254,1,0,0,0,0,2,1,3,Review,"shared IP used by 254 users, reciprocal transfer loop with 1 partner(s), "
U010121,20000,1,1,1,2022-07-10 19:34:28,2022-07-10 19:34:28,20000,1,1,2022-07-10 19:34:28,2022-07-10 19:34:28,0,,,1,254,1,0,0,0,0,2,1,3,Review,"shared IP used by 254 users, reciprocal transfer loop with 1 partner(s), "
U010225,20000,1,1,1,2022-07-13 15:23:22,2022-07-13 15:23:22,20000,1,1,2022-07-13 15:23:22,2022-07-13 15:23:22,0,,,1,60,1,0,0,0,0,2,1,3,Review,"shared IP used by 60 users, reciprocal transfer loop with 1 partner(s), "
U012852,20000,1,1,1,2022-06-26 09:46:41,2022-06-26 09:46:41,0,0,0,,,0,,,1,59,1,0,0,0,0,2,1,3,Review,"shared IP used by 59 users, reciprocal transfer loop with 1 partner(s), "
U013465,20000,1,1,1,2022-07-07 20:21:34,2022-07-07 20:21:34,20000,1,1,2022-07-07 20:21:34,2022-07-07 20:21:34,0,,,1,254,1,0,0,0,0,2,1,3,Review,"shared IP used by 254 users, reciprocal transfer loop with 1 partner(s), "
U013537,20000,1,1,1,2022-07-11 20:27:11,2022-07-11 20:27:11,20000,1,1,2022-07-11 20:27:11,2022-07-11 20:27:11,0,,,1,254,1,0,0,0,0,2,1,3,Review,"shared IP used by 254 users, reciprocal transfer loop with 1 partner(s), "
U013994,20000,1,1,1,2022-07-10 22:02:20,2022-07-10 22:02:20,20000,1,1,2022-07-10 22:02:20,2022-07-10 22:02:20,0,,,1,254,1,0,0,0,0,2,1,3,Review,"shared IP used by 254 users, reciprocal transfer loop with 1 partner(s), "
U014128,20000,1,1,1,2022-07-10 21:34:29,2022-07-10 21:34:29,20000,1,1,2022-07-10 21:34:29,2022-07-10 21:34:29,0,,,1,254,1,0,0,0,0,2,1,3,Review,"shared IP used by 254 users, reciprocal transfer loop with 1 partner(s), "
U014619,20000,1,1,1,2022-07-13 16:15:36,2022-07-13 16:15:36,20000,1,1,2022-07-13 16:15:36,2022-07-13 16:15:36,0,,,1,60,1,0,0,0,0,2,1,3,Review,"shared IP used by 60 users, reciprocal transfer loop with 1 partner(s), "
U015274,20000,1,1,1,2022-07-08 17:25:36,2022-07-08 17:25:36,20000,1,1,2022-07-08 17:25:36,2022-07-08 17:25:36,0,,,1,254,1,0,0,0,0,2,1,3,Review,"shared IP used by 254 users, reciprocal transfer loop with 1 partner(s), "
U015597,20000,1,1,1,2022-07-07 22:33:54,2022-07-07 22:33:54,20000,1,1,2022-07-07 22:33:54,2022-07-07 22:33:54,0,,,1,254,1,0,0,0,0,2,1,3,Review,"shared IP used by 254 users, reciprocal transfer loop with 1 partner(s), "
U016592,20000,1,1,1,2022-07-07 22:30:17,2022-07-07 22:30:17,20000,1,1,2022-07-07 22:30:17,2022-07-07 22:30:17,0,,,1,254,1,0,0,0,0,2,1,3,Review,"shared IP used by 254 users, reciprocal transfer loop with 1 partner(s), "
U020328,20000,1,1,1,2022-07-10 22:00:15,2022-07-10 22:00:15,20000,1,1,2022-07-10 22:00:15,2022-07-10 22:00:15,0,,,1,254,1,0,0,0,0,2,1,3,Review,"shared IP used by 254 users, reciprocal transfer loop with 1 partner(s), "
U022705,20000,1,1,1,2022-07-12 12:23:17,2022-07-12 12:23:17,20000,1,1,2022-07-12 12:23:17,2022-07-12 12:23:17,0,,,1,60,1,0,0,0,0,2,1,3,Review,"shared IP used by 60 users, reciprocal transfer loop with 1 partner(s), "
U022917,20000,1,1,1,2022-07-12 11:00:18,2022-07-12 11:00:18,20000,1,1,2022-07-12 11:00:18,2022-07-12 11:00:18,0,,,1,60,1,0,0,0,0,2,1,3,Review,"shared IP used by 60 users, reciprocal transfer loop with 1 partner(s), "
U023204,20000,1,1,1,2022-06-01 09:26:37,2022-06-01 09:26:37,0,0,0,,,0,,,1,20,3,0,0,0,0,1,2,3,Review,"shared IP used by 20 users, reciprocal transfer loop with 3 partner(s), "
U023484,20000,1,1,1,2022-07-10 16:40:49,2022-07-10 16:40:49,20000,1,1,2022-07-10 16:40:49,2022-07-10 16:40:49,0,,,1,254,1,0,0,0,0,2,1,3,Review,"shared IP used by 254 users, reciprocal transfer loop with 1 partner(s), "
U023905,20000,1,1,1,2022-07-13 13:25:42,2022-07-13 13:25:42,20000,1,1,2022-07-13 13:25:42,2022-07-13 13:25:42,0,,,1,60,1,0,0,0,0,2,1,3,Review,"shared IP used by 60 users, reciprocal transfer loop with 1 partner(s), "
U024177,20000,1,1,1,2022-07-13 16:32:16,2022-07-13 16:32:16,20000,1,1,2022-07-13 16:32:16,2022-07-13 16:32:16,0,,,1,60,1,0,0,0,0,2,1,3,Review,"shared IP used by 60 users, reciprocal transfer loop with 1 partner(s), "
U025005,20000,1,1,1,2022-07-07 21:33:12,2022-07-07 21:33:12,20000,1,1,2022-07-07 21:33:12,2022-07-07 21:33:12,0,,,1,254,1,0,0,0,0,2,1,3,Review,"shared IP used by 254 users, reciprocal transfer loop with 1 partner(s), "
U026003,20000,1,1,1,2022-07-10 13:01:28,2022-07-10 13:01:28,20000,1,1,2022-07-10 13:01:28,2022-07-10 13:01:28,0,,,1,254,1,0,0,0,0,2,1,3,Review,"shared IP used by 254 users, reciprocal transfer loop with 1 partner(s), "
U027099,20000,1,1,1,2022-07-13 16:59:28,2022-07-13 16:59:28,20000,1,1,2022-07-13 16:59:28,2022-07-13 16:59:28,0,,,1,60,1,0,0,0,0,2,1,3,Review,"shared IP used by 60 users, reciprocal transfer loop with 1 partner(s), "
U027806,20000,1,1,1,2022-07-11 20:21:31,2022-07-11 20:21:31,20000,1,1,2022-07-11 20:21:31,2022-07-11 20:21:31,0,,,1,254,1,0,0,0,0,2,1,3,Review,"shared IP used by 254 users, reciprocal transfer loop with 1 partner(s), "
U028132,20000,1,1,1,2022-07-09 22:22:01,2022-07-09 22:22:01,20000,1,1,2022-07-09 22:22:01,2022-07-09 22:22:01,0,,,1,254,1,0,0,0,0,2,1,3,Review,"shared IP used by 254 users, reciprocal transfer loop with 1 partner(s), "
U028255,20000,1,1,1,2022-07-13 12:11:39,2022-07-13 12:11:39,20000,1,1,2022-07-13 12:11:39,2022-07-13 12:11:39,0,,,1,60,1,0,0,0,0,2,1,3,Review,"shared IP used by 60 users, reciprocal transfer loop with 1 partner(s), "
U030118,20000,1,1,1,2022-07-13 13:20:53,2022-07-13 13:20:53,20000,1,1,2022-07-13 13:20:53,2022-07-13 13:20:53,0,,,1,60,1,0,0,0,0,2,1,3,Review,"shared IP used by 60 users, reciprocal transfer loop with 1 partner(s), "
U031057,20000,1,1,1,2022-07-10 15:13:21,2022-07-10 15:13:21,20000,1,1,2022-07-10 15:13:21,2022-07-10 15:13:21,0,,,1,254,1,0,0,0,0,2,1,3,Review,"shared IP used by 254 users, reciprocal transfer loop with 1 partner(s), "
U031487,20000,1,1,1,2022-07-10 21:38:33,2022-07-10 21:38:33,20000,1,1,2022-07-10 21:38:33,2022-07-10 21:38:33,0,,,1,254,1,0,0,0,0,2,1,3,Review,"shared IP used by 254 users, reciprocal transfer loop with 1 partner(s), "
U031506,20000,1,1,1,2022-07-10 18:43:31,2022-07-10 18:43:31,20000,1,1,2022-07-10 18:43:31,2022-07-10 18:43:31,0,,,1,254,1,0,0,0,0,2,1,3,Review,"shared IP used by 254 users, reciprocal transfer loop with 1 partner(s), "
U034848,20000,1,1,1,2022-07-10 20:06:06,2022-07-10 20:06:06,20000,1,1,2022-07-10 20:06:06,2022-07-10 20:06:06,0,,,1,254,1,0,0,0,0,2,1,3,Review,"shared IP used by 254 users, reciprocal transfer loop with 1 partner(s), "
U037932,20000,1,1,1,2022-07-10 15:32:50,2022-07-10 15:32:50,20000,1,1,2022-07-10 15:32:50,2022-07-10 15:32:50,0,,,1,254,1,0,0,0,0,2,1,3,Review,"shared IP used by 254 users, reciprocal transfer loop with 1 partner(s), "
U038548,20000,1,1,1,2022-07-13 17:31:24,2022-07-13 17:31:24,20000,1,1,2022-07-13 17:31:24,2022-07-13 17:31:24,0,,,1,60,1,0,0,0,0,2,1,3,Review,"shared IP used by 60 users, reciprocal transfer loop with 1 partner(s), "
U039946,20000,1,1,1,2022-07-10 15:18:57,2022-07-10 15:18:57,20000,1,1,2022-07-10 15:18:57,2022-07-10 15:18:57,0,,,1,254,1,0,0,0,0,2,1,3,Review,"shared IP used by 254 users, reciprocal transfer loop with 1 partner(s), "
U040611,20000,1,1,1,2022-07-11 20:24:48,2022-07-11 20:24:48,20000,1,1,2022-07-11 20:24:48,2022-07-11 20:24:48,0,,,1,254,1,0,0,0,0,2,1,3,Review,"shared IP used by 254 users, reciprocal transfer loop with 1 partner(s), "
U042356,20000,1,1,1,2022-07-10 21:31:07,2022-07-10 21:31:07,20000,1,1,2022-07-10 21:31:07,2022-07-10 21:31:07,0,,,1,254,1,0,0,0,0,2,1,3,Review,"shared IP used by 254 users, reciprocal transfer loop with 1 partner(s), "
U042454,20000,1,1,1,2022-06-16 20:16:20,2022-06-16 20:16:20,20000,1,1,2022-06-16 20:16:20,2022-06-16 20:16:20,0,,,12,1,1,0,0,0,2,0,1,3,Review,"shared device used by 12 users, reciprocal transfer loop with 1 partner(s), "
U043340,20000,1,1,1,2022-07-10 18:52:41,2022-07-10 18:52:41,20000,1,1,2022-07-10 18:52:41,2022-07-10 18:52:41,0,,,1,254,1,0,0,0,0,2,1,3,Review,"shared IP used by 254 users, reciprocal transfer loop with 1 partner(s), "
U044023,20000,1,1,1,2022-07-13 17:01:44,2022-07-13 17:01:44,20000,1,1,2022-07-13 17:01:44,2022-07-13 17:01:44,0,,,1,60,1,0,0,0,0,2,1,3,Review,"shared IP used by 60 users, reciprocal transfer loop with 1 partner(s), "
U046600,20000,1,1,1,2022-07-10 12:14:25,2022-07-10 12:14:25,20000,1,1,2022-07-10 12:14:25,2022-07-10 12:14:25,0,,,1,254,1,0,0,0,0,2,1,3,Review,"shared IP used by 254 users, reciprocal transfer loop with 1 partner(s), "
U046611,20000,1,1,1,2022-07-10 13:54:44,2022-07-10 13:54:44,20000,1,1,2022-07-10 13:54:44,2022-07-10 13:54:44,0,,,1,254,1,0,0,0,0,2,1,3,Review,"shared IP used by 254 users, reciprocal transfer loop with 1 partner(s), "
U046976,20000,1,1,1,2022-07-10 16:46:03,2022-07-10 16:46:03,20000,1,1,2022-07-10 16:46:03,2022-07-10 16:46:03,0,,,1,254,1,0,0,0,0,2,1,3,Review,"shared IP used by 254 users, reciprocal transfer loop with 1 partner(s), "
U048885,20000,1,1,1,2022-07-02 23:36:43,2022-07-02 23:36:43,0,0,0,,,0,,,1,254,1,0,0,0,0,2,1,3,Review,"shared IP used by 254 users, reciprocal transfer loop with 1 partner(s), "
U051142,20000,1,1,1,2022-07-10 18:19:33,2022-07-10 18:19:33,20000,1,1,2022-07-10 18:19:33,2022-07-10 18:19:33,0,,,1,254,1,0,0,0,0,2,1,3,Review,"shared IP used by 254 users, reciprocal transfer loop with 1 partner(s), "
U053185,20000,1,1,1,2022-07-07 22:26:32,2022-07-07 22:26:32,20000,1,1,2022-07-07 22:26:32,2022-07-07 22:26:32,0,,,1,254,1,0,0,0,0,2,1,3,Review,"shared IP used by 254 users, reciprocal transfer loop with 1 partner(s), "
U054969,20000,1,1,1,2022-07-10 13:49:04,2022-07-10 13:49:04,20000,1,1,2022-07-10 13:49:04,2022-07-10 13:49:04,0,,,1,254,1,0,0,0,0,2,1,3,Review,"shared IP used by 254 users, reciprocal transfer loop with 1 partner(s), "
U055304,20000,1,1,1,2022-07-10 16:43:29,2022-07-10 16:43:29,20000,1,1,2022-07-10 16:43:29,2022-07-10 16:43:29,0,,,1,254,1,0,0,0,0,2,1,3,Review,"shared IP used by 254 users, reciprocal transfer loop with 1 partner(s), "
U055558,20000,1,1,1,2022-07-11 16:19:38,2022-07-11 16:19:38,20000,1,1,2022-07-11 16:19:38,2022-07-11 16:19:38,0,,,1,60,1,0,0,0,0,2,1,3,Review,"shared IP used by 60 users, reciprocal transfer loop with 1 partner(s), "
U056596,20000,1,1,1,2022-07-10 13:11:50,2022-07-10 13:11:50,20000,1,1,2022-07-10 13:11:50,2022-07-10 13:11:50,0,,,1,254,1,0,0,0,0,2,1,3,Review,"shared IP used by 254 users, reciprocal transfer loop with 1 partner(s), "
U056896,20000,1,1,1,2022-07-10 12:48:31,2022-07-10 12:48:31,20000,1,1,2022-07-10 12:48:31,2022-07-10 12:48:31,0,,,1,254,1,0,0,0,0,2,1,3,Review,"shared IP used by 254 users, reciprocal transfer loop with 1 partner(s), "
U057367,20000,1,1,1,2022-07-10 18:16:03,2022-07-10 18:16:03,20000,1,1,2022-07-10 18:16:03,2022-07-10 18:16:03,0,,,1,254,1,0,0,0,0,2,1,3,Review,"shared IP used by 254 users, reciprocal transfer loop with 1 partner(s), "
U057956,20000,1,1,1,2022-07-11 09:53:07,2022-07-11 09:53:07,20000,1,1,2022-07-11 09:53:07,2022-07-11 09:53:07,0,,,1,60,1,0,0,0,0,2,1,3,Review,"shared IP used by 60 users, reciprocal transfer loop with 1 partner(s), "
U059728,20000,1,1,1,2022-07-08 23:05:13,2022-07-08 23:05:13,0,0,0,,,0,,,7,24,2,0,0,0,1,1,1,3,Review,"shared device used by 7 users, shared IP used by 24 users, reciprocal transfer loop with 2 partner(s), "
U059906,20000,1,1,1,2022-07-10 19:32:06,2022-07-10 19:32:06,20000,1,1,2022-07-10 19:32:06,2022-07-10 19:32:06,0,,,1,254,1,0,0,0,0,2,1,3,Review,"shared IP used by 254 users, reciprocal transfer loop with 1 partner(s), "
U061263,20000,1,1,1,2022-07-13 13:23:38,2022-07-13 13:23:38,20000,1,1,2022-07-13 13:23:38,2022-07-13 13:23:38,0,,,1,60,1,0,0,0,0,2,1,3,Review,"shared IP used by 60 users, reciprocal transfer loop with 1 partner(s), "
U061401,20000,1,1,1,2022-07-19 20:54:40,2022-07-19 20:54:40,0,0,0,,,0,,,7,26,2,0,0,0,1,1,1,3,Review,"shared device used by 7 users, shared IP used by 26 users, reciprocal transfer loop with 2 partner(s), "
U061630,20000,1,1,1,2022-07-11 22:08:51,2022-07-11 22:08:51,20000,1,1,2022-07-11 22:08:51,2022-07-11 22:08:51,0,,,1,254,1,0,0,0,0,2,1,3,Review,"shared IP used by 254 users, reciprocal transfer loop with 1 partner(s), "
U062157,20000,1,1,1,2022-07-07 22:22:40,2022-07-07 22:22:40,20000,1,1,2022-07-07 22:22:40,2022-07-07 22:22:40,0,,,1,254,1,0,0,0,0,2,1,3,Review,"shared IP used by 254 users, reciprocal transfer loop with 1 partner(s), "
U064719,20000,1,1,1,2022-07-12 10:54:21,2022-07-12 10:54:21,20000,1,1,2022-07-12 10:54:21,2022-07-12 10:54:21,0,,,1,60,1,0,0,0,0,2,1,3,Review,"shared IP used by 60 users, reciprocal transfer loop with 1 partner(s), "
U065562,20000,1,1,1,2022-07-10 15:57:06,2022-07-10 15:57:06,20000,1,1,2022-07-10 15:57:06,2022-07-10 15:57:06,0,,,1,60,1,0,0,0,0,2,1,3,Review,"shared IP used by 60 users, reciprocal transfer loop with 1 partner(s), "
U065841,20000,1,1,1,2022-07-07 22:19:16,2022-07-07 22:19:16,20000,1,1,2022-07-07 22:19:16,2022-07-07 22:19:16,0,,,1,254,1,0,0,0,0,2,1,3,Review,"shared IP used by 254 users, reciprocal transfer loop with 1 partner(s), "
U066559,20000,1,1,1,2022-07-11 15:14:59,2022-07-11 15:14:59,20000,1,1,2022-07-11 15:14:59,2022-07-11 15:14:59,0,,,1,60,1,0,0,0,0,2,1,3,Review,"shared IP used by 60 users, reciprocal transfer loop with 1 partner(s), "
U067019,20000,1,1,1,2022-07-11 20:14:06,2022-07-11 20:14:06,20000,1,1,2022-07-11 20:14:06,2022-07-11 20:14:06,0,,,1,254,1,0,0,0,0,2,1,3,Review,"shared IP used by 254 users, reciprocal transfer loop with 1 partner(s), "
U067325,20000,1,1,1,2022-07-10 16:03:09,2022-07-10 16:03:09,20000,1,1,2022-07-10 16:03:09,2022-07-10 16:03:09,0,,,1,254,1,0,0,0,0,2,1,3,Review,"shared IP used by 254 users, reciprocal transfer loop with 1 partner(s), "
U067390,20000,1,1,1,2022-07-10 19:29:06,2022-07-10 19:29:06,20000,1,1,2022-07-10 19:29:06,2022-07-10 19:29:06,0,,,1,254,1,0,0,0,0,2,1,3,Review,"shared IP used by 254 users, reciprocal transfer loop with 1 partner(s), "
U069502,20000,1,1,1,2022-07-12 11:06:15,2022-07-12 11:06:15,20000,1,1,2022-07-12 11:06:15,2022-07-12 11:06:15,0,,,1,60,1,0,0,0,0,2,1,3,Review,"shared IP used by 60 users, reciprocal transfer loop with 1 partner(s), "
U072022,20000,1,1,1,2022-07-11 21:55:16,2022-07-11 21:55:16,20000,1,1,2022-07-11 21:55:16,2022-07-11 21:55:16,0,,,1,254,1,0,0,0,0,2,1,3,Review,"shared IP used by 254 users, reciprocal transfer loop with 1 partner(s), "
U072192,20000,1,1,1,2022-07-12 16:39:14,2022-07-12 16:39:14,20000,1,1,2022-07-12 16:39:14,2022-07-12 16:39:14,0,,,1,60,1,0,0,0,0,2,1,3,Review,"shared IP used by 60 users, reciprocal transfer loop with 1 partner(s), "
U072238,20000,1,1,1,2022-07-09 21:36:11,2022-07-09 21:36:11,20000,1,1,2022-07-09 21:36:11,2022-07-09 21:36:11,0,,,1,254,1,0,0,0,0,2,1,3,Review,"shared IP used by 254 users, reciprocal transfer loop with 1 partner(s), "
U073571,20000,1,1,1,2022-07-12 10:57:45,2022-07-12 10:57:45,20000,1,1,2022-07-12 10:57:45,2022-07-12 10:57:45,0,,,1,60,1,0,0,0,0,2,1,3,Review,"shared IP used by 60 users, reciprocal transfer loop with 1 partner(s), "
U073819,20000,1,1,1,2022-07-09 22:31:19,2022-07-09 22:31:19,20000,1,1,2022-07-09 22:31:19,2022-07-09 22:31:19,0,,,1,254,1,0,0,0,0,2,1,3,Review,"shared IP used by 254 users, reciprocal transfer loop with 1 partner(s), "
U074708,20000,1,1,1,2022-07-08 16:55:47,2022-07-08 16:55:47,20000,1,1,2022-07-08 16:55:47,2022-07-08 16:55:47,0,,,1,254,1,0,0,0,0,2,1,3,Review,"shared IP used by 254 users, reciprocal transfer loop with 1 partner(s), "
U076086,20000,1,1,1,2022-07-09 22:29:02,2022-07-09 22:29:02,20000,1,1,2022-07-09 22:29:02,2022-07-09 22:29:02,0,,,1,254,1,0,0,0,0,2,1,3,Review,"shared IP used by 254 users, reciprocal transfer loop with 1 partner(s), "
U076099,20000,1,1,1,2022-07-12 11:03:18,2022-07-12 11:03:18,20000,1,1,2022-07-12 11:03:18,2022-07-12 11:03:18,0,,,1,60,1,0,0,0,0,2,1,3,Review,"shared IP used by 60 users, reciprocal transfer loop with 1 partner(s), "
U076399,20000,1,1,1,2022-07-10 21:55:04,2022-07-10 21:55:04,20000,1,1,2022-07-10 21:55:04,2022-07-10 21:55:04,0,,,1,254,1,0,0,0,0,2,1,3,Review,"shared IP used by 254 users, reciprocal transfer loop with 1 partner(s), "
U078312,20000,1,1,1,2022-07-13 14:56:21,2022-07-13 14:56:21,20000,1,1,2022-07-13 14:56:21,2022-07-13 14:56:21,0,,,1,60,1,0,0,0,0,2,1,3,Review,"shared IP used by 60 users, reciprocal transfer loop with 1 partner(s), "
U078485,20000,1,1,1,2022-07-10 20:12:56,2022-07-10 20:12:56,20000,1,1,2022-07-10 20:12:56,2022-07-10 20:12:56,0,,,1,254,1,0,0,0,0,2,1,3,Review,"shared IP used by 254 users, reciprocal transfer loop with 1 partner(s), "
U078781,20000,1,1,1,2022-07-13 15:25:28,2022-07-13 15:25:28,20000,1,1,2022-07-13 15:25:28,2022-07-13 15:25:28,0,,,1,60,1,0,0,0,0,2,1,3,Review,"shared IP used by 60 users, reciprocal transfer loop with 1 partner(s), "
U082389,20000,1,1,1,2022-07-07 20:54:18,2022-07-07 20:54:18,20000,1,1,2022-07-07 20:54:18,2022-07-07 20:54:18,0,,,1,254,1,0,0,0,0,2,1,3,Review,"shared IP used by 254 users, reciprocal transfer loop with 1 partner(s), "
U082831,20000,1,1,1,2022-07-07 20:31:11,2022-07-07 20:31:11,20000,1,1,2022-07-07 20:31:11,2022-07-07 20:31:11,0,,,1,254,1,0,0,0,0,2,1,3,Review,"shared IP used by 254 users, reciprocal transfer loop with 1 partner(s), "
U083634,20000,1,1,1,2022-07-10 12:54:06,2022-07-10 12:54:06,20000,1,1,2022-07-10 12:54:06,2022-07-10 12:54:06,0,,,1,254,1,0,0,0,0,2,1,3,Review,"shared IP used by 254 users, reciprocal transfer loop with 1 partner(s), "
U084626,20000,1,1,1,2022-07-12 10:51:42,2022-07-12 10:51:42,20000,1,1,2022-07-12 10:51:42,2022-07-12 10:51:42,0,,,1,60,1,0,0,0,0,2,1,3,Review,"shared IP used by 60 users, reciprocal transfer loop with 1 partner(s), "
U086947,20000,1,1,1,2022-07-02 23:39:40,2022-07-02 23:39:40,0,0,0,,,0,,,1,254,1,0,0,0,0,2,1,3,Review,"shared IP used by 254 users, reciprocal transfer loop with 1 partner(s), "
U088033,20000,1,1,1,2022-07-10 12:19:44,2022-07-10 12:19:44,20000,1,1,2022-07-10 12:19:44,2022-07-10 12:19:44,0,,,1,60,1,0,0,0,0,2,1,3,Review,"shared IP used by 60 users, reciprocal transfer loop with 1 partner(s), "
U090455,20000,1,1,1,2022-07-08 17:17:09,2022-07-08 17:17:09,20000,1,1,2022-07-08 17:17:09,2022-07-08 17:17:09,0,,,1,254,1,0,0,0,0,2,1,3,Review,"shared IP used by 254 users, reciprocal transfer loop with 1 partner(s), "
U008961,15000,2,2,2,2022-06-03 00:38:33,2022-06-03 05:57:24,0,0,0,,,0,,,1,57,1,0,0,0,0,2,1,3,Review,"shared IP used by 57 users, reciprocal transfer loop with 1 partner(s), "
U058275,15000,2,2,2,2022-06-28 04:36:26,2022-07-12 08:29:55,0,0,0,,,0,,,1,27,3,0,0,0,0,1,2,3,Review,"shared IP used by 27 users, reciprocal transfer loop with 3 partner(s), "
U002376,10000,1,1,1,2022-07-25 13:59:38,2022-07-25 13:59:38,10000,1,1,2022-07-25 13:59:38,2022-07-25 13:59:38,0,,,1,116,1,0,0,0,0,2,1,3,Review,"shared IP used by 116 users, reciprocal transfer loop with 1 partner(s), "
U003213,10000,1,1,1,2022-07-26 16:24:06,2022-07-26 16:24:06,10000,1,1,2022-07-26 16:24:06,2022-07-26 16:24:06,0,,,1,116,1,0,0,0,0,2,1,3,Review,"shared IP used by 116 users, reciprocal transfer loop with 1 partner(s), "
U004131,10000,1,1,1,2022-07-29 06:04:56,2022-07-29 06:04:56,10000,1,1,2022-07-29 06:04:56,2022-07-29 06:04:56,0,,,1,74,1,0,0,0,0,2,1,3,Review,"shared IP used by 74 users, reciprocal transfer loop with 1 partner(s), "
U004649,10000,1,1,1,2022-07-26 20:51:58,2022-07-26 20:51:58,10000,1,1,2022-07-26 20:51:58,2022-07-26 20:51:58,0,,,1,116,1,0,0,0,0,2,1,3,Review,"shared IP used by 116 users, reciprocal transfer loop with 1 partner(s), "
U006629,10000,1,1,1,2022-07-25 19:26:56,2022-07-25 19:26:56,10000,1,1,2022-07-25 19:26:56,2022-07-25 19:26:56,0,,,1,116,1,0,0,0,0,2,1,3,Review,"shared IP used by 116 users, reciprocal transfer loop with 1 partner(s), "
U006748,10000,1,1,1,2022-07-27 17:07:09,2022-07-27 17:07:09,10000,1,1,2022-07-27 17:07:09,2022-07-27 17:07:09,0,,,1,116,1,0,0,0,0,2,1,3,Review,"shared IP used by 116 users, reciprocal transfer loop with 1 partner(s), "
U009842,10000,1,1,1,2022-07-25 19:02:52,2022-07-25 19:02:52,10000,1,1,2022-07-25 19:02:52,2022-07-25 19:02:52,0,,,1,116,1,0,0,0,0,2,1,3,Review,"shared IP used by 116 users, reciprocal transfer loop with 1 partner(s), "
U009871,10000,1,1,1,2022-07-26 21:26:21,2022-07-26 21:26:21,10000,1,1,2022-07-26 21:26:21,2022-07-26 21:26:21,0,,,1,116,1,0,0,0,0,2,1,3,Review,"shared IP used by 116 users, reciprocal transfer loop with 1 partner(s), "
U009911,10000,1,1,1,2022-07-26 16:01:35,2022-07-26 16:01:35,10000,1,1,2022-07-26 16:01:35,2022-07-26 16:01:35,0,,,1,116,1,0,0,0,0,2,1,3,Review,"shared IP used by 116 users, reciprocal transfer loop with 1 partner(s), "
U010352,10000,1,1,1,2022-07-27 17:07:02,2022-07-27 17:07:02,10000,1,1,2022-07-27 17:07:02,2022-07-27 17:07:02,0,,,1,116,1,0,0,0,0,2,1,3,Review,"shared IP used by 116 users, reciprocal transfer loop with 1 partner(s), "
U012697,10000,1,1,1,2022-07-28 15:37:00,2022-07-28 15:37:00,10000,1,1,2022-07-28 15:37:00,2022-07-28 15:37:00,0,,,1,116,1,0,0,0,0,2,1,3,Review,"shared IP used by 116 users, reciprocal transfer loop with 1 partner(s), "
U012759,10000,1,1,1,2022-07-28 13:55:48,2022-07-28 13:55:48,10000,1,1,2022-07-28 13:55:48,2022-07-28 13:55:48,0,,,1,116,1,0,0,0,0,2,1,3,Review,"shared IP used by 116 users, reciprocal transfer loop with 1 partner(s), "
U014625,10000,1,1,1,2022-07-29 08:51:12,2022-07-29 08:51:12,10000,1,1,2022-07-29 08:51:12,2022-07-29 08:51:12,0,,,1,116,1,0,0,0,0,2,1,3,Review,"shared IP used by 116 users, reciprocal transfer loop with 1 partner(s), "
U014890,10000,1,1,1,2022-07-27 21:00:31,2022-07-27 21:00:31,10000,1,1,2022-07-27 21:00:31,2022-07-27 21:00:31,0,,,1,116,1,0,0,0,0,2,1,3,Review,"shared IP used by 116 users, reciprocal transfer loop with 1 partner(s), "
U015687,10000,1,1,1,2022-07-27 14:19:34,2022-07-27 14:19:34,10000,1,1,2022-07-27 14:19:34,2022-07-27 14:19:34,0,,,1,116,1,0,0,0,0,2,1,3,Review,"shared IP used by 116 users, reciprocal transfer loop with 1 partner(s), "
U016154,10000,1,1,1,2022-07-24 22:53:29,2022-07-24 22:53:29,10000,1,1,2022-07-24 22:53:29,2022-07-24 22:53:29,0,,,1,116,1,0,0,0,0,2,1,3,Review,"shared IP used by 116 users, reciprocal transfer loop with 1 partner(s), "
U016219,10000,1,1,1,2022-07-24 21:54:33,2022-07-24 21:54:33,10000,1,1,2022-07-24 21:54:33,2022-07-24 21:54:33,0,,,1,116,1,0,0,0,0,2,1,3,Review,"shared IP used by 116 users, reciprocal transfer loop with 1 partner(s), "
U016561,10000,1,1,1,2022-07-26 14:25:25,2022-07-26 14:25:25,10000,1,1,2022-07-26 14:25:25,2022-07-26 14:25:25,0,,,1,74,1,0,0,0,0,2,1,3,Review,"shared IP used by 74 users, reciprocal transfer loop with 1 partner(s), "
U018093,10000,1,1,1,2022-07-26 17:12:40,2022-07-26 17:12:40,10000,1,1,2022-07-26 17:12:40,2022-07-26 17:12:40,0,,,1,116,1,0,0,0,0,2,1,3,Review,"shared IP used by 116 users, reciprocal transfer loop with 1 partner(s), "
U018858,10000,1,1,1,2022-07-26 20:59:14,2022-07-26 20:59:14,10000,1,1,2022-07-26 20:59:14,2022-07-26 20:59:14,0,,,1,116,1,0,0,0,0,2,1,3,Review,"shared IP used by 116 users, reciprocal transfer loop with 1 partner(s), "
U020018,10000,1,1,1,2022-07-28 17:18:55,2022-07-28 17:18:55,10000,1,1,2022-07-28 17:18:55,2022-07-28 17:18:55,0,,,1,116,1,0,0,0,0,2,1,3,Review,"shared IP used by 116 users, reciprocal transfer loop with 1 partner(s), "
U020697,10000,1,1,1,2022-07-25 19:12:03,2022-07-25 19:12:03,10000,1,1,2022-07-25 19:12:03,2022-07-25 19:12:03,0,,,1,116,1,0,0,0,0,2,1,3,Review,"shared IP used by 116 users, reciprocal transfer loop with 1 partner(s), "
U021359,10000,1,1,1,2022-07-25 14:32:27,2022-07-25 14:32:27,10000,1,1,2022-07-25 14:32:27,2022-07-25 14:32:27,0,,,1,116,1,0,0,0,0,2,1,3,Review,"shared IP used by 116 users, reciprocal transfer loop with 1 partner(s), "
U025048,10000,1,1,1,2022-07-27 21:15:19,2022-07-27 21:15:19,10000,1,1,2022-07-27 21:15:19,2022-07-27 21:15:19,0,,,1,116,1,0,0,0,0,2,1,3,Review,"shared IP used by 116 users, reciprocal transfer loop with 1 partner(s), "
U025087,10000,1,1,1,2022-07-24 21:20:17,2022-07-24 21:20:17,10000,1,1,2022-07-24 21:20:17,2022-07-24 21:20:17,0,,,1,116,1,0,0,0,0,2,1,3,Review,"shared IP used by 116 users, reciprocal transfer loop with 1 partner(s), "
U026232,10000,1,1,1,2022-07-25 15:29:07,2022-07-25 15:29:07,10000,1,1,2022-07-25 15:29:07,2022-07-25 15:29:07,0,,,1,116,1,0,0,0,0,2,1,3,Review,"shared IP used by 116 users, reciprocal transfer loop with 1 partner(s), "
U026507,10000,1,1,1,2022-07-26 12:23:16,2022-07-26 12:23:16,10000,1,1,2022-07-26 12:23:16,2022-07-26 12:23:16,0,,,1,296,1,0,0,0,0,2,1,3,Review,"shared IP used by 296 users, reciprocal transfer loop with 1 partner(s), "
U027922,10000,1,1,1,2022-07-25 13:50:35,2022-07-25 13:50:35,10000,1,1,2022-07-25 13:50:35,2022-07-25 13:50:35,0,,,1,116,1,0,0,0,0,2,1,3,Review,"shared IP used by 116 users, reciprocal transfer loop with 1 partner(s), "
U028126,10000,1,1,1,2022-07-23 12:24:09,2022-07-23 12:24:09,10000,1,1,2022-07-23 12:24:09,2022-07-23 12:24:09,0,,,1,116,1,0,0,0,0,2,1,3,Review,"shared IP used by 116 users, reciprocal transfer loop with 1 partner(s), "
U028320,10000,1,1,1,2022-07-28 12:01:05,2022-07-28 12:01:05,10000,1,1,2022-07-28 12:01:05,2022-07-28 12:01:05,0,,,1,116,1,0,0,0,0,2,1,3,Review,"shared IP used by 116 users, reciprocal transfer loop with 1 partner(s), "
U029555,10000,1,1,1,2022-07-27 15:10:11,2022-07-27 15:10:11,10000,1,1,2022-07-27 15:10:11,2022-07-27 15:10:11,0,,,1,116,1,0,0,0,0,2,1,3,Review,"shared IP used by 116 users, reciprocal transfer loop with 1 partner(s), "
U030229,10000,1,1,1,2022-07-26 17:10:05,2022-07-26 17:10:05,10000,1,1,2022-07-26 17:10:05,2022-07-26 17:10:05,0,,,1,116,1,0,0,0,0,2,1,3,Review,"shared IP used by 116 users, reciprocal transfer loop with 1 partner(s), "
U031890,10000,1,1,1,2022-07-23 15:18:52,2022-07-23 15:18:52,10000,1,1,2022-07-23 15:18:52,2022-07-23 15:18:52,0,,,1,116,1,0,0,0,0,2,1,3,Review,"shared IP used by 116 users, reciprocal transfer loop with 1 partner(s), "
U032057,10000,1,1,1,2022-07-27 16:49:58,2022-07-27 16:49:58,10000,1,1,2022-07-27 16:49:58,2022-07-27 16:49:58,0,,,1,75,1,0,0,0,0,2,1,3,Review,"shared IP used by 75 users, reciprocal transfer loop with 1 partner(s), "
U032534,10000,1,1,1,2022-07-27 17:27:02,2022-07-27 17:27:02,10000,1,1,2022-07-27 17:27:02,2022-07-27 17:27:02,0,,,1,116,1,0,0,0,0,2,1,3,Review,"shared IP used by 116 users, reciprocal transfer loop with 1 partner(s), "
U034241,10000,1,1,1,2022-07-28 16:03:27,2022-07-28 16:03:27,10000,1,1,2022-07-28 16:03:27,2022-07-28 16:03:27,0,,,1,116,1,0,0,0,0,2,1,3,Review,"shared IP used by 116 users, reciprocal transfer loop with 1 partner(s), "
U035035,10000,1,1,1,2022-06-06 06:56:44,2022-06-06 06:56:44,0,0,0,,,0,,,1,57,1,0,0,0,0,2,1,3,Review,"shared IP used by 57 users, reciprocal transfer loop with 1 partner(s), "
U035620,10000,1,1,1,2022-07-27 17:19:06,2022-07-27 17:19:06,10000,1,1,2022-07-27 17:19:06,2022-07-27 17:19:06,0,,,1,116,1,0,0,0,0,2,1,3,Review,"shared IP used by 116 users, reciprocal transfer loop with 1 partner(s), "
U035693,10000,1,1,1,2022-07-27 18:36:54,2022-07-27 18:36:54,10000,1,1,2022-07-27 18:36:54,2022-07-27 18:36:54,0,,,1,116,1,0,0,0,0,2,1,3,Review,"shared IP used by 116 users, reciprocal transfer loop with 1 partner(s), "
U035771,10000,1,1,1,2022-07-27 21:00:39,2022-07-27 21:00:39,10000,1,1,2022-07-27 21:00:39,2022-07-27 21:00:39,0,,,1,116,1,0,0,0,0,2,1,3,Review,"shared IP used by 116 users, reciprocal transfer loop with 1 partner(s), "
U035852,10000,1,1,1,2022-07-28 11:22:13,2022-07-28 11:22:13,10000,1,1,2022-07-28 11:22:13,2022-07-28 11:22:13,0,,,1,116,1,0,0,0,0,2,1,3,Review,"shared IP used by 116 users, reciprocal transfer loop with 1 partner(s), "
U036729,10000,1,1,1,2022-07-28 21:36:24,2022-07-28 21:36:24,10000,1,1,2022-07-28 21:36:24,2022-07-28 21:36:24,0,,,1,296,1,0,0,0,0,2,1,3,Review,"shared IP used by 296 users, reciprocal transfer loop with 1 partner(s), "
U037456,10000,1,1,1,2022-07-28 13:24:36,2022-07-28 13:24:36,10000,1,1,2022-07-28 13:24:36,2022-07-28 13:24:36,0,,,1,116,1,0,0,0,0,2,1,3,Review,"shared IP used by 116 users, reciprocal transfer loop with 1 partner(s), "
U037621,10000,1,1,1,2022-07-26 21:55:16,2022-07-26 21:55:16,10000,1,1,2022-07-26 21:55:16,2022-07-26 21:55:16,0,,,1,116,1,0,0,0,0,2,1,3,Review,"shared IP used by 116 users, reciprocal transfer loop with 1 partner(s), "
U038218,10000,1,1,1,2022-07-27 10:51:36,2022-07-27 10:51:36,10000,1,1,2022-07-27 10:51:36,2022-07-27 10:51:36,0,,,1,74,1,0,0,0,0,2,1,3,Review,"shared IP used by 74 users, reciprocal transfer loop with 1 partner(s), "
U038246,10000,1,1,1,2022-07-26 20:54:23,2022-07-26 20:54:23,10000,1,1,2022-07-26 20:54:23,2022-07-26 20:54:23,0,,,1,116,1,0,0,0,0,2,1,3,Review,"shared IP used by 116 users, reciprocal transfer loop with 1 partner(s), "
U038482,10000,1,1,1,2022-07-28 18:15:32,2022-07-28 18:15:32,10000,1,1,2022-07-28 18:15:32,2022-07-28 18:15:32,0,,,1,116,1,0,0,0,0,2,1,3,Review,"shared IP used by 116 users, reciprocal transfer loop with 1 partner(s), "
U038813,10000,1,1,1,2022-07-24 22:30:13,2022-07-24 22:30:13,10000,1,1,2022-07-24 22:30:13,2022-07-24 22:30:13,0,,,1,116,1,0,0,0,0,2,1,3,Review,"shared IP used by 116 users, reciprocal transfer loop with 1 partner(s), "
U039570,10000,1,1,1,2022-07-27 15:07:46,2022-07-27 15:07:46,10000,1,1,2022-07-27 15:07:46,2022-07-27 15:07:46,0,,,1,116,1,0,0,0,0,2,1,3,Review,"shared IP used by 116 users, reciprocal transfer loop with 1 partner(s), "
U040552,10000,1,1,1,2022-07-26 15:52:58,2022-07-26 15:52:58,10000,1,1,2022-07-26 15:52:58,2022-07-26 15:52:58,0,,,1,296,1,0,0,0,0,2,1,3,Review,"shared IP used by 296 users, reciprocal transfer loop with 1 partner(s), "
U042179,10000,1,1,1,2022-07-28 11:03:40,2022-07-28 11:03:40,10000,1,1,2022-07-28 11:03:40,2022-07-28 11:03:40,0,,,1,116,1,0,0,0,0,2,1,3,Review,"shared IP used by 116 users, reciprocal transfer loop with 1 partner(s), "
U043025,10000,1,1,1,2022-07-28 15:36:49,2022-07-28 15:36:49,10000,1,1,2022-07-28 15:36:49,2022-07-28 15:36:49,0,,,1,116,1,0,0,0,0,2,1,3,Review,"shared IP used by 116 users, reciprocal transfer loop with 1 partner(s), "
U043408,10000,1,1,1,2022-07-26 15:11:13,2022-07-26 15:11:13,10000,1,1,2022-07-26 15:11:13,2022-07-26 15:11:13,0,,,1,116,1,0,0,0,0,2,1,3,Review,"shared IP used by 116 users, reciprocal transfer loop with 1 partner(s), "
U044094,10000,1,1,1,2022-07-28 18:57:39,2022-07-28 18:57:39,10000,1,1,2022-07-28 18:57:39,2022-07-28 18:57:39,0,,,1,116,1,0,0,0,0,2,1,3,Review,"shared IP used by 116 users, reciprocal transfer loop with 1 partner(s), "
U045222,10000,1,1,1,2022-07-28 12:10:37,2022-07-28 12:10:37,10000,1,1,2022-07-28 12:10:37,2022-07-28 12:10:37,0,,,1,116,1,0,0,0,0,2,1,3,Review,"shared IP used by 116 users, reciprocal transfer loop with 1 partner(s), "
U045860,10000,1,1,1,2022-07-28 11:22:19,2022-07-28 11:22:19,10000,1,1,2022-07-28 11:22:19,2022-07-28 11:22:19,0,,,1,116,1,0,0,0,0,2,1,3,Review,"shared IP used by 116 users, reciprocal transfer loop with 1 partner(s), "
U046004,10000,1,1,1,2022-07-25 14:42:11,2022-07-25 14:42:11,10000,1,1,2022-07-25 14:42:11,2022-07-25 14:42:11,0,,,1,116,1,0,0,0,0,2,1,3,Review,"shared IP used by 116 users, reciprocal transfer loop with 1 partner(s), "
U046948,10000,1,1,1,2022-07-27 22:15:06,2022-07-27 22:15:06,10000,1,1,2022-07-27 22:15:06,2022-07-27 22:15:06,0,,,1,116,1,0,0,0,0,2,1,3,Review,"shared IP used by 116 users, reciprocal transfer loop with 1 partner(s), "
U048823,10000,1,1,1,2022-07-27 22:30:19,2022-07-27 22:30:19,10000,1,1,2022-07-27 22:30:19,2022-07-27 22:30:19,0,,,1,116,1,0,0,0,0,2,1,3,Review,"shared IP used by 116 users, reciprocal transfer loop with 1 partner(s), "
U048828,10000,1,1,1,2022-07-24 22:48:43,2022-07-24 22:48:43,10000,1,1,2022-07-24 22:48:43,2022-07-24 22:48:43,0,,,1,116,1,0,0,0,0,2,1,3,Review,"shared IP used by 116 users, reciprocal transfer loop with 1 partner(s), "
U049369,10000,1,1,1,2022-07-25 21:30:12,2022-07-25 21:30:12,10000,1,1,2022-07-25 21:30:12,2022-07-25 21:30:12,0,,,1,116,1,0,0,0,0,2,1,3,Review,"shared IP used by 116 users, reciprocal transfer loop with 1 partner(s), "
U051956,10000,1,1,1,2022-07-24 13:25:40,2022-07-24 13:25:40,10000,1,1,2022-07-24 13:25:40,2022-07-24 13:25:40,0,,,1,116,1,0,0,0,0,2,1,3,Review,"shared IP used by 116 users, reciprocal transfer loop with 1 partner(s), "
U053234,10000,1,1,1,2022-07-27 18:36:45,2022-07-27 18:36:45,10000,1,1,2022-07-27 18:36:45,2022-07-27 18:36:45,0,,,1,116,1,0,0,0,0,2,1,3,Review,"shared IP used by 116 users, reciprocal transfer loop with 1 partner(s), "
U053305,10000,1,1,1,2022-06-17 17:32:11,2022-06-17 17:32:11,0,0,0,,,0,,,1,23,3,0,0,0,0,1,2,3,Review,"shared IP used by 23 users, reciprocal transfer loop with 3 partner(s), "
U053307,10000,1,1,1,2022-07-28 18:31:01,2022-07-28 18:31:01,10000,1,1,2022-07-28 18:31:01,2022-07-28 18:31:01,0,,,1,116,1,0,0,0,0,2,1,3,Review,"shared IP used by 116 users, reciprocal transfer loop with 1 partner(s), "
U053944,10000,1,1,1,2022-07-26 21:00:05,2022-07-26 21:00:05,10000,1,1,2022-07-26 21:00:05,2022-07-26 21:00:05,0,,,1,116,1,0,0,0,0,2,1,3,Review,"shared IP used by 116 users, reciprocal transfer loop with 1 partner(s), "
U054860,10000,1,1,1,2022-07-26 12:31:55,2022-07-26 12:31:55,10000,1,1,2022-07-26 12:31:55,2022-07-26 12:31:55,0,,,1,296,1,0,0,0,0,2,1,3,Review,"shared IP used by 296 users, reciprocal transfer loop with 1 partner(s), "
U055723,10000,1,1,1,2022-07-24 22:50:39,2022-07-24 22:50:39,10000,1,1,2022-07-24 22:50:39,2022-07-24 22:50:39,0,,,1,116,1,0,0,0,0,2,1,3,Review,"shared IP used by 116 users, reciprocal transfer loop with 1 partner(s), "
U056964,10000,1,1,1,2022-07-23 20:48:32,2022-07-23 20:48:32,10000,1,1,2022-07-23 20:48:32,2022-07-23 20:48:32,0,,,1,116,1,0,0,0,0,2,1,3,Review,"shared IP used by 116 users, reciprocal transfer loop with 1 partner(s), "
U057399,10000,1,1,1,2022-07-20 13:13:53,2022-07-20 13:13:53,0,0,0,,,2,2022-07-20 12:58:19,2022-07-30 07:19:44,1,57,1,0,0,0,0,2,1,3,Review,"shared IP used by 57 users, reciprocal transfer loop with 1 partner(s), "
U060701,10000,1,1,1,2022-07-26 16:04:04,2022-07-26 16:04:04,10000,1,1,2022-07-26 16:04:04,2022-07-26 16:04:04,0,,,1,296,1,0,0,0,0,2,1,3,Review,"shared IP used by 296 users, reciprocal transfer loop with 1 partner(s), "
U061721,10000,1,1,1,2022-07-28 15:49:08,2022-07-28 15:49:08,10000,1,1,2022-07-28 15:49:08,2022-07-28 15:49:08,0,,,1,116,1,0,0,0,0,2,1,3,Review,"shared IP used by 116 users, reciprocal transfer loop with 1 partner(s), "
U062973,10000,1,1,1,2022-07-27 14:23:18,2022-07-27 14:23:18,10000,1,1,2022-07-27 14:23:18,2022-07-27 14:23:18,0,,,1,116,1,0,0,0,0,2,1,3,Review,"shared IP used by 116 users, reciprocal transfer loop with 1 partner(s), "
U063539,10000,1,1,1,2022-07-24 21:42:43,2022-07-24 21:42:43,10000,1,1,2022-07-24 21:42:43,2022-07-24 21:42:43,0,,,1,116,1,0,0,0,0,2,1,3,Review,"shared IP used by 116 users, reciprocal transfer loop with 1 partner(s), "
U065698,10000,1,1,1,2022-07-27 21:45:51,2022-07-27 21:45:51,10000,1,1,2022-07-27 21:45:51,2022-07-27 21:45:51,0,,,1,116,1,0,0,0,0,2,1,3,Review,"shared IP used by 116 users, reciprocal transfer loop with 1 partner(s), "
U067013,10000,1,1,1,2022-07-25 15:19:59,2022-07-25 15:19:59,10000,1,1,2022-07-25 15:19:59,2022-07-25 15:19:59,0,,,1,116,1,0,0,0,0,2,1,3,Review,"shared IP used by 116 users, reciprocal transfer loop with 1 partner(s), "
U067308,10000,1,1,1,2022-07-28 11:03:31,2022-07-28 11:03:31,10000,1,1,2022-07-28 11:03:31,2022-07-28 11:03:31,0,,,1,116,1,0,0,0,0,2,1,3,Review,"shared IP used by 116 users, reciprocal transfer loop with 1 partner(s), "
U067654,10000,1,1,1,2022-07-27 17:19:12,2022-07-27 17:19:12,10000,1,1,2022-07-27 17:19:12,2022-07-27 17:19:12,0,,,1,116,1,0,0,0,0,2,1,3,Review,"shared IP used by 116 users, reciprocal transfer loop with 1 partner(s), "
U067679,10000,1,1,1,2022-07-28 13:22:26,2022-07-28 13:22:26,10000,1,1,2022-07-28 13:22:26,2022-07-28 13:22:26,0,,,1,116,1,0,0,0,0,2,1,3,Review,"shared IP used by 116 users, reciprocal transfer loop with 1 partner(s), "
U067958,10000,1,1,1,2022-07-28 13:55:53,2022-07-28 13:55:53,10000,1,1,2022-07-28 13:55:53,2022-07-28 13:55:53,0,,,1,116,1,0,0,0,0,2,1,3,Review,"shared IP used by 116 users, reciprocal transfer loop with 1 partner(s), "
U068177,10000,1,1,1,2022-07-24 11:53:57,2022-07-24 11:53:57,10000,1,1,2022-07-24 11:53:57,2022-07-24 11:53:57,0,,,1,116,1,0,0,0,0,2,1,3,Review,"shared IP used by 116 users, reciprocal transfer loop with 1 partner(s), "
U068383,10000,1,1,1,2022-07-24 21:16:24,2022-07-24 21:16:24,10000,1,1,2022-07-24 21:16:24,2022-07-24 21:16:24,0,,,1,116,1,0,0,0,0,2,1,3,Review,"shared IP used by 116 users, reciprocal transfer loop with 1 partner(s), "
U070426,10000,1,1,1,2022-07-26 17:27:24,2022-07-26 17:27:24,10000,1,1,2022-07-26 17:27:24,2022-07-26 17:27:24,0,,,1,116,1,0,0,0,0,2,1,3,Review,"shared IP used by 116 users, reciprocal transfer loop with 1 partner(s), "
U072255,10000,1,1,1,2022-07-28 13:22:07,2022-07-28 13:22:07,10000,1,1,2022-07-28 13:22:07,2022-07-28 13:22:07,0,,,1,116,1,0,0,0,0,2,1,3,Review,"shared IP used by 116 users, reciprocal transfer loop with 1 partner(s), "
U073381,10000,1,1,1,2022-07-23 13:37:13,2022-07-23 13:37:13,10000,1,1,2022-07-23 13:37:13,2022-07-23 13:37:13,0,,,1,116,1,0,0,0,0,2,1,3,Review,"shared IP used by 116 users, reciprocal transfer loop with 1 partner(s), "
U073642,10000,1,1,1,2022-07-24 21:59:05,2022-07-24 21:59:05,10000,1,1,2022-07-24 21:59:05,2022-07-24 21:59:05,0,,,1,116,1,0,0,0,0,2,1,3,Review,"shared IP used by 116 users, reciprocal transfer loop with 1 partner(s), "
U073919,10000,1,1,1,2022-07-26 21:24:06,2022-07-26 21:24:06,10000,1,1,2022-07-26 21:24:06,2022-07-26 21:24:06,0,,,1,116,1,0,0,0,0,2,1,3,Review,"shared IP used by 116 users, reciprocal transfer loop with 1 partner(s), "
U074545,10000,1,1,1,2022-07-03 16:52:41,2022-07-03 16:52:41,10000,1,1,2022-07-03 16:52:41,2022-07-03 16:52:41,0,,,1,254,1,0,0,0,0,2,1,3,Review,"shared IP used by 254 users, reciprocal transfer loop with 1 partner(s), "
U074868,10000,1,1,1,2022-07-26 15:01:50,2022-07-26 15:01:50,10000,1,1,2022-07-26 15:01:50,2022-07-26 15:01:50,0,,,1,116,1,0,0,0,0,2,1,3,Review,"shared IP used by 116 users, reciprocal transfer loop with 1 partner(s), "
U075740,10000,1,1,1,2022-07-26 15:31:11,2022-07-26 15:31:11,10000,1,1,2022-07-26 15:31:11,2022-07-26 15:31:11,0,,,1,116,1,0,0,0,0,2,1,3,Review,"shared IP used by 116 users, reciprocal transfer loop with 1 partner(s), "
U075953,10000,1,1,1,2022-07-25 14:22:24,2022-07-25 14:22:24,10000,1,1,2022-07-25 14:22:24,2022-07-25 14:22:24,0,,,1,116,1,0,0,0,0,2,1,3,Review,"shared IP used by 116 users, reciprocal transfer loop with 1 partner(s), "
U077126,10000,1,1,1,2022-07-26 16:52:04,2022-07-26 16:52:04,10000,1,1,2022-07-26 16:52:04,2022-07-26 16:52:04,0,,,1,116,1,0,0,0,0,2,1,3,Review,"shared IP used by 116 users, reciprocal transfer loop with 1 partner(s), "
U079728,10000,1,1,1,2022-07-24 21:02:37,2022-07-24 21:02:37,10000,1,1,2022-07-24 21:02:37,2022-07-24 21:02:37,0,,,1,116,1,0,0,0,0,2,1,3,Review,"shared IP used by 116 users, reciprocal transfer loop with 1 partner(s), "
U081368,10000,1,1,1,2022-07-24 16:00:03,2022-07-24 16:00:03,10000,1,1,2022-07-24 16:00:03,2022-07-24 16:00:03,0,,,1,116,1,0,0,0,0,2,1,3,Review,"shared IP used by 116 users, reciprocal transfer loop with 1 partner(s), "
U082656,10000,1,1,1,2022-07-28 14:29:08,2022-07-28 14:29:08,10000,1,1,2022-07-28 14:29:08,2022-07-28 14:29:08,0,,,1,116,1,0,0,0,0,2,1,3,Review,"shared IP used by 116 users, reciprocal transfer loop with 1 partner(s), "
U083841,10000,1,1,1,2022-07-27 15:07:37,2022-07-27 15:07:37,10000,1,1,2022-07-27 15:07:37,2022-07-27 15:07:37,0,,,1,116,1,0,0,0,0,2,1,3,Review,"shared IP used by 116 users, reciprocal transfer loop with 1 partner(s), "
U085014,10000,1,1,1,2022-07-26 21:55:12,2022-07-26 21:55:12,10000,1,1,2022-07-26 21:55:12,2022-07-26 21:55:12,0,,,1,116,1,0,0,0,0,2,1,3,Review,"shared IP used by 116 users, reciprocal transfer loop with 1 partner(s), "
U085139,10000,1,1,1,2022-07-27 14:23:23,2022-07-27 14:23:23,10000,1,1,2022-07-27 14:23:23,2022-07-27 14:23:23,0,,,1,116,1,0,0,0,0,2,1,3,Review,"shared IP used by 116 users, reciprocal transfer loop with 1 partner(s), "
U086531,10000,1,1,1,2022-07-27 15:09:59,2022-07-27 15:09:59,10000,1,1,2022-07-27 15:09:59,2022-07-27 15:09:59,0,,,1,116,1,0,0,0,0,2,1,3,Review,"shared IP used by 116 users, reciprocal transfer loop with 1 partner(s), "
U087114,10000,1,1,1,2022-07-27 14:19:25,2022-07-27 14:19:25,10000,1,1,2022-07-27 14:19:25,2022-07-27 14:19:25,0,,,1,116,1,0,0,0,0,2,1,3,Review,"shared IP used by 116 users, reciprocal transfer loop with 1 partner(s), "
U087246,10000,1,1,1,2022-07-23 14:54:09,2022-07-23 14:54:09,10000,1,1,2022-07-23 14:54:09,2022-07-23 14:54:09,0,,,1,116,1,0,0,0,0,2,1,3,Review,"shared IP used by 116 users, reciprocal transfer loop with 1 partner(s), "
U088197,10000,1,1,1,2022-07-26 12:31:07,2022-07-26 12:31:07,10000,1,1,2022-07-26 12:31:07,2022-07-26 12:31:07,0,,,1,296,1,0,0,0,0,2,1,3,Review,"shared IP used by 296 users, reciprocal transfer loop with 1 partner(s), "
U089611,10000,1,1,1,2022-07-28 17:48:06,2022-07-28 17:48:06,10000,1,1,2022-07-28 17:48:06,2022-07-28 17:48:06,0,,,1,116,1,0,0,0,0,2,1,3,Review,"shared IP used by 116 users, reciprocal transfer loop with 1 partner(s), "
U090157,10000,1,1,1,2022-07-29 06:23:59,2022-07-29 06:23:59,10000,1,1,2022-07-29 06:23:59,2022-07-29 06:23:59,0,,,1,74,1,0,0,0,0,2,1,3,Review,"shared IP used by 74 users, reciprocal transfer loop with 1 partner(s), "
U090365,10000,1,1,1,2022-07-28 15:49:01,2022-07-28 15:49:01,10000,1,1,2022-07-28 15:49:01,2022-07-28 15:49:01,0,,,1,116,1,0,0,0,0,2,1,3,Review,"shared IP used by 116 users, reciprocal transfer loop with 1 partner(s), "
U041041,5000,1,1,1,2022-07-02 12:23:09,2022-07-02 12:23:09,0,0,0,,,0,,,1,57,1,0,0,0,0,2,1,3,Review,"shared IP used by 57 users, reciprocal transfer loop with 1 partner(s), "
